date_utc,strategy,equity_USDT,drawdown_pct,position_btc,fees,funding,impact
2020-03-26,T1,1000.0,0.0,0.0,0.0,0.0,0.0
2020-03-27,T1,1000.0,0.0,0.0,0.0,0.0,0.0
2020-03-28,T1,1000.0,0.0,0.0,0.0,0.0,0.0
2020-03-29,T1,1000.0,0.0,0.0,0.0,0.0,0.0
2020-03-30,T1,1000.0,0.0,0.0,0.0,0.0,0.0
2020-03-31,T1,1000.0,0.0,0.0,0.0,0.0,0.0
2020-04-01,T1,1000.0,0.0,0.0,0.0,0.0,0.0
2020-04-02,T1,1000.0,0.0,0.0,0.0,0.0,0.0
2020-04-03,T1,1000.0,0.0,0.0,0.0,0.0,0.0
2020-04-04,T1,1000.0,0.0,0.0,0.0,0.0,0.0
2020-04-05,T1,1000.0,0.0,0.0,0.0,0.0,0.0
2020-04-06,T1,1000.0,0.0,0.0,0.0,0.0,0.0
2020-04-07,T1,1000.0,0.0,0.0,0.0,0.0,0.0
2020-04-08,T1,1000.0,0.0,0.0,0.0,0.0,0.0
2020-04-09,T1,1000.0,0.0,0.0,0.0,0.0,0.0
2020-04-10,T1,1000.0,0.0,0.0,0.0,0.0,0.0
2020-04-11,T1,1000.0,0.0,0.0,0.0,0.0,0.0
2020-04-12,T1,1000.0,0.0,0.0,0.0,0.0,0.0
2020-04-13,T1,1000.0,0.0,0.0,0.0,0.0,0.0
2020-04-14,T1,1000.0,0.0,0.0,0.0,0.0,0.0
2020-04-15,T1,1000.0,0.0,0.0,0.0,0.0,0.0
2020-04-16,T1,1000.0,0.0,0.0,0.0,0.0,0.0
2020-04-17,T1,1000.0,0.0,0.0,0.0,0.0,0.0
2020-04-18,T1,1000.0,0.0,0.0,0.0,0.0,0.0
2020-04-19,T1,1000.0,0.0,0.0,0.0,0.0,0.0
2020-04-20,T1,1000.0,0.0,0.0,0.0,0.0,0.0
2020-04-21,T1,1000.0,0.0,0.0,0.0,0.0,0.0
2020-04-22,T1,1000.0,0.0,0.0,0.0,0.0,0.0
2020-04-23,T1,1000.0,0.0,0.0,0.0,0.0,0.0
2020-04-24,T1,1000.0,0.0,0.0,0.0,0.0,0.0
2020-04-25,T1,1000.0,0.0,0.0,0.0,0.0,0.0
2020-04-26,T1,1000.0,0.0,0.0,0.0,0.0,0.0
2020-04-27,T1,1000.0,0.0,0.0,0.0,0.0,0.0
2020-04-28,T1,1000.0,0.0,0.0,0.0,0.0,0.0
2020-04-29,T1,1000.0,0.0,0.0,0.0,0.0,0.0
2020-04-30,T1,1000.0,0.0,0.0,0.0,0.0,0.0
2020-05-01,T1,1000.0,0.0,0.0,0.0,0.0,0.0
2020-05-02,T1,1001.9479766922802,0.016608851013322212,0.015,0.06626943892500002,-0.026798083744684727,0.019877850000000002
2020-05-03,T1,1000.7049853772115,0.36460946934652183,0.015,0.06626943892500002,-0.08701929566335842,0.019877850000000002
2020-05-04,T1,1000.3310088299962,0.40184451851243974,0.015,0.06626943892500002,-0.12916970387865537,0.019877850000000002
2020-05-05,T1,1000.7138800957827,0.3637238649261909,0.0,0.1330335728025,-0.14247623641473536,0.039910095
2020-05-06,T1,1003.5151229405499,0.3111441738659848,0.015,0.20016849153,-0.2060544346199464,0.06004755
2020-05-07,T1,1016.0254610042898,0.0,0.015,0.20016849153,-0.2480049612800014,0.06004755
2020-05-08,T1,1013.1543557193411,0.33031203283089283,0.015,0.20016849153,-0.40145914382876763,0.06004755
2020-05-09,T1,1008.9890032675796,0.7400811630692838,0.015,0.20016849153,-0.6567160371402797,0.06004755
2020-05-10,T1,996.6969116049919,1.9493233022930712,0.015,0.20016849153,-0.7434721558279435,0.06004755
2020-05-11,T1,994.1411787542003,2.200745106214541,0.015,0.20016849153,-0.7828774722194335,0.06004755
2020-05-12,T1,997.868648856066,1.8340529236634096,0.015,0.20016849153,-0.8220028341038785,0.06004755
2020-05-13,T1,1005.2618273095945,1.1067444090337664,0.015,0.20016849153,-0.8622230427253286,0.06004755
2020-05-14,T1,1012.4863819270571,0.39602436883513503,0.015,0.20016849153,-0.9050709533127536,0.06004755
2020-05-15,T1,1005.3276831245067,1.1002658024067746,0.015,0.20016849153,-0.9403585009631276,0.06004755
2020-05-16,T1,1006.2680920389226,1.0077524923348569,0.015,0.20016849153,-0.9824955231472225,0.06004755
2020-05-17,T1,1010.7029397925556,0.5714715946698035,0.015,0.20016849153,-1.0009662498642127,0.06004755
2020-05-18,T1,1011.497871767997,0.4932696686749005,0.015,0.20016849153,-1.0205293410728569,0.06004755
2020-05-19,T1,1012.0888076424949,0.4351359856015202,0.015,0.20016849153,-1.0609926431750059,0.06004755
2020-05-20,T1,1008.0959638468562,0.827934469826952,0.015,0.20016849153,-1.1044228797636109,0.06004755
2020-05-21,T1,1001.4179316317422,1.484890029814201,0.015,0.20016849153,-1.1148269482276685,0.06004755
2020-05-22,T1,1002.9534788527121,1.33382961980959,0.015,0.20016849153,-1.114055660957756,0.06004755
2020-05-23,T1,1003.0865206899598,1.3207415465755323,0.015,0.20016849153,-1.119367763409978,0.06004755
2020-05-24,T1,996.0908691224529,2.00894310729961,0.015,0.20016849153,-1.1532628685668747,0.06004755
2020-05-25,T1,998.836394783332,1.7388503180015835,0.015,0.20016849153,-1.1508664943876743,0.06004755
2020-05-26,T1,997.9807860844771,1.823021354285903,0.015,0.20016849153,-1.1702723845924863,0.06004755
2020-05-27,T1,1003.405831484123,1.2893291492057313,0.015,0.20016849153,-1.1670847566466098,0.06004755
2020-05-28,T1,1009.0534696471168,0.7337392430088574,0.015,0.20016849153,-1.140284024802855,0.06004755
2020-05-29,T1,1006.76638185329,0.9587329228735508,0.015,0.20016849153,-1.145873128579527,0.06004755
2020-05-30,T1,1010.7714660293029,0.5647302836389478,0.015,0.20016849153,-1.1886157330666618,0.06004755
2020-05-31,T1,1007.1006538797377,0.9258487050008091,0.015,0.20016849153,-1.2317253751818418,0.06004755
2020-06-01,T1,1018.2465425406144,0.0,0.015,0.20016849153,-1.243067831455197,0.06004755
2020-06-02,T1,1007.8915191932671,1.0169465757782659,0.015,0.20016849153,-1.4288946953525168,0.06004755
2020-06-03,T1,1010.0237390011166,0.8075454416944239,0.015,0.20016849153,-1.4698409153530279,0.06004755
2020-06-04,T1,1011.8672348524425,0.6264993222815152,0.015,0.20016849153,-1.5135557523771828,0.06004755
2020-06-05,T1,1009.289891532696,0.879615165259573,0.015,0.20016849153,-1.5574682678737128,0.06004755
2020-06-06,T1,1009.9408613336684,0.8156846952038332,0.015,0.20016849153,-1.600792985501213,0.06004755
2020-06-07,T1,1011.0821924279511,0.7035968022820582,0.015,0.20016849153,-1.644033151768508,0.06004755
2020-06-08,T1,1011.5123468174996,0.6613521815956647,0.015,0.20016849153,-1.687797900370013,0.06004755
2020-06-09,T1,1011.3764070669611,0.6747025584306732,0.015,0.20016849153,-1.731569059658648,0.06004755
2020-06-10,T1,1012.9799633827132,0.5172204311895467,0.015,0.20016849153,-1.7754879220065078,0.06004755
2020-06-11,T1,1003.8634304452175,1.4125372878271425,0.015,0.20016849153,-1.8192923366521279,0.06004755
2020-06-12,T1,1006.6866512504632,1.1352742982370656,0.015,0.20016849153,-1.8415291415563968,0.06004755
2020-06-13,T1,1006.7552784076221,1.1285345594516438,0.015,0.20016849153,-1.863143089747625,0.06004755
2020-06-14,T1,1004.7311012480318,1.327325036514282,0.015,0.20016849153,-1.9014834355379238,0.06004755
2020-06-15,T1,1006.0061855362114,1.202101504205677,0.015,0.20016849153,-1.8844152493083475,0.06004755
2020-06-16,T1,1007.4995030737467,1.0554457116105587,0.015,0.20016849153,-1.89134069902298,0.06004755
2020-06-17,T1,1006.5818364761174,1.1455679520789297,0.015,0.20016849153,-1.901148276302402,0.06004755
2020-06-18,T1,1005.4368580306075,1.2580140442260301,0.015,0.20016849153,-1.881267209662155,0.06004755
2020-06-19,T1,1004.293702620104,1.370281099673254,0.015,0.20016849153,-1.8978272779157108,0.06004755
2020-06-20,T1,1004.9774923595676,1.3031274476944854,0.015,0.20016849153,-1.9273444726021352,0.06004755
2020-06-21,T1,1004.0076216485784,1.3983765519604563,0.015,0.20016849153,-1.9352978951412776,0.06004755
2020-06-22,T1,1012.6897833269015,0.5457184465216369,0.023,0.23745548374,-1.9857670337781843,0.07123197
2020-06-23,T1,1011.1916260323426,0.6928495421815284,0.023,0.23745548374,-2.057493139287192,0.07123197
2020-06-24,T1,1003.6423846923925,1.4342457585746593,0.023,0.23745548374,-2.1256239146772278,0.07123197
2020-06-25,T1,1002.4491687147084,1.551429164344631,0.023,0.23745548374,-2.189349864291245,0.07123197
2020-06-26,T1,1000.3821145937161,1.7544305038664776,0.023,0.23745548374,-2.2514110192235206,0.07123197
2020-06-27,T1,996.8914125762851,2.0972455168908666,0.023,0.23745548374,-2.31458922982453,0.07123197
2020-06-28,T1,999.1905722438387,1.8714495459252412,0.023,0.23745548374,-2.366325575030983,0.07123197
2020-06-29,T1,1000.777520932648,1.7155984212212205,0.023,0.23745548374,-2.429202438241665,0.07123197
2020-06-30,T1,999.5655416063237,1.8346245387369509,0.023,0.23745548374,-2.4924508229158997,0.07123197
2020-07-01,T1,1001.6743838989076,1.6275192646721726,0.023,0.23745548374,-2.5557782887620637,0.07123197
2020-07-02,T1,996.3890741161046,2.146579193873188,0.036000000000000004,0.29743705462625003,-2.6427318591288698,0.08922374250000001
2020-07-03,T1,995.3890682832014,2.2447878094809637,0.036000000000000004,0.29743705462625003,-2.740977943271938,0.08922374250000001
2020-07-04,T1,997.9284262356621,1.995402435077942,0.036000000000000004,0.29743705462625003,-2.838900472931278,0.08922374250000001
2020-07-05,T1,995.5250028913542,2.231437937669589,0.036000000000000004,0.29743705462625003,-2.9369283423992014,0.08922374250000001
2020-07-06,T1,1005.1986824501138,1.2814048018218727,0.036000000000000004,0.29743705462625003,-3.0361971026796213,0.08922374250000001
2020-07-07,T1,1001.9949619192843,1.5960359247359723,0.036000000000000004,0.29743705462625003,-3.1365605892691173,0.08922374250000001
2020-07-08,T1,1008.3185146093031,0.9750121916977106,0.036000000000000004,0.29743705462625003,-3.2371887803703214,0.08922374250000001
2020-07-09,T1,1000.9508795640729,1.698573209331733,0.036000000000000004,0.29743705462625003,-3.3381633052803696,0.08922374250000001
2020-07-10,T1,1000.1459087882145,1.7776278137156543,0.0,0.46333616602625005,-3.3714041032588775,0.1390009425
2020-07-11,T1,1000.1459087882145,1.7776278137156543,0.0,0.46333616602625005,-3.3714041032588775,0.1390009425
2020-07-12,T1,1000.1459087882145,1.7776278137156543,0.0,0.46333616602625005,-3.3714041032588775,0.1390009425
2020-07-13,T1,998.561174524771,1.933261464038627,0.038,0.6396039422272501,-3.441936307921371,0.1918733445
2020-07-14,T1,998.9604201731056,1.8940523303313417,0.038,0.6396039422272501,-3.5469834790467294,0.1918733445
2020-07-15,T1,996.3110391369668,2.154242856441879,0.044,0.6673822883542502,-3.663277580738551,0.20020559849999997
2020-07-16,T1,996.6064607085349,2.125230082106211,0.0,0.8700282069062502,-3.7037525900584387,0.26100849449999997
2020-07-17,T1,996.6064607085349,2.125230082106211,0.0,0.8700282069062502,-3.7037525900584387,0.26100849449999997
2020-07-18,T1,996.6064607085349,2.125230082106211,0.0,0.8700282069062502,-3.7037525900584387,0.26100849449999997
2020-07-19,T1,996.6064607085349,2.125230082106211,0.0,0.8700282069062502,-3.7037525900584387,0.26100849449999997
2020-07-20,T1,996.6064607085349,2.125230082106211,0.0,0.8700282069062502,-3.7037525900584387,0.26100849449999997
2020-07-21,T1,996.6064607085349,2.125230082106211,0.0,0.8700282069062502,-3.7037525900584387,0.26100849449999997
2020-07-22,T1,996.6064607085349,2.125230082106211,0.0,0.8700282069062502,-3.7037525900584387,0.26100849449999997
2020-07-23,T1,1000.6287576085749,1.7302081761143562,0.044,1.0792135800062501,-3.7874240459584705,0.32375469449999994
2020-07-24,T1,997.5331428038719,2.0342224472533754,0.044,1.0792135800062501,-3.913546378781242,0.32375469449999994
2020-07-25,T1,1004.5201702461495,1.348040157368613,0.044,1.0792135800062501,-4.039834961263546,0.32375469449999994
2020-07-26,T1,1014.2137418934863,0.3960534584351194,0.044,1.0792135800062501,-4.4120977589669375,0.32375469449999994
2020-07-27,T1,1062.4498610611379,0.799671742201713,0.044,1.0792135800062501,-5.2419406643552815,0.32375469449999994
2020-07-28,T1,1062.0912067901045,0.8331590837898029,0.019,1.2189138718187502,-6.379578268576382,0.36567106949999995
2020-07-29,T1,1065.311241834291,0.5325062764508504,0.019,1.2189138718187502,-6.827303224389782,0.36567106949999995
2020-07-30,T1,1064.864886517089,0.5741822139316399,0.019,1.2189138718187502,-7.2530349108418815,0.36567106949999995
2020-07-31,T1,1068.9288884761838,0.19472870449271928,0.019,1.2189138718187502,-7.59219658249683,0.36567106949999995
2020-08-01,T1,1077.476572311378,0.06876012140467624,0.019,1.2189138718187502,-7.828972747302717,0.36567106949999995
2020-08-02,T1,1063.2858176067755,1.6557773405505682,0.019,1.2189138718187502,-8.186964738705313,0.36567106949999995
2020-08-03,T1,1065.875665862252,1.4162400409145959,0.019,1.2189138718187502,-8.433819196428976,0.36567106949999995
2020-08-04,T1,1065.0978572689535,1.48818022879178,0.019,1.2189138718187502,-8.648294766037337,0.36567106949999995
2020-08-05,T1,1075.526118604097,0.5236613405378177,0.019,1.2189138718187502,-8.762356454583692,0.36567106949999995
2020-08-06,T1,1075.607883099947,0.5160988717713311,0.019,1.2189138718187502,-9.01597218526377,0.36567106949999995
2020-08-07,T1,1072.1232871927377,0.8383921536925687,0.019,1.2189138718187502,-9.18731786594286,0.36567106949999995
2020-08-08,T1,1075.3108650943486,0.5435703233723443,0.019,1.2189138718187502,-9.253679964331962,0.36567106949999995
2020-08-09,T1,1073.66926451581,0.6954033772327395,0.019,1.2189138718187502,-9.354950542870563,0.36567106949999995
2020-08-10,T1,1077.2637187972537,0.36294919949420024,0.019,1.2189138718187502,-9.745892708676895,0.36567106949999995
2020-08-11,T1,1067.493797083115,1.26657768819467,0.019,1.2189138718187502,-9.957527975565554,0.36567106949999995
2020-08-12,T1,1070.7366680044183,0.9666417587769982,0.019,1.2189138718187502,-10.02293705426233,0.36567106949999995
2020-08-13,T1,1074.0810719830545,0.657314949285237,0.014,1.2480094818225003,-10.077148984262331,0.37440106199999995
2020-08-14,T1,1073.6571331153511,0.6965254209279959,0.014,1.2480094818225003,-10.223498330525521,0.37440106199999995
2020-08-15,T1,1074.8377505104459,0.5873290994345415,0.014,1.2480094818225003,-10.337405325330739,0.37440106199999995
2020-08-16,T1,1075.5372658891931,0.5226303185215553,0.014,1.2480094818225003,-10.496819425263565,0.37440106199999995
2020-08-17,T1,1080.5328227839589,0.19186309041661076,0.014,1.2480094818225003,-10.755910431797766,0.37440106199999995
2020-08-18,T1,1075.3466747483376,0.6709043210559762,0.014,1.2480094818225003,-11.264254707838939,0.37440106199999995
2020-08-19,T1,1072.292064861332,0.9530567141893265,0.014,1.2480094818225003,-11.524168309064539,0.37440106199999995
2020-08-20,T1,1073.5688774535843,0.83511833848402,0.014,1.2480094818225003,-11.61335200259208,0.37440106199999995
2020-08-21,T1,1068.9993023563702,1.2572071147844865,0.014,1.2480094818225003,-11.662945232986186,0.37440106199999995
2020-08-22,T1,1070.818375025271,1.0891805170191726,0.014,1.2480094818225003,-11.711532496545411,0.37440106199999995
2020-08-23,T1,1070.4455675761196,1.123616506506242,0.022,1.2946164718225002,-11.779078874656753,0.38838106199999994
2020-08-24,T1,1072.6086090936467,0.9238177226375321,0.022,1.2946164718225002,-11.856473372529909,0.38838106199999994
2020-08-25,T1,1063.0764124431523,1.8043007290587387,0.022,1.2946164718225002,-12.014910023024163,0.38838106199999994
2020-08-26,T1,1065.9797219431623,1.536123857465621,0.022,1.2946164718225002,-12.130924815394273,0.38838106199999994
2020-08-27,T1,1062.933670173617,1.8174857426743962,0.022,1.2946164718225002,-12.206172102579542,0.38838106199999994
2020-08-28,T1,1067.2320358150712,1.4204484131424944,0.022,1.2946164718225002,-12.281506651105394,0.38838106199999994
2020-08-29,T1,1065.840156918939,1.5490153909310855,0.022,1.2946164718225002,-12.35759862753758,0.38838106199999994
2020-08-30,T1,1071.1696640271007,1.0567321729706203,0.022,1.2946164718225002,-12.433898439075728,0.38838106199999994
2020-08-31,T1,1069.8165127195277,1.1817219077735475,0.022,1.2946164718225002,-12.525208296988696,0.38838106199999994
2020-09-01,T1,1075.6733493215165,0.6407295962931325,0.022,1.2946164718225002,-12.735339330740032,0.38838106199999994
2020-09-02,T1,1063.5313682396813,1.7622767484166912,0.022,1.2946164718225002,-13.024598191015096,0.38838106199999994
2020-09-03,T1,1036.000996781984,4.30523983633292,0.022,1.2946164718225002,-13.178505684192539,0.38838106199999994
2020-09-04,T1,1041.4553651440092,3.8014232629226763,0.015,1.3306693230835003,-13.231904872206183,0.39919853999999994
2020-09-05,T1,1037.1846203348312,4.195909273557785,0.015,1.3306693230835003,-13.278601525084383,0.39919853999999994
2020-09-06,T1,1038.471496009206,4.077041377289081,0.015,1.3306693230835003,-13.324466792059518,0.39919853999999994
2020-09-07,T1,1040.2197111445728,3.915559845308836,0.015,1.3306693230835003,-13.370244937292494,0.39919853999999994
2020-09-08,T1,1036.474086619541,4.261540825732069,0.015,1.3306693230835003,-13.416362037674585,0.39919853999999994
2020-09-09,T1,1037.7943680734863,4.139587258625188,0.015,1.3306693230835003,-13.462213852479005,0.39919853999999994
2020-09-10,T1,1039.5025453201677,3.9818040012287614,0.015,1.3306693230835003,-13.508583975547669,0.39919853999999994
2020-09-11,T1,1040.2197146717297,3.915559519507572,0.015,1.3306693230835003,-13.554956914235735,0.39919853999999994
2020-09-12,T1,1040.9352369183348,3.849467179834798,0.015,1.3306693230835003,-13.601593149980467,0.39919853999999994
2020-09-13,T1,1039.2296682790293,4.007009481809398,0.015,1.3306693230835003,-13.648483857886266,0.39919853999999994
2020-09-14,T1,1044.2667000504334,3.5417420266635746,0.015,1.3306693230835003,-13.680960710632164,0.39919853999999994
2020-09-15,T1,1046.0114108145833,3.380584191247493,0.015,1.3306693230835003,-13.632491322331997,0.39919853999999994
2020-09-16,T1,1048.576549283521,3.1436439649986103,0.015,1.3306693230835003,-13.606702853394497,0.39919853999999994
2020-09-17,T1,1048.3642893830952,3.163250278435281,0.015,1.3306693230835003,-13.610762753820286,0.39919853999999994
2020-09-18,T1,1048.213198721832,3.1772064277415635,0.015,1.3306693230835003,-13.643503415083595,0.39919853999999994
2020-09-19,T1,1050.487030050419,2.9671740587403295,0.015,1.3306693230835003,-13.597069758746665,0.39919853999999994
2020-09-20,T1,1048.10593147836,3.187114635522603,0.015,1.3306693230835003,-13.55714641925575,0.39919853999999994
2020-09-21,T1,1040.6377931476434,3.876941873765505,0.015,1.3306693230835003,-13.54075336032232,0.39919853999999994
2020-09-22,T1,1042.224674572221,3.7303626351307795,0.015,1.3306693230835003,-13.58761004124484,0.39919853999999994
2020-09-23,T1,1037.9293207760682,4.127121762407404,0.015,1.3306693230835003,-13.58173136084755,0.39919853999999994
2020-09-24,T1,1050.0012219486414,3.01204784740422,0.026000000000000002,1.3872550446687504,-13.609621296189138,0.41617171049999996
2020-09-25,T1,1048.9259784453923,3.1113674131966973,0.026000000000000002,1.3872550446687504,-13.57960479943816,0.41617171049999996
2020-09-26,T1,1049.960510288442,3.0158083578388006,0.026000000000000002,1.3872550446687504,-13.663072956388339,0.41617171049999996
2020-09-27,T1,1050.9490506501131,2.924497506675483,0.026000000000000002,1.3872550446687504,-13.7466495564774,0.41617171049999996
2020-09-28,T1,1048.8432854092996,3.119005716905554,0.026000000000000002,1.3872550446687504,-13.831200794690842,0.41617171049999996
2020-09-29,T1,1049.0935438975416,3.095889497823112,0.0,1.5264337447317504,-13.859000773225846,0.45793158449999993
2020-09-30,T1,1049.0935438975416,3.095889497823112,0.0,1.5264337447317504,-13.859000773225846,0.45793158449999993
2020-10-01,T1,1049.0935438975416,3.095889497823112,0.0,1.5264337447317504,-13.859000773225846,0.45793158449999993
2020-10-02,T1,1049.0935438975416,3.095889497823112,0.0,1.5264337447317504,-13.859000773225846,0.45793158449999993
2020-10-03,T1,1049.0935438975416,3.095889497823112,0.0,1.5264337447317504,-13.859000773225846,0.45793158449999993
2020-10-04,T1,1049.0935438975416,3.095889497823112,0.0,1.5264337447317504,-13.859000773225846,0.45793158449999993
2020-10-05,T1,1049.0935438975416,3.095889497823112,0.0,1.5264337447317504,-13.859000773225846,0.45793158449999993
2020-10-06,T1,1049.0935438975416,3.095889497823112,0.0,1.5264337447317504,-13.859000773225846,0.45793158449999993
2020-10-07,T1,1049.0935438975416,3.095889497823112,0.0,1.5264337447317504,-13.859000773225846,0.45793158449999993
2020-10-08,T1,1049.0935438975416,3.095889497823112,0.0,1.5264337447317504,-13.859000773225846,0.45793158449999993
2020-10-09,T1,1049.0935438975416,3.095889497823112,0.0,1.5264337447317504,-13.859000773225846,0.45793158449999993
2020-10-10,T1,1049.0935438975416,3.095889497823112,0.0,1.5264337447317504,-13.859000773225846,0.45793158449999993
2020-10-11,T1,1049.0935438975416,3.095889497823112,0.0,1.5264337447317504,-13.859000773225846,0.45793158449999993
2020-10-12,T1,1049.0935438975416,3.095889497823112,0.0,1.5264337447317504,-13.859000773225846,0.45793158449999993
2020-10-13,T1,1049.0935438975416,3.095889497823112,0.0,1.5264337447317504,-13.859000773225846,0.45793158449999993
2020-10-14,T1,1046.9392599614741,3.294879349403146,0.031,1.7043334656877505,-13.929463076337258,0.5112934964999999
2020-10-15,T1,1045.89812711027,3.3910481357305344,0.0,1.8808656218917505,-13.964856179337259,0.5642610884999999
2020-10-16,T1,1045.89812711027,3.3910481357305344,0.0,1.8808656218917505,-13.964856179337259,0.5642610884999999
2020-10-17,T1,1045.89812711027,3.3910481357305344,0.0,1.8808656218917505,-13.964856179337259,0.5642610884999999
2020-10-18,T1,1045.89812711027,3.3910481357305344,0.0,1.8808656218917505,-13.964856179337259,0.5642610884999999
2020-10-19,T1,1045.89812711027,3.3910481357305344,0.0,1.8808656218917505,-13.964856179337259,0.5642610884999999
2020-10-20,T1,1045.89812711027,3.3910481357305344,0.0,1.8808656218917505,-13.964856179337259,0.5642610884999999
2020-10-21,T1,1045.89812711027,3.3910481357305344,0.0,1.8808656218917505,-13.964856179337259,0.5642610884999999
2020-10-22,T1,1047.0811293543734,3.281774962853101,0.022,2.0228458757357504,-14.021363672149798,0.6068487764999999
2020-10-23,T1,1046.0218608146165,3.3796189313201386,0.022,2.0228458757357504,-14.106674533146874,0.6068487764999999
2020-10-24,T1,1050.0292480773835,3.0094590915278996,0.022,2.0228458757357504,-14.192371702739832,0.6068487764999999
2020-10-25,T1,1048.05416454258,3.1918963148059643,0.022,2.0228458757357504,-14.278330805183069,0.6068487764999999
2020-10-26,T1,1048.4639532661588,3.154044388270716,0.022,2.0228458757357504,-14.364202081604528,0.6068487764999999
2020-10-27,T1,1061.2241009707423,1.9753975741885088,0.022,2.0228458757357504,-14.438468293740994,0.6068487764999999
2020-10-28,T1,1052.9374509957836,2.7408302179572908,0.022,2.0228458757357504,-14.508760578499576,0.6068487764999999
2020-10-29,T1,1057.216932987435,2.345537159275035,0.022,2.0228458757357504,-14.400222360328108,0.6068487764999999
2020-10-30,T1,1059.474741648068,2.136984794030361,0.022,2.0228458757357504,-14.312273699695307,0.6068487764999999
2020-10-31,T1,1064.8374821432753,1.641631829020762,0.022,2.0228458757357504,-14.216366659227752,0.6068487764999999
2020-11-01,T1,1064.1541422172659,1.7047515079910092,0.022,2.0228458757357504,-14.169273130497439,0.6068487764999999
2020-11-02,T1,1059.4687182883306,2.1375411679790735,0.022,2.0228458757357504,-14.209096824332638,0.6068487764999999
2020-11-03,T1,1070.0034793630982,1.1644519165566858,0.022,2.0228458757357504,-14.13101598466496,0.6068487764999999
2020-11-04,T1,1072.7009445850067,0.9152887514031982,0.022,2.0228458757357504,-14.026250762756693,0.6068487764999999
2020-11-05,T1,1097.2470490693202,0.0,0.017,2.0580943626695003,-14.107584233369465,0.6174249089999999
2020-11-06,T1,1098.337081729666,0.3258825724426373,0.012,2.0977730849682503,-14.241563192905026,0.6293303115
2020-11-07,T1,1088.9175308737495,1.1807070464091352,0.012,2.0977730849682503,-14.424655729781529,0.6293303115
2020-11-08,T1,1096.7640101264683,0.46863885947625583,0.012,2.0977730849682503,-14.478776634702573,0.6293303115
2020-11-09,T1,1094.8802970667034,0.6395858664034471,0.012,2.0977730849682503,-14.53371916130756,0.6293303115
2020-11-10,T1,1094.5208249313675,0.6722079716072304,0.012,2.0977730849682503,-14.588643194643296,0.6293303115
2020-11-11,T1,1099.179180288347,0.24946210734154706,0.012,2.0977730849682503,-14.644286315183995,0.6293303115
2020-11-12,T1,1106.3407345634841,0.0,0.012,2.0977730849682503,-14.701500628886695,0.6293303115
2020-11-13,T1,1106.627991871135,0.12376743452904293,0.012,2.0977730849682503,-14.759882134635799,0.6293303115
2020-11-14,T1,1103.437071098595,0.4117568469758859,0.012,2.0977730849682503,-14.806952489936021,0.6293303115
2020-11-15,T1,1102.0779376015948,0.5344223987521324,0.012,2.0977730849682503,-14.864689001936021,0.6293303115
2020-11-16,T1,1111.027349479143,0.13119002172897742,0.012,2.0977730849682503,-14.9230454219479,0.6293303115
2020-11-17,T1,1122.5961374942972,0.15819996397661296,0.012,2.0977730849682503,-14.983969109233792,0.6293303115
2020-11-18,T1,1123.7693511886077,0.6651818032949564,0.012,2.0977730849682503,-15.199777244363391,0.6293303115
2020-11-19,T1,1123.894152189569,0.6541501047278575,0.012,2.0977730849682503,-15.387314413961821,0.6293303115
2020-11-20,T1,1133.8535177243216,0.0360547707368819,0.012,2.0977730849682503,-15.63886887920915,0.6293303115
2020-11-21,T1,1134.3945193232655,0.16827078420524888,0.012,2.0977730849682503,-15.817865665305385,0.6293303115
2020-11-22,T1,1130.4382208584968,0.5164425271957485,0.012,2.0977730849682503,-16.337965745034108,0.6293303115
2020-11-23,T1,1129.2273257735592,0.623006644148949,0.012,2.0977730849682503,-16.968660829971707,0.6293303115
2020-11-24,T1,1138.2972993100284,0.24186313006360205,0.012,2.0977730849682503,-17.40256729350251,0.6293303115
2020-11-25,T1,1132.6014563614815,0.7410356052993894,0.012,2.0977730849682503,-17.85611541024967,0.6293303115
2020-11-26,T1,1113.3733244907978,2.426151270663379,0.012,2.0977730849682503,-18.021982112733355,0.6293303115
2020-11-27,T1,1113.1202021520965,2.448334414666553,0.012,2.0977730849682503,-18.084476728714808,0.6293303115
2020-11-28,T1,1120.0812051789637,1.8382857980817735,0.012,2.0977730849682503,-18.146481344887434,0.6293303115
2020-11-29,T1,1125.4983521044026,1.3635376942603528,0.012,2.0977730849682503,-18.210874499128792,0.6293303115
2020-11-30,T1,1143.8242421673544,0.0,0.012,2.0977730849682503,-18.323464436176792,0.6293303115
2020-12-01,T1,1135.502180187702,0.727564749273335,0.008,2.1369405489672504,-18.517597920950305,0.6410823135
2020-12-02,T1,1139.0331963568,0.41886206236336765,0.008,2.1369405489672504,-18.563037984092407,0.6410823135
2020-12-03,T1,1140.6765828862076,0.27518732031615034,0.008,2.1369405489672504,-18.63356425132483,0.6410823135
2020-12-04,T1,1134.4490403515463,0.8196365726646726,0.008,2.1369405489672504,-18.68390678598609,0.6410823135
2020-12-05,T1,1138.2756654686918,0.48508997222763695,0.008,2.1369405489672504,-18.72925998700067,0.6410823135
2020-12-06,T1,1140.0347969921588,0.3312961061233688,0.008,2.1369405489672504,-18.775270145373582,0.6410823135
2020-12-07,T1,1138.3818161996787,0.47580963639686225,0.008,2.1369405489672504,-18.821646009373584,0.6410823135
2020-12-08,T1,1131.5339428471646,1.0744919426521227,0.008,2.1369405489672504,-18.867348677167833,0.6410823135
2020-12-09,T1,1133.2285615536296,0.9263381753168543,0.008,2.1369405489672504,-18.911025583902862,0.6410823135
2020-12-10,T1,1130.8432014491548,1.1348807132818606,0.008,2.1369405489672504,-18.955035675657463,0.6410823135
2020-12-11,T1,1128.9938604193505,1.2965612374067903,0.008,2.1369405489672504,-18.998366718181874,0.6410823135
2020-12-12,T1,1135.2196744009157,0.7522631055742024,0.008,2.1369405489672504,-19.015992736616692,0.6410823135
2020-12-13,T1,1138.1753798790642,0.4938575420981306,0.008,2.1369405489672504,-19.06180363414816,0.6410823135
2020-12-14,T1,1138.8910004509546,0.43129368433844073,0.008,2.1369405489672504,-19.10782766433773,0.6410823135
2020-12-15,T1,1140.0813780008402,0.32722371397043704,0.008,2.1369405489672504,-19.154129136692106,0.6410823135
2020-12-16,T1,1155.348879886954,0.021239287505681048,0.008,2.1369405489672504,-19.261347250578385,0.6410823135
2020-12-17,T1,1166.982952154998,0.5429674721535882,0.008,2.1369405489672504,-19.418794982534383,0.6410823135
2020-12-18,T1,1169.172406752206,0.356369495987241,0.008,2.1369405489672504,-19.650997294046586,0.6410823135
2020-12-19,T1,1174.7815858012189,0.11129560670807281,0.008,2.1369405489672504,-19.872161336313578,0.6410823135
2020-12-20,T1,1171.5135479995456,0.4920711547179102,0.008,2.1369405489672504,-20.16667913798695,0.6410823135
2020-12-21,T1,1165.30110752731,1.0197535579836492,0.008,2.1369405489672504,-20.347119610222485,0.6410823135
2020-12-22,T1,1174.0309412270565,0.2782447021032586,0.008,2.1369405489672504,-20.420725910475948,0.6410823135
2020-12-23,T1,1169.289080344457,0.6810166172088628,0.008,2.1369405489672504,-20.480326217715415,0.6410823135
2020-12-24,T1,1173.187756629714,0.34986449093035166,0.008,2.1369405489672504,-20.568070507818778,0.6410823135
2020-12-25,T1,1180.923550711144,0.0,0.008,2.1369405489672504,-20.689295474228715,0.6410823135
2020-12-26,T1,1195.0304621701266,0.1504636995416364,0.008,2.1369405489672504,-20.763226339006028,0.6410823135
2020-12-27,T1,1193.1929519918147,1.0362879423904792,0.008,2.1369405489672504,-21.017813598197858,0.6410823135
2020-12-28,T1,1199.295976388678,0.5301016226644806,0.008,2.1369405489672504,-21.340997411974573,0.6410823135
2020-12-29,T1,1201.430020102295,0.3531035208568789,0.008,2.1369405489672504,-21.611327035237558,0.6410823135
2020-12-30,T1,1213.0375210059276,0.0,0.008,2.1369405489672504,-22.035201855764793,0.6410823135
2020-12-31,T1,1213.0320860909246,0.1768709037061389,0.008,2.1369405489672504,-22.38399275204777,0.6410823135
2021-01-01,T1,1215.978018626244,0.10811203934126823,0.008,2.1369405489672504,-22.578528511288468,0.6410823135
2021-01-02,T1,1238.4926961133863,0.5834003836275747,0.008,2.1369405489672504,-22.94305102414607,0.6410823135
2021-01-03,T1,1242.7543569590885,0.6041928764884741,0.005,2.1856471518807505,-23.72033940253047,0.6556964865
2021-01-04,T1,1236.9073927479533,1.0718345497875537,0.005,2.1856471518807505,-24.460903613665685,0.6556964865
2021-01-05,T1,1246.3241019407512,0.3186837719010849,0.005,2.1856471518807505,-24.776194420867686,0.6556964865
2021-01-06,T1,1259.6415290687376,0.0,0.005,2.1856471518807505,-25.615467292881373,0.6556964865
2021-01-07,T1,1272.4422883251327,0.12314619595349408,0.005,2.1856471518807505,-26.25825803648599,0.6556964865
2021-01-08,T1,1277.221604729564,0.3717287118003232,0.005,2.1856471518807505,-27.128674430004768,0.6556964865
2021-01-09,T1,1274.2708855124242,0.6018963299896152,0.005,2.1856471518807505,-27.68756084919459,0.6556964865
2021-01-10,T1,1263.9362152032938,1.4080409594097842,0.005,2.1856471518807505,-28.332531158325136,0.6556964865
2021-01-11,T1,1249.6100754672234,2.5255357863471106,0.005,2.1856471518807505,-28.722446542895636,0.6556964865
2021-01-12,T1,1242.6066595785041,3.071829566159223,0.005,2.1856471518807505,-28.967497473764677,0.6556964865
2021-01-13,T1,1259.0762905077422,1.7871340582234052,0.005,2.1856471518807505,-29.154537688376468,0.6556964865
2021-01-14,T1,1267.4624267398212,1.1329826936555598,0.005,2.1856471518807505,-29.575469621797335,0.6556964865
2021-01-15,T1,1255.003402438384,2.1048352276977544,0.005,2.1856471518807505,-30.019405866634628,0.6556964865
2021-01-16,T1,1251.1537963771905,2.405119528869204,0.005,2.1856471518807505,-30.225849984428127,0.6556964865
2021-01-17,T1,1250.2273685835703,2.477384513434089,0.005,2.1856471518807505,-30.356008639148264,0.6556964865
2021-01-18,T1,1253.851123682072,2.194717469047558,0.005,2.1856471518807505,-30.733128636646597,0.6556964865
2021-01-19,T1,1249.3850328495032,2.5430899890685588,0.005,2.1856471518807505,-31.40291351211534,0.6556964865
2021-01-20,T1,1247.1539887142876,2.7171201413429324,0.005,2.1856471518807505,-31.62150764733109,0.6556964865
2021-01-21,T1,1223.7026065441958,4.546419501981191,0.005,2.1856471518807505,-31.821798651622665,0.6556964865
2021-01-22,T1,1234.28635933139,3.7208454668840485,0.005,2.1856471518807505,-31.868887030228077,0.6556964865
2021-01-23,T1,1229.7515056091897,4.074581760738349,0.005,2.1856471518807505,-31.92139075242832,0.6556964865
2021-01-24,T1,1230.4854331813744,4.017332544943109,0.005,2.1856471518807505,-32.02717923889388,0.6556964865
2021-01-25,T1,1230.3544577539842,4.0275491395918355,0.005,2.1856471518807505,-32.20365289958405,0.6556964865
2021-01-26,T1,1231.3407557641794,3.950614044407985,0.005,2.1856471518807505,-32.25714059743867,0.6556964865
2021-01-27,T1,1220.7976715581024,4.773015771412736,0.005,2.1856471518807505,-32.30442480351587,0.6556964865
2021-01-28,T1,1235.6590770335204,3.6137681271933286,0.005,2.1856471518807505,-32.37074750964801,0.6556964865
2021-01-29,T1,1239.6604667367146,3.30164410940077,0.005,2.1856471518807505,-32.801929624903664,0.6556964865
2021-01-30,T1,1239.6306922050085,3.303966639110034,0.005,2.1856471518807505,-33.01540415660967,0.6556964865
2021-01-31,T1,1233.5890872034126,3.775235414932676,0.005,2.1856471518807505,-33.25989814325549,0.6556964865
2021-02-01,T1,1235.455674979201,3.6296342814873594,0.005,2.1856471518807505,-33.4574213824175,0.6556964865
2021-02-02,T1,1244.982954046851,2.886469320860807,0.005,2.1856471518807505,-33.80729231476716,0.6556964865
2021-02-03,T1,1255.227046072703,2.087390151143076,0.005,2.1856471518807505,-34.23024086321531,0.6556964865
2021-02-04,T1,1253.9459488219302,2.1873207379526916,0.003,2.2237680228922505,-34.43739476785645,0.6671344635
2021-02-05,T1,1257.679115890705,1.8961191327537152,0.003,2.2237680228922505,-34.697924939581924,0.6671344635
2021-02-06,T1,1260.2107439353083,1.6986422621037223,0.003,2.2237680228922505,-34.946033578298604,0.6671344635
2021-02-07,T1,1258.6064056563985,1.8237869110020788,0.003,2.2237680228922505,-35.3264554314185,0.6671344635
2021-02-08,T1,1280.859622987735,0.08794908527792744,0.003,2.2237680228922505,-35.790834525871624,0.6671344635
2021-02-09,T1,1280.484303504278,0.4340380552537715,0.003,2.2237680228922505,-36.46644901825908,0.6671344635
2021-02-10,T1,1274.9621443449555,0.8634217557843105,0.003,2.2237680228922505,-37.03501316865165,0.6671344635
2021-02-11,T1,1284.1159411878202,0.15165466452643495,0.003,2.2237680228922505,-37.500839111287085,0.6671344635
2021-02-12,T1,1281.5312305966086,0.35263268171764617,0.003,2.2237680228922505,-38.01413691699872,0.6671344635
2021-02-13,T1,1280.54837426668,0.4290561378076707,0.003,2.2237680228922505,-38.52038324692742,0.6671344635
2021-02-14,T1,1284.3475611137012,0.2178896907043648,0.003,2.2237680228922505,-39.073136001186306,0.6671344635
2021-02-15,T1,1281.9442624462145,0.40460411287946974,0.003,2.2237680228922505,-39.400865067393,0.6671344635
2021-02-16,T1,1285.1338641289742,0.1568011064441488,0.003,2.2237680228922505,-39.935283384632996,0.6671344635
2021-02-17,T1,1293.5292312679371,0.058377773596896,0.003,2.2237680228922505,-40.458466245670195,0.6671344635
2021-02-18,T1,1291.1330857526152,0.24351055923720333,0.003,2.2237680228922505,-41.1012917609919,0.6671344635
2021-02-19,T1,1303.7704979226592,0.0,0.003,2.2237680228922505,-41.58240070313789,0.6671344635
2021-02-20,T1,1302.9687008526914,0.3443304059314589,0.003,2.2237680228922505,-42.24478666091589,0.6671344635
2021-02-21,T1,1307.017297403603,0.19016542758067967,0.003,2.2237680228922505,-42.79657011000465,0.6671344635
2021-02-22,T1,1296.4691283296395,0.9956719900459321,0.003,2.2237680228922505,-43.27840330166805,0.6671344635
2021-02-23,T1,1280.823593651575,2.1904367656282897,0.003,2.2237680228922505,-43.38244050222258,0.6671344635
2021-02-24,T1,1282.98870386162,2.0250990211891473,0.003,2.2237680228922505,-43.53079365198752,0.6671344635
2021-02-25,T1,1275.061907706257,2.6304255264524956,0.003,2.2237680228922505,-43.6367659789305,0.6671344635
2021-02-26,T1,1272.6831352284967,2.8120795014705213,0.003,2.2237680228922505,-43.67866261499109,0.6671344635
2021-02-27,T1,1271.9595555573364,2.867335363364576,0.003,2.2237680228922505,-43.7977120044513,0.6671344635
2021-02-28,T1,1269.102378592165,3.0855224989169483,0.003,2.2237680228922505,-43.874000451122704,0.6671344635
2021-03-01,T1,1282.2200196526194,2.0837992724338728,0.003,2.2237680228922505,-43.92558386216827,0.6671344635
2021-03-02,T1,1278.7652917505438,2.3476181377877214,0.003,2.2237680228922505,-43.9695765174237,0.6671344635
2021-03-03,T1,1284.4481196846295,1.913651336329647,0.003,2.2237680228922505,-44.06769782897788,0.6671344635
2021-03-04,T1,1278.4059031664578,2.3750626981589584,0.003,2.2237680228922505,-44.112547096419505,0.6671344635
2021-03-05,T1,1279.5730905494415,2.2859309170860986,0.003,2.2237680228922505,-44.15565696416562,0.6671344635
2021-03-06,T1,1279.8253952043492,2.266663776614264,0.003,2.2237680228922505,-44.19912230925783,0.6671344635
2021-03-07,T1,1286.0644479195316,1.7902211001263657,0.003,2.2237680228922505,-44.255539594075266,0.6671344635
2021-03-08,T1,1290.3282517523742,1.4646174864246464,0.003,2.2237680228922505,-44.323705761232816,0.6671344635
2021-03-09,T1,1297.5702728086003,0.9115835479849621,0.003,2.2237680228922505,-44.59770433867646,0.6671344635
2021-03-10,T1,1300.371654412963,0.6976572020512939,0.003,2.2237680228922505,-44.813071940383736,0.6671344635
2021-03-11,T1,1305.7010307575579,0.2906815848311872,0.003,2.2237680228922505,-45.282806756048615,0.6671344635
2021-03-12,T1,1303.693552369337,0.44398184048507483,0.003,2.2237680228922505,-45.6617277967592,0.6671344635
2021-03-13,T1,1315.19126967208,0.11880655359163272,0.003,2.2237680228922505,-45.950567841526215,0.6671344635
2021-03-14,T1,1308.1122609596384,0.6564164472403933,0.003,2.2237680228922505,-46.460959204407914,0.6671344635
2021-03-15,T1,1297.5911133061413,1.4554369458475547,0.003,2.2237680228922505,-46.81537421109512,0.6671344635
2021-03-16,T1,1301.2738549618682,1.1757539520420024,0.003,2.2237680228922505,-46.980685078358086,0.6671344635
2021-03-17,T1,1307.109743893744,0.7325518378112905,0.003,2.2237680228922505,-47.11385361986238,0.6671344635
2021-03-18,T1,1303.2270635367627,1.027419023116527,0.003,2.2237680228922505,-47.27680397684387,0.6671344635
2021-03-19,T1,1304.2981039345543,0.9460796805983773,0.003,2.2237680228922505,-47.41347357905241,0.6671344635
2021-03-20,T1,1304.2124653812114,0.9525834349268569,0.003,2.2237680228922505,-47.664376873065265,0.6671344635
2021-03-21,T1,1301.8199694466243,1.1342797058592313,0.003,2.2237680228922505,-47.80873806698253,0.6671344635
2021-03-22,T1,1291.6697349367923,1.9051314899162564,0.003,2.2237680228922505,-48.060844252064435,0.6671344635
2021-03-23,T1,1292.3784017970845,1.85131232809993,0.003,2.2237680228922505,-48.21340571652247,0.6671344635
2021-03-24,T1,1285.9566738581102,2.339005536930927,0.003,2.2237680228922505,-48.3728899751669,0.6671344635
2021-03-25,T1,1282.981985545955,2.5649159619774875,0.003,2.2237680228922505,-48.422441967652034,0.6671344635
2021-03-26,T1,1294.014753725303,1.7270408344718158,0.003,2.2237680228922505,-48.47914378830409,0.6671344635
2021-03-27,T1,1296.4511863581229,1.5420078246507485,0.003,2.2237680228922505,-48.52863572130409,0.6671344635
2021-03-28,T1,1296.205066440477,1.5606992132512376,0.003,2.2237680228922505,-48.57916139832023,0.6671344635
2021-03-29,T1,1301.7782009214968,1.137451784502419,0.003,2.2237680228922505,-48.644161155740335,0.6671344635
2021-03-30,T1,1304.9034462822715,0.9001074197357295,0.003,2.2237680228922505,-48.893971231335975,0.6671344635
2021-03-31,T1,1304.5789749152314,0.9247491491377491,0.003,2.2237680228922505,-49.26416259837635,0.6671344635
2021-04-01,T1,1304.0772440194232,0.962852717658802,0.003,2.2237680228922505,-49.71717349418447,0.6671344635
2021-04-02,T1,1304.2931375036724,0.9464568523870676,0.003,2.2237680228922505,-50.214320009935285,0.6671344635
2021-04-03,T1,1298.1078304467978,1.416195258441999,0.003,2.2237680228922505,-50.69738411957007,0.6671344635
2021-04-04,T1,1301.1641186634245,1.1840877911616143,0.003,2.2237680228922505,-50.91666833811335,0.6671344635
2021-04-05,T1,1303.9365573959187,0.9735370555050249,0.003,2.2237680228922505,-51.126210578689246,0.6671344635
2021-04-06,T1,1300.0266514836317,1.2704718647512658,0.003,2.2237680228922505,-51.54589697759625,0.6671344635
2021-04-07,T1,1291.7952207410844,1.895601566640226,0.004,2.2526341121562505,-51.89201096985954,0.6757929915
2021-04-08,T1,1300.0498233429635,1.2687120956455855,0.004,2.2526341121562505,-52.10094692282047,0.6757929915
2021-04-09,T1,1300.0309649775234,1.2701442797620976,0.004,2.2526341121562505,-52.258462784580935,0.6757929915
2021-04-10,T1,1306.039204135652,0.813853159630995,0.004,2.2526341121562505,-52.937584159532214,0.6757929915
2021-04-11,T1,1306.3427646154523,0.7907994915411942,0.004,2.2526341121562505,-53.63592868989164,0.6757929915
2021-04-12,T1,1304.951593347952,0.8964509277166521,0.004,2.2526341121562505,-54.34686954839178,0.6757929915
2021-04-13,T1,1319.1526887411833,0.0,0.004,2.2526341121562505,-55.079371402040394,0.6757929915
2021-04-14,T1,1315.9004117988204,0.5368609737801844,0.004,2.2526341121562505,-55.8540110975232,0.6757929915
2021-04-15,T1,1316.009958995033,0.5285807818225519,0.004,2.2526341121562505,-56.53010390131058,0.6757929915
2021-04-16,T1,1307.9564965662248,1.137306674767602,0.004,2.2526341121562505,-57.387246330118984,0.6757929915
2021-04-17,T1,1302.090116311017,1.5807206213494518,0.004,2.2526341121562505,-57.86778632672696,0.6757929915
2021-04-18,T1,1286.0599042322829,2.792374024837163,0.004,2.2526341121562505,-58.217512916060954,0.6757929915
2021-04-19,T1,1283.893448073397,2.9561269412382796,0.004,2.2526341121562505,-58.28473482294682,0.6757929915
2021-04-20,T1,1287.0503537969478,2.7175102875319546,0.004,2.2526341121562505,-58.350885007675835,0.6757929915
2021-04-21,T1,1276.4009214472314,3.522454157792021,0.004,2.2526341121562505,-58.41803264455182,0.6757929915
2021-04-22,T1,1268.0543882077914,4.153331987556175,0.004,2.2526341121562505,-58.48307468855182,0.6757929915
2021-04-23,T1,1265.549143296047,4.34269245945611,0.004,2.2526341121562505,-58.61515960029603,0.6757929915
2021-04-24,T1,1260.497635851559,4.724513745275372,0.0,2.3524292206442503,-58.63560891229603,0.7057360155000001
2021-04-25,T1,1260.497635851559,4.724513745275372,0.0,2.3524292206442503,-58.63560891229603,0.7057360155000001
2021-04-26,T1,1260.497635851559,4.724513745275372,0.0,2.3524292206442503,-58.63560891229603,0.7057360155000001
2021-04-27,T1,1260.497635851559,4.724513745275372,0.0,2.3524292206442503,-58.63560891229603,0.7057360155000001
2021-04-28,T1,1258.7183141823193,4.859004864035654,0.003,2.43551759203075,-58.66819943714935,0.7306587885000001
2021-04-29,T1,1254.8237919875376,5.153374710740666,0.003,2.43551759203075,-58.717111631931026,0.7306587885000001
2021-04-30,T1,1267.1873929291712,4.2188643569963435,0.003,2.43551759203075,-58.76662669529749,0.7306587885000001
2021-05-01,T1,1267.5150249314268,4.194100091328822,0.003,2.43551759203075,-58.85930868804182,0.7306587885000001
2021-05-02,T1,1263.716378079521,4.481223141488922,0.003,2.43551759203075,-59.040724004767476,0.7306587885000001
2021-05-03,T1,1265.1593614765502,4.372154357146007,0.003,2.43551759203075,-59.28952818085862,0.7306587885000001
2021-05-04,T1,1253.144506986732,5.280304496613619,0.003,2.43551759203075,-59.504765148516825,0.7306587885000001
2021-05-05,T1,1265.6808596637936,4.332736597082532,0.003,2.43551759203075,-59.66636632999522,0.7306587885000001
2021-05-06,T1,1262.1337396254316,4.600847838902123,0.003,2.43551759203075,-60.06036399403732,0.7306587885000001
2021-05-07,T1,1264.6685561548363,4.409252178159462,0.003,2.43551759203075,-60.25488746463286,0.7306587885000001
2021-05-08,T1,1269.1180715617493,4.07293282940866,0.003,2.43551759203075,-60.518552057719845,0.7306587885000001
2021-05-09,T1,1266.885670999613,4.241670193941016,0.003,2.43551759203075,-60.79143824975583,0.7306587885000001
2021-05-10,T1,1259.3172853590816,4.813731260582976,0.003,2.43551759203075,-61.181115083907365,0.7306587885000001
2021-05-11,T1,1261.6426799318615,4.637964886768209,0.003,2.43551759203075,-61.375673687607474,0.7306587885000001
2021-05-12,T1,1240.3493146647963,6.247436949322727,0.003,2.43551759203075,-61.52809895467256,0.7306587885000001
2021-05-13,T1,1240.2234719617297,6.25694884715201,0.0,2.510002582606,-61.54543781766397,0.7530076380000001
2021-05-14,T1,1240.2234719617297,6.25694884715201,0.0,2.510002582606,-61.54543781766397,0.7530076380000001
2021-05-15,T1,1240.2234719617297,6.25694884715201,0.0,2.510002582606,-61.54543781766397,0.7530076380000001
2021-05-16,T1,1240.2234719617297,6.25694884715201,0.0,2.510002582606,-61.54543781766397,0.7530076380000001
2021-05-17,T1,1240.2234719617297,6.25694884715201,0.0,2.510002582606,-61.54543781766397,0.7530076380000001
2021-05-18,T1,1240.2234719617297,6.25694884715201,0.0,2.510002582606,-61.54543781766397,0.7530076380000001
2021-05-19,T1,1240.2234719617297,6.25694884715201,0.0,2.510002582606,-61.54543781766397,0.7530076380000001
2021-05-20,T1,1240.2234719617297,6.25694884715201,0.0,2.510002582606,-61.54543781766397,0.7530076380000001
2021-05-21,T1,1240.2234719617297,6.25694884715201,0.0,2.510002582606,-61.54543781766397,0.7530076380000001
2021-05-22,T1,1240.2234719617297,6.25694884715201,0.0,2.510002582606,-61.54543781766397,0.7530076380000001
2021-05-23,T1,1240.2234719617297,6.25694884715201,0.0,2.510002582606,-61.54543781766397,0.7530076380000001
2021-05-24,T1,1240.2234719617297,6.25694884715201,0.0,2.510002582606,-61.54543781766397,0.7530076380000001
2021-05-25,T1,1240.2234719617297,6.25694884715201,0.0,2.510002582606,-61.54543781766397,0.7530076380000001
2021-05-26,T1,1240.2234719617297,6.25694884715201,0.0,2.510002582606,-61.54543781766397,0.7530076380000001
2021-05-27,T1,1240.2234719617297,6.25694884715201,0.0,2.510002582606,-61.54543781766397,0.7530076380000001
2021-05-28,T1,1240.2234719617297,6.25694884715201,0.0,2.510002582606,-61.54543781766397,0.7530076380000001
2021-05-29,T1,1240.2234719617297,6.25694884715201,0.0,2.510002582606,-61.54543781766397,0.7530076380000001
2021-05-30,T1,1240.2234719617297,6.25694884715201,0.0,2.510002582606,-61.54543781766397,0.7530076380000001
2021-05-31,T1,1240.2234719617297,6.25694884715201,0.0,2.510002582606,-61.54543781766397,0.7530076380000001
2021-06-01,T1,1240.2234719617297,6.25694884715201,0.0,2.510002582606,-61.54543781766397,0.7530076380000001
2021-06-02,T1,1240.2234719617297,6.25694884715201,0.0,2.510002582606,-61.54543781766397,0.7530076380000001
2021-06-03,T1,1240.2234719617297,6.25694884715201,0.0,2.510002582606,-61.54543781766397,0.7530076380000001
2021-06-04,T1,1240.2234719617297,6.25694884715201,0.0,2.510002582606,-61.54543781766397,0.7530076380000001
2021-06-05,T1,1240.2234719617297,6.25694884715201,0.0,2.510002582606,-61.54543781766397,0.7530076380000001
2021-06-06,T1,1240.2234719617297,6.25694884715201,0.0,2.510002582606,-61.54543781766397,0.7530076380000001
2021-06-07,T1,1240.2234719617297,6.25694884715201,0.0,2.510002582606,-61.54543781766397,0.7530076380000001
2021-06-08,T1,1240.2234719617297,6.25694884715201,0.0,2.510002582606,-61.54543781766397,0.7530076380000001
2021-06-09,T1,1240.2234719617297,6.25694884715201,0.0,2.510002582606,-61.54543781766397,0.7530076380000001
2021-06-10,T1,1240.2234719617297,6.25694884715201,0.0,2.510002582606,-61.54543781766397,0.7530076380000001
2021-06-11,T1,1240.2234719617297,6.25694884715201,0.0,2.510002582606,-61.54543781766397,0.7530076380000001
2021-06-12,T1,1240.2234719617297,6.25694884715201,0.0,2.510002582606,-61.54543781766397,0.7530076380000001
2021-06-13,T1,1240.2234719617297,6.25694884715201,0.0,2.510002582606,-61.54543781766397,0.7530076380000001
2021-06-14,T1,1240.2234719617297,6.25694884715201,0.0,2.510002582606,-61.54543781766397,0.7530076380000001
2021-06-15,T1,1240.2234719617297,6.25694884715201,0.0,2.510002582606,-61.54543781766397,0.7530076380000001
2021-06-16,T1,1240.2234719617297,6.25694884715201,0.0,2.510002582606,-61.54543781766397,0.7530076380000001
2021-06-17,T1,1240.2234719617297,6.25694884715201,0.0,2.510002582606,-61.54543781766397,0.7530076380000001
2021-06-18,T1,1240.2234719617297,6.25694884715201,0.0,2.510002582606,-61.54543781766397,0.7530076380000001
2021-06-19,T1,1240.2234719617297,6.25694884715201,0.0,2.510002582606,-61.54543781766397,0.7530076380000001
2021-06-20,T1,1240.2234719617297,6.25694884715201,0.0,2.510002582606,-61.54543781766397,0.7530076380000001
2021-06-21,T1,1240.2234719617297,6.25694884715201,0.0,2.510002582606,-61.54543781766397,0.7530076380000001
2021-06-22,T1,1240.2234719617297,6.25694884715201,0.0,2.510002582606,-61.54543781766397,0.7530076380000001
2021-06-23,T1,1240.2234719617297,6.25694884715201,0.0,2.510002582606,-61.54543781766397,0.7530076380000001
2021-06-24,T1,1240.2234719617297,6.25694884715201,0.0,2.510002582606,-61.54543781766397,0.7530076380000001
2021-06-25,T1,1240.2234719617297,6.25694884715201,0.0,2.510002582606,-61.54543781766397,0.7530076380000001
2021-06-26,T1,1240.2234719617297,6.25694884715201,0.0,2.510002582606,-61.54543781766397,0.7530076380000001
2021-06-27,T1,1240.2234719617297,6.25694884715201,0.0,2.510002582606,-61.54543781766397,0.7530076380000001
2021-06-28,T1,1240.2234719617297,6.25694884715201,0.0,2.510002582606,-61.54543781766397,0.7530076380000001
2021-06-29,T1,1240.2234719617297,6.25694884715201,0.0,2.510002582606,-61.54543781766397,0.7530076380000001
2021-06-30,T1,1240.2234719617297,6.25694884715201,0.0,2.510002582606,-61.54543781766397,0.7530076380000001
2021-07-01,T1,1240.2234719617297,6.25694884715201,0.0,2.510002582606,-61.54543781766397,0.7530076380000001
2021-07-02,T1,1240.2234719617297,6.25694884715201,0.0,2.510002582606,-61.54543781766397,0.7530076380000001
2021-07-03,T1,1240.2234719617297,6.25694884715201,0.0,2.510002582606,-61.54543781766397,0.7530076380000001
2021-07-04,T1,1240.2234719617297,6.25694884715201,0.0,2.510002582606,-61.54543781766397,0.7530076380000001
2021-07-05,T1,1240.2234719617297,6.25694884715201,0.0,2.510002582606,-61.54543781766397,0.7530076380000001
2021-07-06,T1,1240.2234719617297,6.25694884715201,0.0,2.510002582606,-61.54543781766397,0.7530076380000001
2021-07-07,T1,1240.2234719617297,6.25694884715201,0.0,2.510002582606,-61.54543781766397,0.7530076380000001
2021-07-08,T1,1240.2234719617297,6.25694884715201,0.0,2.510002582606,-61.54543781766397,0.7530076380000001
2021-07-09,T1,1240.2234719617297,6.25694884715201,0.0,2.510002582606,-61.54543781766397,0.7530076380000001
2021-07-10,T1,1240.2234719617297,6.25694884715201,0.0,2.510002582606,-61.54543781766397,0.7530076380000001
2021-07-11,T1,1240.2234719617297,6.25694884715201,0.0,2.510002582606,-61.54543781766397,0.7530076380000001
2021-07-12,T1,1240.2234719617297,6.25694884715201,0.0,2.510002582606,-61.54543781766397,0.7530076380000001
2021-07-13,T1,1240.2234719617297,6.25694884715201,0.0,2.510002582606,-61.54543781766397,0.7530076380000001
2021-07-14,T1,1240.2234719617297,6.25694884715201,0.0,2.510002582606,-61.54543781766397,0.7530076380000001
2021-07-15,T1,1240.2234719617297,6.25694884715201,0.0,2.510002582606,-61.54543781766397,0.7530076380000001
2021-07-16,T1,1240.2234719617297,6.25694884715201,0.0,2.510002582606,-61.54543781766397,0.7530076380000001
2021-07-17,T1,1240.2234719617297,6.25694884715201,0.0,2.510002582606,-61.54543781766397,0.7530076380000001
2021-07-18,T1,1240.2234719617297,6.25694884715201,0.0,2.510002582606,-61.54543781766397,0.7530076380000001
2021-07-19,T1,1240.2234719617297,6.25694884715201,0.0,2.510002582606,-61.54543781766397,0.7530076380000001
2021-07-20,T1,1240.2234719617297,6.25694884715201,0.0,2.510002582606,-61.54543781766397,0.7530076380000001
2021-07-21,T1,1240.2234719617297,6.25694884715201,0.0,2.510002582606,-61.54543781766397,0.7530076380000001
2021-07-22,T1,1240.2234719617297,6.25694884715201,0.0,2.510002582606,-61.54543781766397,0.7530076380000001
2021-07-23,T1,1240.2234719617297,6.25694884715201,0.0,2.510002582606,-61.54543781766397,0.7530076380000001
2021-07-24,T1,1240.2234719617297,6.25694884715201,0.0,2.510002582606,-61.54543781766397,0.7530076380000001
2021-07-25,T1,1240.2234719617297,6.25694884715201,0.0,2.510002582606,-61.54543781766397,0.7530076380000001
2021-07-26,T1,1242.9709166958025,6.049281553258257,0.006,2.620228313986,-61.5914645922111,0.7860703980000001
2021-07-27,T1,1244.0195486622592,5.970020063458703,0.0,2.73249751108,-61.61379761666039,0.8197562100000001
2021-07-28,T1,1248.592821431049,5.6243464386703685,0.005,2.83015355729,-61.653576381660386,0.8490486300000001
2021-07-29,T1,1248.5955465585037,5.624140458241711,0.005,2.83015355729,-61.69305125420582,0.8490486300000001
2021-07-30,T1,1259.5432693772643,4.796650120082768,0.005,2.83015355729,-61.72827843544505,0.8490486300000001
2021-07-31,T1,1255.6591823253777,5.090231220117247,0.005,2.83015355729,-61.79091548733176,0.8490486300000001
2021-08-01,T1,1247.6681316271277,5.694239684161362,0.005,2.83015355729,-61.85314298733176,0.8490486300000001
2021-08-02,T1,1244.0605888364262,5.96691801674436,0.005,2.83015355729,-61.91295897628313,0.8490486300000001
2021-08-03,T1,1239.2967521081514,6.326995535190372,0.005,2.83015355729,-61.970903406608045,0.8490486300000001
2021-08-04,T1,1246.935713467009,5.7495999596290375,0.005,2.83015355729,-62.011419602400274,0.8490486300000001
2021-08-05,T1,1252.547934162297,5.325396819135908,0.005,2.83015355729,-62.07010523591224,0.8490486300000001
2021-08-06,T1,1262.218795780701,4.594418817282609,0.005,2.83015355729,-62.132002032008,0.8490486300000001
2021-08-07,T1,1270.987797128433,3.9316084766594095,0.005,2.83015355729,-62.19670068427634,0.8490486300000001
2021-08-08,T1,1266.9527010858903,4.236603683792861,0.005,2.83015355729,-62.26339551556873,0.8490486300000001
2021-08-09,T1,1279.2598184924661,3.306362672659713,0.005,2.83015355729,-62.330129320242975,0.8490486300000001
2021-08-10,T1,1275.741258464746,3.5723151885730053,0.005,2.83015355729,-62.39883934796338,0.8490486300000001
2021-08-11,T1,1275.5002671162417,3.590530667332237,0.005,2.83015355729,-62.468030696467494,0.8490486300000001
2021-08-12,T1,1269.626648414152,4.034491736357482,0.005,2.83015355729,-62.53551350350728,0.8490486300000001
2021-08-13,T1,1286.5794539951874,2.753103537621371,0.005,2.83015355729,-62.60394298517198,0.8490486300000001
2021-08-14,T1,1282.954920226342,3.0270661436996527,0.005,2.83015355729,-62.67512885986736,0.8490486300000001
2021-08-15,T1,1282.5157014497147,3.0602647640898484,0.005,2.83015355729,-62.7446463629947,0.8490486300000001
2021-08-16,T1,1277.0291884074195,3.4749662145962756,0.005,2.83015355729,-62.82408410109,0.8490486300000001
2021-08-17,T1,1270.7806527335924,3.9472656126841366,0.005,2.83015355729,-62.89289507911701,0.8490486300000001
2021-08-18,T1,1270.839551081442,3.9428137449682654,0.005,2.83015355729,-62.960646731267424,0.8490486300000001
2021-08-19,T1,1281.051976929499,3.170901278939231,0.005,2.83015355729,-63.02822088321031,0.8490486300000001
2021-08-20,T1,1293.6853317506095,2.2160014129060768,0.005,2.83015355729,-63.113316062099706,0.8490486300000001
2021-08-21,T1,1291.2555383589304,2.3996588354242454,0.005,2.83015355729,-63.22805945377896,0.8490486300000001
2021-08-22,T1,1293.285209462932,2.2462449012201735,0.005,2.83015355729,-63.313038349777116,0.8490486300000001
2021-08-23,T1,1294.3781858737668,2.16363160941746,0.005,2.83015355729,-63.495411938942404,0.8490486300000001
2021-08-24,T1,1285.2006925063622,2.8573180696766842,0.005,2.83015355729,-63.69285530634695,0.8490486300000001
2021-08-25,T1,1291.4153685983058,2.387577968835064,0.005,2.83015355729,-63.78802921440336,0.8490486300000001
2021-08-26,T1,1280.5706806671428,3.2072803518738646,0.005,2.83015355729,-63.887217145566424,0.8490486300000001
2021-08-27,T1,1291.6475157687091,2.370030982697402,0.005,2.83015355729,-63.95848204400003,0.8490486300000001
2021-08-28,T1,1290.695851772759,2.441963089023025,0.005,2.83015355729,-64.11846851165026,0.8490486300000001
2021-08-29,T1,1289.9983685605184,2.4946827850467534,0.005,2.83015355729,-64.19142112679084,0.8490486300000001
2021-08-30,T1,1281.0433255228195,3.171555200814802,0.005,2.83015355729,-64.29397228988964,0.8490486300000001
2021-08-31,T1,1281.493561316087,3.137523852470492,0.005,2.83015355729,-64.50078649662248,0.8490486300000001
2021-09-01,T1,1289.697901405358,2.5173937790996304,0.005,2.83015355729,-64.75104640735148,0.8490486300000001
2021-09-02,T1,1291.5648239031536,2.3762812980300363,0.005,2.83015355729,-65.11382390955569,0.8490486300000001
2021-09-03,T1,1294.965330275039,2.119251940037803,0.005,2.83015355729,-65.3757675376703,0.8490486300000001
2021-09-04,T1,1294.3469661825497,2.1659913689099253,0.005,2.83015355729,-65.56323163015931,0.8490486300000001
2021-09-05,T1,1303.5898826272255,1.4673598652630737,0.005,2.83015355729,-65.63826518548376,0.8490486300000001
2021-09-06,T1,1307.9115403530195,1.1407047176924534,0.005,2.83015355729,-65.75935745968968,0.8490486300000001
2021-09-07,T1,1278.5383135797033,3.360898063638218,0.005,2.83015355729,-65.86549905560577,0.8490486300000001
2021-09-08,T1,1276.5211378258396,3.5133675291448063,0.003,2.8771867512525002,-65.91627937540689,0.8631607050000001
2021-09-09,T1,1277.5052443933005,3.438983231170334,0.003,2.8771867512525002,-65.9580789173359,0.8631607050000001
2021-09-10,T1,1272.8464962722865,3.79111756283691,0.003,2.8771867512525002,-66.00100019110967,0.8631607050000001
2021-09-11,T1,1273.7713064843592,3.721215216222007,0.003,2.8771867512525002,-66.04164605938682,0.8631607050000001
2021-09-12,T1,1276.2872690589288,3.531044643209491,0.003,2.8771867512525002,-66.08258348481723,0.8631607050000001
2021-09-13,T1,1273.0289516778587,3.7773265591957594,0.003,2.8771867512525002,-66.12305312181722,0.8631607050000001
2021-09-14,T1,1279.3861948710921,3.2968104366362216,0.003,2.8771867512525002,-66.1642880971538,0.8631607050000001
2021-09-15,T1,1282.3770523493283,3.070744641308465,0.003,2.8771867512525002,-66.20704988203748,0.8631607050000001
2021-09-16,T1,1281.2271731089568,3.1576589683524836,0.003,2.8771867512525002,-66.25038526835905,0.8631607050000001
2021-09-17,T1,1279.846668014609,3.262005291899739,0.003,2.8771867512525002,-66.2932845291369,0.8631607050000001
2021-09-18,T1,1282.7810058871721,3.040211565602713,0.003,2.8771867512525002,-66.3365843062937,0.8631607050000001
2021-09-19,T1,1279.611322275593,3.2797940438061057,0.003,2.8771867512525002,-66.37981619674284,0.8631607050000001
2021-09-20,T1,1266.9105573821923,4.239789141463069,0.003,2.8771867512525002,-66.4206013639035,0.8631607050000001
2021-09-21,T1,1259.8929249724426,4.770221187647838,0.003,2.8771867512525002,-66.45941612290349,0.8631607050000001
2021-09-22,T1,1268.3261596897178,4.132789973549766,0.003,2.8771867512525002,-66.49734787527834,0.8631607050000001
2021-09-23,T1,1272.2117816486718,3.8390928566239713,0.003,2.8771867512525002,-66.52705746531402,0.8631607050000001
2021-09-24,T1,1266.12903646728,4.298860878742605,0.003,2.8771867512525002,-66.51002556201578,0.8631607050000001
2021-09-25,T1,1265.6611262928104,4.334228156021158,0.003,2.8771867512525002,-66.5428131701952,0.8631607050000001
2021-09-26,T1,1267.2079508290071,4.217310475539104,0.003,2.8771867512525002,-66.55613556631874,0.8631607050000001
2021-09-27,T1,1264.028857689552,4.4576041786732805,0.003,2.8771867512525002,-66.59516731361367,0.8631607050000001
2021-09-28,T1,1260.6753445854804,4.711081521719751,0.003,2.8771867512525002,-66.61467816415538,0.8631607050000001
2021-09-29,T1,1262.117877302961,4.602046802266702,0.003,2.8771867512525002,-66.63201487504483,0.8631607050000001
2021-09-30,T1,1268.9609710038476,4.084807371350863,0.003,2.8771867512525002,-66.66939867901826,0.8631607050000001
2021-10-01,T1,1281.9289443016462,3.1046151626987983,0.003,2.8771867512525002,-66.68287412295979,0.8631607050000001
2021-10-02,T1,1280.4239521854279,3.218370914081359,0.003,2.8771867512525002,-66.70404646386811,0.8631607050000001
2021-10-03,T1,1282.065925112214,3.094261384188457,0.003,2.8771867512525002,-66.74705743153224,0.8631607050000001
2021-10-04,T1,1285.0616076911408,2.867830880668132,0.003,2.8771867512525002,-66.79019485260545,0.8631607050000001
2021-10-05,T1,1291.7893885888143,2.359307438648295,0.003,2.8771867512525002,-66.80159610871198,0.8631607050000001
2021-10-06,T1,1303.358755633663,1.4848297407090483,0.003,2.8771867512525002,-66.8489669100836,0.8631607050000001
2021-10-07,T1,1298.6946921333997,1.8373658385735125,0.003,2.8771867512525002,-66.96641389694659,0.8631607050000001
2021-10-08,T1,1299.0649991470589,1.8093759560172673,0.003,2.8771867512525002,-67.08060339668745,0.8631607050000001
2021-10-09,T1,1301.9661431148834,1.590091211351552,0.003,2.8771867512525002,-67.13921636713303,0.8631607050000001
2021-10-10,T1,1301.1590700279494,1.6510943252120547,0.003,2.8771867512525002,-67.20725251579698,0.8631607050000001
2021-10-11,T1,1309.4849953669018,1.0217741562350446,0.003,2.8771867512525002,-67.25795717684473,0.8631607050000001
2021-10-12,T1,1304.9910560915534,1.3614513103050396,0.003,2.8771867512525002,-67.30931645219309,0.8631607050000001
2021-10-13,T1,1309.077799808034,1.0525522820866606,0.003,2.8771867512525002,-67.35936273571231,0.8631607050000001
2021-10-14,T1,1308.9136629856332,1.0649586643929343,0.003,2.8771867512525002,-67.44558712943326,0.8631607050000001
2021-10-15,T1,1321.7991900637026,0.20794403233079795,0.003,2.8771867512525002,-67.54607248004396,0.8631607050000001
2021-10-16,T1,1319.253651076288,0.4001249407543539,0.003,2.8771867512525002,-67.7659681997485,0.8631607050000001
2021-10-17,T1,1320.970390894368,0.27051599765951506,0.003,2.8771867512525002,-67.97656164937827,0.8631607050000001
2021-10-18,T1,1322.2493229669035,0.17396028638301253,0.003,2.8771867512525002,-68.10741957684274,0.8631607050000001
2021-10-19,T1,1328.9720554865833,0.0,0.003,2.8771867512525002,-68.17275767999315,0.8631607050000001
2021-10-20,T1,1334.1257616853109,0.19860723678519765,0.003,2.8771867512525002,-68.33820085843526,0.8631607050000001
2021-10-21,T1,1322.317144386604,1.0819695755275305,0.003,2.8771867512525002,-68.70403815714236,0.8631607050000001
2021-10-22,T1,1317.5720103807455,1.4369368479041245,0.003,2.8771867512525002,-68.87375216300069,0.8631607050000001
2021-10-23,T1,1319.2375993670494,1.3123398231122296,0.003,2.8771867512525002,-68.98068317669677,0.8631607050000001
2021-10-24,T1,1317.7997762667717,1.4198984596935138,0.003,2.8771867512525002,-69.16342627697438,0.8631607050000001
2021-10-25,T1,1324.2946222261378,0.9340412105924623,0.003,2.8771867512525002,-69.32432031760817,0.8631607050000001
2021-10-26,T1,1315.6321453967148,1.5820515235508092,0.003,2.8771867512525002,-69.62072714703086,0.8631607050000001
2021-10-27,T1,1309.8015866607316,2.018215713727145,0.003,2.8771867512525002,-69.775975883014,0.8631607050000001
2021-10-28,T1,1316.316661320287,1.5308452246372672,0.003,2.8771867512525002,-69.84629122345856,0.8631607050000001
2021-10-29,T1,1321.1614445925682,1.1684235308991986,0.003,2.8771867512525002,-69.9665379511774,0.8631607050000001
2021-10-30,T1,1319.8338536615624,1.2677360752929245,0.003,2.8771867512525002,-70.11212888218327,0.8631607050000001
2021-10-31,T1,1317.9593741370018,1.4079594879800261,0.003,2.8771867512525002,-70.31734840674368,0.8631607050000001
2021-11-01,T1,1316.4920188295646,1.5177273281390624,0.003,2.8771867512525002,-70.54096371418102,0.8631607050000001
2021-11-02,T1,1323.3204790901004,1.0069135323175438,0.003,2.8771867512525002,-70.72254345364507,0.8631607050000001
2021-11-03,T1,1322.0382363962872,1.1028337299317181,0.003,2.8771867512525002,-71.02057614745821,0.8631607050000001
2021-11-04,T1,1317.2662845486336,1.4598071534815404,0.003,2.8771867512525002,-71.28661799511168,0.8631607050000001
2021-11-05,T1,1315.8578387366097,1.5651681754394353,0.003,2.8771867512525002,-71.4302432437256,0.8631607050000001
2021-11-06,T1,1317.0810846433185,1.4736613260197595,0.003,2.8771867512525002,-71.67884790042676,0.8631607050000001
2021-11-07,T1,1322.3290636426998,1.0810779366781653,0.003,2.8771867512525002,-71.84754890104514,0.8631607050000001
2021-11-08,T1,1334.979200458005,0.1347643963280909,0.003,2.8771867512525002,-72.09150208573995,0.8631607050000001
2021-11-09,T1,1332.8446791360516,0.36779884865022483,0.003,2.8771867512525002,-72.38598072832345,0.8631607050000001
2021-11-10,T1,1326.3122067735005,0.8561112609135946,0.003,2.8771867512525002,-72.71585577024446,0.8631607050000001
2021-11-11,T1,1325.9824513848375,0.8807609862178989,0.003,2.8771867512525002,-72.82307115890727,0.8631607050000001
2021-11-12,T1,1323.7157262824326,1.0502021933539107,0.003,2.8771867512525002,-72.99681481576206,0.8631607050000001
2021-11-13,T1,1324.3939699043679,0.9995024336384106,0.003,2.8771867512525002,-73.12995263937704,0.8631607050000001
2021-11-14,T1,1327.6768947341811,0.7540987252177667,0.003,2.8771867512525002,-73.20145883504392,0.8631607050000001
2021-11-15,T1,1321.8774974549283,1.1876126412260768,0.003,2.8771867512525002,-73.35313508881676,0.8631607050000001
2021-11-16,T1,1308.5573702408055,2.1833127514739425,0.004,2.90849380160575,-73.4704945460862,0.8725514115
2021-11-17,T1,1309.50259442352,2.112655781926398,0.004,2.90849380160575,-73.54983036337208,0.8725514115
2021-11-18,T1,1295.647055936307,3.148378712908184,0.004,2.90849380160575,-73.62400885058521,0.8725514115
2021-11-19,T1,1300.1773397408147,2.8097329919559266,0.004,2.90849380160575,-73.69234126259732,0.8725514115
2021-11-20,T1,1306.6036434111845,2.329356853634268,0.004,2.90849380160575,-73.76198207442725,0.8725514115
2021-11-21,T1,1302.2627582603948,2.6538447322959624,0.004,2.90849380160575,-73.83314652649712,0.8725514115
2021-11-22,T1,1292.814911809319,3.3600858666123834,0.004,2.90849380160575,-73.90279297757274,0.8725514115
2021-11-23,T1,1297.8581933998869,2.9830927677465313,0.004,2.90849380160575,-73.97699138700513,0.8725514115
2021-11-24,T1,1296.20796639066,3.1064497889376708,0.004,2.90849380160575,-74.04989839623174,0.8725514115
2021-11-25,T1,1303.3054635090011,2.5759009023081703,0.004,2.90849380160575,-74.1499612778905,0.8725514115
2021-11-26,T1,1282.3790982874566,4.140179067466166,0.004,2.90849380160575,-74.28135673891518,0.8725514115
2021-11-27,T1,1286.225630848589,3.8526448094501675,0.004,2.90849380160575,-74.34836193430264,0.8725514115
2021-11-28,T1,1296.4137440004122,3.0910675943517596,0.004,2.90849380160575,-74.41380078647946,0.8725514115
2021-11-29,T1,1298.4022014323211,2.942427325955843,0.004,2.90849380160575,-74.50722335457036,0.8725514115
2021-11-30,T1,1294.7356658531253,3.216506531187624,0.004,2.90849380160575,-74.6170949558063,0.8725514115
2021-12-01,T1,1295.700584242764,3.1443773892133042,0.004,2.90849380160575,-74.73612054412733,0.8725514115
2021-12-02,T1,1292.8338180096857,3.3586725988945187,0.004,2.90849380160575,-74.81796677720544,0.8725514115
2021-12-03,T1,1281.2620416017417,4.22368078237022,0.004,2.90849380160575,-74.92806314034945,0.8725514115
2021-12-04,T1,1263.21868803075,5.5724493677655085,0.004,2.90849380160575,-74.96696731870153,0.8725514115
2021-12-05,T1,1264.0015401518126,5.51392996095208,0.004,2.90849380160575,-75.0201483332787,0.8725514115
2021-12-06,T1,1268.309851874192,5.191876996442324,0.004,2.90849380160575,-75.07883376633944,0.8725514115
2021-12-07,T1,1268.7714013007705,5.157375462970348,0.004,2.90849380160575,-75.1277906852808,0.8725514115
2021-12-08,T1,1269.2266875637883,5.123342110661177,0.0,3.00993310342775,-75.1480215652808,0.9029877675000001
2021-12-09,T1,1269.2266875637883,5.123342110661177,0.0,3.00993310342775,-75.1480215652808,0.9029877675000001
2021-12-10,T1,1269.2266875637883,5.123342110661177,0.0,3.00993310342775,-75.1480215652808,0.9029877675000001
2021-12-11,T1,1269.2266875637883,5.123342110661177,0.0,3.00993310342775,-75.1480215652808,0.9029877675000001
2021-12-12,T1,1269.2266875637883,5.123342110661177,0.0,3.00993310342775,-75.1480215652808,0.9029877675000001
2021-12-13,T1,1269.2266875637883,5.123342110661177,0.0,3.00993310342775,-75.1480215652808,0.9029877675000001
2021-12-14,T1,1269.2266875637883,5.123342110661177,0.0,3.00993310342775,-75.1480215652808,0.9029877675000001
2021-12-15,T1,1269.2266875637883,5.123342110661177,0.0,3.00993310342775,-75.1480215652808,0.9029877675000001
2021-12-16,T1,1269.2266875637883,5.123342110661177,0.0,3.00993310342775,-75.1480215652808,0.9029877675000001
2021-12-17,T1,1269.2266875637883,5.123342110661177,0.0,3.00993310342775,-75.1480215652808,0.9029877675000001
2021-12-18,T1,1269.2266875637883,5.123342110661177,0.0,3.00993310342775,-75.1480215652808,0.9029877675000001
2021-12-19,T1,1269.2266875637883,5.123342110661177,0.0,3.00993310342775,-75.1480215652808,0.9029877675000001
2021-12-20,T1,1269.2266875637883,5.123342110661177,0.0,3.00993310342775,-75.1480215652808,0.9029877675000001
2021-12-21,T1,1269.2266875637883,5.123342110661177,0.0,3.00993310342775,-75.1480215652808,0.9029877675000001
2021-12-22,T1,1269.2266875637883,5.123342110661177,0.0,3.00993310342775,-75.1480215652808,0.9029877675000001
2021-12-23,T1,1269.2266875637883,5.123342110661177,0.0,3.00993310342775,-75.1480215652808,0.9029877675000001
2021-12-24,T1,1269.2266875637883,5.123342110661177,0.0,3.00993310342775,-75.1480215652808,0.9029877675000001
2021-12-25,T1,1269.2266875637883,5.123342110661177,0.0,3.00993310342775,-75.1480215652808,0.9029877675000001
2021-12-26,T1,1269.2266875637883,5.123342110661177,0.0,3.00993310342775,-75.1480215652808,0.9029877675000001
2021-12-27,T1,1269.2266875637883,5.123342110661177,0.0,3.00993310342775,-75.1480215652808,0.9029877675000001
2021-12-28,T1,1269.2266875637883,5.123342110661177,0.0,3.00993310342775,-75.1480215652808,0.9029877675000001
2021-12-29,T1,1269.2266875637883,5.123342110661177,0.0,3.00993310342775,-75.1480215652808,0.9029877675000001
2021-12-30,T1,1269.2266875637883,5.123342110661177,0.0,3.00993310342775,-75.1480215652808,0.9029877675000001
2021-12-31,T1,1269.2266875637883,5.123342110661177,0.0,3.00993310342775,-75.1480215652808,0.9029877675000001
2020-03-26,T2,1000.0,0.0,0.0,0.0,0.0,0.0
2020-03-27,T2,1000.0,0.0,0.0,0.0,0.0,0.0
2020-03-28,T2,1000.0,0.0,0.0,0.0,0.0,0.0
2020-03-29,T2,1000.0,0.0,0.0,0.0,0.0,0.0
2020-03-30,T2,1000.0,0.0,0.0,0.0,0.0,0.0
2020-03-31,T2,1000.0,0.0,0.0,0.0,0.0,0.0
2020-04-01,T2,1000.0,0.0,0.0,0.0,0.0,0.0
2020-04-02,T2,1000.0,0.0,0.0,0.0,0.0,0.0
2020-04-03,T2,1000.0,0.0,0.0,0.0,0.0,0.0
2020-04-04,T2,1000.0,0.0,0.0,0.0,0.0,0.0
2020-04-05,T2,1000.0,0.0,0.0,0.0,0.0,0.0
2020-04-06,T2,1000.0,0.0,0.0,0.0,0.0,0.0
2020-04-07,T2,1000.0,0.0,0.0,0.0,0.0,0.0
2020-04-08,T2,1000.0,0.0,0.0,0.0,0.0,0.0
2020-04-09,T2,1000.0,0.0,0.0,0.0,0.0,0.0
2020-04-10,T2,1000.0,0.0,0.0,0.0,0.0,0.0
2020-04-11,T2,1000.0,0.0,0.0,0.0,0.0,0.0
2020-04-12,T2,1000.0,0.0,0.0,0.0,0.0,0.0
2020-04-13,T2,1000.0,0.0,0.0,0.0,0.0,0.0
2020-04-14,T2,1000.0,0.0,0.0,0.0,0.0,0.0
2020-04-15,T2,1000.0,0.0,0.0,0.0,0.0,0.0
2020-04-16,T2,1000.0,0.0,0.0,0.0,0.0,0.0
2020-04-17,T2,1000.0,0.0,0.0,0.0,0.0,0.0
2020-04-18,T2,1000.0,0.0,0.0,0.0,0.0,0.0
2020-04-19,T2,1000.0,0.0,0.0,0.0,0.0,0.0
2020-04-20,T2,1000.0,0.0,0.0,0.0,0.0,0.0
2020-04-21,T2,1000.0,0.0,0.0,0.0,0.0,0.0
2020-04-22,T2,1000.0,0.0,0.0,0.0,0.0,0.0
2020-04-23,T2,1000.0,0.0,0.0,0.0,0.0,0.0
2020-04-24,T2,1000.1419057293062,0.14920274104078812,0.019,0.07115417652575001,-0.028634909038034,0.0213430515
2020-04-25,T2,1000.8125987833334,0.10646317550276896,0.019,0.07115417652575001,-0.071554191390762,0.0213430515
2020-04-26,T2,1003.6910530462588,0.0,0.019,0.07115417652575001,-0.1109622788154178,0.0213430515
2020-04-27,T2,1005.1634343944629,0.0,0.019,0.07115417652575001,-0.1547907775513718,0.0213430515
2020-04-28,T2,1004.5249166941265,0.06352376921878733,0.019,0.07115417652575001,-0.19886117921774582,0.0213430515
2020-04-29,T2,1024.1681137174683,0.2521797322799446,0.019,0.07115417652575001,-0.24454204278593283,0.0213430515
2020-04-30,T2,1021.0951121649794,1.369935223316321,0.019,0.07115417652575001,-0.4532924839649248,0.0213430515
2020-05-01,T2,1024.6967501318518,1.0220442367248617,0.019,0.07115417652575001,-0.5400531833025588,0.0213430515
2020-05-02,T2,1027.4976309051926,0.7515003384971464,0.019,0.07115417652575001,-0.5907631490517199,0.0213430515
2020-05-03,T2,1025.923175239439,0.9035808474049389,0.019,0.07115417652575001,-0.6670433508153732,0.0213430515
2020-05-04,T2,1025.4494716129661,0.9493370348622521,0.019,0.07115417652575001,-0.7204338678880827,0.0213430515
2020-05-05,T2,1028.261532984955,0.6777131753696541,0.019,0.07115417652575001,-0.7712120185492957,0.0213430515
2020-05-06,T2,1030.5405463569155,0.4575777209683496,0.019,0.07115417652575001,-0.8688847428789179,0.0213430515
2020-05-07,T2,1046.386974570986,0.0,0.019,0.07115417652575001,-0.9220220766483209,0.0213430515
2020-05-08,T2,1042.750241210051,0.4062105625686985,0.019,0.07115417652575001,-1.1163973745434248,0.0213430515
2020-05-09,T2,1037.4741281044862,0.9101357374733943,0.019,0.07115417652575001,-1.4397227727380066,0.0213430515
2020-05-10,T2,1021.9041453318753,2.3972354517831085,0.019,0.07115417652575001,-1.5496138564090471,0.0213430515
2020-05-11,T2,1018.6668837208726,2.7064285245806063,0.019,0.07115417652575001,-1.5995272571716013,0.0213430515
2020-05-12,T2,1023.3883458499025,2.2554784441761844,0.019,0.07115417652575001,-1.6490860488918984,0.0213430515
2020-05-13,T2,1032.7530385577052,1.3610502322921603,0.019,0.07115417652575001,-1.7000316464790686,0.0213430515
2020-05-14,T2,1038.889169803796,0.7749841359904752,0.013000000000000001,0.09902926463525,-1.7427504980487736,0.029706832500000002
2020-05-15,T2,1032.684964174919,1.3675520631979077,0.013000000000000001,0.09902926463525,-1.7733330393457643,0.029706832500000002
2020-05-16,T2,1033.4999852340795,1.2897088438485582,0.013000000000000001,0.09902926463525,-1.8098517919053134,0.029706832500000002
2020-05-17,T2,1037.3435199538947,0.922610211354824,0.013000000000000001,0.09902926463525,-1.8258597550600384,0.029706832500000002
2020-05-18,T2,1038.0324609992772,0.8568089804397272,0.013000000000000001,0.09902926463525,-1.8428144341075297,0.029706832500000002
2020-05-19,T2,1038.544605423842,0.8078937158194299,0.013000000000000001,0.09902926463525,-1.8778826292627258,0.029706832500000002
2020-05-20,T2,1035.084140800955,1.1384050610937835,0.013000000000000001,0.09902926463525,-1.9155221676395169,0.029706832500000002
2020-05-21,T2,1029.2965128811898,1.6911853661018328,0.013000000000000001,0.09902926463525,-1.9245390269750338,0.029706832500000002
2020-05-22,T2,1030.627320472697,1.564079021924436,0.013000000000000001,0.09902926463525,-1.9238705780077765,0.029706832500000002
2020-05-23,T2,1030.742623398312,1.5530663605589634,0.013000000000000001,0.09902926463525,-1.9284744001330354,0.029706832500000002
2020-05-24,T2,1024.6797253731393,2.1321379017929964,0.013000000000000001,0.09902926463525,-1.9578501579356793,0.029706832500000002
2020-05-25,T2,1027.059180945901,1.9048744709887377,0.013000000000000001,0.09902926463525,-1.9557733003137057,0.029706832500000002
2020-05-26,T2,1026.3176534068937,1.9756982739122964,0.013000000000000001,0.09902926463525,-1.9725917384912093,0.029706832500000002
2020-05-27,T2,1031.01935941992,1.526635113673036,0.013000000000000001,0.09902926463525,-1.969829127604783,0.029706832500000002
2020-05-28,T2,1035.9139791611813,1.0591466311752562,0.013000000000000001,0.09902926463525,-1.946601826673529,0.029706832500000002
2020-05-29,T2,1033.9318364065316,1.2484624427088309,0.013000000000000001,0.09902926463525,-1.9514457166133112,0.029706832500000002
2020-05-30,T2,1037.4029093590761,0.9169378886060953,0.013000000000000001,0.09902926463525,-1.988489307168828,0.029706832500000002
2020-05-31,T2,1034.2215388294528,1.22079276595628,0.013000000000000001,0.09902926463525,-2.025850997001984,0.029706832500000002
2020-06-01,T2,1043.8813090022127,0.2981815033749169,0.013000000000000001,0.09902926463525,-2.035681125772225,0.029706832500000002
2020-06-02,T2,1034.9069554345117,1.1553281567494356,0.013000000000000001,0.09902926463525,-2.1967310744832353,0.029706832500000002
2020-06-03,T2,1036.7548792679813,0.9788316862682445,0.013000000000000001,0.09902926463525,-2.2322177984836786,0.029706832500000002
2020-06-04,T2,1038.3525756724637,0.8262346088431682,0.013000000000000001,0.09902926463525,-2.27010399057128,0.029706832500000002
2020-06-05,T2,1036.1188781286833,1.039576590508895,0.013000000000000001,0.09902926463525,-2.308161504001606,0.029706832500000002
2020-06-06,T2,1036.683051956193,0.9856919619923854,0.013000000000000001,0.09902926463525,-2.345709592612106,0.029706832500000002
2020-06-07,T2,1037.672205571238,0.8912172230138959,0.013000000000000001,0.09902926463525,-2.3831844033770953,0.029706832500000002
2020-06-08,T2,1038.04500604218,0.8556107948033631,0.013000000000000001,0.09902926463525,-2.421113852165066,0.029706832500000002
2020-06-09,T2,1037.9271915917132,0.8668633336268994,0.013000000000000001,0.09902926463525,-2.4590488568818833,0.029706832500000002
2020-06-10,T2,1039.3169403986983,0.7341274736062164,0.013000000000000001,0.09902926463525,-2.4971118709166955,0.029706832500000002
2020-06-11,T2,1031.415945186202,1.4887569356204056,0.013000000000000001,0.09902926463525,-2.535075696942899,0.029706832500000002
2020-06-12,T2,1033.8627365507482,1.2550622172426307,0.013000000000000001,0.09902926463525,-2.554347594526599,0.029706832500000002
2020-06-13,T2,1033.9222134202857,1.249381540713368,0.013000000000000001,0.09902926463525,-2.573079682958997,0.029706832500000002
2020-06-14,T2,1032.167926548641,1.4169346808638794,0.013000000000000001,0.09902926463525,-2.6063079826439224,0.029706832500000002
2020-06-15,T2,1033.2729995983966,1.311388397314106,0.013000000000000001,0.09902926463525,-2.5915155545782893,0.029706832500000002
2020-06-16,T2,1034.5672081309272,1.1877776543164353,0.013000000000000001,0.09902926463525,-2.597517610997637,0.029706832500000002
2020-06-17,T2,1033.7718970796484,1.263738357318922,0.013000000000000001,0.09902926463525,-2.6060175113064687,0.029706832500000002
2020-06-18,T2,1032.7795824268733,1.358515009175143,0.013000000000000001,0.09902926463525,-2.5887872535515877,0.029706832500000002
2020-06-19,T2,1032.4256594795802,1.3923184321778415,0.0,0.159895428341,-2.5885956710788056,0.047969421000000005
2020-06-20,T2,1032.4256594795802,1.3923184321778415,0.0,0.159895428341,-2.5885956710788056,0.047969421000000005
2020-06-21,T2,1032.4256594795802,1.3923184321778415,0.0,0.159895428341,-2.5885956710788056,0.047969421000000005
2020-06-22,T2,1041.0067089256909,0.5727365247247151,0.024,0.271756404971,-2.6267105772980615,0.08152268100000001
2020-06-23,T2,1039.4434143574554,0.7220478592172896,0.024,0.271756404971,-2.7015552091335477,0.08152268100000001
2020-06-24,T2,1031.5659451331596,1.4744303379918167,0.024,0.271756404971,-2.7726481921492367,0.08152268100000001
2020-06-25,T2,1030.783480881414,1.5491640343755608,0.0,0.38301103427300004,-2.7949640073128688,0.11490407700000002
2020-06-26,T2,1030.783480881414,1.5491640343755608,0.0,0.38301103427300004,-2.7949640073128688,0.11490407700000002
2020-06-27,T2,1030.783480881414,1.5491640343755608,0.0,0.38301103427300004,-2.7949640073128688,0.11490407700000002
2020-06-28,T2,1030.783480881414,1.5491640343755608,0.0,0.38301103427300004,-2.7949640073128688,0.11490407700000002
2020-06-29,T2,1030.783480881414,1.5491640343755608,0.0,0.38301103427300004,-2.7949640073128688,0.11490407700000002
2020-06-30,T2,1030.783480881414,1.5491640343755608,0.0,0.38301103427300004,-2.7949640073128688,0.11490407700000002
2020-07-01,T2,1030.783480881414,1.5491640343755608,0.0,0.38301103427300004,-2.7949640073128688,0.11490407700000002
2020-07-02,T2,1030.783480881414,1.5491640343755608,0.0,0.38301103427300004,-2.7949640073128688,0.11490407700000002
2020-07-03,T2,1029.2079698913924,1.6996421676766738,0.038,0.5558626681295,-2.8641380642780367,0.16675179
2020-07-04,T2,1029.325957297349,1.6883731097558807,0.0,0.72820994216,-2.8985690314907466,0.21846372900000002
2020-07-05,T2,1029.325957297349,1.6883731097558807,0.0,0.72820994216,-2.8985690314907466,0.21846372900000002
2020-07-06,T2,1039.87894602175,0.6804499317819124,0.039,0.904998496466,-2.9707310198640395,0.271492341
2020-07-07,T2,1036.4082487800179,1.0119386014877274,0.039,0.904998496466,-3.0794581303359934,0.271492341
2020-07-08,T2,1043.258764194205,0.357641184201396,0.039,0.904998496466,-3.1884720040289642,0.271492341
2020-07-09,T2,1035.2771595618724,1.1199697070918835,0.039,0.904998496466,-3.297861072681516,0.271492341
2020-07-10,T2,1034.4051078880257,1.2032599594948623,0.0,1.084722533816,-3.333871937158233,0.32541764100000004
2020-07-11,T2,1034.4051078880257,1.2032599594948623,0.0,1.084722533816,-3.333871937158233,0.32541764100000004
2020-07-12,T2,1034.4051078880257,1.2032599594948623,0.0,1.084722533816,-3.333871937158233,0.32541764100000004
2020-07-13,T2,1034.4051078880257,1.2032599594948623,0.0,1.084722533816,-3.333871937158233,0.32541764100000004
2020-07-14,T2,1034.4051078880257,1.2032599594948623,0.0,1.084722533816,-3.333871937158233,0.32541764100000004
2020-07-15,T2,1034.4051078880257,1.2032599594948623,0.0,1.084722533816,-3.333871937158233,0.32541764100000004
2020-07-16,T2,1034.4051078880257,1.2032599594948623,0.0,1.084722533816,-3.333871937158233,0.32541764100000004
2020-07-17,T2,1034.4051078880257,1.2032599594948623,0.0,1.084722533816,-3.333871937158233,0.32541764100000004
2020-07-18,T2,1034.4051078880257,1.2032599594948623,0.0,1.084722533816,-3.333871937158233,0.32541764100000004
2020-07-19,T2,1034.4051078880257,1.2032599594948623,0.0,1.084722533816,-3.333871937158233,0.32541764100000004
2020-07-20,T2,1034.4051078880257,1.2032599594948623,0.0,1.084722533816,-3.333871937158233,0.32541764100000004
2020-07-21,T2,1034.4051078880257,1.2032599594948623,0.0,1.084722533816,-3.333871937158233,0.32541764100000004
2020-07-22,T2,1034.4051078880257,1.2032599594948623,0.0,1.084722533816,-3.333871937158233,0.32541764100000004
2020-07-23,T2,1034.4051078880257,1.2032599594948623,0.0,1.084722533816,-3.333871937158233,0.32541764100000004
2020-07-24,T2,1031.9036280158641,1.442178014676443,0.045,1.3004502381185001,-3.419632217567373,0.390126246
2020-07-25,T2,1039.0494515363753,0.7596755179779313,0.045,1.3004502381185001,-3.548790995106093,0.390126246
2020-07-26,T2,1048.9633316302425,0.33131063253160065,0.045,1.3004502381185001,-3.929514310939107,0.390126246
2020-07-27,T2,1098.2957262335226,0.791220868705278,0.045,1.3004502381185001,-4.778217282359006,0.390126246
2020-07-28,T2,1097.7728709396195,0.8384502570489394,0.02,1.4401505299310002,-5.955455909449654,0.432042621
2020-07-29,T2,1101.1623815124476,0.5322766120543498,0.02,1.4401505299310002,-6.4267453366216545,0.432042621
2020-07-30,T2,1100.6925338101296,0.5747178378656015,0.02,1.4401505299310002,-6.874883953939654,0.432042621
2020-07-31,T2,1104.9704306091767,0.18829648654287157,0.02,1.4401505299310002,-7.231896239892231,0.432042621
2020-08-01,T2,1113.96799254096,0.07000720407331906,0.02,1.4401505299310002,-7.481134308108954,0.432042621
2020-08-02,T2,1099.0303560097996,1.6857237183074747,0.02,1.4401505299310002,-7.857967983269582,0.432042621
2020-08-03,T2,1101.7565120681957,1.4418541486940772,0.02,1.4401505299310002,-8.117814780873436,0.432042621
2020-08-04,T2,1100.9377661805133,1.5150954463215127,0.02,1.4401505299310002,-8.343578538355922,0.432042621
2020-08-05,T2,1111.9148833754011,0.5331322759929535,0.02,1.4401505299310002,-8.463643473667878,0.432042621
2020-08-06,T2,1112.0009512657696,0.5254330324676038,0.02,1.4401505299310002,-8.730607400699537,0.432042621
2020-08-07,T2,1108.3329555739704,0.8535553085008862,0.02,1.4401505299310002,-8.91097127509858,0.432042621
2020-08-08,T2,1111.688300733561,0.5534013325560361,0.02,1.4401505299310002,-8.98082611550816,0.432042621
2020-08-09,T2,1109.9603001245728,0.7079804379993115,0.02,1.4401505299310002,-9.087426724496158,0.432042621
2020-08-10,T2,1113.743936210303,0.3695134962558466,0.02,1.4401505299310002,-9.49894479376598,0.432042621
2020-08-11,T2,1103.459808090157,1.289485003677382,0.02,1.4401505299310002,-9.721718758911939,0.432042621
2020-08-12,T2,1105.4868925212443,1.1081512145655004,0.014,1.4741676765935003,-9.776750506162196,0.442249296
2020-08-13,T2,1108.5087559323842,0.8378290049342874,0.014,1.4741676765935003,-9.825178606162197,0.442249296
2020-08-14,T2,1108.084817064681,0.8757526553030082,0.014,1.4741676765935003,-9.971527952425387,0.442249296
2020-08-15,T2,1109.2654344597756,0.7701399721504409,0.014,1.4741676765935003,-10.085434947230604,0.442249296
2020-08-16,T2,1109.964949838523,0.7075644956557436,0.014,1.4741676765935003,-10.24484904716343,0.442249296
2020-08-17,T2,1117.0455841669407,0.2517233604039437,0.019,1.5038103723310003,-10.580772649158062,0.451140771
2020-08-18,T2,1110.007240404312,0.8802229227050207,0.019,1.5038103723310003,-11.270668452356798,0.451140771
2020-08-19,T2,1105.8616984148043,1.2504053709878615,0.019,1.5038103723310003,-11.623408339734398,0.451140771
2020-08-20,T2,1107.5945155042898,1.0956708455058806,0.019,1.5038103723310003,-11.744443352378918,0.451140771
2020-08-21,T2,1101.3929493009277,1.6494490887752122,0.019,1.5038103723310003,-11.811748450770919,0.451140771
2020-08-22,T2,1103.8616907801502,1.4289990807258346,0.019,1.5038103723310003,-11.877688308458438,0.451140771
2020-08-23,T2,1103.4474702840168,1.465987527055812,0.019,1.5038103723310003,-11.944086559351893,0.451140771
2020-08-24,T2,1105.3155515946082,1.2991743781608167,0.019,1.5038103723310003,-12.010927262060525,0.451140771
2020-08-25,T2,1097.0831999419086,2.034294682727733,0.019,1.5038103723310003,-12.147758914760109,0.451140771
2020-08-26,T2,1100.5839097454702,1.7216935007616119,0.025,1.5376822423495005,-12.263747536429781,0.461300808
2020-08-27,T2,1097.122487280078,2.030786460385048,0.025,1.5376822423495005,-12.34925581732213,0.461300808
2020-08-28,T2,1102.0069936908212,1.594617065319548,0.025,1.5376822423495005,-12.434863258828779,0.461300808
2020-08-29,T2,1100.4253131270348,1.7358556259192914,0.025,1.5376822423495005,-12.521331413865354,0.461300808
2020-08-30,T2,1106.4815712044913,1.1950528917484715,0.025,1.5376822423495005,-12.608035745158704,0.461300808
2020-08-31,T2,1104.9438992640676,1.332361635696211,0.025,1.5376822423495005,-12.711796947332529,0.461300808
2020-09-01,T2,1111.5993954026908,0.7380490316100996,0.025,1.5376822423495005,-12.950582212959047,0.461300808
2020-09-02,T2,1097.8016896278782,1.9701360584292948,0.025,1.5376822423495005,-13.27928546327162,0.461300808
2020-09-03,T2,1066.5171766077674,4.763734013155818,0.025,1.5376822423495005,-13.454180341882351,0.461300808
2020-09-04,T2,1072.5578857932326,4.224319740836302,0.016,1.5840359082565005,-13.512695042430238,0.475208994
2020-09-05,T2,1068.0024246634425,4.631106539366203,0.016,1.5840359082565005,-13.562504805500318,0.475208994
2020-09-06,T2,1069.3750920494422,4.508532126921827,0.016,1.5840359082565005,-13.611427756940461,0.475208994
2020-09-07,T2,1071.2398548605006,4.342015308466829,0.016,1.5840359082565005,-13.660257778522302,0.475208994
2020-09-08,T2,1070.2953609741344,4.426355320008901,0.0,1.6666146395885006,-13.67685805627643,0.49998633
2020-09-09,T2,1070.2953609741344,4.426355320008901,0.0,1.6666146395885006,-13.67685805627643,0.49998633
2020-09-10,T2,1070.2953609741344,4.426355320008901,0.0,1.6666146395885006,-13.67685805627643,0.49998633
2020-09-11,T2,1070.2953609741344,4.426355320008901,0.0,1.6666146395885006,-13.67685805627643,0.49998633
2020-09-12,T2,1070.2953609741344,4.426355320008901,0.0,1.6666146395885006,-13.67685805627643,0.49998633
2020-09-13,T2,1070.2953609741344,4.426355320008901,0.0,1.6666146395885006,-13.67685805627643,0.49998633
2020-09-14,T2,1070.2953609741344,4.426355320008901,0.0,1.6666146395885006,-13.67685805627643,0.49998633
2020-09-15,T2,1070.2953609741344,4.426355320008901,0.0,1.6666146395885006,-13.67685805627643,0.49998633
2020-09-16,T2,1070.2953609741344,4.426355320008901,0.0,1.6666146395885006,-13.67685805627643,0.49998633
2020-09-17,T2,1070.2953609741344,4.426355320008901,0.0,1.6666146395885006,-13.67685805627643,0.49998633
2020-09-18,T2,1070.2953609741344,4.426355320008901,0.0,1.6666146395885006,-13.67685805627643,0.49998633
2020-09-19,T2,1070.2953609741344,4.426355320008901,0.0,1.6666146395885006,-13.67685805627643,0.49998633
2020-09-20,T2,1070.2953609741344,4.426355320008901,0.0,1.6666146395885006,-13.67685805627643,0.49998633
2020-09-21,T2,1070.2953609741344,4.426355320008901,0.0,1.6666146395885006,-13.67685805627643,0.49998633
2020-09-22,T2,1070.2953609741344,4.426355320008901,0.0,1.6666146395885006,-13.67685805627643,0.49998633
2020-09-23,T2,1070.2953609741344,4.426355320008901,0.0,1.6666146395885006,-13.67685805627643,0.49998633
2020-09-24,T2,1070.2953609741344,4.426355320008901,0.0,1.6666146395885006,-13.67685805627643,0.49998633
2020-09-25,T2,1070.2953609741344,4.426355320008901,0.0,1.6666146395885006,-13.67685805627643,0.49998633
2020-09-26,T2,1070.2953609741344,4.426355320008901,0.0,1.6666146395885006,-13.67685805627643,0.49998633
2020-09-27,T2,1070.2953609741344,4.426355320008901,0.0,1.6666146395885006,-13.67685805627643,0.49998633
2020-09-28,T2,1070.2953609741344,4.426355320008901,0.0,1.6666146395885006,-13.67685805627643,0.49998633
2020-09-29,T2,1070.2953609741344,4.426355320008901,0.0,1.6666146395885006,-13.67685805627643,0.49998633
2020-09-30,T2,1070.2953609741344,4.426355320008901,0.0,1.6666146395885006,-13.67685805627643,0.49998633
2020-10-01,T2,1070.2953609741344,4.426355320008901,0.0,1.6666146395885006,-13.67685805627643,0.49998633
2020-10-02,T2,1070.2953609741344,4.426355320008901,0.0,1.6666146395885006,-13.67685805627643,0.49998633
2020-10-03,T2,1070.2953609741344,4.426355320008901,0.0,1.6666146395885006,-13.67685805627643,0.49998633
2020-10-04,T2,1070.2953609741344,4.426355320008901,0.0,1.6666146395885006,-13.67685805627643,0.49998633
2020-10-05,T2,1070.2953609741344,4.426355320008901,0.0,1.6666146395885006,-13.67685805627643,0.49998633
2020-10-06,T2,1070.2953609741344,4.426355320008901,0.0,1.6666146395885006,-13.67685805627643,0.49998633
2020-10-07,T2,1070.2953609741344,4.426355320008901,0.0,1.6666146395885006,-13.67685805627643,0.49998633
2020-10-08,T2,1070.2953609741344,4.426355320008901,0.0,1.6666146395885006,-13.67685805627643,0.49998633
2020-10-09,T2,1070.2953609741344,4.426355320008901,0.0,1.6666146395885006,-13.67685805627643,0.49998633
2020-10-10,T2,1070.2953609741344,4.426355320008901,0.0,1.6666146395885006,-13.67685805627643,0.49998633
2020-10-11,T2,1070.2953609741344,4.426355320008901,0.0,1.6666146395885006,-13.67685805627643,0.49998633
2020-10-12,T2,1070.2953609741344,4.426355320008901,0.0,1.6666146395885006,-13.67685805627643,0.49998633
2020-10-13,T2,1070.2953609741344,4.426355320008901,0.0,1.6666146395885006,-13.67685805627643,0.49998633
2020-10-14,T2,1070.2953609741344,4.426355320008901,0.0,1.6666146395885006,-13.67685805627643,0.49998633
2020-10-15,T2,1074.5560817685591,4.045887805960846,0.042,1.9058590008605008,-13.772590356579734,0.571748874
2020-10-16,T2,1066.654069645351,4.751509942109411,0.042,1.9058590008605008,-13.915983070267957,0.571748874
2020-10-17,T2,1068.1643832543728,4.616644201784592,0.042,1.9058590008605008,-14.058762501026216,0.571748874
2020-10-18,T2,1074.1601011924456,4.081247491017503,0.042,1.9058590008605008,-14.202632701273346,0.571748874
2020-10-19,T2,1084.2305106636948,3.1819950307329092,0.042,1.9058590008605008,-14.348633450404058,0.571748874
2020-10-20,T2,1090.670637932324,2.6069141159602793,0.042,1.9058590008605008,-14.465972231454836,0.571748874
2020-10-21,T2,1128.1389416192749,1.4853543656099921,0.042,1.9058590008605008,-14.569230505864004,0.571748874
2020-10-22,T2,1133.987316439616,0.9746454877336386,0.024,2.0219898186245007,-14.684619681678855,0.6065933459999999
2020-10-23,T2,1132.831750759881,1.0755551711481237,0.024,2.0219898186245007,-14.777686075493847,0.6065933459999999
2020-10-24,T2,1137.203445955627,0.6937972270315007,0.024,2.0219898186245007,-14.871173896867981,0.6065933459999999
2020-10-25,T2,1135.0488093722051,0.8819506996720516,0.024,2.0219898186245007,-14.964947463169693,0.6065933459999999
2020-10-26,T2,1135.4958516161091,0.8429127703735606,0.024,2.0219898186245007,-15.05862521926583,0.6065933459999999
2020-10-27,T2,1149.416012748382,0.18666944535533636,0.024,2.0219898186245007,-15.139642905232886,0.6065933459999999
2020-10-28,T2,1140.376030957518,1.2063933627632362,0.024,2.0219898186245007,-15.216325397696794,0.6065933459999999
2020-10-29,T2,1145.0445567665922,0.8019473819316225,0.024,2.0219898186245007,-15.097920068782464,0.6065933459999999
2020-10-30,T2,1147.5076207600098,0.5885660334270293,0.024,2.0219898186245007,-15.001976075364862,0.6065933459999999
2020-10-31,T2,1153.3578831184182,0.3086936013911967,0.024,2.0219898186245007,-14.89735021303662,0.6065933459999999
2020-11-01,T2,1152.612421380953,0.3731281152275612,0.024,2.0219898186245007,-14.845975454421735,0.6065933459999999
2020-11-02,T2,1147.5010498221145,0.8149331400578164,0.024,2.0219898186245007,-14.889419484060134,0.6065933459999999
2020-11-03,T2,1158.993516449134,0.0,0.024,2.0219898186245007,-14.804240386240853,0.6065933459999999
2020-11-04,T2,1160.1633008757685,0.0,0.019,2.0564668962870005,-14.708284206943752,0.616938021
2020-11-05,T2,1187.8426084534858,0.0,0.019,2.0564668962870005,-14.791287741746261,0.616938021
2020-11-06,T2,1189.1786259292548,0.32652747041063135,0.013000000000000001,2.1040813630455006,-14.937341382658813,0.631224504
2020-11-07,T2,1178.974112502012,1.1818399243939903,0.013000000000000001,2.1040813630455006,-15.135691630941688,0.631224504
2020-11-08,T2,1187.474465025791,0.46936525044949384,0.013000000000000001,2.1040813630455006,-15.194322611272819,0.631224504
2020-11-09,T2,1185.4337758777124,0.6404098431686989,0.013000000000000001,2.1040813630455006,-15.253843681761555,0.631224504
2020-11-10,T2,1185.0443477310987,0.6730505708334888,0.013000000000000001,2.1040813630455006,-15.31334471787527,0.631224504
2020-11-11,T2,1190.0908993678263,0.25006338037716347,0.013000000000000001,2.1040813630455006,-15.373624765127696,0.631224504
2020-11-12,T2,1197.8492498325584,0.0,0.013000000000000001,2.1040813630455006,-15.435606938305622,0.631224504
2020-11-13,T2,1198.1604452491802,0.12383826544547505,0.013000000000000001,2.1040813630455006,-15.498853569533816,0.631224504
2020-11-14,T2,1194.7036144122617,0.4119924914725681,0.013000000000000001,2.1040813630455006,-15.549846454442394,0.631224504
2020-11-15,T2,1193.2312197905117,0.5347282435682832,0.013000000000000001,2.1040813630455006,-15.612394342442395,0.631224504
2020-11-16,T2,1202.9264159911888,0.1312647974996528,0.013000000000000001,2.1040813630455006,-15.675613797455265,0.631224504
2020-11-17,T2,1215.4592696742725,0.15828918097143818,0.013000000000000001,2.1040813630455006,-15.741614458681648,0.631224504
2020-11-18,T2,1216.730251176442,0.6655546373132593,0.013000000000000001,2.1040813630455006,-15.975406605072049,0.631224504
2020-11-19,T2,1216.865452260817,0.6545167554854348,0.013000000000000001,2.1040813630455006,-16.178571872137013,0.631224504
2020-11-20,T2,1227.6547649234658,0.03607492650672395,0.013000000000000001,2.1040813630455006,-16.451089209488284,0.631224504
2020-11-21,T2,1228.240849988988,0.16836468363886636,0.013000000000000001,2.1040813630455006,-16.645002394425873,0.631224504
2020-11-22,T2,1223.9548599854886,0.5167307154336553,0.013000000000000001,2.1040813630455006,-17.208444147465322,0.631224504
2020-11-23,T2,1222.6430569768063,0.6233542979100504,0.013000000000000001,2.1040813630455006,-17.89169715614772,0.631224504
2020-11-24,T2,1232.4688616413148,0.2419975337138225,0.013000000000000001,2.1040813630455006,-18.36176249163942,0.631224504
2020-11-25,T2,1226.298365113722,0.7414473997315763,0.013000000000000001,2.1040813630455006,-18.85310628478218,0.631224504
2020-11-26,T2,1205.4678889204813,2.427499486022733,0.013000000000000001,2.1040813630455006,-19.032795212472838,0.631224504
2020-11-27,T2,1205.1936730535547,2.449694957227355,0.013000000000000001,2.1040813630455006,-19.10049771311941,0.631224504
2020-11-28,T2,1212.7347596659943,1.8393073358473067,0.013000000000000001,2.1040813630455006,-19.167669380639758,0.631224504
2020-11-29,T2,1218.6033355018862,1.364295413898331,0.013000000000000001,2.1040813630455006,-19.2374286310679,0.631224504
2020-11-30,T2,1238.456383070084,0.0,0.013000000000000001,2.1040813630455006,-19.3594010628699,0.631224504
2020-12-01,T2,1229.1702763501662,0.7498129806475684,0.009000000000000001,2.1432488270445007,-19.573273159298637,0.642976506
2020-12-02,T2,1233.1426695404011,0.42905940026005673,0.009000000000000001,2.1432488270445007,-19.624393230333506,0.642976506
2020-12-03,T2,1234.9914793859848,0.2797759962696378,0.009000000000000001,2.1432488270445007,-19.703735280969983,0.642976506
2020-12-04,T2,1227.985494034491,0.8454790316988037,0.009000000000000001,2.1432488270445007,-19.760370632463896,0.642976506
2020-12-05,T2,1232.2904472912794,0.4978726633488306,0.009000000000000001,2.1432488270445007,-19.8113929836053,0.642976506
2020-12-06,T2,1234.2694702551798,0.3380751128695403,0.009000000000000001,2.1432488270445007,-19.86315441177483,0.642976506
2020-12-07,T2,1232.40986686364,0.4882300490433922,0.009000000000000001,2.1432488270445007,-19.915327258774827,0.642976506
2020-12-08,T2,1224.7060093420614,1.1102832458205758,0.009000000000000001,2.1432488270445007,-19.966742760043356,0.642976506
2020-12-09,T2,1226.6124553868347,0.9563459678643471,0.009000000000000001,2.1432488270445007,-20.015879280120267,0.642976506
2020-12-10,T2,1223.9289252693006,1.1730294259350793,0.009000000000000001,2.1432488270445007,-20.06539063334419,0.642976506
2020-12-11,T2,1221.848416610771,1.3410215076079313,0.009000000000000001,2.1432488270445007,-20.114138056184153,0.642976506
2020-12-12,T2,1228.8524573400318,0.7754754920188955,0.009000000000000001,2.1432488270445007,-20.133967326923326,0.642976506
2020-12-13,T2,1232.177626002949,0.5069824947383506,0.009000000000000001,2.1432488270445007,-20.185504586646232,0.642976506
2020-12-14,T2,1232.9826991463256,0.44197631814770766,0.009000000000000001,2.1432488270445007,-20.237281620609497,0.642976506
2020-12-15,T2,1234.3218738899468,0.3338437458643484,0.009000000000000001,2.1432488270445007,-20.28937077700817,0.642976506
2020-12-16,T2,1251.4978135118247,0.022058296039551006,0.009000000000000001,2.1432488270445007,-20.409991155130232,0.642976506
2020-12-17,T2,1264.5861448133744,0.5635759197591961,0.009000000000000001,2.1432488270445007,-20.58711985358073,0.642976506
2020-12-18,T2,1267.0492812352331,0.36989557713013044,0.009000000000000001,2.1432488270445007,-20.84834745403196,0.642976506
2020-12-19,T2,1273.359607665373,0.11550965391901036,0.009000000000000001,2.1432488270445007,-21.097157001582325,0.642976506
2020-12-20,T2,1269.6830651384905,0.5106827421915816,0.009000000000000001,2.1432488270445007,-21.42848952846487,0.642976506
2020-12-21,T2,1262.6940696072256,1.0583236557510367,0.009000000000000001,2.1432488270445007,-21.631485059729847,0.642976506
2020-12-22,T2,1272.5151325194402,0.28876874026854127,0.009000000000000001,2.1432488270445007,-21.714292147514993,0.642976506
2020-12-23,T2,1267.180539026516,0.7067746813031905,0.009000000000000001,2.1432488270445007,-21.781342493159393,0.642976506
2020-12-24,T2,1271.5665498474295,0.3630974014849797,0.009000000000000001,2.1432488270445007,-21.88005481952567,0.642976506
2020-12-25,T2,1280.2693181890384,0.0,0.009000000000000001,2.1432488270445007,-22.016432906736846,0.642976506
2020-12-26,T2,1296.139593580394,0.15605839000161215,0.009000000000000001,2.1432488270445007,-22.099605129611323,0.642976506
2020-12-27,T2,1294.072394629793,1.074526754783045,0.009000000000000001,2.1432488270445007,-22.38601579620213,0.642976506
2020-12-28,T2,1300.9382970762642,0.5496622637458426,0.009000000000000001,2.1432488270445007,-22.749597586700936,0.642976506
2020-12-29,T2,1303.3390962540834,0.36613296830759756,0.009000000000000001,2.1432488270445007,-23.053718412871792,0.642976506
2020-12-30,T2,1316.3975347706703,0.0,0.009000000000000001,2.1432488270445007,-23.530577585964934,0.642976506
2020-12-31,T2,1316.391420491292,0.18334454680641876,0.009000000000000001,2.1432488270445007,-23.922967344283283,0.642976506
2021-01-01,T2,1319.705594593526,0.11206192421137073,0.009000000000000001,2.1432488270445007,-24.14182007342907,0.642976506
2021-01-02,T2,1345.0346067665612,0.6042105535403741,0.009000000000000001,2.1432488270445007,-24.55190790039387,0.642976506
2021-01-03,T2,1349.511154122611,0.5566625990635288,0.005,2.2081909642625006,-25.369142843126074,0.66246207
2021-01-04,T2,1343.664189911476,0.9875161218690809,0.005,2.2081909642625006,-26.10970705426129,0.66246207
2021-01-05,T2,1353.0808991042738,0.29361375092148423,0.005,2.2081909642625006,-26.42499786146329,0.66246207
2021-01-06,T2,1366.3983262322602,0.0,0.005,2.2081909642625006,-27.264270733476977,0.66246207
2021-01-07,T2,1379.1990854886553,0.11362490516737545,0.005,2.2081909642625006,-27.907061477081594,0.66246207
2021-01-08,T2,1383.9784018930866,0.34315284102560684,0.005,2.2081909642625006,-28.77747787060037,0.66246207
2021-01-09,T2,1381.0276826759468,0.5556268027791411,0.005,2.2081909642625006,-29.336364289790193,0.66246207
2021-01-10,T2,1370.6930123668164,1.2998007422182378,0.005,2.2081909642625006,-29.98133459892074,0.66246207
2021-01-11,T2,1356.366872630746,2.331390480976292,0.005,2.2081909642625006,-30.37124998349124,0.66246207
2021-01-12,T2,1349.3634567420268,2.8356890638574606,0.005,2.2081909642625006,-30.61630091436028,0.66246207
2021-01-13,T2,1365.8330876712648,1.6497518483382656,0.005,2.2081909642625006,-30.80334112897207,0.66246207
2021-01-14,T2,1374.2192239033438,1.0458870079683047,0.005,2.2081909642625006,-31.22427306239294,0.66246207
2021-01-15,T2,1361.7601996019066,1.943030401868029,0.005,2.2081909642625006,-31.668209307230228,0.66246207
2021-01-16,T2,1357.910593540713,2.2202309725834812,0.005,2.2081909642625006,-31.874653425023727,0.66246207
2021-01-17,T2,1356.984165747093,2.286940736916754,0.005,2.2081909642625006,-32.004812079743864,0.66246207
2021-01-18,T2,1360.6079208455947,2.0260031330502803,0.005,2.2081909642625006,-32.3819320772422,0.66246207
2021-01-19,T2,1356.1418300130258,2.3475952409116485,0.005,2.2081909642625006,-33.05171695271095,0.66246207
2021-01-20,T2,1353.9107858778102,2.508247187563406,0.005,2.2081909642625006,-33.27031108792669,0.66246207
2021-01-21,T2,1330.4594037077184,4.196922968482186,0.005,2.2081909642625006,-33.47060209221827,0.66246207
2021-01-22,T2,1341.0431564949126,3.434813218475219,0.005,2.2081909642625006,-33.51769047082369,0.66246207
2021-01-23,T2,1336.5083027727123,3.7613567712239004,0.005,2.2081909642625006,-33.57019419302393,0.66246207
2021-01-24,T2,1337.242230344897,3.7085084696991677,0.005,2.2081909642625006,-33.6759826794895,0.66246207
2021-01-25,T2,1337.1112549175068,3.7179396849053803,0.005,2.2081909642625006,-33.85245634017967,0.66246207
2021-01-26,T2,1338.097552927702,3.646918814983735,0.005,2.2081909642625006,-33.90594403803429,0.66246207
2021-01-27,T2,1327.554468721625,4.406100121478129,0.005,2.2081909642625006,-33.95322824411149,0.66246207
2021-01-28,T2,1342.415874197043,3.3359672263365447,0.005,2.2081909642625006,-34.019550950243634,0.66246207
2021-01-29,T2,1346.4172639002372,3.0478370925647535,0.005,2.2081909642625006,-34.450733065499286,0.66246207
2021-01-30,T2,1346.387489368531,3.0499810826381535,0.005,2.2081909642625006,-34.66420759720529,0.66246207
2021-01-31,T2,1340.3458843669353,3.485022052508324,0.005,2.2081909642625006,-34.90870158385111,0.66246207
2021-02-01,T2,1342.2124721427235,3.350613703052796,0.005,2.2081909642625006,-35.10622482301312,0.66246207
2021-02-02,T2,1351.7397512103737,2.664578001493456,0.005,2.2081909642625006,-35.45609575536278,0.66246207
2021-02-03,T2,1361.9838432362255,1.9269263792525693,0.005,2.2081909642625006,-35.87904430381093,0.66246207
2021-02-04,T2,1358.3838147741967,2.1861554869594624,0.005,2.2081909642625006,-36.18782565183983,0.66246207
2021-02-05,T2,1364.605759888821,1.7381286734835522,0.005,2.2081909642625006,-36.62204260471561,0.66246207
2021-02-06,T2,1368.82513996316,1.4343015945357585,0.005,2.2081909642625006,-37.03555700257674,0.66246207
2021-02-07,T2,1366.1512428316432,1.6268422854814335,0.005,2.2081909642625006,-37.669593424443235,0.66246207
2021-02-08,T2,1403.2399383838715,0.0,0.005,2.2081909642625006,-38.443558581865105,0.66246207
2021-02-09,T2,1404.1001310723184,0.2643335746473685,0.002,2.278495946933001,-39.076632924367686,0.683556729
2021-02-10,T2,1400.41869163277,0.5258326000961544,0.002,2.278495946933001,-39.45567569129607,0.683556729
2021-02-11,T2,1406.5212228613464,0.09235922772437011,0.002,2.278495946933001,-39.7662263197197,0.683556729
2021-02-12,T2,1404.7980824672052,0.21475687711627334,0.002,2.278495946933001,-40.108424856860786,0.683556729
2021-02-13,T2,1404.1428449139196,0.2612995364307147,0.002,2.278495946933001,-40.445922410146586,0.683556729
2021-02-14,T2,1406.6756361452672,0.1327408118808493,0.002,2.278495946933001,-40.81442424631918,0.683556729
2021-02-15,T2,1405.0734370336093,0.24648930502556565,0.002,2.278495946933001,-41.03291029045698,0.683556729
2021-02-16,T2,1407.1998381554492,0.09552497002461857,0.002,2.278495946933001,-41.38918916861698,0.683556729
2021-02-17,T2,1412.7967495814244,0.0356411426948422,0.002,2.278495946933001,-41.73797774264179,0.683556729
2021-02-18,T2,1411.1993192378766,0.14866950304410764,0.002,2.278495946933001,-42.166528086189594,0.683556729
2021-02-19,T2,1419.6242606845724,0.0,0.002,2.278495946933001,-42.48726738095359,0.683556729
2021-02-20,T2,1419.0897293045937,0.21105161338823564,0.002,2.278495946933001,-42.92885801947226,0.683556729
2021-02-21,T2,1421.7887936718678,0.11662896161988012,0.002,2.278495946933001,-43.29671365219809,0.683556729
2021-02-22,T2,1414.756680955892,0.6106482749804409,0.002,2.278495946933001,-43.61793577997369,0.683556729
2021-02-23,T2,1404.326324503849,1.34340068391694,0.002,2.278495946933001,-43.68729391367671,0.683556729
2021-02-24,T2,1405.769731310546,1.2419986062846444,0.002,2.278495946933001,-43.78619601352001,0.683556729
2021-02-25,T2,1400.485200540304,1.613246959090009,0.002,2.278495946933001,-43.856844231482,0.683556729
2021-02-26,T2,1398.899352221797,1.7246558242555277,0.002,2.278495946933001,-43.88477532218907,0.683556729
2021-02-27,T2,1398.4169657743566,1.7585443910581477,0.002,2.278495946933001,-43.9641415818292,0.683556729
2021-02-28,T2,1396.5121811309093,1.892359140574018,0.002,2.278495946933001,-44.0150005462768,0.683556729
2021-03-01,T2,1405.2572751712123,1.2779996262207827,0.002,2.278495946933001,-44.049389486973844,0.683556729
2021-03-02,T2,1402.9541232364957,1.4398004367750405,0.002,2.278495946933001,-44.0787179238108,0.683556729
2021-03-03,T2,1406.7426751925527,1.1736474452693546,0.002,2.278495946933001,-44.144132131513594,0.683556729
2021-03-04,T2,1402.7145308471052,1.4566322585153557,0.002,2.278495946933001,-44.17403164314135,0.683556729
2021-03-05,T2,1403.4926557690944,1.401967500540624,0.002,2.278495946933001,-44.202771554972095,0.683556729
2021-03-06,T2,1403.6608588723664,1.390150912135446,0.002,2.278495946933001,-44.23174845170024,0.683556729
2021-03-07,T2,1407.8202273491547,1.0979473537015227,0.002,2.278495946933001,-44.269359974911865,0.683556729
2021-03-08,T2,1410.6627632377163,0.898253792948478,0.002,2.278495946933001,-44.31480408635024,0.683556729
2021-03-09,T2,1415.4907772752006,0.5590766102115508,0.002,2.278495946933001,-44.497469804646,0.683556729
2021-03-10,T2,1417.3583650114424,0.4278750142811094,0.002,2.278495946933001,-44.64104820578419,0.683556729
2021-03-11,T2,1420.9112825745058,0.17827578772950936,0.002,2.278495946933001,-44.954204749560766,0.683556729
2021-03-12,T2,1419.5729636490255,0.272295241530518,0.002,2.278495946933001,-45.20681877670116,0.683556729
2021-03-13,T2,1427.238108517521,0.07301980403329189,0.002,2.278495946933001,-45.39937880654584,0.683556729
2021-03-14,T2,1422.518769375893,0.40344071006791493,0.002,2.278495946933001,-45.739639715133634,0.683556729
2021-03-15,T2,1415.5046709402282,0.8945274259357205,0.002,2.278495946933001,-45.97591638625843,0.683556729
2021-03-16,T2,1420.6859974203096,0.531760831157968,0.003,2.305573167907001,-46.12866326140285,0.691678677
2021-03-17,T2,1426.5218863521854,0.12316554895438481,0.003,2.305573167907001,-46.261831802907146,0.691678677
2021-03-18,T2,1422.639205995204,0.39619997766034976,0.003,2.305573167907001,-46.424782159888636,0.691678677
2021-03-19,T2,1423.7102463929957,0.32121280371777416,0.003,2.305573167907001,-46.56145176209717,0.691678677
2021-03-20,T2,1423.6246078396528,0.32720864954111084,0.003,2.305573167907001,-46.81235505611003,0.691678677
2021-03-21,T2,1421.2321119050657,0.49471541135297503,0.003,2.305573167907001,-46.95671625002729,0.691678677
2021-03-22,T2,1411.0818773952337,1.2053677847985056,0.003,2.305573167907001,-47.2088224351092,0.691678677
2021-03-23,T2,1411.790544255526,1.1557516123089973,0.003,2.305573167907001,-47.36138389956724,0.691678677
2021-03-24,T2,1405.3688163165516,1.605358584151173,0.003,2.305573167907001,-47.52086815821166,0.691678677
2021-03-25,T2,1402.3941280043964,1.8136266105939214,0.003,2.305573167907001,-47.5704201506968,0.691678677
2021-03-26,T2,1413.4268961837445,1.0411850591466765,0.003,2.305573167907001,-47.627121971348856,0.691678677
2021-03-27,T2,1415.8633288165643,0.8706021399464969,0.003,2.305573167907001,-47.676613904348855,0.691678677
2021-03-28,T2,1415.6172088989183,0.8878338308456413,0.003,2.305573167907001,-47.727139581364995,0.691678677
2021-03-29,T2,1421.1903433799382,0.4976397675822253,0.003,2.305573167907001,-47.7921393387851,0.691678677
2021-03-30,T2,1424.3155887407129,0.27883073109318257,0.003,2.305573167907001,-48.04194941438074,0.691678677
2021-03-31,T2,1423.9911173736728,0.3015480729318232,0.003,2.305573167907001,-48.412140781421115,0.691678677
2021-04-01,T2,1423.4893864778646,0.3366759560946786,0.003,2.305573167907001,-48.865151677229235,0.691678677
2021-04-02,T2,1423.7052799621138,0.3215605204025862,0.003,2.305573167907001,-49.36229819298005,0.691678677
2021-04-03,T2,1417.5199729052392,0.7546148637480043,0.003,2.305573167907001,-49.84536230261483,0.691678677
2021-04-04,T2,1420.5762611218659,0.5406337509987869,0.003,2.305573167907001,-50.06464652115811,0.691678677
2021-04-05,T2,1424.5056650652634,0.2655228423890543,0.004,2.3345665712652512,-50.32105691797211,0.7003753935
2021-04-06,T2,1419.292457182214,0.6305172227420774,0.004,2.3345665712652512,-50.880638783181446,0.7003753935
2021-04-07,T2,1410.732398692294,1.2298359751119592,0.004,2.3345665712652512,-51.26019815754138,0.7003753935
2021-04-08,T2,1418.987001294173,0.651903226347117,0.004,2.3345665712652512,-51.46913411050231,0.7003753935
2021-04-09,T2,1418.968142928733,0.6532235645271167,0.004,2.3345665712652512,-51.626649972262776,0.7003753935
2021-04-10,T2,1424.9763820868616,0.4439475924281844,0.004,2.3345665712652512,-52.305771347214055,0.7003753935
2021-04-11,T2,1425.2799425666622,0.4227393230029519,0.004,2.3345665712652512,-53.00411587757348,0.7003753935
2021-04-12,T2,1423.8887712991616,0.5199335792420379,0.004,2.3345665712652512,-53.71505673607362,0.7003753935
2021-04-13,T2,1438.089866692393,0.0,0.004,2.3345665712652512,-54.447558589722235,0.7003753935
2021-04-14,T2,1434.83758975003,0.4925784676397482,0.004,2.3345665712652512,-55.22219828520504,0.7003753935
2021-04-15,T2,1434.9471369462426,0.4849812600469905,0.004,2.3345665712652512,-55.89829108899242,0.7003753935
2021-04-16,T2,1424.6757757668756,1.1973104280920355,0.005,2.366299790534251,-56.90039051109053,0.7098939315
2021-04-17,T2,1417.3428004478656,1.705859598651649,0.005,2.366299790534251,-57.501065506850495,0.7098939315
2021-04-18,T2,1397.305035349448,3.095498643835859,0.005,2.366299790534251,-57.93822374351799,0.7098939315
2021-04-19,T2,1394.5969651508406,3.283306019888088,0.005,2.366299790534251,-58.02225112712532,0.7098939315
2021-04-20,T2,1398.5430973052794,3.009637809270216,0.005,2.366299790534251,-58.1049388580366,0.7098939315
2021-04-21,T2,1385.2313068681344,3.9328237864442617,0.005,2.366299790534251,-58.18887340413158,0.7098939315
2021-04-22,T2,1386.4504615807307,3.8482741881021854,0.0,2.501475486138001,-58.21577020913158,0.7504527240000001
2021-04-23,T2,1386.4504615807307,3.8482741881021854,0.0,2.501475486138001,-58.21577020913158,0.7504527240000001
2021-04-24,T2,1386.4504615807307,3.8482741881021854,0.0,2.501475486138001,-58.21577020913158,0.7504527240000001
2021-04-25,T2,1386.4504615807307,3.8482741881021854,0.0,2.501475486138001,-58.21577020913158,0.7504527240000001
2021-04-26,T2,1386.4504615807307,3.8482741881021854,0.0,2.501475486138001,-58.21577020913158,0.7504527240000001
2021-04-27,T2,1386.4504615807307,3.8482741881021854,0.0,2.501475486138001,-58.21577020913158,0.7504527240000001
2021-04-28,T2,1386.4504615807307,3.8482741881021854,0.0,2.501475486138001,-58.21577020913158,0.7504527240000001
2021-04-29,T2,1386.4504615807307,3.8482741881021854,0.0,2.501475486138001,-58.21577020913158,0.7504527240000001
2021-04-30,T2,1386.4504615807307,3.8482741881021854,0.0,2.501475486138001,-58.21577020913158,0.7504527240000001
2021-05-01,T2,1386.4504615807307,3.8482741881021854,0.0,2.501475486138001,-58.21577020913158,0.7504527240000001
2021-05-02,T2,1386.4504615807307,3.8482741881021854,0.0,2.501475486138001,-58.21577020913158,0.7504527240000001
2021-05-03,T2,1386.4504615807307,3.8482741881021854,0.0,2.501475486138001,-58.21577020913158,0.7504527240000001
2021-05-04,T2,1380.0471816476133,4.292348054054784,0.003,2.584459666898251,-58.34356295676874,0.7753442445000001
2021-05-05,T2,1383.8934143462989,4.025607970582112,0.0,2.666347366900501,-58.414984046800804,0.7999142400000001
2021-05-06,T2,1382.4844418389505,4.123321622787623,0.002,2.723375999912501,-58.59012189713717,0.8170202640000002
2021-05-07,T2,1384.17431952522,4.00612691554898,0.002,2.723375999912501,-58.71980421086753,0.8170202640000002
2021-05-08,T2,1387.1406631298287,3.800408020544954,0.002,2.723375999912501,-58.895580606258854,0.8170202640000002
2021-05-09,T2,1385.6523960884049,3.9036208279745965,0.002,2.723375999912501,-59.07750473428284,0.8170202640000002
2021-05-10,T2,1380.6068056613838,4.253537569136013,0.002,2.723375999912501,-59.337289290383865,0.8170202640000002
2021-05-11,T2,1379.818423007224,4.308212694499803,0.0,2.778906669062501,-59.381488359713664,0.8336819640000002
2021-05-12,T2,1379.818423007224,4.308212694499803,0.0,2.778906669062501,-59.381488359713664,0.8336819640000002
2021-05-13,T2,1379.818423007224,4.308212694499803,0.0,2.778906669062501,-59.381488359713664,0.8336819640000002
2021-05-14,T2,1379.818423007224,4.308212694499803,0.0,2.778906669062501,-59.381488359713664,0.8336819640000002
2021-05-15,T2,1379.818423007224,4.308212694499803,0.0,2.778906669062501,-59.381488359713664,0.8336819640000002
2021-05-16,T2,1379.818423007224,4.308212694499803,0.0,2.778906669062501,-59.381488359713664,0.8336819640000002
2021-05-17,T2,1379.818423007224,4.308212694499803,0.0,2.778906669062501,-59.381488359713664,0.8336819640000002
2021-05-18,T2,1379.818423007224,4.308212694499803,0.0,2.778906669062501,-59.381488359713664,0.8336819640000002
2021-05-19,T2,1379.818423007224,4.308212694499803,0.0,2.778906669062501,-59.381488359713664,0.8336819640000002
2021-05-20,T2,1379.818423007224,4.308212694499803,0.0,2.778906669062501,-59.381488359713664,0.8336819640000002
2021-05-21,T2,1379.818423007224,4.308212694499803,0.0,2.778906669062501,-59.381488359713664,0.8336819640000002
2021-05-22,T2,1379.818423007224,4.308212694499803,0.0,2.778906669062501,-59.381488359713664,0.8336819640000002
2021-05-23,T2,1379.818423007224,4.308212694499803,0.0,2.778906669062501,-59.381488359713664,0.8336819640000002
2021-05-24,T2,1379.818423007224,4.308212694499803,0.0,2.778906669062501,-59.381488359713664,0.8336819640000002
2021-05-25,T2,1379.818423007224,4.308212694499803,0.0,2.778906669062501,-59.381488359713664,0.8336819640000002
2021-05-26,T2,1379.818423007224,4.308212694499803,0.0,2.778906669062501,-59.381488359713664,0.8336819640000002
2021-05-27,T2,1379.818423007224,4.308212694499803,0.0,2.778906669062501,-59.381488359713664,0.8336819640000002
2021-05-28,T2,1379.818423007224,4.308212694499803,0.0,2.778906669062501,-59.381488359713664,0.8336819640000002
2021-05-29,T2,1379.818423007224,4.308212694499803,0.0,2.778906669062501,-59.381488359713664,0.8336819640000002
2021-05-30,T2,1379.818423007224,4.308212694499803,0.0,2.778906669062501,-59.381488359713664,0.8336819640000002
2021-05-31,T2,1379.818423007224,4.308212694499803,0.0,2.778906669062501,-59.381488359713664,0.8336819640000002
2021-06-01,T2,1379.818423007224,4.308212694499803,0.0,2.778906669062501,-59.381488359713664,0.8336819640000002
2021-06-02,T2,1379.818423007224,4.308212694499803,0.0,2.778906669062501,-59.381488359713664,0.8336819640000002
2021-06-03,T2,1379.818423007224,4.308212694499803,0.0,2.778906669062501,-59.381488359713664,0.8336819640000002
2021-06-04,T2,1379.818423007224,4.308212694499803,0.0,2.778906669062501,-59.381488359713664,0.8336819640000002
2021-06-05,T2,1379.818423007224,4.308212694499803,0.0,2.778906669062501,-59.381488359713664,0.8336819640000002
2021-06-06,T2,1379.818423007224,4.308212694499803,0.0,2.778906669062501,-59.381488359713664,0.8336819640000002
2021-06-07,T2,1379.818423007224,4.308212694499803,0.0,2.778906669062501,-59.381488359713664,0.8336819640000002
2021-06-08,T2,1379.818423007224,4.308212694499803,0.0,2.778906669062501,-59.381488359713664,0.8336819640000002
2021-06-09,T2,1379.818423007224,4.308212694499803,0.0,2.778906669062501,-59.381488359713664,0.8336819640000002
2021-06-10,T2,1379.818423007224,4.308212694499803,0.0,2.778906669062501,-59.381488359713664,0.8336819640000002
2021-06-11,T2,1379.818423007224,4.308212694499803,0.0,2.778906669062501,-59.381488359713664,0.8336819640000002
2021-06-12,T2,1379.818423007224,4.308212694499803,0.0,2.778906669062501,-59.381488359713664,0.8336819640000002
2021-06-13,T2,1379.818423007224,4.308212694499803,0.0,2.778906669062501,-59.381488359713664,0.8336819640000002
2021-06-14,T2,1379.818423007224,4.308212694499803,0.0,2.778906669062501,-59.381488359713664,0.8336819640000002
2021-06-15,T2,1379.818423007224,4.308212694499803,0.0,2.778906669062501,-59.381488359713664,0.8336819640000002
2021-06-16,T2,1379.818423007224,4.308212694499803,0.0,2.778906669062501,-59.381488359713664,0.8336819640000002
2021-06-17,T2,1379.818423007224,4.308212694499803,0.0,2.778906669062501,-59.381488359713664,0.8336819640000002
2021-06-18,T2,1379.818423007224,4.308212694499803,0.0,2.778906669062501,-59.381488359713664,0.8336819640000002
2021-06-19,T2,1379.818423007224,4.308212694499803,0.0,2.778906669062501,-59.381488359713664,0.8336819640000002
2021-06-20,T2,1379.818423007224,4.308212694499803,0.0,2.778906669062501,-59.381488359713664,0.8336819640000002
2021-06-21,T2,1379.818423007224,4.308212694499803,0.0,2.778906669062501,-59.381488359713664,0.8336819640000002
2021-06-22,T2,1379.818423007224,4.308212694499803,0.0,2.778906669062501,-59.381488359713664,0.8336819640000002
2021-06-23,T2,1379.818423007224,4.308212694499803,0.0,2.778906669062501,-59.381488359713664,0.8336819640000002
2021-06-24,T2,1379.818423007224,4.308212694499803,0.0,2.778906669062501,-59.381488359713664,0.8336819640000002
2021-06-25,T2,1379.818423007224,4.308212694499803,0.0,2.778906669062501,-59.381488359713664,0.8336819640000002
2021-06-26,T2,1379.818423007224,4.308212694499803,0.0,2.778906669062501,-59.381488359713664,0.8336819640000002
2021-06-27,T2,1379.818423007224,4.308212694499803,0.0,2.778906669062501,-59.381488359713664,0.8336819640000002
2021-06-28,T2,1379.818423007224,4.308212694499803,0.0,2.778906669062501,-59.381488359713664,0.8336819640000002
2021-06-29,T2,1379.818423007224,4.308212694499803,0.0,2.778906669062501,-59.381488359713664,0.8336819640000002
2021-06-30,T2,1379.818423007224,4.308212694499803,0.0,2.778906669062501,-59.381488359713664,0.8336819640000002
2021-07-01,T2,1379.818423007224,4.308212694499803,0.0,2.778906669062501,-59.381488359713664,0.8336819640000002
2021-07-02,T2,1379.818423007224,4.308212694499803,0.0,2.778906669062501,-59.381488359713664,0.8336819640000002
2021-07-03,T2,1379.818423007224,4.308212694499803,0.0,2.778906669062501,-59.381488359713664,0.8336819640000002
2021-07-04,T2,1379.818423007224,4.308212694499803,0.0,2.778906669062501,-59.381488359713664,0.8336819640000002
2021-07-05,T2,1375.0874450477963,4.636310746455008,0.004,2.848590440060501,-59.381161228103196,0.8545839600000001
2021-07-06,T2,1376.426445818632,4.543449704140867,0.0,2.916646470124501,-59.380243879243764,0.8750038320000001
2021-07-07,T2,1376.426445818632,4.543449704140867,0.0,2.916646470124501,-59.380243879243764,0.8750038320000001
2021-07-08,T2,1376.426445818632,4.543449704140867,0.0,2.916646470124501,-59.380243879243764,0.8750038320000001
2021-07-09,T2,1376.426445818632,4.543449704140867,0.0,2.916646470124501,-59.380243879243764,0.8750038320000001
2021-07-10,T2,1376.426445818632,4.543449704140867,0.0,2.916646470124501,-59.380243879243764,0.8750038320000001
2021-07-11,T2,1376.426445818632,4.543449704140867,0.0,2.916646470124501,-59.380243879243764,0.8750038320000001
2021-07-12,T2,1376.426445818632,4.543449704140867,0.0,2.916646470124501,-59.380243879243764,0.8750038320000001
2021-07-13,T2,1376.426445818632,4.543449704140867,0.0,2.916646470124501,-59.380243879243764,0.8750038320000001
2021-07-14,T2,1376.426445818632,4.543449704140867,0.0,2.916646470124501,-59.380243879243764,0.8750038320000001
2021-07-15,T2,1376.426445818632,4.543449704140867,0.0,2.916646470124501,-59.380243879243764,0.8750038320000001
2021-07-16,T2,1376.426445818632,4.543449704140867,0.0,2.916646470124501,-59.380243879243764,0.8750038320000001
2021-07-17,T2,1376.426445818632,4.543449704140867,0.0,2.916646470124501,-59.380243879243764,0.8750038320000001
2021-07-18,T2,1376.426445818632,4.543449704140867,0.0,2.916646470124501,-59.380243879243764,0.8750038320000001
2021-07-19,T2,1376.426445818632,4.543449704140867,0.0,2.916646470124501,-59.380243879243764,0.8750038320000001
2021-07-20,T2,1376.426445818632,4.543449704140867,0.0,2.916646470124501,-59.380243879243764,0.8750038320000001
2021-07-21,T2,1376.426445818632,4.543449704140867,0.0,2.916646470124501,-59.380243879243764,0.8750038320000001
2021-07-22,T2,1376.426445818632,4.543449704140867,0.0,2.916646470124501,-59.380243879243764,0.8750038320000001
2021-07-23,T2,1376.426445818632,4.543449704140867,0.0,2.916646470124501,-59.380243879243764,0.8750038320000001
2021-07-24,T2,1376.426445818632,4.543449704140867,0.0,2.916646470124501,-59.380243879243764,0.8750038320000001
2021-07-25,T2,1376.426445818632,4.543449704140867,0.0,2.916646470124501,-59.380243879243764,0.8750038320000001
2021-07-26,T2,1376.426445818632,4.543449704140867,0.0,2.916646470124501,-59.380243879243764,0.8750038320000001
2021-07-27,T2,1376.426445818632,4.543449704140867,0.0,2.916646470124501,-59.380243879243764,0.8750038320000001
2021-07-28,T2,1376.426445818632,4.543449704140867,0.0,2.916646470124501,-59.380243879243764,0.8750038320000001
2021-07-29,T2,1379.4004902140248,4.337196751595995,0.005,3.015124464608251,-59.416732521867196,0.9045427995
2021-07-30,T2,1390.3482130327855,3.577961227570148,0.005,3.015124464608251,-59.451959703106425,0.9045427995
2021-07-31,T2,1386.4641259808989,3.8473265482875885,0.005,3.015124464608251,-59.514596754993136,0.9045427995
2021-08-01,T2,1378.4730752826488,4.401513904402066,0.005,3.015124464608251,-59.576824254993134,0.9045427995
2021-08-02,T2,1374.8655324919473,4.651700604091813,0.005,3.015124464608251,-59.636640243944505,0.9045427995
2021-08-03,T2,1370.1016957636725,4.982077444521793,0.005,3.015124464608251,-59.69458467426942,0.9045427995
2021-08-04,T2,1377.7406571225301,4.452307836145641,0.005,3.015124464608251,-59.73510087006165,0.9045427995
2021-08-05,T2,1383.3528778178181,4.063094719310623,0.005,3.015124464608251,-59.793786503573614,0.9045427995
2021-08-06,T2,1393.023739436222,3.392410796253309,0.005,3.015124464608251,-59.85568329966938,0.9045427995
2021-08-07,T2,1401.792740783954,2.78427178473033,0.005,3.015124464608251,-59.92038195193771,0.9045427995
2021-08-08,T2,1397.7576447414115,3.06410972994251,0.005,3.015124464608251,-59.98707678323011,0.9045427995
2021-08-09,T2,1410.0647621479873,2.210598832003363,0.005,3.015124464608251,-60.05381058790435,0.9045427995
2021-08-10,T2,1406.546202120267,2.4546144881071763,0.005,3.015124464608251,-60.12252061562476,0.9045427995
2021-08-11,T2,1406.3052107717629,2.4713274790913564,0.005,3.015124464608251,-60.19171196412887,0.9045427995
2021-08-12,T2,1400.4315920696731,2.8786688090679635,0.005,3.015124464608251,-60.25919477116866,0.9045427995
2021-08-13,T2,1417.3843976507085,1.702974791041767,0.005,3.015124464608251,-60.32762425283336,0.9045427995
2021-08-14,T2,1413.759863881863,1.954339832054941,0.005,3.015124464608251,-60.39881012752873,0.9045427995
2021-08-15,T2,1413.3206451052358,1.9848000933855636,0.005,3.015124464608251,-60.46832763065608,0.9045427995
2021-08-16,T2,1407.8341320629406,2.3652952587914,0.005,3.015124464608251,-60.54776536875138,0.9045427995
2021-08-17,T2,1401.5855963891136,2.7986374556346227,0.005,3.015124464608251,-60.61657634677839,0.9045427995
2021-08-18,T2,1401.6444947369632,2.7945527963192385,0.005,3.015124464608251,-60.6843279989288,0.9045427995
2021-08-19,T2,1411.8569205850201,2.0863108524295404,0.005,3.015124464608251,-60.751902150871686,0.9045427995
2021-08-20,T2,1424.4902754061306,1.210175063590102,0.005,3.015124464608251,-60.83699732976108,0.9045427995
2021-08-21,T2,1422.0604820144515,1.3786836648349787,0.005,3.015124464608251,-60.95174072144034,0.9045427995
2021-08-22,T2,1424.0901531184531,1.2379239443197632,0.005,3.015124464608251,-61.03671961743849,0.9045427995
2021-08-23,T2,1425.183129529288,1.1621249373695686,0.005,3.015124464608251,-61.21909320660378,0.9045427995
2021-08-24,T2,1416.0056361618833,1.7985932789049142,0.005,3.015124464608251,-61.416536574008326,0.9045427995
2021-08-25,T2,1422.220312253827,1.367599277921261,0.005,3.015124464608251,-61.511710482064736,0.9045427995
2021-08-26,T2,1411.375624322664,2.1196892294684133,0.005,3.015124464608251,-61.6108984132278,0.9045427995
2021-08-27,T2,1422.4524594242303,1.3514996395315948,0.005,3.015124464608251,-61.682163311661405,0.9045427995
2021-08-28,T2,1421.50079542828,1.4174984892123321,0.005,3.015124464608251,-61.84214977931164,0.9045427995
2021-08-29,T2,1420.8033122160396,1.4658696473893729,0.005,3.015124464608251,-61.91510239445222,0.9045427995
2021-08-30,T2,1411.8482691783406,2.086910836133238,0.005,3.015124464608251,-62.01765355755102,0.9045427995
2021-08-31,T2,1412.298504971608,2.055686533682799,0.005,3.015124464608251,-62.224467764283865,0.9045427995
2021-09-01,T2,1420.502845060879,1.486707345034577,0.005,3.015124464608251,-62.474727675012865,0.9045427995
2021-09-02,T2,1422.3697675586748,1.3572344030908345,0.005,3.015124464608251,-62.83750517721707,0.9045427995
2021-09-03,T2,1425.77027393056,1.121405886060134,0.005,3.015124464608251,-63.09944880533167,0.9045427995
2021-09-04,T2,1425.1519098380709,1.1642900541718015,0.005,3.015124464608251,-63.286912897820685,0.9045427995
2021-09-05,T2,1434.3948262827466,0.5232845568116762,0.005,3.015124464608251,-63.36194645314514,0.9045427995
2021-09-06,T2,1438.7164840085406,0.22357327233515356,0.005,3.015124464608251,-63.48303872735108,0.9045427995
2021-09-07,T2,1409.3432572352244,2.260635919130738,0.005,3.015124464608251,-63.58918032326716,0.9045427995
2021-09-08,T2,1405.4181322607135,2.532847260815685,0.005,3.015124464608251,-63.658198237678135,0.9045427995
2021-09-09,T2,1407.0583098731483,2.4190993033922026,0.005,3.015124464608251,-63.72786414089316,0.9045427995
2021-09-10,T2,1399.2937296714588,2.9575807041240854,0.005,3.015124464608251,-63.79939959718276,0.9045427995
2021-09-11,T2,1400.8350800249136,2.850686515927492,0.005,3.015124464608251,-63.867142710978015,0.9045427995
2021-09-12,T2,1405.0283509825297,2.5598789821970724,0.005,3.015124464608251,-63.935371753362034,0.9045427995
2021-09-13,T2,1399.5978220140798,2.9364915961036964,0.005,3.015124464608251,-64.00282114836203,0.9045427995
2021-09-14,T2,1410.1932273361354,2.2016896427539234,0.005,3.015124464608251,-64.07154610725634,0.9045427995
2021-09-15,T2,1415.1779897998626,1.8559913816683538,0.005,3.015124464608251,-64.14281574872916,0.9045427995
2021-09-16,T2,1413.2615243992434,1.9889001734604839,0.005,3.015124464608251,-64.21504139259845,0.9045427995
2021-09-17,T2,1410.9606825753303,2.1484658545430912,0.005,3.015124464608251,-64.28654016056151,0.9045427995
2021-09-18,T2,1415.8512456962692,1.8093004120691036,0.005,3.015124464608251,-64.35870645582284,0.9045427995
2021-09-19,T2,1410.5684396769707,2.1756682917450254,0.005,3.015124464608251,-64.43075960657141,0.9045427995
2021-09-20,T2,1389.4004981879696,3.6436861996709924,0.005,3.015124464608251,-64.49873488517251,0.9045427995
2021-09-21,T2,1382.4661999059433,4.124586719081636,0.0,3.1192936618845013,-64.5202481851725,0.935798247
2021-09-22,T2,1382.4661999059433,4.124586719081636,0.0,3.1192936618845013,-64.5202481851725,0.935798247
2021-09-23,T2,1382.4661999059433,4.124586719081636,0.0,3.1192936618845013,-64.5202481851725,0.935798247
2021-09-24,T2,1376.887594091804,4.511468610297731,0.003,3.1862507739450012,-64.51378225180137,0.955882368
2021-09-25,T2,1376.528247812689,4.536389634061977,0.0,3.2503076039790013,-64.52662228333246,0.9751023000000001
2021-09-26,T2,1376.528247812689,4.536389634061977,0.0,3.2503076039790013,-64.52662228333246,0.9751023000000001
2021-09-27,T2,1376.528247812689,4.536389634061977,0.0,3.2503076039790013,-64.52662228333246,0.9751023000000001
2021-09-28,T2,1376.528247812689,4.536389634061977,0.0,3.2503076039790013,-64.52662228333246,0.9751023000000001
2021-09-29,T2,1376.528247812689,4.536389634061977,0.0,3.2503076039790013,-64.52662228333246,0.9751023000000001
2021-09-30,T2,1376.528247812689,4.536389634061977,0.0,3.2503076039790013,-64.52662228333246,0.9751023000000001
2021-10-01,T2,1376.528247812689,4.536389634061977,0.0,3.2503076039790013,-64.52662228333246,0.9751023000000001
2021-10-02,T2,1376.528247812689,4.536389634061977,0.0,3.2503076039790013,-64.52662228333246,0.9751023000000001
2021-10-03,T2,1376.528247812689,4.536389634061977,0.0,3.2503076039790013,-64.52662228333246,0.9751023000000001
2021-10-04,T2,1376.528247812689,4.536389634061977,0.0,3.2503076039790013,-64.52662228333246,0.9751023000000001
2021-10-05,T2,1376.528247812689,4.536389634061977,0.0,3.2503076039790013,-64.52662228333246,0.9751023000000001
2021-10-06,T2,1388.4007878608018,3.713017110462835,0.003,3.327299255994751,-64.55855655170409,0.9981963315000001
2021-10-07,T2,1383.7367243605386,4.036474577767713,0.003,3.327299255994751,-64.67600353856707,0.9981963315000001
2021-10-08,T2,1384.1070313741977,4.0107934161032865,0.003,3.327299255994751,-64.79019303830793,0.9981963315000001
2021-10-09,T2,1387.0081753420222,3.809596181102859,0.003,3.327299255994751,-64.84880600875351,0.9981963315000001
2021-10-10,T2,1386.2011022550882,3.8655675066679773,0.003,3.327299255994751,-64.91684215741746,0.9981963315000001
2021-10-11,T2,1394.5270275940406,3.288156259382191,0.003,3.327299255994751,-64.96754681846521,0.9981963315000001
2021-10-12,T2,1390.0330883186923,3.5998154415833095,0.003,3.327299255994751,-65.01890609381357,0.9981963315000001
2021-10-13,T2,1394.1198320351727,3.3163956785414284,0.003,3.327299255994751,-65.06895237733279,0.9981963315000001
2021-10-14,T2,1393.955695212772,3.327778731294073,0.003,3.327299255994751,-65.15517677105375,0.9981963315000001
2021-10-15,T2,1406.8412222908414,2.434154544289413,0.003,3.327299255994751,-65.25566212166444,0.9981963315000001
2021-10-16,T2,1404.2956833034268,2.6106902183317016,0.003,3.327299255994751,-65.47555784136898,0.9981963315000001
2021-10-17,T2,1406.0124231215068,2.4916325953927565,0.003,3.327299255994751,-65.68615129099875,0.9981963315000001
2021-10-18,T2,1407.2913551940424,2.402937377367964,0.003,3.327299255994751,-65.81700921846323,0.9981963315000001
2021-10-19,T2,1414.0140877137221,1.936709155119043,0.003,3.327299255994751,-65.88234732161364,0.9981963315000001
2021-10-20,T2,1419.1677939124497,1.5792944770856465,0.003,3.327299255994751,-66.04779050005574,0.9981963315000001
2021-10-21,T2,1407.3591766137429,2.3982338940976122,0.003,3.327299255994751,-66.41362779876285,0.9981963315000001
2021-10-22,T2,1402.6140426078844,2.7273136820273103,0.003,3.327299255994751,-66.58334180462117,0.9981963315000001
2021-10-23,T2,1404.2796315941882,2.611803420417369,0.003,3.327299255994751,-66.69027281831725,0.9981963315000001
2021-10-24,T2,1402.8418084939105,2.7115178900900205,0.003,3.327299255994751,-66.87301591859486,0.9981963315000001
2021-10-25,T2,1409.3366544532767,2.2610938286608873,0.003,3.327299255994751,-67.03390995922865,0.9981963315000001
2021-10-26,T2,1400.6741776238537,2.86184525832609,0.003,3.327299255994751,-67.33031678865134,0.9981963315000001
2021-10-27,T2,1394.8436188878704,3.2662003365978687,0.003,3.327299255994751,-67.48556552463448,0.9981963315000001
2021-10-28,T2,1401.358693547426,2.81437339458408,0.003,3.327299255994751,-67.55588086507905,0.9981963315000001
2021-10-29,T2,1406.203476819707,2.478382830389436,0.003,3.327299255994751,-67.67612759279788,0.9981963315000001
2021-10-30,T2,1404.8758858887013,2.5704525889027607,0.003,3.327299255994751,-67.82171852380375,0.9981963315000001
2021-10-31,T2,1403.0014063641406,2.7004496182088666,0.003,3.327299255994751,-68.02693804836416,0.9981963315000001
2021-11-01,T2,1401.5340510567034,2.802212175977048,0.003,3.327299255994751,-68.2505533558015,0.9981963315000001
2021-11-02,T2,1408.3625113172393,2.328651629183398,0.003,3.327299255994751,-68.43213309526556,0.9981963315000001
2021-11-03,T2,1407.080268623426,2.4175764421040635,0.003,3.327299255994751,-68.7301657890787,0.9981963315000001
2021-11-04,T2,1402.3083167757725,2.7485160741771986,0.003,3.327299255994751,-68.99620763673217,0.9981963315000001
2021-11-05,T2,1400.9095076115543,2.8455248883743844,0.004,3.357768430685501,-69.17642082687937,1.007335713
2021-11-06,T2,1402.5405021538327,2.7324137860483377,0.004,3.357768430685501,-69.50789370248091,1.007335713
2021-11-07,T2,1409.5378074863415,2.247143664686446,0.004,3.357768430685501,-69.73282836997211,1.007335713
2021-11-08,T2,1426.4046565734152,1.0774108154637418,0.004,3.357768430685501,-70.05809928289851,1.007335713
2021-11-09,T2,1423.558628144144,1.2747857327558898,0.004,3.357768430685501,-70.45073747300985,1.007335713
2021-11-10,T2,1414.848664994076,1.8788303862390276,0.004,3.357768430685501,-70.89057086223785,1.007335713
2021-11-11,T2,1414.4089911425256,1.9093222074705873,0.004,3.357768430685501,-71.03352471378827,1.007335713
2021-11-12,T2,1411.3866910059855,2.11892174391457,0.004,3.357768430685501,-71.26518292292798,1.007335713
2021-11-13,T2,1412.2910158352322,2.0562059127787857,0.004,3.357768430685501,-71.4427000210813,1.007335713
2021-11-14,T2,1416.6682489416498,1.7526404200866263,0.004,3.357768430685501,-71.5380416153038,1.007335713
2021-11-15,T2,1408.9357192359794,2.288899086872531,0.004,3.357768430685501,-71.74027662033426,1.007335713
2021-11-16,T2,1394.5755241610705,3.284792973967321,0.004,3.357768430685501,-71.8805516952431,1.007335713
2021-11-17,T2,1395.5207483437848,3.2192407317736094,0.004,3.357768430685501,-71.95988751252898,1.007335713
2021-11-18,T2,1381.665209856572,4.180136179909411,0.004,3.357768430685501,-72.03406599974211,1.007335713
2021-11-19,T2,1386.1954936610796,3.8659564682704706,0.004,3.357768430685501,-72.10239841175422,1.007335713
2021-11-20,T2,1392.6217973314494,3.420285883118146,0.004,3.357768430685501,-72.17203922358415,1.007335713
2021-11-21,T2,1388.2809121806597,3.721330608743467,0.004,3.357768430685501,-72.24320367565402,1.007335713
2021-11-22,T2,1378.833065729584,4.3765482069554,0.004,3.357768430685501,-72.31285012672964,1.007335713
2021-11-23,T2,1379.983227088584,4.296783366671142,0.0,3.470971447685501,-72.33535975072964,1.041301713
2021-11-24,T2,1378.3100249522702,4.412821607846606,0.004,3.586055727738501,-72.38523750099021,1.075821819
2021-11-25,T2,1381.7106552208807,4.176984498454117,0.0,3.702160889351501,-72.41850529676661,1.110658593
2021-11-26,T2,1366.573986069726,5.226727639127082,0.003,3.790296737746001,-72.49252449013682,1.1370953819999998
2021-11-27,T2,1367.515803311248,5.161411671711635,0.0,3.8714655505975006,-72.50998145915341,1.1614496789999997
2021-11-28,T2,1367.515803311248,5.161411671711635,0.0,3.8714655505975006,-72.50998145915341,1.1614496789999997
2021-11-29,T2,1367.515803311248,5.161411671711635,0.0,3.8714655505975006,-72.50998145915341,1.1614496789999997
2021-11-30,T2,1367.515803311248,5.161411671711635,0.0,3.8714655505975006,-72.50998145915341,1.1614496789999997
2021-12-01,T2,1367.515803311248,5.161411671711635,0.0,3.8714655505975006,-72.50998145915341,1.1614496789999997
2021-12-02,T2,1367.515803311248,5.161411671711635,0.0,3.8714655505975006,-72.50998145915341,1.1614496789999997
2021-12-03,T2,1367.515803311248,5.161411671711635,0.0,3.8714655505975006,-72.50998145915341,1.1614496789999997
2021-12-04,T2,1367.515803311248,5.161411671711635,0.0,3.8714655505975006,-72.50998145915341,1.1614496789999997
2021-12-05,T2,1367.515803311248,5.161411671711635,0.0,3.8714655505975006,-72.50998145915341,1.1614496789999997
2021-12-06,T2,1367.515803311248,5.161411671711635,0.0,3.8714655505975006,-72.50998145915341,1.1614496789999997
2021-12-07,T2,1367.515803311248,5.161411671711635,0.0,3.8714655505975006,-72.50998145915341,1.1614496789999997
2021-12-08,T2,1367.515803311248,5.161411671711635,0.0,3.8714655505975006,-72.50998145915341,1.1614496789999997
2021-12-09,T2,1367.515803311248,5.161411671711635,0.0,3.8714655505975006,-72.50998145915341,1.1614496789999997
2021-12-10,T2,1367.515803311248,5.161411671711635,0.0,3.8714655505975006,-72.50998145915341,1.1614496789999997
2021-12-11,T2,1367.515803311248,5.161411671711635,0.0,3.8714655505975006,-72.50998145915341,1.1614496789999997
2021-12-12,T2,1367.515803311248,5.161411671711635,0.0,3.8714655505975006,-72.50998145915341,1.1614496789999997
2021-12-13,T2,1367.515803311248,5.161411671711635,0.0,3.8714655505975006,-72.50998145915341,1.1614496789999997
2021-12-14,T2,1367.515803311248,5.161411671711635,0.0,3.8714655505975006,-72.50998145915341,1.1614496789999997
2021-12-15,T2,1367.515803311248,5.161411671711635,0.0,3.8714655505975006,-72.50998145915341,1.1614496789999997
2021-12-16,T2,1367.515803311248,5.161411671711635,0.0,3.8714655505975006,-72.50998145915341,1.1614496789999997
2021-12-17,T2,1367.515803311248,5.161411671711635,0.0,3.8714655505975006,-72.50998145915341,1.1614496789999997
2021-12-18,T2,1367.515803311248,5.161411671711635,0.0,3.8714655505975006,-72.50998145915341,1.1614496789999997
2021-12-19,T2,1367.515803311248,5.161411671711635,0.0,3.8714655505975006,-72.50998145915341,1.1614496789999997
2021-12-20,T2,1367.515803311248,5.161411671711635,0.0,3.8714655505975006,-72.50998145915341,1.1614496789999997
2021-12-21,T2,1367.515803311248,5.161411671711635,0.0,3.8714655505975006,-72.50998145915341,1.1614496789999997
2021-12-22,T2,1367.515803311248,5.161411671711635,0.0,3.8714655505975006,-72.50998145915341,1.1614496789999997
2021-12-23,T2,1367.515803311248,5.161411671711635,0.0,3.8714655505975006,-72.50998145915341,1.1614496789999997
2021-12-24,T2,1367.515803311248,5.161411671711635,0.0,3.8714655505975006,-72.50998145915341,1.1614496789999997
2021-12-25,T2,1367.515803311248,5.161411671711635,0.0,3.8714655505975006,-72.50998145915341,1.1614496789999997
2021-12-26,T2,1367.515803311248,5.161411671711635,0.0,3.8714655505975006,-72.50998145915341,1.1614496789999997
2021-12-27,T2,1367.515803311248,5.161411671711635,0.0,3.8714655505975006,-72.50998145915341,1.1614496789999997
2021-12-28,T2,1367.515803311248,5.161411671711635,0.0,3.8714655505975006,-72.50998145915341,1.1614496789999997
2021-12-29,T2,1367.515803311248,5.161411671711635,0.0,3.8714655505975006,-72.50998145915341,1.1614496789999997
2021-12-30,T2,1367.515803311248,5.161411671711635,0.0,3.8714655505975006,-72.50998145915341,1.1614496789999997
2021-12-31,T2,1367.515803311248,5.161411671711635,0.0,3.8714655505975006,-72.50998145915341,1.1614496789999997
2020-03-26,T3,1000.0,0.0,0.0,0.0,0.0,0.0
2020-03-27,T3,1000.0,0.0,0.0,0.0,0.0,0.0
2020-03-28,T3,1000.0,0.0,0.0,0.0,0.0,0.0
2020-03-29,T3,1000.0,0.0,0.0,0.0,0.0,0.0
2020-03-30,T3,1000.0,0.0,0.0,0.0,0.0,0.0
2020-03-31,T3,1000.0,0.0,0.0,0.0,0.0,0.0
2020-04-01,T3,1000.0,0.0,0.0,0.0,0.0,0.0
2020-04-02,T3,1000.0,0.0,0.0,0.0,0.0,0.0
2020-04-03,T3,1000.0,0.0,0.0,0.0,0.0,0.0
2020-04-04,T3,1000.0,0.0,0.0,0.0,0.0,0.0
2020-04-05,T3,1000.0,0.0,0.0,0.0,0.0,0.0
2020-04-06,T3,1000.0,0.0,0.0,0.0,0.0,0.0
2020-04-07,T3,1000.0,0.0,0.0,0.0,0.0,0.0
2020-04-08,T3,1000.0,0.0,0.0,0.0,0.0,0.0
2020-04-09,T3,1000.0,0.0,0.0,0.0,0.0,0.0
2020-04-10,T3,1000.0,0.0,0.0,0.0,0.0,0.0
2020-04-11,T3,1000.0,0.0,0.0,0.0,0.0,0.0
2020-04-12,T3,1000.0,0.0,0.0,0.0,0.0,0.0
2020-04-13,T3,1000.0,0.0,0.0,0.0,0.0,0.0
2020-04-14,T3,1000.0,0.0,0.0,0.0,0.0,0.0
2020-04-15,T3,1000.0,0.0,0.0,0.0,0.0,0.0
2020-04-16,T3,1000.0,0.0,0.0,0.0,0.0,0.0
2020-04-17,T3,1000.0,0.0,0.0,0.0,0.0,0.0
2020-04-18,T3,1000.0,0.0,0.0,0.0,0.0,0.0
2020-04-19,T3,1000.0,0.0,0.0,0.0,0.0,0.0
2020-04-20,T3,1000.0,0.0,0.0,0.0,0.0,0.0
2020-04-21,T3,1000.0,0.0,0.0,0.0,0.0,0.0
2020-04-22,T3,1000.0,0.0,0.0,0.0,0.0,0.0
2020-04-23,T3,1000.0,0.0,0.0,0.0,0.0,0.0
2020-04-24,T3,1000.0,0.0,0.0,0.0,0.0,0.0
2020-04-25,T3,1000.0,0.0,0.0,0.0,0.0,0.0
2020-04-26,T3,1000.0,0.0,0.0,0.0,0.0,0.0
2020-04-27,T3,1000.0,0.0,0.0,0.0,0.0,0.0
2020-04-28,T3,1000.0,0.0,0.0,0.0,0.0,0.0
2020-04-29,T3,1000.0,0.0,0.0,0.0,0.0,0.0
2020-04-30,T3,1000.0,0.0,0.0,0.0,0.0,0.0
2020-05-01,T3,1000.0,0.0,0.0,0.0,0.0,0.0
2020-05-02,T3,1000.0,0.0,0.0,0.0,0.0,0.0
2020-05-03,T3,1000.0,0.0,0.0,0.0,0.0,0.0
2020-05-04,T3,1000.0,0.0,0.0,0.0,0.0,0.0
2020-05-05,T3,1000.0,0.0,0.0,0.0,0.0,0.0
2020-05-06,T3,1000.0,0.0,0.0,0.0,0.0,0.0
2020-05-07,T3,1000.0,0.0,0.0,0.0,0.0,0.0
2020-05-08,T3,1000.0,0.0,0.0,0.0,0.0,0.0
2020-05-09,T3,1000.0,0.0,0.0,0.0,0.0,0.0
2020-05-10,T3,1000.0,0.0,0.0,0.0,0.0,0.0
2020-05-11,T3,1000.0,0.0,0.0,0.0,0.0,0.0
2020-05-12,T3,1000.0,0.0,0.0,0.0,0.0,0.0
2020-05-13,T3,1000.0,0.0,0.0,0.0,0.0,0.0
2020-05-14,T3,1000.0,0.0,0.0,0.0,0.0,0.0
2020-05-15,T3,994.9918804027911,0.5008119597208815,0.011,0.05371082541549999,-0.015106896593399602,0.016110831
2020-05-16,T3,995.7616173033427,0.4238382696657217,0.0,0.10536782070374998,-0.025354621453398604,0.0316102545
2020-05-17,T3,995.7616173033427,0.4238382696657217,0.0,0.10536782070374998,-0.025354621453398604,0.0316102545
2020-05-18,T3,995.7616173033427,0.4238382696657217,0.0,0.10536782070374998,-0.025354621453398604,0.0316102545
2020-05-19,T3,997.2155233789903,0.27844766210097793,0.011,0.15836936974375,-0.04432089004591826,0.0475083345
2020-05-20,T3,994.2874379288553,0.5712562071144678,0.011,0.15836936974375,-0.07616973021089526,0.0475083345
2020-05-21,T3,989.3902143044384,1.060978569556159,0.011,0.15836936974375,-0.08379938041787098,0.0475083345
2020-05-22,T3,990.5162822664829,0.9483717733517083,0.011,0.15836936974375,-0.08323376975326864,0.0475083345
2020-05-23,T3,990.6138462804645,0.938615371953555,0.011,0.15836936974375,-0.08712931155156457,0.0475083345
2020-05-24,T3,985.4837017976262,1.4516298202373878,0.011,0.15836936974375,-0.11198572199995559,0.0475083345
2020-05-25,T3,987.4970872822709,1.2502912717729187,0.011,0.15836936974375,-0.11022838093520868,0.0475083345
2020-05-26,T3,987.0391023266196,1.2960897673380378,0.0,0.20710294861024997,-0.11019412326997981,0.0621306015
2020-05-27,T3,991.1632753480874,0.8836724651912653,0.013000000000000001,0.2648377825365,-0.10501306003589014,0.079448454
2020-05-28,T3,996.0578950893487,0.39421049106512784,0.013000000000000001,0.2648377825365,-0.08178575910463595,0.079448454
2020-05-29,T3,994.075752334699,0.5924247665300975,0.013000000000000001,0.2648377825365,-0.08662964904441821,0.079448454
2020-05-30,T3,997.5468252872435,0.2453174712756523,0.013000000000000001,0.2648377825365,-0.12367323959993522,0.079448454
2020-05-31,T3,994.3654547576203,0.5634545242379607,0.013000000000000001,0.2648377825365,-0.1610349294330912,0.079448454
2020-06-01,T3,1004.0252249303801,0.0,0.013000000000000001,0.2648377825365,-0.1708650582033324,0.079448454
2020-06-02,T3,995.0508713626791,0.8938374599426258,0.013000000000000001,0.2648377825365,-0.3319150069143427,0.079448454
2020-06-03,T3,996.8987951961487,0.7097859254209027,0.013000000000000001,0.2648377825365,-0.3674017309147857,0.079448454
2020-06-04,T3,998.4964916006311,0.5506568154333369,0.013000000000000001,0.2648377825365,-0.4052879230023867,0.079448454
2020-06-05,T3,996.2627940568508,0.7731310609320197,0.013000000000000001,0.2648377825365,-0.4433454364327127,0.079448454
2020-06-06,T3,996.8269678843602,0.7169398604023103,0.013000000000000001,0.2648377825365,-0.4808935250432127,0.079448454
2020-06-07,T3,997.8161214994053,0.618421059232388,0.013000000000000001,0.2648377825365,-0.5183683358082017,0.079448454
2020-06-08,T3,998.1889219703473,0.5812904711071876,0.013000000000000001,0.2648377825365,-0.5562977845961727,0.079448454
2020-06-09,T3,998.0711075198806,0.5930246833103614,0.013000000000000001,0.2648377825365,-0.5942327893129898,0.079448454
2020-06-10,T3,999.4608563268657,0.45460696506214315,0.013000000000000001,0.2648377825365,-0.6322958033478019,0.079448454
2020-06-11,T3,991.5598611143695,1.2415389082355954,0.013000000000000001,0.2648377825365,-0.670259629374006,0.079448454
2020-06-12,T3,994.0066524789157,0.9978407118366062,0.013000000000000001,0.2648377825365,-0.6895315269577056,0.079448454
2020-06-13,T3,994.0661293484533,0.9919168696799763,0.013000000000000001,0.2648377825365,-0.7082636153901034,0.079448454
2020-06-14,T3,992.3118424768082,1.1666422478961214,0.013000000000000001,0.2648377825365,-0.7414919150750288,0.079448454
2020-06-15,T3,993.4169155265639,1.0565779763702432,0.013000000000000001,0.2648377825365,-0.726699487009396,0.079448454
2020-06-16,T3,994.7111240590946,0.9276759826359338,0.013000000000000001,0.2648377825365,-0.732701543428744,0.079448454
2020-06-17,T3,993.9158130078158,1.006888240608228,0.013000000000000001,0.2648377825365,-0.7412014437375763,0.079448454
2020-06-18,T3,992.9234983550406,1.1057218782634992,0.013000000000000001,0.2648377825365,-0.7239711859826957,0.079448454
2020-06-19,T3,991.9327636659375,1.2043981529728076,0.013000000000000001,0.2648377825365,-0.7383232451357774,0.079448454
2020-06-20,T3,992.5253814401392,1.1453739612008573,0.013000000000000001,0.2648377825365,-0.7639048138640119,0.079448454
2020-06-21,T3,991.6848268239485,1.2290924371235135,0.013000000000000001,0.2648377825365,-0.7707977800646021,0.079448454
2020-06-22,T3,1000.3058343743874,0.3704479193986976,0.023,0.311446522799,-0.8194079382334929,0.093428979
2020-06-23,T3,998.8076770798284,0.5196630244935774,0.023,0.311446522799,-0.8911340437425007,0.093428979
2020-06-24,T3,991.2584357398783,1.2715606016160619,0.023,0.311446522799,-0.9592648191325363,0.093428979
2020-06-25,T3,990.0652197621943,1.390403828664144,0.023,0.311446522799,-1.0229907687465534,0.093428979
2020-06-26,T3,987.9981656412019,1.5962805406895542,0.023,0.311446522799,-1.0850519236788294,0.093428979
2020-06-27,T3,984.507463623771,1.9439512894671052,0.023,0.311446522799,-1.1482301342798384,0.093428979
2020-06-28,T3,986.8066232913245,1.7149570759289912,0.023,0.311446522799,-1.1999664794862916,0.093428979
2020-06-29,T3,988.3935719801339,1.5568984286555287,0.023,0.311446522799,-1.2628433426969736,0.093428979
2020-06-30,T3,987.1815926538095,1.677610468177082,0.023,0.311446522799,-1.3260917273712085,0.093428979
2020-07-01,T3,989.2904349463935,1.4675716922359583,0.023,0.311446522799,-1.3894191932173725,0.093428979
2020-07-02,T3,984.1520871295571,1.979346465344134,0.035,0.366814126694,-1.4745471700987236,0.110036769
2020-07-03,T3,983.1798592364571,2.076179479989504,0.035,0.366814126694,-1.5700641963489288,0.110036769
2020-07-04,T3,985.6486794680161,1.8302872284546634,0.035,0.366814126694,-1.6652666557399538,0.110036769
2020-07-05,T3,983.3120178832721,2.0630165988652527,0.035,0.366814126694,-1.7605715288337687,0.110036769
2020-07-06,T3,992.716984120955,1.126290508309613,0.035,0.366814126694,-1.8570828235508439,0.110036769
2020-07-07,T3,989.6022558270931,1.436514615883988,0.035,0.366814126694,-1.954658435512854,0.110036769
2020-07-08,T3,995.7501542757225,0.824189517273477,0.035,0.366814126694,-2.052491399083469,0.110036769
2020-07-09,T3,988.5871757595266,1.5376156681645048,0.035,0.366814126694,-2.150661076079349,0.110036769
2020-07-10,T3,990.3768180106613,1.3593689262802355,0.035,0.366814126694,-2.247381586094639,0.110036769
2020-07-11,T3,988.4152066038887,1.5547436397899128,0.035,0.366814126694,-2.344622027067349,0.110036769
2020-07-12,T3,990.6294644853386,1.3342055669936292,0.035,0.366814126694,-2.4415914083673638,0.110036769
2020-07-13,T3,988.4996119572163,1.5463369433014296,0.035,0.366814126694,-2.539107520239634,0.110036769
2020-07-14,T3,988.8673382122615,1.5097117424683892,0.035,0.366814126694,-2.6358614936445695,0.110036769
2020-07-15,T3,986.1944388073633,1.7759300942118417,0.044,0.4084816458845,-2.749379001312302,0.12253515
2020-07-16,T3,983.2304070529835,2.0711449633985524,0.044,0.4084816458845,-2.870149973572174,0.12253515
2020-07-17,T3,984.0087577657878,1.9936219397256982,0.044,0.4084816458845,-2.990680637127894,0.12253515
2020-07-18,T3,984.5435396036678,1.9403581546532545,0.044,0.4084816458845,-3.11149500116789,0.12253515
2020-07-19,T3,986.1059571785419,1.7847427840352093,0.044,0.4084816458845,-3.232258632373778,0.12253515
2020-07-20,T3,983.9232559975419,2.0021378381436694,0.044,0.4084816458845,-3.3535304064138542,0.12253515
2020-07-21,T3,993.8557577375219,1.0128696909545654,0.044,0.4084816458845,-3.4759099006338703,0.12253515
2020-07-22,T3,999.3867115894877,0.46199171352632185,0.044,0.4084816458845,-3.5992330687080427,0.12253515
2020-07-23,T3,1003.1516391825476,0.08700834661730106,0.044,0.4084816458845,-3.7247839506080904,0.12253515
2020-07-24,T3,1000.0560243778448,0.3953287680407147,0.044,0.4084816458845,-3.850906283430862,0.12253515
2020-07-25,T3,1007.0430518201224,0.0635863181982832,0.044,0.4084816458845,-3.977194865913166,0.12253515
2020-07-26,T3,1016.736623467459,0.33420639649043293,0.044,0.4084816458845,-4.349457663616557,0.12253515
2020-07-27,T3,1064.9727426351105,0.7977924623448485,0.044,0.4084816458845,-5.179300569004901,0.12253515
2020-07-28,T3,1064.6140883640771,0.831201106533519,0.019,0.548181937697,-6.316938173226002,0.164451525
2020-07-29,T3,1067.8341234082636,0.5312548525650662,0.019,0.548181937697,-6.764663129039402,0.164451525
2020-07-30,T3,1067.3877680910616,0.5728328489211454,0.019,0.548181937697,-7.190394815491501,0.164451525
2020-07-31,T3,1071.4517700501567,0.19427107955413137,0.019,0.548181937697,-7.52955648714645,0.164451525
2020-08-01,T3,1079.9994538853507,0.0685996077669615,0.019,0.548181937697,-7.766332651952337,0.164451525
2020-08-02,T3,1065.8086991807484,1.6519226864443404,0.019,0.548181937697,-8.124324643354933,0.164451525
2020-08-03,T3,1068.3985474362246,1.412943030286773,0.019,0.548181937697,-8.371179101078596,0.164451525
2020-08-04,T3,1067.6207388429264,1.4847157412128942,0.019,0.548181937697,-8.585654670686957,0.164451525
2020-08-05,T3,1078.04900017807,0.5224422555273223,0.019,0.548181937697,-8.699716359233312,0.164451525
2020-08-06,T3,1078.1307646739197,0.5148973922085021,0.019,0.548181937697,-8.95333208991339,0.164451525
2020-08-07,T3,1074.6461687667106,0.836440374501779,0.019,0.548181937697,-9.12467777059248,0.164451525
2020-08-08,T3,1077.8337466683213,0.5423048901962324,0.019,0.548181937697,-9.191039868981582,0.164451525
2020-08-09,T3,1076.192146089783,0.6937844762984757,0.019,0.548181937697,-9.292310447520183,0.164451525
2020-08-10,T3,1079.7866003712265,0.3621042527807039,0.019,0.548181937697,-9.683252613326514,0.164451525
2020-08-11,T3,1070.0166786570876,1.2636290919268878,0.019,0.548181937697,-9.894887880215174,0.164451525
2020-08-12,T3,1073.259549578391,0.9643914141603371,0.019,0.548181937697,-9.96029695891195,0.164451525
2020-08-13,T3,1076.6039535570271,0.655784718313801,0.014,0.5772775477007499,-10.014508888911951,0.1731815175
2020-08-14,T3,1076.1800146893238,0.6949039078730124,0.014,0.5772775477007499,-10.16085823517514,0.1731815175
2020-08-15,T3,1077.3606320844187,0.5859617957099439,0.014,0.5772775477007499,-10.274765229980359,0.1731815175
2020-08-16,T3,1078.0601474631658,0.5214136337331143,0.014,0.5772775477007499,-10.434179329913185,0.1731815175
2020-08-17,T3,1083.0557043579315,0.19141701797212862,0.014,0.5772775477007499,-10.693270336447386,0.1731815175
2020-08-18,T3,1077.8695563223105,0.6693445008223553,0.014,0.5772775477007499,-11.20161461248856,0.1731815175
2020-08-19,T3,1074.8149464353048,0.9508409032310094,0.014,0.5772775477007499,-11.46152821371416,0.1731815175
2020-08-20,T3,1076.0917590275571,0.8331767285689518,0.014,0.5772775477007499,-11.550711907241702,0.1731815175
2020-08-21,T3,1071.522183930343,1.254284168793618,0.014,0.5772775477007499,-11.600305137635807,0.1731815175
2020-08-22,T3,1073.341256599244,1.0866482247754328,0.014,0.5772775477007499,-11.648892401195033,0.1731815175
2020-08-23,T3,1072.9684491500925,1.121004152245486,0.022,0.6238845377007499,-11.716438779306374,0.18716151749999999
2020-08-24,T3,1075.1314906676193,0.9216698909263576,0.022,0.6238845377007499,-11.79383327717953,0.18716151749999999
2020-08-25,T3,1065.5992940171252,1.800105816764419,0.022,0.6238845377007499,-11.952269927673784,0.18716151749999999
2020-08-26,T3,1068.502603517135,1.5325524434815385,0.022,0.6238845377007499,-12.068284720043895,0.18716151749999999
2020-08-27,T3,1065.4565517475899,1.8132601758584554,0.022,0.6238845377007499,-12.143532007229163,0.18716151749999999
2020-08-28,T3,1069.7549173890438,1.417145938995179,0.022,0.6238845377007499,-12.218866555755016,0.18716151749999999
2020-08-29,T3,1068.3630384929118,1.5454140047525988,0.022,0.6238845377007499,-12.294958532187202,0.18716151749999999
2020-08-30,T3,1073.6925456010736,1.05427532156398,0.022,0.6238845377007499,-12.37125834372535,0.18716151749999999
2020-08-31,T3,1072.3393942935006,1.1789744612533792,0.022,0.6238845377007499,-12.462568201638318,0.18716151749999999
2020-09-01,T3,1078.1962308954894,0.6392399308412844,0.022,0.6238845377007499,-12.672699235389654,0.18716151749999999
2020-09-02,T3,1066.0542498136542,1.758179539853355,0.022,0.6238845377007499,-12.961958095664718,0.18716151749999999
2020-09-03,T3,1038.5238783559566,4.295230361067226,0.022,0.6238845377007499,-13.11586558884216,0.18716151749999999
2020-09-04,T3,1044.128838325391,3.7787074251099617,0.016,0.6547869816387499,-13.171336789390047,0.19643364149999998
2020-09-05,T3,1039.5733771956006,4.198514198080716,0.016,0.6547869816387499,-13.221146552460127,0.19643364149999998
2020-09-06,T3,1040.9460445816005,4.072016561670122,0.016,0.6547869816387499,-13.27006950390027,0.19643364149999998
2020-09-07,T3,1042.8108073926587,3.900170060127861,0.016,0.6547869816387499,-13.318899525482111,0.19643364149999998
2020-09-08,T3,1038.8154745659579,4.268358424188968,0.016,0.6547869816387499,-13.368091099223006,0.19643364149999998
2020-09-09,T3,1040.2237747834997,4.13857705785613,0.016,0.6547869816387499,-13.416999701681053,0.19643364149999998
2020-09-10,T3,1042.0458305132931,3.970666211005669,0.016,0.6547869816387499,-13.466461166287628,0.19643364149999998
2020-09-11,T3,1042.810811154959,3.900169713414514,0.016,0.6547869816387499,-13.515925634221563,0.19643364149999998
2020-09-12,T3,1043.5740348846714,3.8298351233704953,0.016,0.6547869816387499,-13.565670952349276,0.19643364149999998
2020-09-13,T3,1041.754761669412,3.997489548661448,0.016,0.6547869816387499,-13.615687707448796,0.19643364149999998
2020-09-14,T3,1047.1275955589097,3.502358102558678,0.016,0.6547869816387499,-13.650329683711085,0.19643364149999998
2020-09-15,T3,1048.9886203740032,3.3308560746006743,0.016,0.6547869816387499,-13.598629002857574,0.19643364149999998
2020-09-16,T3,1051.7247680742032,3.0787074328570863,0.016,0.6547869816387499,-13.571121302657575,0.19643364149999998
2020-09-17,T3,1051.498357513749,3.0995722112061364,0.016,0.6547869816387499,-13.575451863111748,0.19643364149999998
2020-09-18,T3,1051.3371941417347,3.1144241599328937,0.016,0.6547869816387499,-13.610375235125947,0.19643364149999998
2020-09-19,T3,1053.7626142255608,2.8909105024831683,0.016,0.6547869816387499,-13.560846001699888,0.19643364149999998
2020-09-20,T3,1051.2227757486978,3.1249683430530584,0.016,0.6547869816387499,-13.51826110624291,0.19643364149999998
2020-09-21,T3,1043.2567615292667,3.859073327733842,0.016,0.6547869816387499,-13.500775176713919,0.19643364149999998
2020-09-22,T3,1044.949435048816,3.7030856488382558,0.016,0.6547869816387499,-13.550755636364606,0.19643364149999998
2020-09-23,T3,1040.3677243329198,4.125311442347435,0.016,0.6547869816387499,-13.54448504394083,0.19643364149999998
2020-09-24,T3,1052.4961119022014,3.007624538270348,0.026000000000000002,0.7062285467162499,-13.572765754581615,0.21186379649999998
2020-09-25,T3,1051.4208683989525,3.106713190855881,0.026000000000000002,0.7062285467162499,-13.542749257830637,0.21186379649999998
2020-09-26,T3,1052.4554002420023,3.011376305699276,0.026000000000000002,0.7062285467162499,-13.626217414780816,0.21186379649999998
2020-09-27,T3,1053.4439406036731,2.920277747867106,0.026000000000000002,0.7062285467162499,-13.709794014869878,0.21186379649999998
2020-09-28,T3,1051.3381753628598,3.1143337358764955,0.026000000000000002,0.7062285467162499,-13.79434525308332,0.21186379649999998
2020-09-29,T3,1055.0761967251647,2.7698578111138183,0.026000000000000002,0.7062285467162499,-13.877900931618324,0.21186379649999998
2020-09-30,T3,1053.328447509791,2.930920969631423,0.026000000000000002,0.7062285467162499,-13.961910146992071,0.21186379649999998
2020-10-01,T3,1049.1276131306083,3.318047250432432,0.026000000000000002,0.7062285467162499,-14.038663657734732,0.21186379649999998
2020-10-02,T3,1047.8265690808269,3.4379444657680724,0.026000000000000002,0.7062285467162499,-14.06075258045615,0.21186379649999998
2020-10-03,T3,1047.037281348254,3.510680973997704,0.026000000000000002,0.7062285467162499,-14.142296308528984,0.21186379649999998
2020-10-04,T3,1050.2488025523298,3.214724469354613,0.026000000000000002,0.7062285467162499,-14.148238866433383,0.21186379649999998
2020-10-05,T3,1053.5078783433862,2.914385589989954,0.026000000000000002,0.7062285467162499,-14.094219313396895,0.21186379649999998
2020-10-06,T3,1048.545191592792,3.3717200838368155,0.026000000000000002,0.7062285467162499,-14.090074434491136,0.21186379649999998
2020-10-07,T3,1050.3047317239007,3.2095703380025653,0.026000000000000002,0.7062285467162499,-14.093404749082266,0.21186379649999998
2020-10-08,T3,1056.9418466317259,2.5979295596257557,0.026000000000000002,0.7062285467162499,-14.134891025057087,0.21186379649999998
2020-10-09,T3,1060.3166587384296,2.2869250444883082,0.026000000000000002,0.7062285467162499,-14.209421578493204,0.21186379649999998
2020-10-10,T3,1066.5518730729161,1.7123212592811021,0.026000000000000002,0.7062285467162499,-14.297255023106718,0.21186379649999998
2020-10-11,T3,1068.4159049867342,1.5405421132936303,0.026000000000000002,0.7062285467162499,-14.38579267004867,0.21186379649999998
2020-10-12,T3,1072.5076401334945,1.1634698304067492,0.026000000000000002,0.7062285467162499,-14.474962453568395,0.21186379649999998
2020-10-13,T3,1069.5306182662744,1.437816138614323,0.026000000000000002,0.7062285467162499,-14.564319390508444,0.21186379649999998
2020-10-14,T3,1068.9362123335873,1.4925933893308763,0.032,0.7406607507722499,-14.66674500713958,0.22219190849999998
2020-10-15,T3,1072.596075954124,1.1553200612800407,0.042,0.79762369393225,-14.799012123442884,0.23927822849999997
2020-10-16,T3,1064.6940638309159,1.8835269573341695,0.042,0.79762369393225,-14.942404837131107,0.23927822849999997
2020-10-17,T3,1066.2043774399376,1.74434458604118,0.042,0.79762369393225,-15.085184267889366,0.23927822849999997
2020-10-18,T3,1072.2000953780105,1.1918114993762274,0.042,0.79762369393225,-15.229054468136496,0.23927822849999997
2020-10-19,T3,1082.2705048492596,0.26377677749640505,0.042,0.79762369393225,-15.375055217267208,0.23927822849999997
2020-10-20,T3,1088.710632117889,0.222718359588836,0.042,0.79762369393225,-15.492393998317986,0.23927822849999997
2020-10-21,T3,1126.1789358048397,1.4879010176490959,0.042,0.79762369393225,-15.595652272727154,0.23927822849999997
2020-10-22,T3,1132.027310625181,0.9763165252827943,0.024,0.91375451169625,-15.711041448542005,0.2741227005
2020-10-23,T3,1130.871744945446,1.077399219163322,0.024,0.91375451169625,-15.804107842356997,0.2741227005
2020-10-24,T3,1135.243440141192,0.694986747972659,0.024,0.91375451169625,-15.897595663731131,0.2741227005
2020-10-25,T3,1133.08880355777,0.8834628112594944,0.024,0.91375451169625,-15.991369230032843,0.2741227005
2020-10-26,T3,1133.535845801674,0.8443579511163923,0.024,0.91375451169625,-16.08504698612898,0.2741227005
2020-10-27,T3,1147.4560069339468,0.18698770510400253,0.024,0.91375451169625,-16.166064672096034,0.2741227005
2020-10-28,T3,1138.4160251430828,1.2084453049402644,0.024,0.91375451169625,-16.242747164559944,0.2741227005
2020-10-29,T3,1143.084550952157,0.8033114060613467,0.024,0.91375451169625,-16.124341835645616,0.2741227005
2020-10-30,T3,1145.5476149455747,0.5895671193955287,0.024,0.91375451169625,-16.028397842228017,0.2741227005
2020-10-31,T3,1151.397877303983,0.30921746058210076,0.024,0.91375451169625,-15.923771979899776,0.2741227005
2020-11-01,T3,1150.652415566518,0.3737613210720081,0.024,0.91375451169625,-15.87239722128489,0.2741227005
2020-11-02,T3,1145.5410440076794,0.816316097830394,0.024,0.91375451169625,-15.91584125092329,0.2741227005
2020-11-03,T3,1157.0335106346988,0.0,0.024,0.91375451169625,-15.830662153104008,0.2741227005
2020-11-04,T3,1158.2032950613334,0.0,0.019,0.94823158935875,-15.734705973806907,0.2844673755
2020-11-05,T3,1185.8826026390507,0.0,0.019,0.94823158935875,-15.817709508609417,0.2844673755
2020-11-06,T3,1187.2186201148197,0.3270647788129022,0.013000000000000001,0.99584605611725,-15.963763149521968,0.2987538585
2020-11-07,T3,1177.014106687577,1.1837846689532139,0.013000000000000001,0.99584605611725,-16.162113397804845,0.2987538585
2020-11-08,T3,1185.5144592113559,0.47013760167766705,0.013000000000000001,0.99584605611725,-16.220744378135976,0.2987538585
2020-11-09,T3,1183.4737700632772,0.641463652176566,0.013000000000000001,0.99584605611725,-16.280265448624714,0.2987538585
2020-11-10,T3,1183.0843419166636,0.6741580909034206,0.013000000000000001,0.99584605611725,-16.339766484738426,0.2987538585
2020-11-11,T3,1188.1308935533912,0.25047486537476127,0.013000000000000001,0.99584605611725,-16.40004653199085,0.2987538585
2020-11-12,T3,1195.8892440181232,0.0,0.013000000000000001,0.99584605611725,-16.462028705168773,0.2987538585
2020-11-13,T3,1196.200439434745,0.1240409259993247,0.013000000000000001,0.99584605611725,-16.52527533639697,0.2987538585
2020-11-14,T3,1192.7436085978266,0.41266671463133786,0.013000000000000001,0.99584605611725,-16.576268221305543,0.2987538585
2020-11-15,T3,1191.2712139760765,0.535603323024636,0.013000000000000001,0.99584605611725,-16.638816109305544,0.2987538585
2020-11-16,T3,1200.9664101767537,0.13147874311540964,0.013000000000000001,0.99584605611725,-16.702035564318418,0.2987538585
2020-11-17,T3,1213.4992638598374,0.15854443933359663,0.013000000000000001,0.99584605611725,-16.7680362255448,0.2987538585
2020-11-18,T3,1214.7702453620068,0.6666213369207252,0.013000000000000001,0.99584605611725,-17.0018283719352,0.2987538585
2020-11-19,T3,1214.9054464463818,0.6555657644277679,0.013000000000000001,0.99584605611725,-17.204993639000165,0.2987538585
2020-11-20,T3,1225.6947591090307,0.036132592999049695,0.013000000000000001,0.99584605611725,-17.477510976351436,0.2987538585
2020-11-21,T3,1226.2808441745528,0.16863333276406767,0.013000000000000001,0.99584605611725,-17.671424161289025,0.2987538585
2020-11-22,T3,1221.9948541710535,0.5175552307159714,0.013000000000000001,0.99584605611725,-18.234865914328473,0.2987538585
2020-11-23,T3,1220.6830511623712,0.6243489458564122,0.013000000000000001,0.99584605611725,-18.918118923010873,0.2987538585
2020-11-24,T3,1230.5088558268797,0.24238206318113464,0.013000000000000001,0.99584605611725,-19.388184258502573,0.2987538585
2020-11-25,T3,1224.3383592992868,0.742625545513842,0.013000000000000001,0.99584605611725,-19.87952805164533,0.2987538585
2020-11-26,T3,1203.5078831060462,2.43135673642505,0.013000000000000001,0.99584605611725,-20.05921697933599,0.2987538585
2020-11-27,T3,1203.2336672391195,2.4535874758102594,0.013000000000000001,0.99584605611725,-20.12691947998256,0.2987538585
2020-11-28,T3,1210.7747538515591,1.8422299601370429,0.013000000000000001,0.99584605611725,-20.19409114750291,0.2987538585
2020-11-29,T3,1216.6433296874511,1.3664632533003318,0.013000000000000001,0.99584605611725,-20.26385039793105,0.2987538585
2020-11-30,T3,1236.496377255649,0.0,0.013000000000000001,0.99584605611725,-20.38582282973305,0.2987538585
2020-12-01,T3,1227.210270535731,0.7510015306739448,0.009000000000000001,1.03501352011625,-20.59969492616179,0.3105058605
2020-12-02,T3,1231.182663725966,0.429739514601446,0.009000000000000001,1.03501352011625,-20.650814997196658,0.3105058605
2020-12-03,T3,1233.0314735715497,0.28021947721266205,0.009000000000000001,1.03501352011625,-20.730157047833135,0.3105058605
2020-12-04,T3,1226.0254882200559,0.8468192247220951,0.009000000000000001,1.03501352011625,-20.786792399327048,0.3105058605
2020-12-05,T3,1230.3304414768443,0.49866185556399767,0.009000000000000001,1.03501352011625,-20.837814750468453,0.3105058605
2020-12-06,T3,1232.3094644407447,0.3386110054116709,0.009000000000000001,1.03501352011625,-20.88957617863798,0.3105058605
2020-12-07,T3,1230.4498610492049,0.48900395647450967,0.009000000000000001,1.03501352011625,-20.94174902563798,0.3105058605
2020-12-08,T3,1222.7460035276263,1.1120431875862868,0.009000000000000001,1.03501352011625,-20.993164526906508,0.3105058605
2020-12-09,T3,1224.6524495723995,0.9578618992427956,0.009000000000000001,1.03501352011625,-21.042301046983418,0.3105058605
2020-12-10,T3,1221.9689194548655,1.174888828467613,0.009000000000000001,1.03501352011625,-21.091812400207342,0.3105058605
2020-12-11,T3,1219.8884107963358,1.3431471991995458,0.009000000000000001,1.03501352011625,-21.140559823047305,0.3105058605
2020-12-12,T3,1226.8924515255967,0.7767047204269018,0.009000000000000001,1.03501352011625,-21.160389093786478,0.3105058605
2020-12-13,T3,1230.2176201885138,0.5077861272081097,0.009000000000000001,1.03501352011625,-21.211926353509384,0.3105058605
2020-12-14,T3,1231.0226933318904,0.44267690746552235,0.009000000000000001,1.03501352011625,-21.26370338747265,0.3105058605
2020-12-15,T3,1232.3618680755117,0.33437293114546573,0.009000000000000001,1.03501352011625,-21.31579254387132,0.3105058605
2020-12-16,T3,1249.5378076973896,0.022092888699731805,0.009000000000000001,1.03501352011625,-21.436412921993384,0.3105058605
2020-12-17,T3,1262.6261389989393,0.5644458345414161,0.009000000000000001,1.03501352011625,-21.613541620443883,0.3105058605
2020-12-18,T3,1265.089275420798,0.37046653415497843,0.009000000000000001,1.03501352011625,-21.87476922089511,0.3105058605
2020-12-19,T3,1271.3996018509379,0.11568751906613217,0.009000000000000001,1.03501352011625,-22.123578768445476,0.3105058605
2020-12-20,T3,1267.7230593240554,0.511468262057635,0.009000000000000001,1.03501352011625,-22.45491129532802,0.3105058605
2020-12-21,T3,1260.7340637927905,1.0599515436501616,0.009000000000000001,1.03501352011625,-22.657906826593,0.3105058605
2020-12-22,T3,1270.555126705005,0.2892129173738822,0.009000000000000001,1.03501352011625,-22.740713914378144,0.3105058605
2020-12-23,T3,1265.220533212081,0.7078618250562774,0.009000000000000001,1.03501352011625,-22.807764260022545,0.3105058605
2020-12-24,T3,1269.6065440329944,0.3636559091426905,0.009000000000000001,1.03501352011625,-22.906476586388823,0.3105058605
2020-12-25,T3,1278.3093123746032,0.0,0.009000000000000001,1.03501352011625,-23.042854673599997,0.3105058605
2020-12-26,T3,1294.1795877659588,0.15629436751875003,0.009000000000000001,1.03501352011625,-23.126026896474475,0.3105058605
2020-12-27,T3,1292.112388815358,1.0761391643285156,0.009000000000000001,1.03501352011625,-23.412437563065282,0.3105058605
2020-12-28,T3,1298.978291261829,0.5504870739954759,0.009000000000000001,1.03501352011625,-23.776019353564088,0.3105058605
2020-12-29,T3,1301.3790904396483,0.3666823788182061,0.009000000000000001,1.03501352011625,-24.080140179734943,0.3105058605
2020-12-30,T3,1314.4375289562352,0.0,0.009000000000000001,1.03501352011625,-24.556999352828086,0.3105058605
2020-12-31,T3,1314.4314146768568,0.18361743783199547,0.009000000000000001,1.03501352011625,-24.949389111146434,0.3105058605
2021-01-01,T3,1317.745588779091,0.11222841729177091,0.009000000000000001,1.03501352011625,-25.16824184029222,0.3105058605
2021-01-02,T3,1343.074600952126,0.605086968310875,0.009000000000000001,1.03501352011625,-25.578329667257023,0.3105058605
2021-01-03,T3,1347.551148308176,0.5574677481770318,0.005,1.0999556573342502,-26.395564609989226,0.3299914245
2021-01-04,T3,1341.7041840970408,0.9889444515816082,0.005,1.0999556573342502,-27.13612882112444,0.3299914245
2021-01-05,T3,1351.1208932898387,0.29403842980536554,0.005,1.0999556573342502,-27.45141962832644,0.3299914245
2021-01-06,T3,1364.438320417825,0.0,0.005,1.0999556573342502,-28.29069250034013,0.3299914245
2021-01-07,T3,1377.2390796742202,0.1137864254651011,0.005,1.0999556573342502,-28.933483243944746,0.3299914245
2021-01-08,T3,1382.0183960786514,0.34363783480053645,0.005,1.0999556573342502,-29.803899637463523,0.3299914245
2021-01-09,T3,1379.0676768615117,0.5564120958273411,0.005,1.0999556573342502,-30.362786056653345,0.3299914245
2021-01-10,T3,1368.7330065523813,1.3016378106998294,0.005,1.0999556573342502,-31.00775636578389,0.3299914245
2021-01-11,T3,1354.4068668163109,2.3346855429283053,0.005,1.0999556573342502,-31.39767175035439,0.3299914245
2021-01-12,T3,1347.4034509275916,2.8396968743114814,0.005,1.0999556573342502,-31.642722681223432,0.3299914245
2021-01-13,T3,1363.8730818568297,1.6520835188971295,0.005,1.0999556573342502,-31.829762895835223,0.3299914245
2021-01-14,T3,1372.2592180889087,1.0473652084302953,0.005,1.0999556573342502,-32.25069482925609,0.3299914245
2021-01-15,T3,1359.8001937874715,1.9457765765655055,0.005,1.0999556573342502,-32.69463107409339,0.3299914245
2021-01-16,T3,1355.950587726278,2.2233689276631385,0.005,1.0999556573342502,-32.90107519188689,0.3299914245
2021-01-17,T3,1355.0241599326578,2.2901729759904788,0.005,1.0999556573342502,-33.031233846607016,0.3299914245
2021-01-18,T3,1358.6479150311595,2.0288665769447434,0.005,1.0999556573342502,-33.40835384410535,0.3299914245
2021-01-19,T3,1354.1818241985907,2.350913205800065,0.005,1.0999556573342502,-34.0781387195741,0.3299914245
2021-01-20,T3,1351.950780063375,2.5117922092753098,0.005,1.0999556573342502,-34.296732854789845,0.3299914245
2021-01-21,T3,1328.4993978932832,4.2028546737464145,0.005,1.0999556573342502,-34.49702385908142,0.3299914245
2021-01-22,T3,1339.0831506804775,3.4396677987957647,0.005,1.0999556573342502,-34.54411223768684,0.3299914245
2021-01-23,T3,1334.5482969582772,3.766672870644372,0.005,1.0999556573342502,-34.59661595988708,0.3299914245
2021-01-24,T3,1335.282224530462,3.7137498761718013,0.005,1.0999556573342502,-34.70240444635265,0.3299914245
2021-01-25,T3,1335.1512491030717,3.723194420950493,0.005,1.0999556573342502,-34.87887810704282,0.3299914245
2021-01-26,T3,1336.137547113267,3.6520731739499324,0.005,1.0999556573342502,-34.932365804897444,0.3299914245
2021-01-27,T3,1325.5944629071898,4.412327466483401,0.005,1.0999556573342502,-34.979650010974645,0.3299914245
2021-01-28,T3,1340.4558683826078,3.340682103046533,0.005,1.0999556573342502,-35.045972717106785,0.3299914245
2021-01-29,T3,1344.457258085802,3.0521447416358094,0.005,1.0999556573342502,-35.47715483236244,0.3299914245
2021-01-30,T3,1344.427483554096,3.0542917619095,0.005,1.0999556573342502,-35.69062936406844,0.3299914245
2021-01-31,T3,1338.3858785525001,3.489947595295273,0.005,1.0999556573342502,-35.935123350714264,0.3299914245
2021-02-01,T3,1340.2524663282884,3.355349280305475,0.005,1.0999556573342502,-36.13264658987627,0.3299914245
2021-02-02,T3,1349.7797453959386,2.6683439727721914,0.005,1.0999556573342502,-36.48251752222593,0.3299914245
2021-02-03,T3,1360.0238374217904,1.9296497933903534,0.005,1.0999556573342502,-36.90546607067408,0.3299914245
2021-02-04,T3,1356.4238089597616,2.189245281579899,0.005,1.0999556573342502,-37.21424741870298,0.3299914245
2021-02-05,T3,1362.6457540743859,1.7405852510952502,0.005,1.0999556573342502,-37.64846437157876,0.3299914245
2021-02-06,T3,1366.8651341487248,1.4363287592901952,0.005,1.0999556573342502,-38.06197876943989,0.3299914245
2021-02-07,T3,1364.191237017208,1.6291415768959538,0.005,1.0999556573342502,-38.69601519130639,0.3299914245
2021-02-08,T3,1401.2799325694364,0.0,0.005,1.0999556573342502,-39.46998034872826,0.3299914245
2021-02-09,T3,1402.1401252578833,0.2647020998216343,0.002,1.1702606400047502,-40.10305469123084,0.35108608350000003
2021-02-10,T3,1398.458685818335,0.526565698609438,0.002,1.1702606400047502,-40.482097458159224,0.35108608350000003
2021-02-11,T3,1404.5612170469112,0.09248799192141943,0.002,1.1702606400047502,-40.79264808658285,0.35108608350000003
2021-02-12,T3,1402.83807665277,0.21505628408972077,0.002,1.1702606400047502,-41.13484662372394,0.35108608350000003
2021-02-13,T3,1402.1828390994845,0.2616638316487063,0.002,1.1702606400047502,-41.47234417700974,0.35108608350000003
2021-02-14,T3,1404.715630330832,0.1329257795147365,0.002,1.1702606400047502,-41.84084601318233,0.35108608350000003
2021-02-15,T3,1403.1134312191741,0.24683277545402005,0.002,1.1702606400047502,-42.059332057320134,0.35108608350000003
2021-02-16,T3,1405.239832341014,0.09565807925780989,0.002,1.1702606400047502,-42.41561093548013,0.35108608350000003
2021-02-17,T3,1410.8367437669892,0.03569063950222828,0.002,1.1702606400047502,-42.76439950950494,0.35108608350000003
2021-02-18,T3,1409.2393134234414,0.1488759685275287,0.002,1.1702606400047502,-43.192949853052745,0.35108608350000003
2021-02-19,T3,1417.6642548701373,0.0,0.002,1.1702606400047502,-43.51368914781674,0.35108608350000003
2021-02-20,T3,1417.1297234901585,0.21134289804373152,0.002,1.1702606400047502,-43.95527978633541,0.35108608350000003
2021-02-21,T3,1419.8287878574326,0.11678977429749882,0.002,1.1702606400047502,-44.323135419061245,0.35108608350000003
2021-02-22,T3,1412.796675141457,0.6114902612488704,0.002,1.1702606400047502,-44.644357546836844,0.35108608350000003
2021-02-23,T3,1402.366318689414,1.3452530185180445,0.002,1.1702606400047502,-44.71371568053986,0.35108608350000003
2021-02-24,T3,1403.8097254961108,1.243711123644875,0.002,1.1702606400047502,-44.812617780383164,0.35108608350000003
2021-02-25,T3,1398.525194725869,1.6154713685296085,0.002,1.1702606400047502,-44.88326599834515,0.35108608350000003
2021-02-26,T3,1396.9393464073619,1.7270338486949366,0.002,1.1702606400047502,-44.91119708905222,0.35108608350000003
2021-02-27,T3,1396.4569599599215,1.7609691424090634,0.002,1.1702606400047502,-44.990563348692355,0.35108608350000003
2021-02-28,T3,1394.5521753164742,1.8949684010543644,0.002,1.1702606400047502,-45.041422313139954,0.35108608350000003
2021-03-01,T3,1403.2972693567772,1.2797617832273955,0.002,1.1702606400047502,-45.075811253836996,0.35108608350000003
2021-03-02,T3,1400.9941174220605,1.441785691211539,0.002,1.1702606400047502,-45.10513969067395,0.35108608350000003
2021-03-03,T3,1404.7826693781176,1.175265717314622,0.002,1.1702606400047502,-45.170553898376745,0.35108608350000003
2021-03-04,T3,1400.75452503267,1.4586407213409647,0.002,1.1702606400047502,-45.2004534100045,0.35108608350000003
2021-03-05,T3,1401.5326499546593,1.4039005894112555,0.002,1.1702606400047502,-45.22919332183525,0.35108608350000003
2021-03-06,T3,1401.7008530579312,1.3920677078212984,0.002,1.1702606400047502,-45.25817021856339,0.35108608350000003
2021-03-07,T3,1405.8602215347196,1.0994612474324095,0.002,1.1702606400047502,-45.295781741775016,0.35108608350000003
2021-03-08,T3,1408.7027574232811,0.8994923412097511,0.002,1.1702606400047502,-45.341225853213395,0.35108608350000003
2021-03-09,T3,1413.5307714607654,0.5598474874056514,0.002,1.1702606400047502,-45.523891571509154,0.35108608350000003
2021-03-10,T3,1415.3983591970073,0.42846498546647016,0.002,1.1702606400047502,-45.66746997264734,0.35108608350000003
2021-03-11,T3,1418.9512767600706,0.17852160151693441,0.002,1.1702606400047502,-45.98062651642392,0.35108608350000003
2021-03-12,T3,1417.6129578345904,0.27267069310178416,0.002,1.1702606400047502,-46.233240543564314,0.35108608350000003
2021-03-13,T3,1425.2781027030858,0.07312014556748458,0.002,1.1702606400047502,-46.42580057340899,0.35108608350000003
2021-03-14,T3,1420.558763561458,0.40399510569167907,0.002,1.1702606400047502,-46.766061481996786,0.35108608350000003
2021-03-15,T3,1413.544665125793,0.8957566575871101,0.002,1.1702606400047502,-47.002338153121585,0.35108608350000003
2021-03-16,T3,1418.7259916058745,0.5324915602845204,0.003,1.1973378609787502,-47.155085028266,0.3592080315
2021-03-17,T3,1424.5618805377503,0.12333479920513257,0.003,1.1973378609787502,-47.2882535697703,0.3592080315
2021-03-18,T3,1420.679200180769,0.3967444167737866,0.003,1.1973378609787502,-47.45120392675179,0.3592080315
2021-03-19,T3,1421.7502405785606,0.32165419903312786,0.003,1.1973378609787502,-47.58787352896032,0.3592080315
2021-03-20,T3,1421.6646020252176,0.32765828406182695,0.003,1.1973378609787502,-47.83877682297318,0.3592080315
2021-03-21,T3,1419.2721060906306,0.49539522567692007,0.003,1.1973378609787502,-47.98313801689044,0.3592080315
2021-03-22,T3,1409.1218715807986,1.2070241437210805,0.003,1.1973378609787502,-48.23524420197235,0.3592080315
2021-03-23,T3,1409.8305384410908,1.1573397910536576,0.003,1.1973378609787502,-48.38780566643039,0.3592080315
2021-03-24,T3,1403.4088105021165,1.6075645913535608,0.003,1.1973378609787502,-48.547289925074814,0.3592080315
2021-03-25,T3,1400.4341221899613,1.816118809785372,0.003,1.1973378609787502,-48.59684191755995,0.3592080315
2021-03-26,T3,1411.4668903693093,1.0426158059979818,0.003,1.1973378609787502,-48.65354373821201,0.3592080315
2021-03-27,T3,1413.9033230021291,0.8717984798857992,0.003,1.1973378609787502,-48.70303567121201,0.3592080315
2021-03-28,T3,1413.6572030844832,0.8890538497527634,0.003,1.1973378609787502,-48.753561348228146,0.3592080315
2021-03-29,T3,1419.230337565503,0.4983236004170277,0.003,1.1973378609787502,-48.81856110564825,0.3592080315
2021-03-30,T3,1422.3555829262777,0.27921388698565197,0.003,1.1973378609787502,-49.06837118124389,0.3592080315
2021-03-31,T3,1422.0311115592376,0.3019624459119963,0.003,1.1973378609787502,-49.43856254828427,0.3592080315
2021-04-01,T3,1421.5293806634295,0.33713860013654395,0.003,1.1973378609787502,-49.89157344409239,0.3592080315
2021-04-02,T3,1421.7452741476786,0.3220023935336158,0.003,1.1973378609787502,-50.3887199598432,0.3592080315
2021-04-03,T3,1415.559967090804,0.7556518195041106,0.003,1.1973378609787502,-50.87178406947798,0.3592080315
2021-04-04,T3,1418.6162553074307,0.5413766641151008,0.003,1.1973378609787502,-51.09106828802126,0.3592080315
2021-04-05,T3,1422.5456592508283,0.2658877112155511,0.004,1.2263312643370001,-51.34747868483526,0.367904748
2021-04-06,T3,1417.332451367779,0.6313836494384772,0.004,1.2263312643370001,-51.9070605500446,0.367904748
2021-04-07,T3,1408.772392877859,1.2315259570547021,0.004,1.2263312643370001,-52.28661992440453,0.367904748
2021-04-08,T3,1417.026995479738,0.6527990406697048,0.004,1.2263312643370001,-52.49555587736546,0.367904748
2021-04-09,T3,1417.0081371142978,0.6541211931954671,0.004,1.2263312643370001,-52.65307173912593,0.367904748
2021-04-10,T3,1423.0163762724264,0.44455634972353497,0.004,1.2263312643370001,-53.33219311407721,0.367904748
2021-04-11,T3,1423.319936752227,0.42331899873787604,0.004,1.2263312643370001,-54.030537644436635,0.367904748
2021-04-12,T3,1421.9287654847265,0.5206465313220998,0.004,1.2263312643370001,-54.74147850293677,0.367904748
2021-04-13,T3,1436.1298608779578,0.0,0.004,1.2263312643370001,-55.473980356585386,0.367904748
2021-04-14,T3,1432.8775839355949,0.493248932839796,0.004,1.2263312643370001,-56.24862005206819,0.367904748
2021-04-15,T3,1432.9871311318075,0.48564138443102367,0.004,1.2263312643370001,-56.924712855855574,0.367904748
2021-04-16,T3,1422.7157699524405,1.1989401277813894,0.005,1.2580644836060002,-57.92681227795368,0.377423286
2021-04-17,T3,1415.3827946334304,1.708181501804562,0.005,1.2580644836060002,-58.527487273713646,0.377423286
2021-04-18,T3,1395.3450295350128,3.0997120316590188,0.005,1.2580644836060002,-58.96464551038114,0.377423286
2021-04-19,T3,1392.6369593364054,3.2877750386781424,0.005,1.2580644836060002,-59.048672893988474,0.377423286
2021-04-20,T3,1396.5830914908443,3.0137343290095986,0.005,1.2580644836060002,-59.13136062489975,0.377423286
2021-04-21,T3,1383.2713010536993,3.938176885818223,0.005,1.2580644836060002,-59.21529517099473,0.377423286
2021-04-22,T3,1372.8381345043992,4.662712267139446,0.005,1.2580644836060002,-59.29659772599473,0.377423286
2021-04-23,T3,1369.7065783647188,4.880184422986944,0.005,1.2580644836060002,-59.461703865675005,0.377423286
2021-04-24,T3,1364.384557117779,5.249774295374243,0.005,1.2580644836060002,-59.59832511261501,0.377423286
2021-04-25,T3,1359.0220439395107,5.622176145962687,0.005,1.2580644836060002,-59.7735938467333,0.377423286
2021-04-26,T3,1383.6052644527954,3.9149846653578235,0.005,1.2580644836060002,-59.85131582579878,0.377423286
2021-04-27,T3,1385.8841540408534,3.756726275743272,0.003,1.3117090857085003,-59.911169013668236,0.39351908100000005
2021-04-28,T3,1385.304828442248,3.796957771283127,0.003,1.3117090857085003,-59.96026339104349,0.39351908100000005
2021-04-29,T3,1381.4103062474665,4.067414406871805,0.003,1.3117090857085003,-60.00917558582517,0.39351908100000005
2021-04-30,T3,1393.7739071891,3.208819244950323,0.003,1.3117090857085003,-60.05869064919163,0.39351908100000005
2021-05-01,T3,1394.1015391913556,3.1860667108499996,0.003,1.3117090857085003,-60.151372641935964,0.39351908100000005
2021-05-02,T3,1390.30289233945,3.4498652452973233,0.003,1.3117090857085003,-60.33278795866162,0.39351908100000005
2021-05-03,T3,1391.745875736479,3.3496566920391713,0.003,1.3117090857085003,-60.58159213475276,0.39351908100000005
2021-05-04,T3,1379.731021246661,4.184033018551814,0.003,1.3117090857085003,-60.79682910241097,0.39351908100000005
2021-05-05,T3,1392.2673739237225,3.313441043974197,0.003,1.3117090857085003,-60.95843028388936,0.39351908100000005
2021-05-06,T3,1388.7202538853605,3.559772199279987,0.003,1.3117090857085003,-61.35242794793146,0.39351908100000005
2021-05-07,T3,1391.2550704147652,3.383740861906692,0.003,1.3117090857085003,-61.546951418527,0.39351908100000005
2021-05-08,T3,1395.7045858216782,3.0747425029896025,0.003,1.3117090857085003,-61.81061601161399,0.39351908100000005
2021-05-09,T3,1393.472185259542,3.2297724437948316,0.003,1.3117090857085003,-62.08350220364997,0.39351908100000005
2021-05-10,T3,1385.9037996190104,3.7553619807908167,0.003,1.3117090857085003,-62.47317903780151,0.39351908100000005
2021-05-11,T3,1388.2291941917902,3.593874034101774,0.003,1.3117090857085003,-62.66773764150162,0.39351908100000005
2021-05-12,T3,1366.9358289247252,5.072600214737721,0.003,1.3117090857085003,-62.8201629085667,0.39351908100000005
2021-05-13,T3,1366.8099862216586,5.081339411071073,0.0,1.3861940762837504,-62.83750177155811,0.41586793050000004
2021-05-14,T3,1366.8099862216586,5.081339411071073,0.0,1.3861940762837504,-62.83750177155811,0.41586793050000004
2021-05-15,T3,1366.8099862216586,5.081339411071073,0.0,1.3861940762837504,-62.83750177155811,0.41586793050000004
2021-05-16,T3,1366.8099862216586,5.081339411071073,0.0,1.3861940762837504,-62.83750177155811,0.41586793050000004
2021-05-17,T3,1366.8099862216586,5.081339411071073,0.0,1.3861940762837504,-62.83750177155811,0.41586793050000004
2021-05-18,T3,1366.8099862216586,5.081339411071073,0.0,1.3861940762837504,-62.83750177155811,0.41586793050000004
2021-05-19,T3,1366.8099862216586,5.081339411071073,0.0,1.3861940762837504,-62.83750177155811,0.41586793050000004
2021-05-20,T3,1366.8099862216586,5.081339411071073,0.0,1.3861940762837504,-62.83750177155811,0.41586793050000004
2021-05-21,T3,1366.8099862216586,5.081339411071073,0.0,1.3861940762837504,-62.83750177155811,0.41586793050000004
2021-05-22,T3,1366.8099862216586,5.081339411071073,0.0,1.3861940762837504,-62.83750177155811,0.41586793050000004
2021-05-23,T3,1366.8099862216586,5.081339411071073,0.0,1.3861940762837504,-62.83750177155811,0.41586793050000004
2021-05-24,T3,1366.8099862216586,5.081339411071073,0.0,1.3861940762837504,-62.83750177155811,0.41586793050000004
2021-05-25,T3,1366.8099862216586,5.081339411071073,0.0,1.3861940762837504,-62.83750177155811,0.41586793050000004
2021-05-26,T3,1366.8099862216586,5.081339411071073,0.0,1.3861940762837504,-62.83750177155811,0.41586793050000004
2021-05-27,T3,1366.8099862216586,5.081339411071073,0.0,1.3861940762837504,-62.83750177155811,0.41586793050000004
2021-05-28,T3,1366.8099862216586,5.081339411071073,0.0,1.3861940762837504,-62.83750177155811,0.41586793050000004
2021-05-29,T3,1366.8099862216586,5.081339411071073,0.0,1.3861940762837504,-62.83750177155811,0.41586793050000004
2021-05-30,T3,1366.8099862216586,5.081339411071073,0.0,1.3861940762837504,-62.83750177155811,0.41586793050000004
2021-05-31,T3,1366.8099862216586,5.081339411071073,0.0,1.3861940762837504,-62.83750177155811,0.41586793050000004
2021-06-01,T3,1366.8099862216586,5.081339411071073,0.0,1.3861940762837504,-62.83750177155811,0.41586793050000004
2021-06-02,T3,1366.8099862216586,5.081339411071073,0.0,1.3861940762837504,-62.83750177155811,0.41586793050000004
2021-06-03,T3,1366.8099862216586,5.081339411071073,0.0,1.3861940762837504,-62.83750177155811,0.41586793050000004
2021-06-04,T3,1366.8099862216586,5.081339411071073,0.0,1.3861940762837504,-62.83750177155811,0.41586793050000004
2021-06-05,T3,1366.8099862216586,5.081339411071073,0.0,1.3861940762837504,-62.83750177155811,0.41586793050000004
2021-06-06,T3,1366.8099862216586,5.081339411071073,0.0,1.3861940762837504,-62.83750177155811,0.41586793050000004
2021-06-07,T3,1366.8099862216586,5.081339411071073,0.0,1.3861940762837504,-62.83750177155811,0.41586793050000004
2021-06-08,T3,1366.8099862216586,5.081339411071073,0.0,1.3861940762837504,-62.83750177155811,0.41586793050000004
2021-06-09,T3,1366.8099862216586,5.081339411071073,0.0,1.3861940762837504,-62.83750177155811,0.41586793050000004
2021-06-10,T3,1366.8099862216586,5.081339411071073,0.0,1.3861940762837504,-62.83750177155811,0.41586793050000004
2021-06-11,T3,1366.8099862216586,5.081339411071073,0.0,1.3861940762837504,-62.83750177155811,0.41586793050000004
2021-06-12,T3,1366.8099862216586,5.081339411071073,0.0,1.3861940762837504,-62.83750177155811,0.41586793050000004
2021-06-13,T3,1366.8099862216586,5.081339411071073,0.0,1.3861940762837504,-62.83750177155811,0.41586793050000004
2021-06-14,T3,1366.8099862216586,5.081339411071073,0.0,1.3861940762837504,-62.83750177155811,0.41586793050000004
2021-06-15,T3,1366.8099862216586,5.081339411071073,0.0,1.3861940762837504,-62.83750177155811,0.41586793050000004
2021-06-16,T3,1366.8099862216586,5.081339411071073,0.0,1.3861940762837504,-62.83750177155811,0.41586793050000004
2021-06-17,T3,1366.8099862216586,5.081339411071073,0.0,1.3861940762837504,-62.83750177155811,0.41586793050000004
2021-06-18,T3,1366.8099862216586,5.081339411071073,0.0,1.3861940762837504,-62.83750177155811,0.41586793050000004
2021-06-19,T3,1366.8099862216586,5.081339411071073,0.0,1.3861940762837504,-62.83750177155811,0.41586793050000004
2021-06-20,T3,1366.8099862216586,5.081339411071073,0.0,1.3861940762837504,-62.83750177155811,0.41586793050000004
2021-06-21,T3,1366.8099862216586,5.081339411071073,0.0,1.3861940762837504,-62.83750177155811,0.41586793050000004
2021-06-22,T3,1366.8099862216586,5.081339411071073,0.0,1.3861940762837504,-62.83750177155811,0.41586793050000004
2021-06-23,T3,1366.8099862216586,5.081339411071073,0.0,1.3861940762837504,-62.83750177155811,0.41586793050000004
2021-06-24,T3,1366.8099862216586,5.081339411071073,0.0,1.3861940762837504,-62.83750177155811,0.41586793050000004
2021-06-25,T3,1366.8099862216586,5.081339411071073,0.0,1.3861940762837504,-62.83750177155811,0.41586793050000004
2021-06-26,T3,1366.8099862216586,5.081339411071073,0.0,1.3861940762837504,-62.83750177155811,0.41586793050000004
2021-06-27,T3,1366.8099862216586,5.081339411071073,0.0,1.3861940762837504,-62.83750177155811,0.41586793050000004
2021-06-28,T3,1366.8099862216586,5.081339411071073,0.0,1.3861940762837504,-62.83750177155811,0.41586793050000004
2021-06-29,T3,1366.8099862216586,5.081339411071073,0.0,1.3861940762837504,-62.83750177155811,0.41586793050000004
2021-06-30,T3,1366.8099862216586,5.081339411071073,0.0,1.3861940762837504,-62.83750177155811,0.41586793050000004
2021-07-01,T3,1366.8099862216586,5.081339411071073,0.0,1.3861940762837504,-62.83750177155811,0.41586793050000004
2021-07-02,T3,1366.8099862216586,5.081339411071073,0.0,1.3861940762837504,-62.83750177155811,0.41586793050000004
2021-07-03,T3,1366.8099862216586,5.081339411071073,0.0,1.3861940762837504,-62.83750177155811,0.41586793050000004
2021-07-04,T3,1366.8099862216586,5.081339411071073,0.0,1.3861940762837504,-62.83750177155811,0.41586793050000004
2021-07-05,T3,1366.8099862216586,5.081339411071073,0.0,1.3861940762837504,-62.83750177155811,0.41586793050000004
2021-07-06,T3,1366.8099862216586,5.081339411071073,0.0,1.3861940762837504,-62.83750177155811,0.41586793050000004
2021-07-07,T3,1366.8099862216586,5.081339411071073,0.0,1.3861940762837504,-62.83750177155811,0.41586793050000004
2021-07-08,T3,1366.8099862216586,5.081339411071073,0.0,1.3861940762837504,-62.83750177155811,0.41586793050000004
2021-07-09,T3,1366.8099862216586,5.081339411071073,0.0,1.3861940762837504,-62.83750177155811,0.41586793050000004
2021-07-10,T3,1366.8099862216586,5.081339411071073,0.0,1.3861940762837504,-62.83750177155811,0.41586793050000004
2021-07-11,T3,1366.8099862216586,5.081339411071073,0.0,1.3861940762837504,-62.83750177155811,0.41586793050000004
2021-07-12,T3,1366.8099862216586,5.081339411071073,0.0,1.3861940762837504,-62.83750177155811,0.41586793050000004
2021-07-13,T3,1366.8099862216586,5.081339411071073,0.0,1.3861940762837504,-62.83750177155811,0.41586793050000004
2021-07-14,T3,1366.8099862216586,5.081339411071073,0.0,1.3861940762837504,-62.83750177155811,0.41586793050000004
2021-07-15,T3,1366.8099862216586,5.081339411071073,0.0,1.3861940762837504,-62.83750177155811,0.41586793050000004
2021-07-16,T3,1366.8099862216586,5.081339411071073,0.0,1.3861940762837504,-62.83750177155811,0.41586793050000004
2021-07-17,T3,1366.8099862216586,5.081339411071073,0.0,1.3861940762837504,-62.83750177155811,0.41586793050000004
2021-07-18,T3,1366.8099862216586,5.081339411071073,0.0,1.3861940762837504,-62.83750177155811,0.41586793050000004
2021-07-19,T3,1366.8099862216586,5.081339411071073,0.0,1.3861940762837504,-62.83750177155811,0.41586793050000004
2021-07-20,T3,1366.8099862216586,5.081339411071073,0.0,1.3861940762837504,-62.83750177155811,0.41586793050000004
2021-07-21,T3,1366.8099862216586,5.081339411071073,0.0,1.3861940762837504,-62.83750177155811,0.41586793050000004
2021-07-22,T3,1366.8099862216586,5.081339411071073,0.0,1.3861940762837504,-62.83750177155811,0.41586793050000004
2021-07-23,T3,1366.8099862216586,5.081339411071073,0.0,1.3861940762837504,-62.83750177155811,0.41586793050000004
2021-07-24,T3,1366.8099862216586,5.081339411071073,0.0,1.3861940762837504,-62.83750177155811,0.41586793050000004
2021-07-25,T3,1366.8099862216586,5.081339411071073,0.0,1.3861940762837504,-62.83750177155811,0.41586793050000004
2021-07-26,T3,1366.8099862216586,5.081339411071073,0.0,1.3861940762837504,-62.83750177155811,0.41586793050000004
2021-07-27,T3,1366.8099862216586,5.081339411071073,0.0,1.3861940762837504,-62.83750177155811,0.41586793050000004
2021-07-28,T3,1366.8099862216586,5.081339411071073,0.0,1.3861940762837504,-62.83750177155811,0.41586793050000004
2021-07-29,T3,1366.8099862216586,5.081339411071073,0.0,1.3861940762837504,-62.83750177155811,0.41586793050000004
2021-07-30,T3,1366.8099862216586,5.081339411071073,0.0,1.3861940762837504,-62.83750177155811,0.41586793050000004
2021-07-31,T3,1366.8099862216586,5.081339411071073,0.0,1.3861940762837504,-62.83750177155811,0.41586793050000004
2021-08-01,T3,1366.8099862216586,5.081339411071073,0.0,1.3861940762837504,-62.83750177155811,0.41586793050000004
2021-08-02,T3,1366.8099862216586,5.081339411071073,0.0,1.3861940762837504,-62.83750177155811,0.41586793050000004
2021-08-03,T3,1366.8099862216586,5.081339411071073,0.0,1.3861940762837504,-62.83750177155811,0.41586793050000004
2021-08-04,T3,1366.8099862216586,5.081339411071073,0.0,1.3861940762837504,-62.83750177155811,0.41586793050000004
2021-08-05,T3,1366.8099862216586,5.081339411071073,0.0,1.3861940762837504,-62.83750177155811,0.41586793050000004
2021-08-06,T3,1366.8099862216586,5.081339411071073,0.0,1.3861940762837504,-62.83750177155811,0.41586793050000004
2021-08-07,T3,1366.8099862216586,5.081339411071073,0.0,1.3861940762837504,-62.83750177155811,0.41586793050000004
2021-08-08,T3,1366.8099862216586,5.081339411071073,0.0,1.3861940762837504,-62.83750177155811,0.41586793050000004
2021-08-09,T3,1366.8099862216586,5.081339411071073,0.0,1.3861940762837504,-62.83750177155811,0.41586793050000004
2021-08-10,T3,1365.0628008206459,5.202673392924028,0.004,1.4781700506107505,-62.87396254424392,0.44345658450000003
2021-08-11,T3,1364.8700077418425,5.216061984604881,0.004,1.4781700506107505,-62.929315623047216,0.44345658450000003
2021-08-12,T3,1360.1711127801707,5.542378605427134,0.004,1.4781700506107505,-62.98330186867904,0.44345658450000003
2021-08-13,T3,1373.7333572449993,4.6005431695157135,0.004,1.4781700506107505,-63.03804545401081,0.44345658450000003
2021-08-14,T3,1370.8337302299228,4.8019089154884735,0.004,1.4781700506107505,-63.09499415376712,0.44345658450000003
2021-08-15,T3,1370.482355208621,4.826310292945902,0.004,1.4781700506107505,-63.150608156268994,0.44345658450000003
2021-08-16,T3,1366.0931447747848,5.131120749133999,0.004,1.4781700506107505,-63.21415834674523,0.44345658450000003
2021-08-17,T3,1361.0943162357232,5.478266375976459,0.004,1.4781700506107505,-63.26920712916684,0.44345658450000003
2021-08-18,T3,1361.141434914003,5.474994200709871,0.004,1.4781700506107505,-63.323408450887165,0.44345658450000003
2021-08-19,T3,1369.3113755924485,4.907629435961002,0.004,1.4781700506107505,-63.37746777244148,0.44345658450000003
2021-08-20,T3,1379.4180594493369,4.205766774462994,0.004,1.4781700506107505,-63.445543915552996,0.44345658450000003
2021-08-21,T3,1377.4742247359936,4.340757145660701,0.004,1.4781700506107505,-63.5373386288964,0.44345658450000003
2021-08-22,T3,1379.097961619195,4.2279960949982325,0.004,1.4781700506107505,-63.60532174569492,0.44345658450000003
2021-08-23,T3,1379.972342747863,4.167274351365946,0.004,1.4781700506107505,-63.75122061702716,0.44345658450000003
2021-08-24,T3,1372.630348053939,4.677142079450613,0.004,1.4781700506107505,-63.90917531095079,0.44345658450000003
2021-08-25,T3,1377.6020889274937,4.33187756626282,0.004,1.4781700506107505,-63.985314437395914,0.44345658450000003
2021-08-26,T3,1368.9263385825634,4.934368483541773,0.004,1.4781700506107505,-64.06466478232636,0.44345658450000003
2021-08-27,T3,1377.7878066638166,4.318980324541533,0.004,1.4781700506107505,-64.12167670107324,0.44345658450000003
2021-08-28,T3,1377.0264754670561,4.371851270898041,0.004,1.4781700506107505,-64.24966587519343,0.44345658450000003
2021-08-29,T3,1376.468488897264,4.410600869134218,0.004,1.4781700506107505,-64.3080279673059,0.44345658450000003
2021-08-30,T3,1369.304454467105,4.908110076250438,0.004,1.4781700506107505,-64.39006889778494,0.44345658450000003
2021-08-31,T3,1369.6646431017186,4.883096633927419,0.004,1.4781700506107505,-64.55552026317122,0.44345658450000003
2021-09-01,T3,1376.2281151731354,4.427293717566016,0.004,1.4781700506107505,-64.75572819175441,0.44345658450000003
2021-09-02,T3,1377.721653171372,4.32357438001334,0.004,1.4781700506107505,-65.04595019351778,0.44345658450000003
2021-09-03,T3,1380.4420582688804,4.1346547710568675,0.004,1.4781700506107505,-65.25550509600946,0.44345658450000003
2021-09-04,T3,1379.947366994889,4.169008802418672,0.004,1.4781700506107505,-65.40547637000067,0.44345658450000003
2021-09-05,T3,1387.3417001506293,3.6555064091333023,0.004,1.4781700506107505,-65.46550321426025,0.44345658450000003
2021-09-06,T3,1390.7990263312647,3.415411023825121,0.004,1.4781700506107505,-65.56237703362501,0.44345658450000003
2021-09-07,T3,1367.3004449126117,5.047279313113961,0.004,1.4781700506107505,-65.64729031035787,0.44345658450000003
2021-09-08,T3,1364.160344933003,5.265344799307625,0.004,1.4781700506107505,-65.70250464188666,0.44345658450000003
2021-09-09,T3,1365.4724870229509,5.1742225724174755,0.004,1.4781700506107505,-65.75823736445868,0.44345658450000003
2021-09-10,T3,1359.260822861599,5.605594049189921,0.004,1.4781700506107505,-65.81546572949036,0.44345658450000003
2021-09-11,T3,1360.4939031443628,5.519962300798841,0.004,1.4781700506107505,-65.86966022052655,0.44345658450000003
2021-09-12,T3,1363.8485199104555,5.28699961144442,0.004,1.4781700506107505,-65.92424345443376,0.44345658450000003
2021-09-13,T3,1359.5040967356956,5.588699798695496,0.004,1.4781700506107505,-65.97820297043377,0.44345658450000003
2021-09-14,T3,1367.98042099334,5.000058104997351,0.004,1.4781700506107505,-66.03318293754921,0.44345658450000003
2021-09-15,T3,1371.9682309643217,4.7231230628594805,0.004,1.4781700506107505,-66.09019865072747,0.44345658450000003
2021-09-16,T3,1370.435058643826,4.829594821611948,0.004,1.4781700506107505,-66.14797916582292,0.44345658450000003
2021-09-17,T3,1368.5943851846957,4.957421118671146,0.004,1.4781700506107505,-66.20517818019336,0.44345658450000003
2021-09-18,T3,1372.506835681447,4.685719445054682,0.004,1.4781700506107505,-66.26291121640241,0.44345658450000003
2021-09-19,T3,1368.280590866008,4.979212689358004,0.004,1.4781700506107505,-66.32055373700128,0.44345658450000003
2021-09-20,T3,1351.3462376748073,6.155225550730203,0.004,1.4781700506107505,-66.37493395988216,0.44345658450000003
2021-09-21,T3,1341.9893944618073,6.805015231864808,0.004,1.4781700506107505,-66.42668697188216,0.44345658450000003
2021-09-22,T3,1353.2337074181742,6.02414946718639,0.004,1.4781700506107505,-66.47726264171531,0.44345658450000003
2021-09-23,T3,1358.4145366967798,5.664364726935444,0.004,1.4781700506107505,-66.51687542842956,0.44345658450000003
2021-09-24,T3,1350.3042097882576,6.22758958983195,0.004,1.4781700506107505,-66.49416622403191,0.44345658450000003
2021-09-25,T3,1349.6803295556317,6.270915199569749,0.004,1.4781700506107505,-66.53788303493779,0.44345658450000003
2021-09-26,T3,1351.7427622705604,6.127688743201087,0.004,1.4781700506107505,-66.55564622976918,0.44345658450000003
2021-09-27,T3,1347.5039714179538,6.422053252022275,0.004,1.4781700506107505,-66.60768855949574,0.44345658450000003
2021-09-28,T3,1343.0326206125249,6.732567978833548,0.004,1.4781700506107505,-66.6337030268847,0.44345658450000003
2021-09-29,T3,1344.9559975691657,6.598998304648895,0.004,1.4781700506107505,-66.65681864140397,0.44345658450000003
2021-09-30,T3,1354.080122503681,5.965369836492684,0.004,1.4781700506107505,-66.70666371336854,0.44345658450000003
2021-10-01,T3,1371.3707535674123,4.764615117218529,0.004,1.4781700506107505,-66.72463097195727,0.44345658450000003
2021-10-02,T3,1369.3640974124546,4.903968148299043,0.004,1.4781700506107505,-66.75286075983502,0.44345658450000003
2021-10-03,T3,1371.5533946481692,4.751931535061016,0.004,1.4781700506107505,-66.81020871672051,0.44345658450000003
2021-10-04,T3,1375.547638086738,4.474549718219656,0.004,1.4781700506107505,-66.86772527815147,0.44345658450000003
2021-10-05,T3,1384.5180126169694,3.8515985077559933,0.004,1.4781700506107505,-66.88292695296016,0.44345658450000003
2021-10-06,T3,1399.9438353434339,2.780346141707779,0.004,1.4781700506107505,-66.94608802145565,0.44345658450000003
2021-10-07,T3,1393.7250840097497,3.2122097899685342,0.004,1.4781700506107505,-67.10268400393961,0.44345658450000003
2021-10-08,T3,1394.2188266946284,3.177921633753189,0.004,1.4781700506107505,-67.25493667026075,0.44345658450000003
2021-10-09,T3,1398.0870186517272,2.9092935119440555,0.004,1.4781700506107505,-67.33308729752153,0.44345658450000003
2021-10-10,T3,1397.0109212024822,2.9840235253147163,0.004,1.4781700506107505,-67.42380216240679,0.44345658450000003
2021-10-11,T3,1408.112154987752,2.2130939503156255,0.004,1.4781700506107505,-67.49140837713712,0.44345658450000003
2021-10-12,T3,1402.120235953954,2.62920513971191,0.004,1.4781700506107505,-67.55988741093492,0.44345658450000003
2021-10-13,T3,1407.5692275759286,2.2507977593650197,0.004,1.4781700506107505,-67.62661578896055,0.44345658450000003
2021-10-14,T3,1407.3503784793938,2.2659958215123344,0.004,1.4781700506107505,-67.74158164725515,0.44345658450000003
2021-10-15,T3,1424.5310812501527,1.0728751160622996,0.004,1.4781700506107505,-67.87556211473608,0.44345658450000003
2021-10-16,T3,1421.1370292669335,1.3085763996817823,0.004,1.4781700506107505,-68.16875640767549,0.44345658450000003
2021-10-17,T3,1423.4260156910404,1.1496168312906563,0.004,1.4781700506107505,-68.44954767384853,0.44345658450000003
2021-10-18,T3,1425.1312584544214,1.031195572512389,0.004,1.4781700506107505,-68.62402491046782,0.44345658450000003
2021-10-19,T3,1434.0949018139938,0.4087118108598853,0.004,1.4781700506107505,-68.71114238133502,0.44345658450000003
2021-10-20,T3,1440.9665100789643,0.24506116476560313,0.004,1.4781700506107505,-68.9317332859245,0.44345658450000003
2021-10-21,T3,1425.2216870140217,1.3350405992833991,0.004,1.4781700506107505,-69.41951635086728,0.44345658450000003
2021-10-22,T3,1418.8948416728772,1.7730341720773035,0.004,1.4781700506107505,-69.64580169201173,0.44345658450000003
2021-10-23,T3,1421.115626987949,1.6192940943436152,0.004,1.4781700506107505,-69.78837637693982,0.44345658450000003
2021-10-24,T3,1419.1985295209124,1.7520105310045442,0.004,1.4781700506107505,-70.03203384397662,0.44345658450000003
2021-10-25,T3,1427.8583241334009,1.152512016741969,0.004,1.4781700506107505,-70.24655923148833,0.44345658450000003
2021-10-26,T3,1416.3083550275037,1.9520909477224513,0.004,1.4781700506107505,-70.64176833738524,0.44345658450000003
2021-10-27,T3,1408.5342767128593,2.4902732728170007,0.004,1.4781700506107505,-70.84876665202941,0.44345658450000003
2021-10-28,T3,1417.2210429255997,1.8889075740538774,0.004,1.4781700506107505,-70.94252043928883,0.44345658450000003
2021-10-29,T3,1423.6807539553079,1.4417160021786057,0.004,1.4781700506107505,-71.10284940958061,0.44345658450000003
2021-10-30,T3,1421.9106327139666,1.5642575983405238,0.004,1.4781700506107505,-71.29697065092179,0.44345658450000003
2021-10-31,T3,1419.4113266812194,1.7372790521240522,0.004,1.4781700506107505,-71.570596683669,0.44345658450000003
2021-11-01,T3,1417.4548529379697,1.8727214216902377,0.004,1.4781700506107505,-71.86875042691878,0.44345658450000003
2021-11-02,T3,1426.5594666186842,1.242429062717687,0.004,1.4781700506107505,-72.11085674620418,0.44345658450000003
2021-11-03,T3,1424.8498096936,1.3607848473928374,0.004,1.4781700506107505,-72.50823367128838,0.44345658450000003
2021-11-04,T3,1418.4872072300618,1.8012538070415807,0.004,1.4781700506107505,-72.86295613482633,0.44345658450000003
2021-11-05,T3,1416.6092794806966,1.9312586103903073,0.004,1.4781700506107505,-73.05445646631152,0.44345658450000003
2021-11-06,T3,1418.240274022975,1.8183484492813817,0.004,1.4781700506107505,-73.38592934191307,0.44345658450000003
2021-11-07,T3,1425.2375793554838,1.3339404074750316,0.004,1.4781700506107505,-73.61086400940427,0.44345658450000003
2021-11-08,T3,1442.1044284425575,0.16628558187332665,0.004,1.4781700506107505,-73.93613492233067,0.44345658450000003
2021-11-09,T3,1439.2584000132863,0.45374834933220587,0.004,1.4781700506107505,-74.32877311244201,0.44345658450000003
2021-11-10,T3,1430.5484368632183,1.0561726142152228,0.004,1.4781700506107505,-74.76860650167,0.44345658450000003
2021-11-11,T3,1430.1087630116679,1.0865826391768696,0.004,1.4781700506107505,-74.91156035322042,0.44345658450000003
2021-11-12,T3,1427.0864628751278,1.2956199113950406,0.004,1.4781700506107505,-75.14321856236013,0.44345658450000003
2021-11-13,T3,1427.9907877043745,1.233072319506534,0.004,1.4781700506107505,-75.32073566051345,0.44345658450000003
2021-11-14,T3,1432.3680208107921,0.9303211607562534,0.004,1.4781700506107505,-75.41607725473595,0.44345658450000003
2021-11-15,T3,1424.6354911051217,1.4651412792074159,0.004,1.4781700506107505,-75.61831225976641,0.44345658450000003
2021-11-16,T3,1410.2752960302128,2.4583636169518863,0.004,1.4781700506107505,-75.75858733467525,0.44345658450000003
2021-11-17,T3,1411.220520212927,2.3929872228603877,0.004,1.4781700506107505,-75.83792315196114,0.44345658450000003
2021-11-18,T3,1397.3649817257142,3.351305007207428,0.004,1.4781700506107505,-75.91210163917427,0.44345658450000003
2021-11-19,T3,1401.8952655302219,3.0379681028347982,0.004,1.4781700506107505,-75.98043405118638,0.44345658450000003
2021-11-20,T3,1408.3215692005917,2.5934930576668624,0.004,1.4781700506107505,-76.0500748630163,0.44345658450000003
2021-11-21,T3,1403.980684049802,2.893730211469936,0.004,1.4781700506107505,-76.12123931508617,0.44345658450000003
2021-11-22,T3,1394.5328375987262,3.547190146369028,0.004,1.4781700506107505,-76.1908857661618,0.44345658450000003
2021-11-23,T3,1399.576119189294,3.19837176993627,0.004,1.4781700506107505,-76.26508417559418,0.44345658450000003
2021-11-24,T3,1397.9258921800672,3.3125096572952817,0.004,1.4781700506107505,-76.3379911848208,0.44345658450000003
2021-11-25,T3,1405.0233892984083,2.82161154322087,0.004,1.4781700506107505,-76.43805406647955,0.44345658450000003
2021-11-26,T3,1384.0970240768638,4.2689827855623586,0.004,1.4781700506107505,-76.56944952750423,0.44345658450000003
2021-11-27,T3,1387.9435566379962,4.002937509530325,0.004,1.4781700506107505,-76.6364547228917,0.44345658450000003
2021-11-28,T3,1398.1316697898194,3.2982770568642072,0.004,1.4781700506107505,-76.70189357506851,0.44345658450000003
2021-11-29,T3,1400.1201272217284,3.160745475383342,0.004,1.4781700506107505,-76.79531614315941,0.44345658450000003
2021-11-30,T3,1396.4535916425325,3.414341267111487,0.004,1.4781700506107505,-76.90518774439535,0.44345658450000003
2021-12-01,T3,1397.4185100321713,3.3476027239586648,0.004,1.4781700506107505,-77.02421333271639,0.44345658450000003
2021-12-02,T3,1394.551743799093,3.545882499750852,0.004,1.4781700506107505,-77.1060595657945,0.44345658450000003
2021-12-03,T3,1382.9799673911489,4.346243968087482,0.004,1.4781700506107505,-77.2161559289385,0.44345658450000003
2021-12-04,T3,1364.9366138201572,5.59421182096459,0.004,1.4781700506107505,-77.25506010729059,0.44345658450000003
2021-12-05,T3,1365.7194659412198,5.54006588424617,0.004,1.4781700506107505,-77.30824112186775,0.44345658450000003
2021-12-06,T3,1370.0277776635992,5.242081670361065,0.004,1.4781700506107505,-77.3669265549285,0.44345658450000003
2021-12-07,T3,1370.4893270901778,5.210158622097472,0.004,1.4781700506107505,-77.41588347386985,0.44345658450000003
2021-12-08,T3,1369.9223986150175,5.249370208186321,0.004,1.4781700506107505,-77.47656474986985,0.44345658450000003
2021-12-09,T3,1358.2767602153797,6.054840338325795,0.004,1.4781700506107505,-77.53612314950766,0.44345658450000003
2021-12-10,T3,1359.9517776320697,5.938987823392039,0.0,1.5741697284987506,-77.55514183092968,0.4722608085
2021-12-11,T3,1359.9517776320697,5.938987823392039,0.0,1.5741697284987506,-77.55514183092968,0.4722608085
2021-12-12,T3,1362.0711085888775,5.792404379616068,0.003,1.6481452381610007,-77.58480844992968,0.494450133
2021-12-13,T3,1351.875786612842,6.4975634303304215,0.003,1.6481452381610007,-77.62861801599527,0.494450133
2021-12-14,T3,1356.8266450631502,6.155137496824192,0.003,1.6481452381610007,-77.65443904340688,0.494450133
2021-12-15,T3,1358.3894687476354,6.047044857045291,0.003,1.6481452381610007,-77.69738588120163,0.494450133
2021-12-16,T3,1354.6141855336646,6.308162174732668,0.003,1.6481452381610007,-77.74123909517253,0.494450133
2021-12-17,T3,1350.074653905728,6.622138704455594,0.003,1.6481452381610007,-77.7761507231093,0.494450133
2021-12-18,T3,1352.1089373794337,6.481437566563719,0.003,1.6481452381610007,-77.81339724940352,0.494450133
2021-12-19,T3,1351.6355741041136,6.51417771921925,0.003,1.6481452381610007,-77.85176052472352,0.494450133
2021-12-20,T3,1352.272279370446,6.470140024063853,0.003,1.6481452381610007,-77.89347525839116,0.494450133
2021-12-21,T3,1358.1850292650254,6.061184905964268,0.003,1.6481452381610007,-77.9354904898217,0.494450133
2021-12-22,T3,1357.2114288388707,6.128523941837393,0.003,1.6481452381610007,-77.9795657899665,0.494450133
2021-12-23,T3,1363.8354454728274,5.670374087178931,0.003,1.6481452381610007,-78.0140456555498,0.494450133
2021-12-24,T3,1363.8245171327812,5.671129945396148,0.003,1.6481452381610007,-78.05986749605577,0.494450133
2021-12-25,T3,1361.9004503855917,5.80420794765526,0.004,1.6736647805182507,-78.11574123670779,0.5021048475000001
2021-12-26,T3,1363.2693938542925,5.709525025513162,0.004,1.6736647805182507,-78.17588651768689,0.5021048475000001
2021-12-27,T3,1363.0129133807236,5.7272644875619,0.004,1.6736647805182507,-78.23705044441594,0.5021048475000001
2021-12-28,T3,1350.20881281883,6.612859608412302,0.004,1.6736647805182507,-78.29658755314948,0.5021048475000001
2021-12-29,T3,1350.984064120316,6.559239382086357,0.0,1.7691536950322508,-78.31559636514947,0.5307558195000001
2021-12-30,T3,1350.984064120316,6.559239382086357,0.0,1.7691536950322508,-78.31559636514947,0.5307558195000001
2021-12-31,T3,1350.984064120316,6.559239382086357,0.0,1.7691536950322508,-78.31559636514947,0.5307558195000001
2020-03-26,T4,1000.0,0.0,0.0,0.0,0.0,0.0
2020-03-27,T4,1000.0,0.0,0.0,0.0,0.0,0.0
2020-03-28,T4,1000.0,0.0,0.0,0.0,0.0,0.0
2020-03-29,T4,1000.0,0.0,0.0,0.0,0.0,0.0
2020-03-30,T4,1000.0,0.0,0.0,0.0,0.0,0.0
2020-03-31,T4,1000.0,0.0,0.0,0.0,0.0,0.0
2020-04-01,T4,1000.0,0.0,0.0,0.0,0.0,0.0
2020-04-02,T4,1000.0,0.0,0.0,0.0,0.0,0.0
2020-04-03,T4,1000.0,0.0,0.0,0.0,0.0,0.0
2020-04-04,T4,1000.0,0.0,0.0,0.0,0.0,0.0
2020-04-05,T4,1000.0,0.0,0.0,0.0,0.0,0.0
2020-04-06,T4,1000.0,0.0,0.0,0.0,0.0,0.0
2020-04-07,T4,1000.0,0.0,0.0,0.0,0.0,0.0
2020-04-08,T4,1000.0,0.0,0.0,0.0,0.0,0.0
2020-04-09,T4,1000.0,0.0,0.0,0.0,0.0,0.0
2020-04-10,T4,1000.0,0.0,0.0,0.0,0.0,0.0
2020-04-11,T4,1000.0,0.0,0.0,0.0,0.0,0.0
2020-04-12,T4,1000.0,0.0,0.0,0.0,0.0,0.0
2020-04-13,T4,1000.0,0.0,0.0,0.0,0.0,0.0
2020-04-14,T4,1000.0,0.0,0.0,0.0,0.0,0.0
2020-04-15,T4,1000.0,0.0,0.0,0.0,0.0,0.0
2020-04-16,T4,1000.0,0.0,0.0,0.0,0.0,0.0
2020-04-17,T4,1000.0,0.0,0.0,0.0,0.0,0.0
2020-04-18,T4,1000.0,0.0,0.0,0.0,0.0,0.0
2020-04-19,T4,1000.0,0.0,0.0,0.0,0.0,0.0
2020-04-20,T4,1000.0,0.0,0.0,0.0,0.0,0.0
2020-04-21,T4,1000.0,0.0,0.0,0.0,0.0,0.0
2020-04-22,T4,1000.0,0.0,0.0,0.0,0.0,0.0
2020-04-23,T4,1000.0,0.0,0.0,0.0,0.0,0.0
2020-04-24,T4,1000.0,0.0,0.0,0.0,0.0,0.0
2020-04-25,T4,1000.0,0.0,0.0,0.0,0.0,0.0
2020-04-26,T4,1000.0,0.0,0.0,0.0,0.0,0.0
2020-04-27,T4,1000.0,0.0,0.0,0.0,0.0,0.0
2020-04-28,T4,1000.0,0.0,0.0,0.0,0.0,0.0
2020-04-29,T4,1000.0,0.0,0.0,0.0,0.0,0.0
2020-04-30,T4,1000.0,0.0,0.0,0.0,0.0,0.0
2020-05-01,T4,1000.0,0.0,0.0,0.0,0.0,0.0
2020-05-02,T4,1007.2724463178463,0.06165082383814413,0.056,0.24740590532000006,-0.10004617931348966,0.07421064000000001
2020-05-03,T4,1002.6319454082566,1.3452213037756455,0.056,0.24740590532000006,-0.3248720371432048,0.07421064000000001
2020-05-04,T4,1001.2357662986528,1.4825994730121694,0.056,0.24740590532000006,-0.48223356114698007,0.07421064000000001
2020-05-05,T4,1002.6651523575888,1.3419538792211472,0.0,0.49665867179600004,-0.5319112826150121,0.14899768800000002
2020-05-06,T4,1013.12312564472,1.1410106265986264,0.056,0.7472957017120001,-0.7692698892477999,0.22417752000000002
2020-05-07,T4,1059.828387749349,0.0,0.056,0.7472957017120001,-0.925885188778672,0.22417752000000002
2020-05-08,T4,1049.1095946855403,1.18074038235223,0.056,0.7472957017120001,-1.498780803627399,0.22417752000000002
2020-05-09,T4,1033.5589455322975,2.645509786503819,0.056,0.7472957017120001,-2.4517398719903776,0.22417752000000002
2020-05-10,T4,987.66846999197,6.968092326372988,0.056,0.7472957017120001,-2.775629381757655,0.22417752000000002
2020-05-11,T4,978.1270673490152,7.8668300270545615,0.056,0.7472957017120001,-2.922742562952551,0.22417752000000002
2020-05-12,T4,992.0429557293132,6.556044391665283,0.056,0.7472957017120001,-3.0688105806544788,0.22417752000000002
2020-05-13,T4,1019.6441552891531,3.9561919845582105,0.056,0.7472957017120001,-3.2189660261745585,0.22417752000000002
2020-05-14,T4,1046.6158258610133,1.4156370891840853,0.056,0.7472957017120001,-3.378931559034279,0.22417752000000002
2020-05-15,T4,1019.8900169981587,3.9330334202143824,0.056,0.7472957017120001,-3.510671736929009,0.22417752000000002
2020-05-16,T4,1023.4008769453114,3.6023333843397842,0.056,0.7472957017120001,-3.667983286416297,0.22417752000000002
2020-05-17,T4,1039.957641892208,2.042794455324326,0.056,0.7472957017120001,-3.7369406661597266,0.22417752000000002
2020-05-18,T4,1042.9253879338557,1.7632521958173442,0.056,0.7472957017120001,-3.809976206671998,0.22417752000000002
2020-05-19,T4,1045.131548531981,1.5554463021254517,0.056,0.7472957017120001,-3.9610392011866877,0.22417752000000002
2020-05-20,T4,1030.22493169493,2.959552075920102,0.056,0.7472957017120001,-4.12317875111748,0.22417752000000002
2020-05-21,T4,1005.293611425171,5.307919322610399,0.056,0.7472957017120001,-4.162020606716629,0.22417752000000002
2020-05-22,T4,1011.0263210501253,4.7679355843902265,0.056,0.7472957017120001,-4.159141134242289,0.22417752000000002
2020-05-23,T4,1011.5230105758504,4.721150680848563,0.056,0.7472957017120001,-4.17897298339725,0.22417752000000002
2020-05-24,T4,985.4059113904914,7.181210542975203,0.056,0.7472957017120001,-4.305514709316331,0.22417752000000002
2020-05-25,T4,995.6558738577736,6.215731142866288,0.056,0.7472957017120001,-4.296568245713983,0.22417752000000002
2020-05-26,T4,992.4616013820491,6.516610710327242,0.056,0.7472957017120001,-4.369016902478614,0.22417752000000002
2020-05-27,T4,1012.7151042073937,4.608863260486795,0.056,0.7472957017120001,-4.357116424814008,0.22417752000000002
2020-05-28,T4,1033.7996200159037,2.622839824853196,0.056,0.7472957017120001,-4.25706035926399,0.22417752000000002
2020-05-29,T4,1025.2611589189507,3.4271069940309706,0.056,0.7472957017120001,-4.277926346696899,0.22417752000000002
2020-05-30,T4,1040.2134731760657,2.0186968222591695,0.056,0.7472957017120001,-4.437498736782203,0.22417752000000002
2020-05-31,T4,1026.5091078176888,3.309558372953947,0.056,0.7472957017120001,-4.598441400678874,0.22417752000000002
2020-06-01,T4,1068.1204254849617,0.0,0.056,0.7472957017120001,-4.640786570766067,0.22417752000000002
2020-06-02,T4,1029.461671654865,3.6193253969976524,0.056,0.7472957017120001,-5.334540195982727,0.22417752000000002
2020-06-03,T4,1037.4219589375032,2.87406417993743,0.056,0.7472957017120001,-5.487406083984636,0.22417752000000002
2020-06-04,T4,1044.3043434491196,2.229718809564829,0.056,0.7472957017120001,-5.6506081422081476,0.22417752000000002
2020-06-05,T4,1034.682261722066,3.1305612143606165,0.056,0.7472957017120001,-5.814548200061859,0.22417752000000002
2020-06-06,T4,1037.11254897903,2.9030318834932123,0.056,0.7472957017120001,-5.976293812537859,0.22417752000000002
2020-06-07,T4,1041.3735183976855,2.5041096911083027,0.056,0.7472957017120001,-6.137723766602428,0.22417752000000002
2020-06-08,T4,1042.9794281186664,2.3537605654231797,0.056,0.7472957017120001,-6.30111216138138,0.22417752000000002
2020-06-09,T4,1042.4719197166555,2.401274721121538,0.056,0.7472957017120001,-6.464524489392284,0.22417752000000002
2020-06-10,T4,1048.4585299621303,1.8407938893130193,0.056,0.7472957017120001,-6.628488242157628,0.22417752000000002
2020-06-11,T4,1014.4234736621465,5.027237616810387,0.056,0.7472957017120001,-6.792024723501276,0.22417752000000002
2020-06-12,T4,1024.9634980017308,4.0404552196103065,0.056,0.7472957017120001,-6.8750421284772125,0.22417752000000002
2020-06-13,T4,1025.2197060551234,4.0164684062061635,0.056,0.7472957017120001,-6.955734201724465,0.22417752000000002
2020-06-14,T4,1017.6627779926529,4.723966164152271,0.056,0.7472957017120001,-7.098871492674913,0.22417752000000002
2020-06-15,T4,1022.4230926685234,4.278294069293754,0.056,0.7472957017120001,-7.035150264084496,0.22417752000000002
2020-06-16,T4,1027.9981448086553,3.7563442959242743,0.056,0.7472957017120001,-7.061005276352457,0.22417752000000002
2020-06-17,T4,1024.5721895108388,4.077090460502209,0.056,0.7472957017120001,-7.097620231528965,0.22417752000000002
2020-06-18,T4,1020.2976033142693,4.477287488344706,0.056,0.7472957017120001,-7.023397582738711,0.22417752000000002
2020-06-19,T4,1016.0298231150558,4.87684732236584,0.056,0.7472957017120001,-7.085221837551986,0.22417752000000002
2020-06-20,T4,1018.5826381423865,4.637846647308841,0.056,0.7472957017120001,-7.195419364381303,0.22417752000000002
2020-06-21,T4,1014.961787488027,4.976839383330677,0.056,0.7472957017120001,-7.225112141860769,0.22417752000000002
2020-06-22,T4,1036.6965517763845,2.941978540885015,0.056,0.7472957017120001,-7.36609837614348,0.22417752000000002
2020-06-23,T4,1033.0488644505015,3.2834837905600933,0.056,0.7472957017120001,-7.540735850426281,0.22417752000000002
2020-06-24,T4,1014.6681029271449,5.00433483738949,0.056,0.7472957017120001,-7.706619477462889,0.22417752000000002
2020-06-25,T4,1011.7628814162622,5.2763286539634695,0.056,0.7472957017120001,-7.861778311305713,0.22417752000000002
2020-06-26,T4,1006.7300539912374,5.747514047009361,0.056,0.7472957017120001,-8.012883732010385,0.22417752000000002
2020-06-27,T4,998.2309534270576,6.543220257788073,0.056,0.7472957017120001,-8.166708940430233,0.22417752000000002
2020-06-28,T4,1003.8289074002314,6.019126359795979,0.056,0.7472957017120001,-8.29267569397638,0.22417752000000002
2020-06-29,T4,1007.6927824686368,5.657381094354486,0.056,0.7472957017120001,-8.445767187011084,0.22417752000000002
2020-06-30,T4,1004.7418762828038,5.933652019937918,0.056,0.7472957017120001,-8.599763254044003,0.22417752000000002
2020-07-01,T4,1009.8764488212687,5.452941004966583,0.056,0.7472957017120001,-8.75395186653901,0.22417752000000002
2020-07-02,T4,1001.6595341859118,6.222228291241095,0.056,0.7472957017120001,-8.907880904935961,0.22417752000000002
2020-07-03,T4,1000.1039695569516,6.367863988475686,0.056,0.7472957017120001,-9.060708146936289,0.22417752000000002
2020-07-04,T4,1004.0540819274458,5.998044979659268,0.056,0.7472957017120001,-9.213032081961929,0.22417752000000002
2020-07-05,T4,1000.3154233918557,6.348067172511973,0.056,0.7472957017120001,-9.365519878912034,0.22417752000000002
2020-07-06,T4,1015.3633693721483,4.939242322686599,0.056,0.7472957017120001,-9.519937950459353,0.22417752000000002
2020-07-07,T4,1010.3798041019692,5.405815674461656,0.056,0.7472957017120001,-9.67605892959857,0.22417752000000002
2020-07-08,T4,1020.2164416197762,4.484886041144243,0.056,0.7472957017120001,-9.832591671311553,0.22417752000000002
2020-07-09,T4,1008.7556759938628,5.55787044931243,0.056,0.7472957017120001,-9.98966315450496,0.22417752000000002
2020-07-10,T4,1007.5034992314163,5.6751022457063645,0.0,1.005360986112,-10.041371062471528,0.30160872
2020-07-11,T4,1007.5034992314163,5.6751022457063645,0.0,1.005360986112,-10.041371062471528,0.30160872
2020-07-12,T4,1007.5034992314163,5.6751022457063645,0.0,1.005360986112,-10.041371062471528,0.30160872
2020-07-13,T4,1005.2515084359966,5.885939033552379,0.054,1.255846773345,-10.14160103751823,0.376743186
2020-07-14,T4,1005.818857515209,5.832822449909225,0.054,1.255846773345,-10.290878596485843,0.376743186
2020-07-15,T4,1002.625071330539,6.13183238441356,0.054,1.255846773345,-10.440418452075843,0.376743186
2020-07-16,T4,1002.9876341683724,6.097888380611849,0.0,1.504548582477,-10.49009232715025,0.451364922
2020-07-17,T4,1002.9876341683724,6.097888380611849,0.0,1.504548582477,-10.49009232715025,0.451364922
2020-07-18,T4,1002.9876341683724,6.097888380611849,0.0,1.504548582477,-10.49009232715025,0.451364922
2020-07-19,T4,1002.9876341683724,6.097888380611849,0.0,1.504548582477,-10.49009232715025,0.451364922
2020-07-20,T4,1002.9876341683724,6.097888380611849,0.0,1.504548582477,-10.49009232715025,0.451364922
2020-07-21,T4,1002.9876341683724,6.097888380611849,0.0,1.504548582477,-10.49009232715025,0.451364922
2020-07-22,T4,1002.9876341683724,6.097888380611849,0.0,1.504548582477,-10.49009232715025,0.451364922
2020-07-23,T4,1007.7412577775106,5.652842719493645,0.052000000000000005,1.751767659777,-10.588976775032107,0.525519522
2020-07-24,T4,1004.0828039174073,5.9953559579650655,0.052000000000000005,1.751767659777,-10.738030441095383,0.525519522
2020-07-25,T4,1012.3401999855537,5.222278702711069,0.052000000000000005,1.751767659777,-10.887280584029014,0.525519522
2020-07-26,T4,1023.7962392051334,4.14973679205729,0.052000000000000005,1.751767659777,-11.327227526769386,0.525519522
2020-07-27,T4,1080.8025618578126,0.9278186787178178,0.052000000000000005,1.751767659777,-12.307950960410158,0.525519522
2020-07-28,T4,1072.2641086685962,1.7104992648104833,0.052000000000000005,1.751767659777,-14.367204149626595,0.525519522
2020-07-29,T4,1081.076836157949,0.9026772198114208,0.052000000000000005,1.751767659777,-15.592556660273795,0.525519522
2020-07-30,T4,1079.8552321319223,1.0146560213432076,0.052000000000000005,1.751767659777,-16.757717065300596,0.525519522
2020-07-31,T4,1090.9777638094456,0.21496970907034507,0.052000000000000005,1.751767659777,-17.685949008777293,0.525519522
2020-08-01,T4,1114.371424832082,0.18174937445308847,0.052000000000000005,1.751767659777,-18.333967986140774,0.525519522
2020-08-02,T4,1079.1250138966602,3.941934798330915,0.047,1.7812541861345,-19.27595839860506,0.5343668069999999
2020-08-03,T4,1085.5314806338913,3.3716646334914224,0.047,1.7812541861345,-19.88659837297412,0.5343668069999999
2020-08-04,T4,1083.6074277978375,3.5429337546748263,0.047,1.7812541861345,-20.417143203057957,0.5343668069999999
2020-08-05,T4,1109.4036532058244,1.24668867622032,0.047,1.7812541861345,-20.69929580104105,0.5343668069999999
2020-08-06,T4,1109.60591274819,1.2286845895222998,0.047,1.7812541861345,-21.32666102956545,0.5343668069999999
2020-08-07,T4,1100.9861228724621,1.9959732050622847,0.047,1.7812541861345,-21.750516134403203,0.5343668069999999
2020-08-08,T4,1108.8711839974999,1.294086300473718,0.047,1.7812541861345,-21.914675009365716,0.5343668069999999
2020-08-09,T4,1104.810382566378,1.6555576069660183,0.047,1.7812541861345,-22.165186440487513,0.5343668069999999
2020-08-10,T4,1113.7019273678438,0.8640787891424417,0.047,1.7812541861345,-23.1322539032716,0.5343668069999999
2020-08-11,T4,1089.5342262855008,3.0153611488751064,0.047,1.7812541861345,-23.6557727213646,0.5343668069999999
2020-08-12,T4,1097.5560648803037,2.301299029237669,0.047,1.7812541861345,-23.81757412656189,0.5343668069999999
2020-08-13,T4,1107.7008920462736,1.398259569657756,0.047,1.7812541861345,-23.98015417656189,0.5343668069999999
2020-08-14,T4,1106.2776687046985,1.5249474684470687,0.047,1.7812541861345,-24.471469839016883,0.5343668069999999
2020-08-15,T4,1110.2411699596596,1.1721373147826952,0.047,1.7812541861345,-24.853871893005834,0.5343668069999999
2020-08-16,T4,1112.5895430168825,0.9630974265921632,0.047,1.7812541861345,-25.38904779992318,0.5343668069999999
2020-08-17,T4,1129.360341163596,0.6136594687333075,0.047,1.7812541861345,-26.25885332185942,0.5343668069999999
2020-08-18,T4,1111.949701329725,2.1458363270188685,0.047,1.7812541861345,-27.965437677140507,0.5343668069999999
2020-08-19,T4,1101.6949395662064,3.0482792476246967,0.047,1.7812541861345,-28.838004766969306,0.5343668069999999
2020-08-20,T4,1105.9813818401965,2.671062343521735,0.047,1.7812541861345,-29.137407166668904,0.5343668069999999
2020-08-21,T4,1090.6406654424063,4.02108111816144,0.047,1.7812541861345,-29.303898725849116,0.5343668069999999
2020-08-22,T4,1096.7475522594304,3.4836608540876,0.047,1.7812541861345,-29.467013110655085,0.5343668069999999
2020-08-23,T4,1095.7229015584687,3.57383250239115,0.047,1.7812541861345,-29.631261415496784,0.5343668069999999
2020-08-24,T4,1100.3439448004578,3.1671699337508796,0.047,1.7812541861345,-29.796604206407615,0.5343668069999999
2020-08-25,T4,1079.9797065016746,4.959270336477484,0.047,1.7812541861345,-30.135082505190795,0.5343668069999999
2020-08-26,T4,1086.1822313426048,4.413433703539593,0.047,1.7812541861345,-30.382932288890576,0.5343668069999999
2020-08-27,T4,1079.6747571076673,4.986106593438999,0.047,1.7812541861345,-30.543687856968194,0.5343668069999999
2020-08-28,T4,1088.857629159865,4.177992464077562,0.047,1.7812541861345,-30.704629847000696,0.5343668069999999
2020-08-29,T4,1085.8840696999462,4.4396726225723775,0.047,1.7812541861345,-30.867189978469455,0.5343668069999999
2020-08-30,T4,1097.2698348855647,3.4376987664858194,0.047,1.7812541861345,-31.03019412130095,0.5343668069999999
2020-08-31,T4,1094.379011637568,3.692097945622108,0.047,1.7812541861345,-31.225265181387744,0.5343668069999999
2020-09-01,T4,1106.89134437818,2.590983520692214,0.047,1.7812541861345,-31.674181480765597,0.5343668069999999
2020-09-02,T4,1080.9516575215325,4.8737363828592954,0.047,1.7812541861345,-32.29214359135324,0.5343668069999999
2020-09-03,T4,1022.1367730437241,10.04958320867928,0.047,1.7812541861345,-32.62094596314141,0.5343668069999999
2020-09-04,T4,1036.0413163097546,8.825951014772404,0.047,1.7812541861345,-32.76601205225084,0.5343668069999999
2020-09-05,T4,1022.6596492409965,10.003568885434799,0.047,1.7812541861345,-32.9123282312692,0.5343668069999999
2020-09-06,T4,1026.691859687371,9.64872497431939,0.047,1.7812541861345,-33.05603940112462,0.5343668069999999
2020-09-07,T4,1032.1696004448543,9.166671028893703,0.047,1.7812541861345,-33.19947758952127,0.5343668069999999
2020-09-08,T4,1020.4333102664204,10.19949190079168,0.047,1.7812541861345,-33.34397783738516,0.5343668069999999
2020-09-09,T4,1024.57019215545,9.835436658921648,0.047,1.7812541861345,-33.48764685710567,0.5343668069999999
2020-09-10,T4,1029.922480861718,9.364422786206116,0.047,1.7812541861345,-33.63293990938749,0.5343668069999999
2020-09-11,T4,1032.169611496612,9.166670056313265,0.047,1.7812541861345,-33.77824178394343,0.5343668069999999
2020-09-12,T4,1034.411581202642,8.9693715001813,0.047,1.7812541861345,-33.92436865594358,0.5343668069999999
2020-09-13,T4,1029.0674661328171,9.439666073851793,0.047,1.7812541861345,-34.071292874048424,0.5343668069999999
2020-09-14,T4,1044.8501656832168,8.050751752314211,0.047,1.7812541861345,-34.1730536793189,0.5343668069999999
2020-09-15,T4,1050.316926077554,7.569664104420859,0.047,1.7812541861345,-34.021182929311706,0.5343668069999999
2020-09-16,T4,1058.3543599468915,6.862351203108519,0.047,1.7812541861345,-33.940379059974205,0.5343668069999999
2020-09-17,T4,1057.6892789255573,6.920879882094266,0.047,1.7812541861345,-33.95310008130834,0.5343668069999999
2020-09-18,T4,1057.2158615202657,6.962541716444903,0.047,1.7812541861345,-34.05568748660005,0.5343668069999999
2020-09-19,T4,1064.3405330165047,6.335554029973589,0.047,1.7812541861345,-33.910195363411006,0.5343668069999999
2020-09-20,T4,1056.8797574907194,6.992119653899309,0.047,1.7812541861345,-33.785102233006135,0.5343668069999999
2020-09-21,T4,1033.479590721141,9.051388833347907,0.047,1.7812541861345,-33.733737315014714,0.5343668069999999
2020-09-22,T4,1038.4518191848172,8.613821147217704,0.047,1.7812541861345,-33.880554915238605,0.5343668069999999
2020-09-23,T4,1024.9930439568718,9.79822471548909,0.047,1.7812541861345,-33.86213504999376,0.5343668069999999
2020-09-24,T4,1047.9385371187666,7.77896787254353,0.047,1.7812541861345,-33.92032188809918,0.5343668069999999
2020-09-25,T4,1045.994827709047,7.950018827891558,0.047,1.7812541861345,-33.86606129781856,0.5343668069999999
2020-09-26,T4,1047.8649429637912,7.785444329597047,0.047,1.7812541861345,-34.01694604307465,0.5343668069999999
2020-09-27,T4,1049.651919771427,7.628186208294341,0.047,1.7812541861345,-34.168026820158715,0.5343668069999999
2020-09-28,T4,1045.8453441438025,7.963173729810558,0.047,1.7812541861345,-34.32086944308301,0.5343668069999999
2020-09-29,T4,1046.2977344879323,7.92336232581844,0.0,2.032846451633,-34.37112325043475,0.60985581
2020-09-30,T4,1046.2977344879323,7.92336232581844,0.0,2.032846451633,-34.37112325043475,0.60985581
2020-10-01,T4,1046.2977344879323,7.92336232581844,0.0,2.032846451633,-34.37112325043475,0.60985581
2020-10-02,T4,1046.2977344879323,7.92336232581844,0.0,2.032846451633,-34.37112325043475,0.60985581
2020-10-03,T4,1046.2977344879323,7.92336232581844,0.0,2.032846451633,-34.37112325043475,0.60985581
2020-10-04,T4,1046.2977344879323,7.92336232581844,0.0,2.032846451633,-34.37112325043475,0.60985581
2020-10-05,T4,1046.2977344879323,7.92336232581844,0.0,2.032846451633,-34.37112325043475,0.60985581
2020-10-06,T4,1046.2977344879323,7.92336232581844,0.0,2.032846451633,-34.37112325043475,0.60985581
2020-10-07,T4,1046.2977344879323,7.92336232581844,0.0,2.032846451633,-34.37112325043475,0.60985581
2020-10-08,T4,1046.2977344879323,7.92336232581844,0.0,2.032846451633,-34.37112325043475,0.60985581
2020-10-09,T4,1046.2977344879323,7.92336232581844,0.0,2.032846451633,-34.37112325043475,0.60985581
2020-10-10,T4,1046.2977344879323,7.92336232581844,0.0,2.032846451633,-34.37112325043475,0.60985581
2020-10-11,T4,1046.2977344879323,7.92336232581844,0.0,2.032846451633,-34.37112325043475,0.60985581
2020-10-12,T4,1046.2977344879323,7.92336232581844,0.0,2.032846451633,-34.37112325043475,0.60985581
2020-10-13,T4,1046.2977344879323,7.92336232581844,0.0,2.032846451633,-34.37112325043475,0.60985581
2020-10-14,T4,1043.1705481291247,8.198562009243638,0.045,2.291087982053,-34.47340723882228,0.68731665
2020-10-15,T4,1041.6592262483446,8.331561854926905,0.0,2.5473443378329996,-34.52478432382228,0.7642050899999999
2020-10-16,T4,1041.6592262483446,8.331561854926905,0.0,2.5473443378329996,-34.52478432382228,0.7642050899999999
2020-10-17,T4,1041.6592262483446,8.331561854926905,0.0,2.5473443378329996,-34.52478432382228,0.7642050899999999
2020-10-18,T4,1041.6592262483446,8.331561854926905,0.0,2.5473443378329996,-34.52478432382228,0.7642050899999999
2020-10-19,T4,1041.6592262483446,8.331561854926905,0.0,2.5473443378329996,-34.52478432382228,0.7642050899999999
2020-10-20,T4,1041.6592262483446,8.331561854926905,0.0,2.5473443378329996,-34.52478432382228,0.7642050899999999
2020-10-21,T4,1041.6592262483446,8.331561854926905,0.0,2.5473443378329996,-34.52478432382228,0.7642050899999999
2020-10-22,T4,1043.8101394194418,8.142276485958122,0.04,2.8054902539129998,-34.62752521984508,0.8416372499999999
2020-10-23,T4,1041.8841966198834,8.311763938229955,0.04,2.8054902539129998,-34.7826358762034,0.8416372499999999
2020-10-24,T4,1049.17035527946,7.670565005248631,0.04,2.8054902539129998,-34.93844891182696,0.8416372499999999
2020-10-25,T4,1045.5792943070905,7.986586735125146,0.04,2.8054902539129998,-35.09473818899648,0.8416372499999999
2020-10-26,T4,1046.3243647135969,7.921018803932778,0.04,2.8054902539129998,-35.25086778249004,0.8416372499999999
2020-10-27,T4,1069.524633267385,5.879341133077132,0.04,2.8054902539129998,-35.3858972591018,0.8416372499999999
2020-10-28,T4,1054.4579969492788,7.205240222316656,0.04,2.8054902539129998,-35.51370141320832,0.8416372499999999
2020-10-29,T4,1062.238873297736,6.520504980416186,0.04,2.8054902539129998,-35.3163591983511,0.8416372499999999
2020-10-30,T4,1066.343979953432,6.159246033090482,0.04,2.8054902539129998,-35.1564525426551,0.8416372499999999
2020-10-31,T4,1076.0944172174457,5.301184843114948,0.04,2.8054902539129998,-34.982076105441365,0.8416372499999999
2020-11-01,T4,1074.8519809883373,5.410522125161976,0.04,2.8054902539129998,-34.896451507749894,0.8416372499999999
2020-11-02,T4,1066.3330283902733,6.160209796156857,0.04,2.8054902539129998,-34.968858223813896,0.8416372499999999
2020-11-03,T4,1085.4871394353054,4.474603410391708,0.04,2.8054902539129998,-34.82689306078176,0.8416372499999999
2020-11-04,T4,1090.3916216569567,4.042997551354411,0.04,2.8054902539129998,-34.636410839130356,0.8416372499999999
2020-11-05,T4,1148.663848136362,0.0,0.04,2.8054902539129998,-34.811155122925115,0.8416372499999999
2020-11-06,T4,1147.8644686119583,1.0186925947672898,0.04,2.8054902539129998,-35.23175828092851,0.8416372499999999
2020-11-07,T4,1116.4659657589034,3.7262115989232902,0.04,2.8054902539129998,-35.842066737183515,0.8416372499999999
2020-11-08,T4,1142.6208966013,1.4708501684885578,0.04,2.8054902539129998,-36.022469753586996,0.8416372499999999
2020-11-09,T4,1136.34185306875,2.012297312381539,0.04,2.8054902539129998,-36.205611508936954,0.8416372499999999
2020-11-10,T4,1135.1436126176309,2.115622582638421,0.04,2.8054902539129998,-36.38869162005607,0.8416372499999999
2020-11-11,T4,1150.671463807562,0.7766430654556622,0.04,2.8054902539129998,-36.57416868852507,0.8416372499999999
2020-11-12,T4,1174.543311391353,0.0,0.04,2.8054902539129998,-36.76488306753407,0.8416372499999999
2020-11-13,T4,1175.8178139805593,0.33901415350997555,0.035,2.84646278211175,-36.94330730802895,0.8539308524999999
2020-11-14,T4,1166.510961727317,1.127852406900387,0.035,2.84646278211175,-37.080595844321266,0.8539308524999999
2020-11-15,T4,1162.546822361067,1.4638483686692516,0.035,2.84646278211175,-37.24899400432127,0.8539308524999999
2020-11-16,T4,1188.6492736705823,0.3568422180330155,0.035,2.84646278211175,-37.41920022935592,0.8539308524999999
2020-11-17,T4,1222.391572048115,0.4226244793445355,0.035,2.84646278211175,-37.596894317273104,0.8539308524999999
2020-11-18,T4,1225.8134453231874,1.759021466737043,0.035,2.84646278211175,-38.22633471140111,0.8539308524999999
2020-11-19,T4,1226.1774482426586,1.7298489991529609,0.035,2.84646278211175,-38.77331812272987,0.8539308524999999
2020-11-20,T4,1255.2255977190202,0.09493553839445834,0.035,2.84646278211175,-39.507018646367904,0.8539308524999999
2020-11-21,T4,1256.803519049273,0.44177466008390454,0.035,2.84646278211175,-40.02909260581526,0.8539308524999999
2020-11-22,T4,1245.2643151936977,1.355857601676591,0.035,2.84646278211175,-41.5460511716907,0.8539308524999999
2020-11-23,T4,1241.7325378626297,1.6356288451903511,0.035,2.84646278211175,-43.3855785027587,0.8539308524999999
2020-11-24,T4,1268.1866273439982,0.6307145368953049,0.035,2.84646278211175,-44.6511390213902,0.8539308524999999
2020-11-25,T4,1251.5737520774023,1.9324232200933489,0.035,2.84646278211175,-45.97398769523609,0.8539308524999999
2020-11-26,T4,1195.4917007879085,6.326755445164622,0.035,2.84646278211175,-46.45776557748017,0.8539308524999999
2020-11-27,T4,1194.7534273000292,6.384603168350733,0.035,2.84646278211175,-46.6400415407594,0.8539308524999999
2020-11-28,T4,1215.056352795059,4.793759079829596,0.035,2.84646278211175,-46.82088833792957,0.8539308524999999
2020-11-29,T4,1230.8563646609218,3.5557426431577,0.035,2.84646278211175,-47.008701704466866,0.8539308524999999
2020-11-30,T4,1284.306877344532,0.0,0.035,2.84646278211175,-47.337089020856865,0.8539308524999999
2020-12-01,T4,1250.565311435249,2.7327640880987603,0.035,2.84646278211175,-48.027940428789776,0.8539308524999999
2020-12-02,T4,1266.0135071750524,1.531224843649237,0.035,2.84646278211175,-48.22674070503648,0.8539308524999999
2020-12-03,T4,1273.2033232412105,0.9720109192940529,0.035,2.84646278211175,-48.53529312417832,0.8539308524999999
2020-12-04,T4,1245.9578246520675,3.0911280214357073,0.035,2.84646278211175,-48.75554171332131,0.8539308524999999
2020-12-05,T4,1262.6993095395787,1.788998540329112,0.035,2.84646278211175,-48.95396196776011,0.8539308524999999
2020-12-06,T4,1270.395509954747,1.190398743451404,0.035,2.84646278211175,-49.155256410641606,0.8539308524999999
2020-12-07,T4,1263.163718987647,1.7528774174002226,0.035,2.84646278211175,-49.3581508156416,0.8539308524999999
2020-12-08,T4,1233.2042730703972,4.083081579611103,0.035,2.84646278211175,-49.55809998724144,0.8539308524999999
2020-12-09,T4,1240.6182299111815,3.5064342965950845,0.035,2.84646278211175,-49.749186454207205,0.8539308524999999
2020-12-10,T4,1230.1822794541051,4.318128052843917,0.035,2.84646278211175,-49.94173060563358,0.8539308524999999
2020-12-11,T4,1222.091412448711,4.947424469871741,0.035,2.84646278211175,-50.13130391667787,0.8539308524999999
2020-12-12,T4,1249.3293486180587,2.82889556225584,0.035,2.84646278211175,-50.20841774733021,0.8539308524999999
2020-12-13,T4,1262.2605600849583,1.8231238645473269,0.035,2.84646278211175,-50.408840424030394,0.8539308524999999
2020-12-14,T4,1265.391400086979,1.5796114703570008,0.035,2.84646278211175,-50.61019555610975,0.8539308524999999
2020-12-15,T4,1270.5993018677286,1.1745480910339223,0.035,2.84646278211175,-50.81276449766015,0.8539308524999999
2020-12-16,T4,1337.3946226194762,0.08022602415218572,0.035,2.84646278211175,-51.28184374591261,0.8539308524999999
2020-12-17,T4,1382.6128484132166,1.7542350509425209,0.031,2.88925016304175,-51.90049243124211,0.8667689925
2020-12-18,T4,1391.096984977397,1.1513688996285243,0.031,2.88925016304175,-52.80027638835189,0.8667689925
2020-12-19,T4,1412.8325537923224,0.3577201803378727,0.031,2.88925016304175,-53.65728705213648,0.8667689925
2020-12-20,T4,1400.1689073108382,1.577978544713432,0.031,2.88925016304175,-54.798543533620794,0.8667689925
2020-12-21,T4,1376.0957004809254,3.2701555861689213,0.031,2.88925016304175,-55.4977503635335,0.8667689925
2020-12-22,T4,1409.9238060674434,0.8922778055356795,0.031,2.88925016304175,-55.78297477701567,0.8667689925
2020-12-23,T4,1391.5490951473703,2.1838906837872596,0.031,2.88925016304175,-56.0139259675686,0.8667689925
2020-12-24,T4,1406.6564657527397,1.121948837992126,0.031,2.88925016304175,-56.35393509171913,0.8667689925
2020-12-25,T4,1436.6326678182813,0.0,0.031,2.88925016304175,-56.82368183655764,0.8667689925
2020-12-26,T4,1491.2969497218392,0.4657413767920615,0.031,2.88925016304175,-57.11016393756972,0.8667689925
2020-12-27,T4,1485.6346920007963,2.859380993013949,0.028,2.9294047939435,-58.01707059994066,0.8788171889999999
2020-12-28,T4,1506.9952773898178,1.4626846865709253,0.028,2.9294047939435,-59.14821394815916,0.8788171889999999
2020-12-29,T4,1514.4644303874775,0.9743020784121259,0.028,2.9294047939435,-60.09436762957961,0.8788171889999999
2020-12-30,T4,1555.090683550192,0.0,0.028,2.9294047939435,-61.57792950142494,0.8788171889999999
2020-12-31,T4,1555.0716613476816,0.4814146864353108,0.028,2.9294047939435,-62.798697638415355,0.8788171889999999
2021-01-01,T4,1565.3824252212992,0.29338716874802717,0.028,2.9294047939435,-63.479572795757804,0.8788171889999999
2021-01-02,T4,1644.1837964262977,1.5235313745261214,0.028,2.9294047939435,-64.7554015907594,0.8788171889999999
2021-01-03,T4,1662.9134625306356,2.2209510870304205,0.025,2.9781113968570003,-68.1624847105078,0.893431362
2021-01-04,T4,1633.6786414749597,3.9399539469956557,0.025,2.9781113968570003,-71.86530576618387,0.893431362
2021-01-05,T4,1680.7621874389497,1.1714488819137059,0.025,2.9781113968570003,-73.44175980219387,0.893431362
2021-01-06,T4,1747.3493230788813,0.0,0.025,2.9781113968570003,-77.63812416226232,0.893431362
2021-01-07,T4,1811.353119360858,0.43120557907369017,0.025,2.9781113968570003,-80.85207788028539,0.893431362
2021-01-08,T4,1835.2497013830143,1.281688037773221,0.025,2.9781113968570003,-85.20415984787925,0.893431362
2021-01-09,T4,1821.2463905371033,2.0349278871239385,0.022,3.0386149449632502,-87.73997936843388,0.9115851494999999
2021-01-10,T4,1775.773841176929,4.480902028992817,0.022,3.0386149449632502,-90.57784872860826,0.9115851494999999
2021-01-11,T4,1712.7388263382188,7.871563394965008,0.022,3.0386149449632502,-92.29347642071846,0.9115851494999999
2021-01-12,T4,1681.923796427855,9.529107724504604,0.022,3.0386149449632502,-93.37170051654223,0.9115851494999999
2021-01-13,T4,1768.7439947342195,4.859038352161804,0.025,3.0874742127542505,-94.2918094940268,0.9262407315
2021-01-14,T4,1810.6746758946151,2.6035817456513843,0.025,3.0874742127542505,-96.39646916113112,0.9262407315
2021-01-15,T4,1748.3795543874287,5.954444156383265,0.025,3.0874742127542505,-98.61615038531757,0.9262407315
2021-01-16,T4,1729.131524081461,6.9897981242771134,0.025,3.0874742127542505,-99.64837097428507,0.9262407315
2021-01-17,T4,1724.4993851133606,7.23896146121199,0.025,3.0874742127542505,-100.29916424788574,0.9262407315
2021-01-18,T4,1742.618160605869,6.264350251579264,0.025,3.0874742127542505,-102.18476423537741,0.9262407315
2021-01-19,T4,1720.2877064430254,7.465508185916258,0.025,3.0874742127542505,-105.53368861272114,0.9262407315
2021-01-20,T4,1709.1324857669465,8.065548907284459,0.025,3.0874742127542505,-106.62665928879987,0.9262407315
2021-01-21,T4,1591.8755749164884,14.372812870514906,0.025,3.0874742127542505,-107.62811431025776,0.9262407315
2021-01-22,T4,1644.7943388524616,11.526305911298362,0.025,3.0874742127542505,-107.8635562032848,0.9262407315
2021-01-23,T4,1622.1200702414603,12.745957667988128,0.025,3.0874742127542505,-108.12607481428601,0.9262407315
2021-01-24,T4,1625.7897081023825,12.54856738650767,0.025,3.0874742127542505,-108.65501724661382,0.9262407315
2021-01-25,T4,1625.1348309654315,12.583793309963065,0.025,3.0874742127542505,-109.53738555006466,0.9262407315
2021-01-26,T4,1630.0663210164084,12.318527840678916,0.025,3.0874742127542505,-109.80482403933776,0.9262407315
2021-01-27,T4,1577.3508999860223,15.154096959462127,0.025,3.0874742127542505,-110.04124506972376,0.9262407315
2021-01-28,T4,1651.6579273631119,11.157112623178422,0.025,3.0874742127542505,-110.37285860038449,0.9262407315
2021-01-29,T4,1671.6648758790836,10.080936349441105,0.025,3.0874742127542505,-112.52876917666278,0.9262407315
2021-01-30,T4,1671.5160032205536,10.088944228443253,0.025,3.0874742127542505,-113.59614183519277,0.9262407315
2021-01-31,T4,1641.3079782125744,11.713837688037987,0.025,3.0874742127542505,-114.81861176842186,0.9262407315
2021-02-01,T4,1650.6409170915142,11.211817733433838,0.025,3.0874742127542505,-115.80622796423192,0.9262407315
2021-02-02,T4,1698.277312429766,8.649450044604512,0.025,3.0874742127542505,-117.55558262598024,0.9262407315
2021-02-03,T4,1749.4977725590252,5.894295060474242,0.025,3.0874742127542505,-119.67032536822097,0.9262407315
2021-02-04,T4,1731.4976302488808,6.862524976326146,0.025,3.0874742127542505,-121.21423210836551,0.9262407315
2021-02-05,T4,1762.6073558220019,5.189128930070264,0.025,3.0874742127542505,-123.38531687274441,0.9262407315
2021-02-06,T4,1783.7042561936962,4.054324009105281,0.025,3.0874742127542505,-125.45288886205007,0.9262407315
2021-02-07,T4,1772.7941600211861,4.641179452636546,0.022,3.1468994826265004,-128.42580238672787,0.944070987
2021-02-08,T4,1935.98442045099,0.0,0.022,3.1468994826265004,-131.83124907938407,0.944070987
2021-02-09,T4,1933.232077572302,2.073522444231013,0.022,3.1468994826265004,-136.78575535689205,0.944070987
2021-02-10,T4,1892.73624373727,4.124809720680678,0.022,3.1468994826265004,-140.95522579310426,0.944070987
2021-02-11,T4,1959.8640872516098,0.7244971883492601,0.022,3.1468994826265004,-144.37128270576417,0.944070987
2021-02-12,T4,1940.909542916058,1.6846259706039812,0.022,3.1468994826265004,-148.13546661431613,0.944070987
2021-02-13,T4,1933.701929829914,2.0497224167571493,0.022,3.1468994826265004,-151.84793970045993,0.944070987
2021-02-14,T4,1961.5626333747355,1.0376143408516558,0.022,3.1468994826265004,-155.9014598983584,0.944070987
2021-02-15,T4,1943.9384431464996,1.9267686714968146,0.022,3.1468994826265004,-158.3048063838742,0.944070987
2021-02-16,T4,1967.32885548674,0.7467038765435419,0.022,3.1468994826265004,-162.2238740436342,0.944070987
2021-02-17,T4,2020.1248246512307,0.23632190225794103,0.019,3.2206584921152506,-165.69103484715458,0.9662020095
2021-02-18,T4,2004.9492363875265,0.9857669286292392,0.019,3.2206584921152506,-169.76226311085867,0.9662020095
2021-02-19,T4,2084.9861801311386,0.0,0.019,3.2206584921152506,-172.80928641111666,0.9662020095
2021-02-20,T4,2079.908132021341,1.3523290453645642,0.019,3.2206584921152506,-177.00439747704402,0.9662020095
2021-02-21,T4,2105.549243510446,0.7434736470086967,0.019,3.2206584921152506,-180.49902598793946,0.9662020095
2021-02-22,T4,2038.7441727086775,3.8926943508161393,0.019,3.2206584921152506,-183.55063620180766,0.9662020095
2021-02-23,T4,1939.6557864142687,8.563764883039282,0.019,3.2206584921152506,-184.20953847198632,0.9662020095
2021-02-24,T4,1953.3681510778874,7.917357923529211,0.019,3.2206584921152506,-185.14910842049764,0.9662020095
2021-02-25,T4,1903.1651087605887,10.283951632095011,0.019,3.2206584921152506,-185.82026649113652,0.9662020095
2021-02-26,T4,1888.0995497347717,10.994148774753832,0.019,3.2206584921152506,-186.08561185285362,0.9662020095
2021-02-27,T4,1883.5168784840903,11.210177932543552,0.019,3.2206584921152506,-186.8395913194349,0.9662020095
2021-02-28,T4,1865.4214243713382,12.063205675089828,0.019,3.2206584921152506,-187.3227514816871,0.9662020095
2021-03-01,T4,1948.499817754216,8.146853318294001,0.019,3.2206584921152506,-187.64944641830903,0.9662020095
2021-03-02,T4,1926.6198743744053,9.178283565472345,0.019,3.2206584921152506,-187.92806656826005,0.9662020095
2021-03-03,T4,1962.6111179569489,7.481640360314302,0.019,3.2206584921152506,-188.54950154143657,0.9662020095
2021-03-04,T4,1924.3437466751952,9.285581235976004,0.019,3.2206584921152506,-188.83354690190023,0.9662020095
2021-03-05,T4,1931.735933434093,8.937110269503856,0.019,3.2206584921152506,-189.10657606429237,0.9662020095
2021-03-06,T4,1933.3338629151758,8.861783164171067,0.019,3.2206584921152506,-189.3818565832097,0.9662020095
2021-03-07,T4,1972.8478634446653,6.999075632178863,0.019,3.2206584921152506,-189.73916605372017,0.9662020095
2021-03-08,T4,1999.8519543860007,5.7260907934635785,0.019,3.2206584921152506,-190.1708851123847,0.9662020095
2021-03-09,T4,2045.718087742101,3.563940899225304,0.019,3.2206584921152506,-191.90620943619442,0.9662020095
2021-03-10,T4,2063.4601712363983,2.727571204554735,0.019,3.2206584921152506,-193.27020424700717,0.9662020095
2021-03-11,T4,2097.2128880855007,1.1364531436764969,0.019,3.2206584921152506,-196.24519141288468,0.9662020095
2021-03-12,T4,2084.4988582934375,1.7357981540096046,0.019,3.2206584921152506,-198.64502467071839,0.9662020095
2021-03-13,T4,2157.3177345441427,0.45716589716046085,0.019,3.2206584921152506,-200.47434495424278,0.9662020095
2021-03-14,T4,2112.4840126986787,2.5258809799755144,0.019,3.2206584921152506,-203.7068235858268,0.9662020095
2021-03-15,T4,2045.8500775598632,5.600500283813981,0.019,3.2206584921152506,-205.95145196151242,0.9662020095
2021-03-16,T4,2069.1741080461343,4.524284175204896,0.019,3.2206584921152506,-206.99842078751124,0.9662020095
2021-03-17,T4,2106.134737948014,2.818848859976897,0.019,3.2206584921152506,-207.84182155037172,0.9662020095
2021-03-18,T4,2081.5444290204646,3.95349351751495,0.019,3.2206584921152506,-208.8738404779211,0.9662020095
2021-03-19,T4,2088.327684873144,3.6405009058062987,0.019,3.2206584921152506,-209.73941462524184,0.9662020095
2021-03-20,T4,2087.785307368639,3.6655272582473475,0.019,3.2206584921152506,-211.3284688206566,0.9662020095
2021-03-21,T4,2072.632833116253,4.364691876699589,0.019,3.2206584921152506,-212.24275638213257,0.9662020095
2021-03-22,T4,2008.3480145539843,7.3309183750077995,0.019,3.2206584921152506,-213.8394288876513,0.9662020095
2021-03-23,T4,2012.8362380025,7.123823019975872,0.019,3.2206584921152506,-214.80565149588557,0.9662020095
2021-03-24,T4,1972.1652943889953,9.000459422717222,0.019,3.2206584921152506,-215.81571846730031,0.9662020095
2021-03-25,T4,1953.325601745346,9.869759465703964,0.019,3.2206584921152506,-216.12954775303953,0.9662020095
2021-03-26,T4,2023.1998002145497,6.645628112721525,0.019,3.2206584921152506,-216.48865928383586,0.9662020095
2021-03-27,T4,2038.6305402224098,5.933623771362395,0.019,3.2206584921152506,-216.80210819283585,0.9662020095
2021-03-28,T4,2037.0717807439842,6.005547963929203,0.019,3.2206584921152506,-217.12210414727144,0.9662020095
2021-03-29,T4,2072.3682991237765,4.37689798936719,0.019,3.2206584921152506,-217.53376927759874,0.9662020095
2021-03-30,T4,2092.161519742014,3.463600311972226,0.019,3.2206584921152506,-219.11589975637114,0.9662020095
2021-03-31,T4,2090.1065344174253,3.558421329745265,0.019,3.2206584921152506,-221.46044508096017,0.9662020095
2021-04-01,T4,2086.9289054106407,3.705043309436906,0.019,3.2206584921152506,-224.3295140877449,0.9662020095
2021-04-02,T4,2088.2962308108854,3.6419522573856833,0.019,3.2206584921152506,-227.47810868750008,0.9662020095
2021-04-03,T4,2049.1226194506785,5.449498839142297,0.019,3.2206584921152506,-230.53751471518697,0.9662020095
2021-04-04,T4,2068.4791114893146,4.556352667411567,0.019,3.2206584921152506,-231.92631476596105,0.9662020095
2021-04-05,T4,2086.037890128444,3.746156486693364,0.019,3.2206584921152506,-233.2534156229417,0.9662020095
2021-04-06,T4,2061.2751526839593,4.888757331204275,0.019,3.2206584921152506,-235.91142948268603,0.9662020095
2021-04-07,T4,2020.6148748568396,6.764901593827499,0.019,3.2206584921152506,-237.71433651089575,0.9662020095
2021-04-08,T4,2059.824237215765,4.955705391489984,0.019,3.2206584921152506,-238.70678228746013,0.9662020095
2021-04-09,T4,2059.734659979923,4.959838659290106,0.019,3.2206584921152506,-239.45498263082231,0.9662020095
2021-04-10,T4,2088.2737959810347,3.642987444048351,0.019,3.2206584921152506,-242.6808091618409,0.9662020095
2021-04-11,T4,2089.715708260087,3.5764548084118664,0.019,3.2206584921152506,-245.99794568104815,0.9662020095
2021-04-12,T4,2083.1076447394616,3.881363705345231,0.019,3.2206584921152506,-249.37491475892378,0.9662020095
2021-04-13,T4,2150.5628478573108,0.7688495004071871,0.019,3.2206584921152506,-252.85429856375475,0.9662020095
2021-04-14,T4,2136.6189255960267,1.412249180561953,0.016,3.3157960293437507,-256.12568082213033,0.9947475525
2021-04-15,T4,2137.057114380877,1.3920302981888844,0.016,3.3157960293437507,-258.8300520372798,0.9947475525
2021-04-16,T4,2104.8432646656433,2.8784399478527067,0.016,3.3157960293437507,-262.2586217525134,0.9947475525
2021-04-17,T4,2081.3777436448117,3.9611847047843596,0.016,3.3157960293437507,-264.18078173894537,0.9947475525
2021-04-18,T4,2017.2568953298755,6.919845297122073,0.016,3.3157960293437507,-265.5796880962814,0.9947475525
2021-04-19,T4,2007.4236264011174,7.373571441393912,0.017,3.344176885833751,-265.8597661805495,1.0032605325000001
2021-04-20,T4,2020.8404757262092,6.754491931146145,0.017,3.344176885833751,-266.14090446564785,1.0032605325000001
2021-04-21,T4,1975.5803882399164,8.842880353484894,0.017,3.344176885833751,-266.4262819223708,1.0032605325000001
2021-04-22,T4,1940.1076219722963,10.47966274821761,0.017,3.344176885833751,-266.70271060937074,1.0032605325000001
2021-04-23,T4,1929.4603310973835,10.970949447545685,0.017,3.344176885833751,-267.2640714842837,1.0032605325000001
2021-04-24,T4,1907.9914244583094,11.961566535479784,0.0,3.7683060969077506,-267.3509810602837,1.1305183845000002
2021-04-25,T4,1907.9914244583094,11.961566535479784,0.0,3.7683060969077506,-267.3509810602837,1.1305183845000002
2021-04-26,T4,1907.9914244583094,11.961566535479784,0.0,3.7683060969077506,-267.3509810602837,1.1305183845000002
2021-04-27,T4,1907.9914244583094,11.961566535479784,0.0,3.7683060969077506,-267.3509810602837,1.1305183845000002
2021-04-28,T4,1897.9086016659503,12.4268075801515,0.017,4.239140201431251,-267.5356607011191,1.2717474315000001
2021-04-29,T4,1875.8396425621875,13.445112255309798,0.017,4.239140201431251,-267.81282980488197,1.2717474315000001
2021-04-30,T4,1945.9000478981109,10.2123889555103,0.017,4.239140201431251,-268.0934151639586,1.2717474315000001
2021-05-01,T4,1947.7566292442264,10.126722683001843,0.017,4.239140201431251,-268.61861312284316,1.2717474315000001
2021-05-02,T4,1926.2309637500944,11.119958734847657,0.017,4.239140201431251,-269.6466332509552,1.2717474315000001
2021-05-03,T4,1934.407869666591,10.742660399935321,0.017,4.239140201431251,-271.0565235821383,1.2717474315000001
2021-05-04,T4,1866.323694224288,13.884196610647415,0.017,4.239140201431251,-272.2761997322015,1.2717474315000001
2021-05-05,T4,1937.3630260609707,10.606303739067357,0.017,4.239140201431251,-273.1919397605791,1.2717474315000001
2021-05-06,T4,1917.2626791769185,11.533772819421229,0.017,4.239140201431251,-275.424593190151,1.2717474315000001
2021-05-07,T4,1931.6266395102107,10.870991766068972,0.017,4.239140201431251,-276.52689285685904,1.2717474315000001
2021-05-08,T4,1956.8405601493841,9.707572451853874,0.017,4.239140201431251,-278.02099221768526,1.2717474315000001
2021-05-09,T4,1944.1902902972802,10.2912804949856,0.017,4.239140201431251,-279.56734730588914,1.2717474315000001
2021-05-10,T4,1901.3027716676017,12.270193978000488,0.017,4.239140201431251,-281.7755160327479,1.2717474315000001
2021-05-11,T4,1914.4800075800213,11.66217069642248,0.017,4.239140201431251,-282.87801478704847,1.2717474315000001
2021-05-12,T4,1793.8176043999856,17.229768547157363,0.017,4.239140201431251,-283.74175796708397,1.2717474315000001
2021-05-13,T4,1793.1044957492745,17.26267276658614,0.0,4.661221814691001,-283.8400115240353,1.3983909120000002
2021-05-14,T4,1793.1044957492745,17.26267276658614,0.0,4.661221814691001,-283.8400115240353,1.3983909120000002
2021-05-15,T4,1793.1044957492745,17.26267276658614,0.0,4.661221814691001,-283.8400115240353,1.3983909120000002
2021-05-16,T4,1793.1044957492745,17.26267276658614,0.0,4.661221814691001,-283.8400115240353,1.3983909120000002
2021-05-17,T4,1793.1044957492745,17.26267276658614,0.0,4.661221814691001,-283.8400115240353,1.3983909120000002
2021-05-18,T4,1793.1044957492745,17.26267276658614,0.0,4.661221814691001,-283.8400115240353,1.3983909120000002
2021-05-19,T4,1793.1044957492745,17.26267276658614,0.0,4.661221814691001,-283.8400115240353,1.3983909120000002
2021-05-20,T4,1793.1044957492745,17.26267276658614,0.0,4.661221814691001,-283.8400115240353,1.3983909120000002
2021-05-21,T4,1793.1044957492745,17.26267276658614,0.0,4.661221814691001,-283.8400115240353,1.3983909120000002
2021-05-22,T4,1793.1044957492745,17.26267276658614,0.0,4.661221814691001,-283.8400115240353,1.3983909120000002
2021-05-23,T4,1793.1044957492745,17.26267276658614,0.0,4.661221814691001,-283.8400115240353,1.3983909120000002
2021-05-24,T4,1793.1044957492745,17.26267276658614,0.0,4.661221814691001,-283.8400115240353,1.3983909120000002
2021-05-25,T4,1793.1044957492745,17.26267276658614,0.0,4.661221814691001,-283.8400115240353,1.3983909120000002
2021-05-26,T4,1793.1044957492745,17.26267276658614,0.0,4.661221814691001,-283.8400115240353,1.3983909120000002
2021-05-27,T4,1793.1044957492745,17.26267276658614,0.0,4.661221814691001,-283.8400115240353,1.3983909120000002
2021-05-28,T4,1793.1044957492745,17.26267276658614,0.0,4.661221814691001,-283.8400115240353,1.3983909120000002
2021-05-29,T4,1793.1044957492745,17.26267276658614,0.0,4.661221814691001,-283.8400115240353,1.3983909120000002
2021-05-30,T4,1793.1044957492745,17.26267276658614,0.0,4.661221814691001,-283.8400115240353,1.3983909120000002
2021-05-31,T4,1793.1044957492745,17.26267276658614,0.0,4.661221814691001,-283.8400115240353,1.3983909120000002
2021-06-01,T4,1793.1044957492745,17.26267276658614,0.0,4.661221814691001,-283.8400115240353,1.3983909120000002
2021-06-02,T4,1793.1044957492745,17.26267276658614,0.0,4.661221814691001,-283.8400115240353,1.3983909120000002
2021-06-03,T4,1793.1044957492745,17.26267276658614,0.0,4.661221814691001,-283.8400115240353,1.3983909120000002
2021-06-04,T4,1793.1044957492745,17.26267276658614,0.0,4.661221814691001,-283.8400115240353,1.3983909120000002
2021-06-05,T4,1793.1044957492745,17.26267276658614,0.0,4.661221814691001,-283.8400115240353,1.3983909120000002
2021-06-06,T4,1793.1044957492745,17.26267276658614,0.0,4.661221814691001,-283.8400115240353,1.3983909120000002
2021-06-07,T4,1793.1044957492745,17.26267276658614,0.0,4.661221814691001,-283.8400115240353,1.3983909120000002
2021-06-08,T4,1793.1044957492745,17.26267276658614,0.0,4.661221814691001,-283.8400115240353,1.3983909120000002
2021-06-09,T4,1793.1044957492745,17.26267276658614,0.0,4.661221814691001,-283.8400115240353,1.3983909120000002
2021-06-10,T4,1793.1044957492745,17.26267276658614,0.0,4.661221814691001,-283.8400115240353,1.3983909120000002
2021-06-11,T4,1793.1044957492745,17.26267276658614,0.0,4.661221814691001,-283.8400115240353,1.3983909120000002
2021-06-12,T4,1793.1044957492745,17.26267276658614,0.0,4.661221814691001,-283.8400115240353,1.3983909120000002
2021-06-13,T4,1793.1044957492745,17.26267276658614,0.0,4.661221814691001,-283.8400115240353,1.3983909120000002
2021-06-14,T4,1793.1044957492745,17.26267276658614,0.0,4.661221814691001,-283.8400115240353,1.3983909120000002
2021-06-15,T4,1793.1044957492745,17.26267276658614,0.0,4.661221814691001,-283.8400115240353,1.3983909120000002
2021-06-16,T4,1793.1044957492745,17.26267276658614,0.0,4.661221814691001,-283.8400115240353,1.3983909120000002
2021-06-17,T4,1793.1044957492745,17.26267276658614,0.0,4.661221814691001,-283.8400115240353,1.3983909120000002
2021-06-18,T4,1793.1044957492745,17.26267276658614,0.0,4.661221814691001,-283.8400115240353,1.3983909120000002
2021-06-19,T4,1793.1044957492745,17.26267276658614,0.0,4.661221814691001,-283.8400115240353,1.3983909120000002
2021-06-20,T4,1793.1044957492745,17.26267276658614,0.0,4.661221814691001,-283.8400115240353,1.3983909120000002
2021-06-21,T4,1793.1044957492745,17.26267276658614,0.0,4.661221814691001,-283.8400115240353,1.3983909120000002
2021-06-22,T4,1793.1044957492745,17.26267276658614,0.0,4.661221814691001,-283.8400115240353,1.3983909120000002
2021-06-23,T4,1793.1044957492745,17.26267276658614,0.0,4.661221814691001,-283.8400115240353,1.3983909120000002
2021-06-24,T4,1793.1044957492745,17.26267276658614,0.0,4.661221814691001,-283.8400115240353,1.3983909120000002
2021-06-25,T4,1793.1044957492745,17.26267276658614,0.0,4.661221814691001,-283.8400115240353,1.3983909120000002
2021-06-26,T4,1793.1044957492745,17.26267276658614,0.0,4.661221814691001,-283.8400115240353,1.3983909120000002
2021-06-27,T4,1793.1044957492745,17.26267276658614,0.0,4.661221814691001,-283.8400115240353,1.3983909120000002
2021-06-28,T4,1793.1044957492745,17.26267276658614,0.0,4.661221814691001,-283.8400115240353,1.3983909120000002
2021-06-29,T4,1793.1044957492745,17.26267276658614,0.0,4.661221814691001,-283.8400115240353,1.3983909120000002
2021-06-30,T4,1793.1044957492745,17.26267276658614,0.0,4.661221814691001,-283.8400115240353,1.3983909120000002
2021-07-01,T4,1793.1044957492745,17.26267276658614,0.0,4.661221814691001,-283.8400115240353,1.3983909120000002
2021-07-02,T4,1793.1044957492745,17.26267276658614,0.0,4.661221814691001,-283.8400115240353,1.3983909120000002
2021-07-03,T4,1793.1044957492745,17.26267276658614,0.0,4.661221814691001,-283.8400115240353,1.3983909120000002
2021-07-04,T4,1793.1044957492745,17.26267276658614,0.0,4.661221814691001,-283.8400115240353,1.3983909120000002
2021-07-05,T4,1793.1044957492745,17.26267276658614,0.0,4.661221814691001,-283.8400115240353,1.3983909120000002
2021-07-06,T4,1793.1044957492745,17.26267276658614,0.0,4.661221814691001,-283.8400115240353,1.3983909120000002
2021-07-07,T4,1793.1044957492745,17.26267276658614,0.0,4.661221814691001,-283.8400115240353,1.3983909120000002
2021-07-08,T4,1793.1044957492745,17.26267276658614,0.0,4.661221814691001,-283.8400115240353,1.3983909120000002
2021-07-09,T4,1793.1044957492745,17.26267276658614,0.0,4.661221814691001,-283.8400115240353,1.3983909120000002
2021-07-10,T4,1793.1044957492745,17.26267276658614,0.0,4.661221814691001,-283.8400115240353,1.3983909120000002
2021-07-11,T4,1793.1044957492745,17.26267276658614,0.0,4.661221814691001,-283.8400115240353,1.3983909120000002
2021-07-12,T4,1793.1044957492745,17.26267276658614,0.0,4.661221814691001,-283.8400115240353,1.3983909120000002
2021-07-13,T4,1793.1044957492745,17.26267276658614,0.0,4.661221814691001,-283.8400115240353,1.3983909120000002
2021-07-14,T4,1793.1044957492745,17.26267276658614,0.0,4.661221814691001,-283.8400115240353,1.3983909120000002
2021-07-15,T4,1793.1044957492745,17.26267276658614,0.0,4.661221814691001,-283.8400115240353,1.3983909120000002
2021-07-16,T4,1793.1044957492745,17.26267276658614,0.0,4.661221814691001,-283.8400115240353,1.3983909120000002
2021-07-17,T4,1793.1044957492745,17.26267276658614,0.0,4.661221814691001,-283.8400115240353,1.3983909120000002
2021-07-18,T4,1793.1044957492745,17.26267276658614,0.0,4.661221814691001,-283.8400115240353,1.3983909120000002
2021-07-19,T4,1793.1044957492745,17.26267276658614,0.0,4.661221814691001,-283.8400115240353,1.3983909120000002
2021-07-20,T4,1793.1044957492745,17.26267276658614,0.0,4.661221814691001,-283.8400115240353,1.3983909120000002
2021-07-21,T4,1793.1044957492745,17.26267276658614,0.0,4.661221814691001,-283.8400115240353,1.3983909120000002
2021-07-22,T4,1793.1044957492745,17.26267276658614,0.0,4.661221814691001,-283.8400115240353,1.3983909120000002
2021-07-23,T4,1793.1044957492745,17.26267276658614,0.0,4.661221814691001,-283.8400115240353,1.3983909120000002
2021-07-24,T4,1793.1044957492745,17.26267276658614,0.0,4.661221814691001,-283.8400115240353,1.3983909120000002
2021-07-25,T4,1793.1044957492745,17.26267276658614,0.0,4.661221814691001,-283.8400115240353,1.3983909120000002
2021-07-26,T4,1804.0942746855658,16.755583002308427,0.024,5.102124740211002,-284.02411862222385,1.5306419520000003
2021-07-27,T4,1808.2888025513923,16.56203933240672,0.0,5.5512015285870016,-284.113450720021,1.6653852000000002
2021-07-28,T4,1829.3258572878262,15.591348730781608,0.023,6.000419341153002,-284.29643303902094,1.8001303320000002
2021-07-29,T4,1829.3383928741173,15.590770314460922,0.023,6.000419341153002,-284.47801745272994,1.8001303320000002
2021-07-30,T4,1879.6979178404167,13.267083933475687,0.023,6.000419341153002,-284.6400624864304,1.8001303320000002
2021-07-31,T4,1861.831117401738,14.09149283882024,0.023,6.000419341153002,-284.9281929251093,1.8001303320000002
2021-08-01,T4,1825.0722841897878,15.787616862481645,0.023,6.000419341153002,-285.2144394251092,1.8001303320000002
2021-08-02,T4,1808.4775873525614,16.55332843468267,0.023,6.000419341153002,-285.4895929742855,1.8001303320000002
2021-08-03,T4,1786.563938402497,17.564466797426004,0.023,6.000419341153002,-285.75613735378005,1.8001303320000002
2021-08-04,T4,1821.7031606532425,15.943074772042266,0.023,6.000419341153002,-285.94251185442437,1.8001303320000002
2021-08-05,T4,1847.5193758515675,14.751864416005823,0.023,6.000419341153002,-286.2124657685794,1.8001303320000002
2021-08-06,T4,1892.005339296227,12.699195581847068,0.023,6.000419341153002,-286.4971910306199,1.8001303320000002
2021-08-07,T4,1932.3427454957928,10.837949243782418,0.023,6.000419341153002,-286.7948048310542,1.8001303320000002
2021-08-08,T4,1913.7813037000976,11.694410251724218,0.023,6.000419341153002,-287.1016010549992,1.8001303320000002
2021-08-09,T4,1970.394043770346,9.08218836957726,0.023,6.000419341153002,-287.40857655650075,1.8001303320000002
2021-08-10,T4,1954.208667642832,9.829013088511685,0.023,6.000419341153002,-287.7246426840146,1.8001303320000002
2021-08-11,T4,1953.1001074397132,9.880164211327347,0.023,6.000419341153002,-288.0429228871335,1.8001303320000002
2021-08-12,T4,1926.0814614101,11.126857063447915,0.023,6.000419341153002,-288.3533437995165,1.8001303320000002
2021-08-13,T4,2004.0643670828624,7.528574196746563,0.023,6.000419341153002,-288.6681194151741,1.8001303320000002
2021-08-14,T4,1987.3915117461738,8.297892154053088,0.023,6.000419341153002,-288.99557443877273,1.8001303320000002
2021-08-15,T4,1985.371105373688,8.391117631754529,0.023,6.000419341153002,-289.31535495315853,1.8001303320000002
2021-08-16,T4,1960.1331453791295,9.555646168559651,0.023,6.000419341153002,-289.6807685483969,1.8001303320000002
2021-08-17,T4,1931.3898812795253,10.881916251091372,0.023,6.000419341153002,-289.9972990473212,1.8001303320000002
2021-08-18,T4,1931.6608136796335,10.86941490345713,0.023,6.000419341153002,-290.3089566472131,1.8001303320000002
2021-08-19,T4,1978.637972580696,8.701797468049865,0.023,6.000419341153002,-290.61979774615037,1.8001303320000002
2021-08-20,T4,2036.7514047578047,6.020330734743229,0.023,6.000419341153002,-291.0112355690416,1.8001303320000002
2021-08-21,T4,2025.6526863427014,6.532447178351941,0.02,6.073746145482252,-291.48500583831583,1.8221316735000002
2021-08-22,T4,2033.7713707587086,6.157835296654934,0.02,6.073746145482252,-291.8249214223084,1.8221316735000002
2021-08-23,T4,2038.1432764020478,5.956107071275952,0.02,6.073746145482252,-292.55441577896954,1.8221316735000002
2021-08-24,T4,2001.4333029324293,7.64997661144271,0.02,6.073746145482252,-293.3441892485877,1.8221316735000002
2021-08-25,T4,2026.292007300204,6.502947666531266,0.02,6.073746145482252,-293.72488488081336,1.8221316735000002
2021-08-26,T4,1982.9132555755518,8.504527599506574,0.02,6.073746145482252,-294.1216366054656,1.8221316735000002
2021-08-27,T4,2027.2205959818175,6.460100779582934,0.02,6.073746145482252,-294.40669619920004,1.8221316735000002
2021-08-28,T4,2023.4139399980168,6.6357472868240786,0.02,6.073746145482252,-295.04664206980095,1.8221316735000002
2021-08-29,T4,2020.6240071490547,6.764480212111501,0.02,6.073746145482252,-295.33845253036327,1.8221316735000002
2021-08-30,T4,1984.8038349982594,8.417292589651804,0.02,6.073746145482252,-295.74865718275845,1.8221316735000002
2021-08-31,T4,1986.604778171328,8.334193570608473,0.02,6.073746145482252,-296.5759140096898,1.8221316735000002
2021-09-01,T4,2019.4221385284118,6.819936766703516,0.02,6.073746145482252,-297.5769536526058,1.8221316735000002
2021-09-02,T4,2026.889828519595,6.475363033302639,0.02,6.073746145482252,-299.02806366142266,1.8221316735000002
2021-09-03,T4,2040.4918540071367,5.847739134936525,0.02,6.073746145482252,-300.0758381738811,1.8221316735000002
2021-09-04,T4,2038.0183976371807,5.961869220251548,0.02,6.073746145482252,-300.82569454383713,1.8221316735000002
2021-09-05,T4,2074.9900634158826,4.255924688213197,0.02,6.073746145482252,-301.12582876513494,1.8221316735000002
2021-09-06,T4,2092.2766943190586,3.4582859330877347,0.02,6.073746145482252,-301.6101978619586,1.8221316735000002
2021-09-07,T4,1974.7837872257942,8.879637072870828,0.02,6.073746145482252,-302.03476424562297,1.8221316735000002
2021-09-08,T4,1959.0832873277504,9.604088659976917,0.02,6.073746145482252,-302.3108359032669,1.8221316735000002
2021-09-09,T4,1965.6439977774905,9.301364725788686,0.02,6.073746145482252,-302.589499516127,1.8221316735000002
2021-09-10,T4,1934.585676970732,10.734456025264427,0.02,6.073746145482252,-302.8756413412854,1.8221316735000002
2021-09-11,T4,1940.751078384551,10.449972418475328,0.02,6.073746145482252,-303.14661379646645,1.8221316735000002
2021-09-12,T4,1957.5241622150147,9.676029723621582,0.02,6.073746145482252,-303.41952996600253,1.8221316735000002
2021-09-13,T4,1935.802046341215,10.678330377885302,0.02,6.073746145482252,-303.68932754600246,1.8221316735000002
2021-09-14,T4,1978.1836676294374,8.722759981670869,0.02,6.073746145482252,-303.9642273815797,1.8221316735000002
2021-09-15,T4,1998.1227174843461,7.8027334598035125,0.02,6.073746145482252,-304.249305947471,1.8221316735000002
2021-09-16,T4,1990.4568558818687,8.156451216595595,0.02,6.073746145482252,-304.53820852294814,1.8221316735000002
2021-09-17,T4,1981.2534885862165,8.58111247498561,0.02,6.073746145482252,-304.8242035948004,1.8221316735000002
2021-09-18,T4,2000.815741069971,7.678472116318313,0.02,6.073746145482252,-305.1128687758457,1.8221316735000002
2021-09-19,T4,1979.684516992777,8.653507874391542,0.02,6.073746145482252,-305.40108137884,1.8221316735000002
2021-09-20,T4,1895.0127510367724,12.560427757722504,0.02,6.073746145482252,-305.6729824932444,1.8221316735000002
2021-09-21,T4,1846.215480460083,14.812028684144762,0.022,6.115426326571752,-305.94901873924437,1.8346338525
2021-09-22,T4,1908.0592017201009,11.958439160861566,0.022,6.115426326571752,-306.2271849233266,1.8346338525
2021-09-23,T4,1936.5537627524322,10.643644721333189,0.022,6.115426326571752,-306.44505525025494,1.8346338525
2021-09-24,T4,1891.9469647555593,12.701889096633733,0.022,6.115426326571752,-306.3201546260679,1.8346338525
2021-09-25,T4,1888.515623476117,12.860217853803068,0.022,6.115426326571752,-306.5605970860503,1.8346338525
2021-09-26,T4,1899.8590034082245,12.336812252177198,0.022,6.115426326571752,-306.6582946576229,1.8346338525
2021-09-27,T4,1876.5456537188884,13.412535528052194,0.022,6.115426326571752,-306.944527471119,1.8346338525
2021-09-28,T4,1851.953224289029,14.547278029689092,0.022,6.115426326571752,-307.08760704175825,1.8346338525
2021-09-29,T4,1862.5317975505532,14.059162094629984,0.022,6.115426326571752,-307.2147429216142,1.8346338525
2021-09-30,T4,1912.7144846903882,11.743635354730985,0.022,6.115426326571752,-307.4888908174193,1.8346338525
2021-10-01,T4,2007.8129555409103,7.355607038027068,0.022,6.115426326571752,-307.58771073965727,1.8346338525
2021-10-02,T4,1996.776346688643,7.864857625665389,0.022,6.115426326571752,-307.74297457298496,1.8346338525
2021-10-03,T4,2008.8174814850727,7.309256258162511,0.022,6.115426326571752,-308.05838833585517,1.8346338525
2021-10-04,T4,2030.7858203972023,6.295594394252069,0.022,6.115426326571752,-308.37472942372546,1.8346338525
2021-10-05,T4,2080.1228803134745,4.019086538349647,0.022,6.115426326571752,-308.4583386351733,1.8346338525
2021-10-06,T4,2164.964905309029,0.1043105719498727,0.022,6.115426326571752,-308.8057245118985,1.8346338525
2021-10-07,T4,2133.875233063358,1.5388484877643105,0.019,6.197682836244252,-309.56615167469744,1.8593145075000002
2021-10-08,T4,2136.2205108165326,1.6393558479035786,0.019,6.197682836244252,-310.2893518397229,1.8593145075000002
2021-10-09,T4,2154.594422612753,0.7933430927974827,0.019,6.197682836244252,-310.6605673192116,1.8593145075000002
2021-10-10,T4,2149.4829597288385,1.0748894410122722,0.019,6.197682836244252,-311.09146292741667,1.8593145075000002
2021-10-11,T4,2202.213820208869,0.0029202302312070216,0.019,6.197682836244252,-311.41259244738575,1.8593145075000002
2021-10-12,T4,2173.7522047983293,1.2952917522273233,0.019,6.197682836244252,-311.7378678579253,1.8593145075000002
2021-10-13,T4,2199.6349150027077,0.12514288586567002,0.019,6.197682836244252,-312.0548276535471,1.8593145075000002
2021-10-14,T4,2198.595381794168,0.8451225935065532,0.019,6.197682836244252,-312.6009154804464,1.8593145075000002
2021-10-15,T4,2280.2037199552738,0.7592151383870926,0.019,6.197682836244252,-313.2373227009809,1.8593145075000002
2021-10-16,T4,2264.0819730349817,1.460878241428365,0.019,6.197682836244252,-314.62999559244304,1.8593145075000002
2021-10-17,T4,2274.95465854949,0.9876688371237119,0.019,6.197682836244252,-315.96375410676495,1.8593145075000002
2021-10-18,T4,2283.054561675548,0.6351386063824016,0.019,6.197682836244252,-316.7925209807066,1.8593145075000002
2021-10-19,T4,2325.631867633519,0.0,0.019,6.197682836244252,-317.2063289673258,1.8593145075000002
2021-10-20,T4,2358.272006892129,0.7079590301203753,0.019,6.197682836244252,-318.2541357641258,1.8593145075000002
2021-10-21,T4,2283.4840973336504,3.8568087634123005,0.019,6.197682836244252,-320.57110532260407,1.8593145075000002
2021-10-22,T4,2253.4315819632147,5.122131668780505,0.019,6.197682836244252,-321.64596069304014,1.8593145075000002
2021-10-23,T4,2263.980312209806,4.677990809386978,0.019,6.197682836244252,-322.32319044644856,1.8593145075000002
2021-10-24,T4,2254.8740992413814,5.061396314985478,0.019,6.197682836244252,-323.48056341487336,1.8593145075000002
2021-10-25,T4,2296.0081236507003,3.3295005773565367,0.019,6.197682836244252,-324.49955900555403,1.8593145075000002
2021-10-26,T4,2241.1457703976903,5.639410125950461,0.019,6.197682836244252,-326.37680225856445,1.8593145075000002
2021-10-27,T4,2204.21889840313,7.194169066504308,0.019,6.197682836244252,-327.36004425312433,1.8593145075000002
2021-10-28,T4,2245.481037913648,5.456879205619036,0.019,6.197682836244252,-327.80537474260655,1.8593145075000002
2021-10-29,T4,2276.164665304762,4.164984131972272,0.019,6.197682836244252,-328.5669373514925,1.8593145075000002
2021-10-30,T4,2267.756589408392,4.518995464821218,0.019,6.197682836244252,-329.48901324786306,1.8593145075000002
2021-10-31,T4,2255.884885752842,5.018838435565964,0.019,6.197682836244252,-330.7887369034123,1.8593145075000002
2021-11-01,T4,2246.591635472406,5.410118909104067,0.019,6.197682836244252,-332.2049671838488,1.8593145075000002
2021-11-02,T4,2289.8385504558,3.5892626033842467,0.019,6.197682836244252,-333.3549722004545,1.8593145075000002
2021-11-03,T4,2281.71768006165,3.9311815141504725,0.019,6.197682836244252,-335.2425125946045,1.8593145075000002
2021-11-04,T4,2251.4953183598445,5.203655583101008,0.019,6.197682836244252,-336.9274442964098,1.8593145075000002
2021-11-05,T4,2242.5751615503596,5.5792274309610645,0.019,6.197682836244252,-337.8370708709645,1.8593145075000002
2021-11-06,T4,2250.322385626183,5.253040422807908,0.019,6.197682836244252,-339.4115670300719,1.8593145075000002
2021-11-07,T4,2283.5595859555997,3.853630411075748,0.019,6.197682836244252,-340.4800067006551,1.8593145075000002
2021-11-08,T4,2363.6771191191992,0.4803836600491662,0.019,6.197682836244252,-342.02504353705547,1.8593145075000002
2021-11-09,T4,2350.15848408016,1.3085933765787816,0.019,6.197682836244252,-343.8900749400843,1.8593145075000002
2021-11-10,T4,2308.786159117337,3.045962568282645,0.019,6.197682836244252,-345.9792835389174,1.8593145075000002
2021-11-11,T4,2306.697708322473,3.1336639501277963,0.019,6.197682836244252,-346.65831433378185,1.8593145075000002
2021-11-12,T4,2292.3417826739087,3.7365196746397378,0.019,6.197682836244252,-347.7586908271955,1.8593145075000002
2021-11-13,T4,2296.637325612831,3.5561347441232516,0.019,6.197682836244252,-348.6018970434238,1.8593145075000002
2021-11-14,T4,2317.429182868314,2.6830116535925486,0.019,6.197682836244252,-349.0547696159806,1.8593145075000002
2021-11-15,T4,2280.6996667663793,4.225412999396383,0.019,6.197682836244252,-350.01538588987535,1.8593145075000002
2021-11-16,T4,2212.4887401605624,7.089829309792495,0.019,6.197682836244252,-350.6816924956923,1.8593145075000002
2021-11-17,T4,2216.978555028454,6.901286218850943,0.019,6.197682836244252,-351.05853762780026,1.8593145075000002
2021-11-18,T4,2151.164747214192,9.665039094425731,0.019,6.197682836244252,-351.41088544206275,1.8593145075000002
2021-11-19,T4,2172.6835952856045,8.761387106923879,0.019,6.197682836244252,-351.7354643991203,1.8593145075000002
2021-11-20,T4,2203.2085377198628,7.479537594925967,0.019,6.197682836244252,-352.06625825531256,1.8593145075000002
2021-11-21,T4,2182.5893332536107,8.345410388618358,0.019,6.197682836244252,-352.40428940264445,1.8593145075000002
2021-11-22,T4,2137.7120626110013,10.22996455598233,0.019,6.197682836244252,-352.73511004525363,1.8593145075000002
2021-11-23,T4,2161.6676501661977,9.223985321676276,0.019,6.197682836244252,-353.0875524900575,1.8593145075000002
2021-11-24,T4,2153.829071872371,9.553154747051584,0.019,6.197682836244252,-353.4338607838839,1.8593145075000002
2021-11-25,T4,2187.542183184492,8.13742282957307,0.019,6.197682836244252,-353.909159471763,1.8593145075000002
2021-11-26,T4,2088.1419483821546,12.311587703045667,0.019,6.197682836244252,-354.5332879116302,1.8593145075000002
2021-11-27,T4,2106.412978047534,11.544323014153711,0.019,6.197682836244252,-354.85156258972063,1.8593145075000002
2021-11-28,T4,2154.806515518694,9.512108456342162,0.019,6.197682836244252,-355.1623971375605,1.8593145075000002
2021-11-29,T4,2164.251688320263,9.115472486511845,0.019,6.197682836244252,-355.6061543359923,1.8593145075000002
2021-11-30,T4,2146.8356443190823,9.846833325338267,0.019,6.197682836244252,-356.128044441863,1.8593145075000002
2021-12-01,T4,2151.4190066698675,9.654361847126081,0.019,6.197682836244252,-356.693415986388,1.8593145075000002
2021-12-02,T4,2137.801867062746,10.22619335173216,0.019,6.197682836244252,-357.08218559350905,1.8593145075000002
2021-12-03,T4,2082.8359291250126,12.534406082148841,0.019,6.197682836244252,-357.6051433184431,1.8593145075000002
2021-12-04,T4,1997.1299996628004,16.133498990942197,0.019,6.197682836244252,-357.78993816561547,1.8593145075000002
2021-12-05,T4,2000.8485472378488,15.977344121700998,0.019,6.197682836244252,-358.042547984857,1.8593145075000002
2021-12-06,T4,2021.3130279191505,15.11796872300486,0.019,6.197682836244252,-358.3213037918955,1.8593145075000002
2021-12-07,T4,2023.505387695399,15.02590383818615,0.019,6.197682836244252,-358.553849156867,1.8593145075000002
2021-12-08,T4,2025.6679974447343,14.935088261455808,0.0,6.6795195198987525,-358.649945836867,2.0038871985
2021-12-09,T4,2025.6679974447343,14.935088261455808,0.0,6.6795195198987525,-358.649945836867,2.0038871985
2021-12-10,T4,2025.6679974447343,14.935088261455808,0.0,6.6795195198987525,-358.649945836867,2.0038871985
2021-12-11,T4,2025.6679974447343,14.935088261455808,0.0,6.6795195198987525,-358.649945836867,2.0038871985
2021-12-12,T4,2025.6679974447343,14.935088261455808,0.0,6.6795195198987525,-358.649945836867,2.0038871985
2021-12-13,T4,2025.6679974447343,14.935088261455808,0.0,6.6795195198987525,-358.649945836867,2.0038871985
2021-12-14,T4,2025.6679974447343,14.935088261455808,0.0,6.6795195198987525,-358.649945836867,2.0038871985
2021-12-15,T4,2025.6679974447343,14.935088261455808,0.0,6.6795195198987525,-358.649945836867,2.0038871985
2021-12-16,T4,2025.6679974447343,14.935088261455808,0.0,6.6795195198987525,-358.649945836867,2.0038871985
2021-12-17,T4,2025.6679974447343,14.935088261455808,0.0,6.6795195198987525,-358.649945836867,2.0038871985
2021-12-18,T4,2025.6679974447343,14.935088261455808,0.0,6.6795195198987525,-358.649945836867,2.0038871985
2021-12-19,T4,2025.6679974447343,14.935088261455808,0.0,6.6795195198987525,-358.649945836867,2.0038871985
2021-12-20,T4,2025.6679974447343,14.935088261455808,0.0,6.6795195198987525,-358.649945836867,2.0038871985
2021-12-21,T4,2025.6679974447343,14.935088261455808,0.0,6.6795195198987525,-358.649945836867,2.0038871985
2021-12-22,T4,2025.6679974447343,14.935088261455808,0.0,6.6795195198987525,-358.649945836867,2.0038871985
2021-12-23,T4,2025.6679974447343,14.935088261455808,0.0,6.6795195198987525,-358.649945836867,2.0038871985
2021-12-24,T4,2025.6679974447343,14.935088261455808,0.0,6.6795195198987525,-358.649945836867,2.0038871985
2021-12-25,T4,2025.6679974447343,14.935088261455808,0.0,6.6795195198987525,-358.649945836867,2.0038871985
2021-12-26,T4,2025.6679974447343,14.935088261455808,0.0,6.6795195198987525,-358.649945836867,2.0038871985
2021-12-27,T4,2025.6679974447343,14.935088261455808,0.0,6.6795195198987525,-358.649945836867,2.0038871985
2021-12-28,T4,2025.6679974447343,14.935088261455808,0.0,6.6795195198987525,-358.649945836867,2.0038871985
2021-12-29,T4,2025.6679974447343,14.935088261455808,0.0,6.6795195198987525,-358.649945836867,2.0038871985
2021-12-30,T4,2025.6679974447343,14.935088261455808,0.0,6.6795195198987525,-358.649945836867,2.0038871985
2021-12-31,T4,2025.6679974447343,14.935088261455808,0.0,6.6795195198987525,-358.649945836867,2.0038871985
2020-03-26,T5,1000.0,0.0,0.0,0.0,0.0,0.0
2020-03-27,T5,1000.0,0.0,0.0,0.0,0.0,0.0
2020-03-28,T5,1000.0,0.0,0.0,0.0,0.0,0.0
2020-03-29,T5,1000.0,0.0,0.0,0.0,0.0,0.0
2020-03-30,T5,1000.0,0.0,0.0,0.0,0.0,0.0
2020-03-31,T5,1000.0,0.0,0.0,0.0,0.0,0.0
2020-04-01,T5,1000.0,0.0,0.0,0.0,0.0,0.0
2020-04-02,T5,997.9670900724291,0.25216562442879065,-0.011,0.03636774901925,0.009445746818163181,0.0109119615
2020-04-03,T5,998.6367502610713,0.18523240163108579,-0.011,0.03636774901925,0.02365413648021982,0.0109119615
2020-04-04,T5,997.3055352704527,0.3182887055146799,-0.011,0.03636774901925,0.026669789321731568,0.0109119615
2020-04-05,T5,998.2392218830474,0.22496577080243219,-0.011,0.03636774901925,0.02928772645649113,0.0109119615
2020-04-06,T5,992.1056139129382,0.8380261793202504,-0.011,0.03636774901925,0.024898531917278414,0.0109119615
2020-04-07,T5,993.5306866588382,0.695588696516225,-0.011,0.03636774901925,0.013056442857185909,0.0109119615
2020-04-08,T5,991.7617084135275,0.8723998867674387,-0.011,0.03636774901925,0.024268311776485366,0.0109119615
2020-04-09,T5,992.5628702972831,0.7923229346476268,-0.011,0.03636774901925,0.017205607592081312,0.0109119615
2020-04-10,T5,997.2691028557915,0.3219301627327309,-0.011,0.03636774901925,0.028253227480577923,0.0109119615
2020-04-11,T5,997.1181840425445,0.3370146529305229,-0.011,0.03636774901925,0.05087794681350792,0.0109119615
2020-04-12,T5,996.8295377172435,0.3658651492401299,-0.011,0.03636774901925,0.07247718153265412,0.0109119615
2020-04-13,T5,996.4784139971036,0.4229282494605524,-0.019,0.06321420144725001,0.04901374883082258,0.018967105499999998
2020-04-14,T5,995.9115996359942,0.4795694305565146,-0.019,0.06321420144725001,0.028186488521243527,0.018967105499999998
2020-04-15,T5,1000.5977865331234,0.011283552671725872,-0.019,0.06321420144725001,0.00916676421065998,0.018967105499999998
2020-04-16,T5,991.4324813016493,1.0029791220287798,-0.019,0.06321420144725001,-0.0513599114232984,0.018967105499999998
2020-04-17,T5,992.7914880893252,0.8672788843724355,-0.019,0.06321420144725001,-0.04794500863730143,0.018967105499999998
2020-04-18,T5,988.5649435455936,1.289309961958418,-0.019,0.06321420144725001,-0.1022468090989018,0.018967105499999998
2020-04-19,T5,990.9447757546294,1.0516777446089587,-0.019,0.06321420144725001,-0.12522404202322002,0.018967105499999998
2020-04-20,T5,996.4326835840251,0.5036963780414738,-0.019,0.06321420144725001,-0.1372958233374762,0.018967105499999998
2020-04-21,T5,996.2056739922516,0.5263638553736683,-0.019,0.06321420144725001,-0.1460811733211592,0.018967105499999998
2020-04-22,T5,990.7798282773623,1.0681481640865798,-0.019,0.06321420144725001,-0.20680519288038196,0.018967105499999998
2020-04-23,T5,983.9047525038587,1.7546417304397766,-0.019,0.06321420144725001,-0.2435283155939992,0.018967105499999998
2020-04-24,T5,983.614466001774,1.783627566035706,-0.019,0.06321420144725001,-0.2006748249089022,0.018967105499999998
2020-04-25,T5,982.9437729477467,1.8505979503276149,-0.019,0.06321420144725001,-0.1577555425561742,0.018967105499999998
2020-04-26,T5,980.0653186848212,2.1380188308589787,-0.019,0.06321420144725001,-0.11834745513151841,0.018967105499999998
2020-04-27,T5,978.5929373366173,2.285039802854083,-0.019,0.06321420144725001,-0.0745189563955644,0.018967105499999998
2020-04-28,T5,979.2314550369534,2.2212822083599537,-0.019,0.06321420144725001,-0.0304485547291904,0.018967105499999998
2020-04-29,T5,959.5882580136116,4.18270471821841,-0.019,0.06321420144725001,0.015232308838996596,0.018967105499999998
2020-04-30,T5,962.6612595661006,3.8758578026822255,-0.019,0.06321420144725001,0.2239827500179885,0.018967105499999998
2020-05-01,T5,959.0596215992283,4.235490390605145,-0.019,0.06321420144725001,0.31074344935562254,0.018967105499999998
2020-05-02,T5,960.5442895489041,4.087242570624561,0.014,0.20900696708225006,0.3024976308664772,0.0626983755
2020-05-03,T5,959.3841643215064,4.203083985470046,0.014,0.20900696708225006,0.2462911664090484,0.0626983755
2020-05-04,T5,959.0351195441054,4.237936982287682,0.014,0.20900696708225006,0.2069507854081046,0.0626983755
2020-05-05,T5,957.677767352108,4.373472004413959,-0.014,0.33363335032025004,0.2195274041086666,0.1000918995
2020-05-06,T5,961.4142305077398,4.000376783101245,0.015,0.46342752652675,0.16857893006708558,0.1390243125
2020-05-07,T5,973.9245685714798,2.7511881375360647,0.015,0.46342752652675,0.12662840340703058,0.1390243125
2020-05-08,T5,971.053463286531,3.0378752041770096,0.015,0.46342752652675,-0.026825779141735652,0.1390243125
2020-05-09,T5,966.8881108347696,3.453796097841655,0.015,0.46342752652675,-0.2820826724532477,0.1390243125
2020-05-10,T5,954.5960191721819,4.6811922926460525,0.015,0.46342752652675,-0.3688387911409114,0.1390243125
2020-05-11,T5,952.0402863213902,4.936388630430111,0.015,0.46342752652675,-0.4082441075324014,0.1390243125
2020-05-12,T5,955.767756423256,4.564191388100558,0.015,0.46342752652675,-0.4473694694168464,0.1390243125
2020-05-13,T5,963.1609348767845,3.825963969166679,0.015,0.46342752652675,-0.4875896780382964,0.1390243125
2020-05-14,T5,970.385489494247,3.1045740633608987,0.015,0.46342752652675,-0.5304375886257214,0.1390243125
2020-05-15,T5,963.2267906916967,3.8193881008077524,0.015,0.46342752652675,-0.5657251362760954,0.1390243125
2020-05-16,T5,964.1671996061126,3.725485911107418,0.015,0.46342752652675,-0.6078621584601904,0.1390243125
2020-05-17,T5,968.6020473597456,3.2826552353556804,0.015,0.46342752652675,-0.6263328851771806,0.1390243125
2020-05-18,T5,969.396979335187,3.2032792830306023,0.015,0.46342752652675,-0.6458959763858246,0.1390243125
2020-05-19,T5,969.9879152096848,3.1442728532347974,0.015,0.46342752652675,-0.6863592784879737,0.1390243125
2020-05-20,T5,965.9950714140462,3.5429683247411914,0.015,0.46342752652675,-0.7297895150765786,0.1390243125
2020-05-21,T5,959.3170391989322,4.209786597383857,0.015,0.46342752652675,-0.7401935835406365,0.1390243125
2020-05-22,T5,960.8525864199021,4.0564583545025235,0.015,0.46342752652675,-0.7394222962707242,0.1390243125
2020-05-23,T5,960.9856282571498,4.043173793235821,0.015,0.46342752652675,-0.7447343987229459,0.1390243125
2020-05-24,T5,953.9899766896428,4.741707155159014,0.015,0.46342752652675,-0.7786295038798428,0.1390243125
2020-05-25,T5,956.735502350522,4.467559529075372,0.015,0.46342752652675,-0.7762331297006424,0.1390243125
2020-05-26,T5,955.8798936516671,4.5529942044782885,0.015,0.46342752652675,-0.7956390199054544,0.1390243125
2020-05-27,T5,961.304939051313,4.011289809250506,0.015,0.46342752652675,-0.7924513919595778,0.1390243125
2020-05-28,T5,966.9525772143068,3.4473589680911854,0.015,0.46342752652675,-0.765650660115823,0.1390243125
2020-05-29,T5,964.66548942048,3.675730422875434,0.015,0.46342752652675,-0.7712397638924947,0.1390243125
2020-05-30,T5,968.6705735964929,3.27581271867613,0.015,0.46342752652675,-0.8139823683796297,0.1390243125
2020-05-31,T5,964.9997614469277,3.6423525223070463,0.015,0.46342752652675,-0.8570920104948097,0.1390243125
2020-06-01,T5,976.1456501078044,2.5294075731808086,0.015,0.46342752652675,-0.8684344667681648,0.1390243125
2020-06-02,T5,965.790626760457,3.56338263637761,0.015,0.46342752652675,-1.0542613306654844,0.1390243125
2020-06-03,T5,967.9228465683066,3.3504751385750597,0.015,0.46342752652675,-1.0952075506659955,0.1390243125
2020-06-04,T5,969.7663424196325,3.1663974522735616,0.015,0.46342752652675,-1.1389223876901504,0.1390243125
2020-06-05,T5,967.1889990998859,3.423751649605955,0.015,0.46342752652675,-1.1828349031866805,0.1390243125
2020-06-06,T5,967.8399689008584,3.3587506816195156,0.015,0.46342752652675,-1.2261596208141807,0.1390243125
2020-06-07,T5,968.9812999951411,3.2447859081222497,0.015,0.46342752652675,-1.2693997870814757,0.1390243125
2020-06-08,T5,969.4114543846896,3.2018339130181706,0.015,0.46342752652675,-1.3131645356829806,0.1390243125
2020-06-09,T5,969.275514634151,3.21540783819817,0.015,0.46342752652675,-1.3569356949716156,0.1390243125
2020-06-10,T5,970.8790709499032,3.055288716560056,0.015,0.46342752652675,-1.4008545573194755,0.1390243125
2020-06-11,T5,961.7625380124075,3.965597404815935,0.015,0.46342752652675,-1.4446589719650955,0.1390243125
2020-06-12,T5,964.5857588176532,3.6836917236210964,0.015,0.46342752652675,-1.4668957768693645,0.1390243125
2020-06-13,T5,964.654385974812,3.6768391297852254,0.015,0.46342752652675,-1.4885097250605928,0.1390243125
2020-06-14,T5,962.6302088152217,3.8789582980674475,0.015,0.46342752652675,-1.5268500708508914,0.1390243125
2020-06-15,T5,963.9052931034014,3.7516379325571614,0.015,0.46342752652675,-1.5097818846213151,0.1390243125
2020-06-16,T5,965.3986106409367,3.6025264295259873,0.015,0.46342752652675,-1.5167073343359476,0.1390243125
2020-06-17,T5,964.4809440433073,3.6941577418320493,0.015,0.46342752652675,-1.5265149116153696,0.1390243125
2020-06-18,T5,963.3359655977974,3.8084867125009914,0.015,0.46342752652675,-1.5066338449751226,0.1390243125
2020-06-19,T5,962.192810187294,3.9226336485503333,0.015,0.46342752652675,-1.5231939132286785,0.1390243125
2020-06-20,T5,962.8765999267575,3.854355527356501,0.015,0.46342752652675,-1.5527111079151028,0.1390243125
2020-06-21,T5,961.9067292157683,3.951199551367768,0.015,0.46342752652675,-1.5606645304542452,0.1390243125
2020-06-22,T5,970.2313471671702,3.119965561480642,0.022,0.4960536447105,-1.609545547998683,0.14881068
2020-06-23,T5,968.7983271462876,3.2630562061805257,0.022,0.4960536447105,-1.6781531271812122,0.14881068
2020-06-24,T5,961.5773136906832,3.984092518089577,0.022,0.4960536447105,-1.7433216949455939,0.14881068
2020-06-25,T5,960.4359766685507,4.09805788349753,0.022,0.4960536447105,-1.804276951098132,0.14881068
2020-06-26,T5,958.4587944658623,4.2954844874172675,0.022,0.4960536447105,-1.863639794946396,0.14881068
2020-06-27,T5,955.119862101363,4.628885261784166,0.022,0.4960536447105,-1.9240711268256223,0.14881068
2020-06-28,T5,957.3190583051099,4.4092900027996595,0.022,0.4960536447105,-1.9735580657187513,0.14881068
2020-06-29,T5,958.8370092248407,4.257718794748222,0.022,0.4960536447105,-2.0337011522680997,0.14881068
2020-06-30,T5,957.677724651835,4.373476268143362,0.022,0.4960536447105,-2.0941996071738895,0.14881068
2020-07-01,T5,959.694878149089,4.172058430168601,0.022,0.4960536447105,-2.1547737049397857,0.14881068
2020-07-02,T5,954.7032609507412,4.670483931974745,0.034,0.5514212486055,-2.2371529489926196,0.16541847
2020-07-03,T5,953.7588109974438,4.76478962954684,0.034,0.5514212486055,-2.3299409173499614,0.16541847
2020-07-04,T5,956.1570935081011,4.525315103286509,0.034,0.5514212486055,-2.422423306472671,0.16541847
2020-07-05,T5,953.8871936829214,4.751970296274733,0.034,0.5514212486055,-2.5150051831923768,0.16541847
2020-07-06,T5,963.0234465995277,3.8396925186249264,0.034,0.5514212486055,-2.608759012346107,0.16541847
2020-07-07,T5,959.9977105426333,4.14181985583133,0.034,0.5514212486055,-2.7035467496806307,0.16541847
2020-07-08,T5,965.9699547498733,3.5454762866795053,0.034,0.5514212486055,-2.7985844857206565,0.16541847
2020-07-09,T5,959.0116327627115,4.240282196340949,0.034,0.5514212486055,-2.8939493148023687,0.16541847
2020-07-10,T5,956.0465945332285,4.53634870318238,-0.03,0.8463530022055,-2.8701407724653403,0.25391127
2020-07-11,T5,957.7279757390338,4.36845857100071,-0.03,0.8463530022055,-2.7867918230601605,0.25391127
2020-07-12,T5,955.8300404120764,4.557972175539026,-0.03,0.8463530022055,-2.7036752105172908,0.25391127
2020-07-13,T5,954.9031950989222,4.650520005620717,0.036000000000000004,1.1525022977125001,-2.7425932746044888,0.345742284
2020-07-14,T5,955.2814278183971,4.612752519551034,0.036000000000000004,1.1525022977125001,-2.8421116472495647,0.345742284
2020-07-15,T5,952.7503351594681,4.865488472352486,0.042,1.1802806438395002,-2.9528672357713863,0.354074538
2020-07-16,T5,956.1436248343698,4.526659984153058,-0.042,1.5671501247115,-2.9148563254976585,0.470152794
2020-07-17,T5,955.4006536994204,4.600847516179185,-0.042,1.5671501247115,-2.7998043284671983,0.470152794
2020-07-18,T5,954.8901801268987,4.651819583233352,-0.042,1.5671501247115,-2.68448152642902,0.470152794
2020-07-19,T5,953.3987815327005,4.800739474957472,-0.042,1.5671501247115,-2.569207151187036,0.470152794
2020-07-20,T5,955.4822690236551,4.592698021271957,-0.042,1.5671501247115,-2.4534477305124183,0.470152794
2020-07-21,T5,946.0012446354923,5.539402095428613,-0.042,1.5671501247115,-2.33663094057513,0.470152794
2020-07-22,T5,940.7216977767978,6.066578096269549,-0.042,1.5671501247115,-2.2189133710497844,0.470152794
2020-07-23,T5,944.8068337016803,5.658667024086417,0.042,1.9665040188115,-2.2588057632270724,0.589940994
2020-07-24,T5,941.8519286608276,5.953721706617743,0.042,1.9665040188115,-2.3791952627397186,0.589940994
2020-07-25,T5,948.5213639466381,5.287761858936735,0.042,1.9665040188115,-2.4997434551091904,0.589940994
2020-07-26,T5,957.7743187009141,4.363831109977056,0.042,1.9665040188115,-2.855085216553337,0.589940994
2020-07-27,T5,1003.8178869973087,0.8078414069423778,0.042,1.9665040188115,-3.6472079898785754,0.589940994
2020-07-28,T5,1003.5129871426052,0.8379700539156043,0.018000000000000002,2.1006162989515,-4.729835844442141,0.630180714
2020-07-29,T5,1006.5635466581505,0.5365293372447177,0.018000000000000002,2.1006162989515,-5.15399632889694,0.630180714
2020-07-30,T5,1006.1406837260643,0.5783144932634987,0.018000000000000002,2.1006162989515,-5.55732108448314,0.630180714
2020-07-31,T5,1009.990790845207,0.19786656450160311,0.018000000000000002,2.1006162989515,-5.87863214184046,0.630180714
2020-08-01,T5,1018.0885965838121,0.06894091072996433,0.018000000000000002,2.1006162989515,-6.102946403235511,0.630180714
2020-08-02,T5,1004.6447237057675,1.6601188458784222,0.018000000000000002,2.1006162989515,-6.442096710880075,0.630180714
2020-08-03,T5,1007.0982641583241,1.4199534711763606,0.018000000000000002,2.1006162989515,-6.6759588287235445,0.630180714
2020-08-04,T5,1006.36139285941,1.492082288708807,0.018000000000000002,2.1006162989515,-6.879146210457781,0.630180714
2020-08-05,T5,1016.2407983348091,0.525034398644264,0.018000000000000002,2.1006162989515,-6.987204652238541,0.630180714
2020-08-06,T5,1016.3182594361407,0.5174521008236899,0.018000000000000002,2.1006162989515,-7.227472186567034,0.630180714
2020-08-07,T5,1013.0170633135215,0.8405904468524628,0.018000000000000002,2.1006162989515,-7.3897996735261735,0.630180714
2020-08-08,T5,1016.0368739571528,0.5449955835188369,0.018000000000000002,2.1006162989515,-7.452669029894795,0.630180714
2020-08-09,T5,1014.4816734090637,0.6972267488862038,0.018000000000000002,2.1006162989515,-7.548609577983996,0.630180714
2020-08-10,T5,1017.8869458862208,0.3639008648206432,0.018000000000000002,2.1006162989515,-7.918975840326837,0.630180714
2020-08-11,T5,1008.6312305780893,1.2698986986027339,0.018000000000000002,2.1006162989515,-8.119472408958199,0.630180714
2020-08-12,T5,1011.703424082482,0.9691763268273257,0.018000000000000002,2.1006162989515,-8.181438904565669,0.630180714
2020-08-13,T5,1014.8319806746083,0.6629368411723457,0.013000000000000001,2.12971190895525,-8.232191684565668,0.6389107064999999
2020-08-14,T5,1014.4383231545982,0.7014700985714772,0.013000000000000001,2.12971190895525,-8.368087506095772,0.6389107064999999
2020-08-15,T5,1015.5346107357576,0.5941597351185157,0.013000000000000001,2.12971190895525,-8.473858286986335,0.6389107064999999
2020-08-16,T5,1016.1841607303085,0.5305783836610845,0.013000000000000001,2.12971190895525,-8.62188566549539,0.6389107064999999
2020-08-17,T5,1020.8228921325909,0.1885856210431247,0.013000000000000001,2.12971190895525,-8.86247017156286,0.6389107064999999
2020-08-18,T5,1016.0071832423713,0.6594437094290417,0.013000000000000001,2.12971190895525,-9.334504142172522,0.6389107064999999
2020-08-19,T5,1013.170759775866,0.9367762811723357,0.013000000000000001,2.12971190895525,-9.57585248616772,0.6389107064999999
2020-08-20,T5,1014.3563714686718,0.8208525681803969,0.013000000000000001,2.12971190895525,-9.658665915871866,0.6389107064999999
2020-08-21,T5,1010.1131945926873,1.2357310830688473,0.013000000000000001,2.12971190895525,-9.704716772666393,0.6389107064999999
2020-08-22,T5,1011.8023334995237,1.0705747717505765,0.013000000000000001,2.12971190895525,-9.74983351739996,0.6389107064999999
2020-08-23,T5,1011.4513271291163,1.1048945764457807,0.021,2.17631889895525,-9.813885250727433,0.6528907064999999
2020-08-24,T5,1013.5160485776647,0.903015514302441,0.021,2.17631889895525,-9.88776181687908,0.6528907064999999
2020-08-25,T5,1004.4171335931019,1.7926659922867683,0.021,2.17631889895525,-10.038996801441776,0.6528907064999999
2020-08-26,T5,1007.188474479475,1.521696898894609,0.021,2.17631889895525,-10.149738194158703,0.6528907064999999
2020-08-27,T5,1004.2808796085453,1.8059882865046673,0.021,2.17631889895525,-10.221565150108276,0.6528907064999999
2020-08-28,T5,1008.3838649935698,1.4048170572819818,0.021,2.17631889895525,-10.293475400973861,0.6528907064999999
2020-08-29,T5,1007.0552533199891,1.5347226572861583,0.021,2.17631889895525,-10.366108651204586,0.6528907064999999
2020-08-30,T5,1012.1425101050526,1.037313852155075,0.021,2.17631889895525,-10.438940289491,0.6528907064999999
2020-08-31,T5,1010.8508656750967,1.1636049633969803,0.021,2.17631889895525,-10.526099699317015,0.6528907064999999
2020-09-01,T5,1016.4414824315404,0.616979912164417,0.021,2.17631889895525,-10.72667932244329,0.6528907064999999
2020-09-02,T5,1004.8514095806979,1.7502044635663183,0.021,2.17631889895525,-11.002790052705853,0.6528907064999999
2020-09-03,T5,978.5724186438049,4.319644543797585,0.021,2.17631889895525,-11.149701750738867,0.6528907064999999
2020-09-04,T5,983.8815372671531,3.800543098300979,0.015,2.20722134289325,-11.202086438752511,0.6621628304999999
2020-09-05,T5,979.6107924579749,4.218117080174721,0.015,2.20722134289325,-11.248783091630711,0.6621628304999999
2020-09-06,T5,980.8976681323497,4.092292236140416,0.015,2.20722134289325,-11.294648358605846,0.6621628304999999
2020-09-07,T5,982.6458832677167,3.9213597201824824,0.015,2.20722134289325,-11.340426503838822,0.6621628304999999
2020-09-08,T5,978.9002587426846,4.2875898316516174,0.015,2.20722134289325,-11.386543604220913,0.6621628304999999
2020-09-09,T5,980.2205401966303,4.158498722594173,0.015,2.20722134289325,-11.432395419025333,0.6621628304999999
2020-09-10,T5,981.9287174433116,3.9914809290912956,0.015,2.20722134289325,-11.478765542093997,0.6621628304999999
2020-09-11,T5,982.6458867948734,3.9213593753131715,0.015,2.20722134289325,-11.525138480782063,0.6621628304999999
2020-09-12,T5,983.3614090414787,3.851398867958078,0.015,2.20722134289325,-11.571774716526795,0.6621628304999999
2020-09-13,T5,981.655840402173,4.0181616037092915,0.015,2.20722134289325,-11.618665424432594,0.6621628304999999
2020-09-14,T5,986.6928721735771,3.525663571729132,0.015,2.20722134289325,-11.651142277178492,0.6621628304999999
2020-09-15,T5,988.4375829377273,3.355073697232669,0.015,2.20722134289325,-11.602672888878326,0.6621628304999999
2020-09-16,T5,991.0027214066648,3.1042661373359093,0.015,2.20722134289325,-11.576884419940825,0.6621628304999999
2020-09-17,T5,990.790461506239,3.125019943937146,0.015,2.20722134289325,-11.580944320366614,0.6621628304999999
2020-09-18,T5,990.6393708449758,3.1397929008490255,0.015,2.20722134289325,-11.613684981629923,0.6621628304999999
2020-09-19,T5,992.9132021735627,2.917468026755232,0.015,2.20722134289325,-11.567251325292993,0.6621628304999999
2020-09-20,T5,990.5321036015036,3.1502810035062057,0.015,2.20722134289325,-11.527327985802078,0.6621628304999999
2020-09-21,T5,983.0639652707871,3.880481565534455,0.015,2.20722134289325,-11.510934926868648,0.6621628304999999
2020-09-22,T5,984.6508466953646,3.7253235252323935,0.015,2.20722134289325,-11.557791607791168,0.6621628304999999
2020-09-23,T5,980.3554928992119,4.1453036618027905,0.015,2.20722134289325,-11.551912927393879,0.6621628304999999
2020-09-24,T5,991.5639629008662,3.0493904994793097,0.024,2.253518751463,-11.578108377669805,0.6760499699999999
2020-09-25,T5,990.5714304363287,3.146435804660075,0.024,2.253518751463,-11.550400842207363,0.6760499699999999
2020-09-26,T5,991.5263829068361,3.053064900186231,0.024,2.253518751463,-11.627448371699836,0.6760499699999999
2020-09-27,T5,992.4388817022245,2.963844922765324,0.024,2.253518751463,-11.704596002551277,0.6760499699999999
2020-09-28,T5,990.4950984030122,3.15389920332253,0.024,2.253518751463,-11.782643299363684,0.6760499699999999
2020-09-29,T5,987.5066328161005,3.4460977613205324,-0.024,2.5104640438869996,-11.756838018011381,0.753145122
2020-09-30,T5,989.1199397841377,3.2883559516998395,-0.024,2.5104640438869996,-11.679291049974077,0.753145122
2020-10-01,T5,992.9976330572292,2.9092127593812633,-0.024,2.5104640438869996,-11.60844165544239,0.753145122
2020-10-02,T5,994.1985967954892,2.791787993285799,-0.024,2.5104640438869996,-11.58805188062262,0.753145122
2020-10-03,T5,994.9271700870947,2.7205514141746434,-0.024,2.5104640438869996,-11.512780747016928,0.753145122
2020-10-04,T5,991.9626889756405,3.0104048793686,-0.024,2.5104640438869996,-11.507295308951328,0.753145122
2020-10-05,T5,988.9543113223576,3.304550348552704,-0.024,2.5104640438869996,-11.55715951175424,0.753145122
2020-10-06,T5,993.5352529382907,2.856646735303492,-0.024,2.5104640438869996,-11.560985553821094,0.753145122
2020-10-07,T5,991.9110620480363,3.015452725281864,-0.024,2.5104640438869996,-11.557911417275434,0.753145122
2020-10-08,T5,985.7844944408132,3.614480610410653,-0.024,2.5104640438869996,-11.519616393298675,0.753145122
2020-10-09,T5,982.6692832653944,3.9190717749544968,-0.024,2.5104640438869996,-11.450818959357642,0.753145122
2020-10-10,T5,976.9137008027913,4.481826421812995,-0.024,2.5104640438869996,-11.369741933560555,0.753145122
2020-10-11,T5,975.1930559592672,4.650063240167657,-0.024,2.5104640438869996,-11.288014874844906,0.753145122
2020-10-12,T5,971.4160696699497,5.019359762152142,-0.024,2.5104640438869996,-11.205704305442081,0.753145122
2020-10-13,T5,974.1640898550759,4.750670860744021,-0.024,2.5104640438869996,-11.123220979035883,0.753145122
2020-10-14,T5,970.6447571791758,5.094775185557731,0.029,2.8146151797149996,-11.161730863107849,0.844376778
2020-10-15,T5,965.2531468557174,5.6219422938896475,-0.038,3.1961524205429996,-11.108225601738193,0.958855122
2020-10-16,T5,972.4025863957628,4.922902648512961,-0.038,3.1961524205429996,-10.978489336972656,0.958855122
2020-10-17,T5,971.0361121780766,5.056510275683934,-0.038,3.1961524205429996,-10.849307947238993,0.958855122
2020-10-18,T5,965.6114149960105,5.58691246639934,-0.038,3.1961524205429996,-10.719139670824921,0.958855122
2020-10-19,T5,956.5000921410708,6.477776129453561,-0.038,3.1961524205429996,-10.587043754944753,0.958855122
2020-10-20,T5,951.531010428846,6.963630314037561,-0.033,3.2254603660754997,-10.488975987716811,0.967646187
2020-10-21,T5,922.0916289605274,9.842078990532254,-0.033,3.2254603660754997,-10.407844486395321,0.967646187
2020-10-22,T5,919.2948887340478,10.115531515751663,0.019,3.5610500569794996,-10.414418481990946,1.068307995
2020-10-23,T5,918.3800659042577,10.204978726674574,0.019,3.5610500569794996,-10.488096043761148,1.068307995
2020-10-24,T5,921.8409912675563,9.866585202946688,0.019,3.5610500569794996,-10.562107235682339,1.068307995
2020-10-25,T5,920.1352373056808,10.03336605869496,0.019,3.5610500569794996,-10.63634464233786,1.068307995
2020-10-26,T5,920.4891457487713,9.998762502546532,0.019,3.5610500569794996,-10.7105061992473,1.068307995
2020-10-27,T5,931.5092733118206,8.92126460630851,0.019,3.5610500569794996,-10.774645200637885,1.068307995
2020-10-28,T5,924.3526210607198,9.621009477731256,0.019,3.5610500569794996,-10.835352173838478,1.068307995
2020-10-29,T5,928.048537326237,9.259639613545701,0.019,3.5610500569794996,-10.7416146217813,1.068307995
2020-10-30,T5,929.9984629876926,9.068984760775766,0.019,3.5610500569794996,-10.6656589603257,1.068307995
2020-10-31,T5,934.6299206880992,8.616141914796716,0.019,3.5610500569794996,-10.582830152649176,1.068307995
2020-11-01,T5,934.0397634792726,8.673844799570263,0.019,3.5610500569794996,-10.542158468745725,1.068307995
2020-11-02,T5,929.9932609951923,9.069493387916728,0.019,3.5610500569794996,-10.576551658876125,1.068307995
2020-11-03,T5,939.0914637415824,8.179912549337963,0.019,3.5610500569794996,-10.50911820643586,1.068307995
2020-11-04,T5,941.4210927968668,7.952132027586057,0.019,3.5610500569794996,-10.418639151151446,1.068307995
2020-11-05,T5,969.1004003745843,5.245775362140781,0.019,3.5610500569794996,-10.501642685953955,1.068307995
2020-11-06,T5,971.0083254336402,5.059227137036237,0.011,3.6245360126574995,-10.629785373820154,1.087356639
2020-11-07,T5,962.3737371490502,5.903477864470908,0.011,3.6245360126574995,-10.797620199290279,1.087356639
2020-11-08,T5,969.5663431307091,5.200217600978818,0.011,3.6245360126574995,-10.847231028801236,1.087356639
2020-11-09,T5,967.839606159258,5.3690500798634915,0.011,3.6245360126574995,-10.897595011522476,1.087356639
2020-11-10,T5,967.5100900352003,5.401268666120085,0.011,3.6245360126574995,-10.947942042080234,1.087356639
2020-11-11,T5,971.7802491124312,4.9837519544492,0.011,3.6245360126574995,-10.998948235909209,1.087356639
2020-11-12,T5,978.3450071979737,4.341879799520498,0.011,3.6245360126574995,-11.051394690136684,1.087356639
2020-11-13,T5,978.6083263966538,4.316133647219312,0.011,3.6245360126574995,-11.104911070406695,1.087356639
2020-11-14,T5,975.6833156884919,4.602127876096096,0.011,3.6245360126574995,-11.148058896098567,1.087356639
2020-11-15,T5,974.4374433162419,4.72394360394498,0.011,3.6245360126574995,-11.200984032098567,1.087356639
2020-11-16,T5,982.6410708706611,3.921830254454761,0.011,3.6245360126574995,-11.254477417109458,1.087356639
2020-11-17,T5,993.2457932178858,2.884948788795838,0.011,3.6245360126574995,-11.310324130454857,1.087356639
2020-11-18,T5,994.321239104337,2.7797965867419783,0.011,3.6245360126574995,-11.508148254323658,1.087356639
2020-11-19,T5,994.4356400218851,2.768610985914721,0.011,3.6245360126574995,-11.680057326455552,1.087356639
2020-11-20,T5,1003.5650584287416,1.875978022186786,0.011,3.6245360126574995,-11.910648919598936,1.087356639
2020-11-21,T5,1004.0609765611068,1.8274894052200064,0.011,3.6245360126574995,-12.07472930685382,1.087356639
2020-11-22,T5,1000.4343696350687,2.182082517770778,0.011,3.6245360126574995,-12.551487713271813,1.087356639
2020-11-23,T5,999.324382473876,2.2906120083954318,0.011,3.6245360126574995,-13.129624874464614,1.087356639
2020-11-24,T5,1007.6385248823062,1.4776930196765736,0.011,3.6245360126574995,-13.527372466034514,1.087356639
2020-11-25,T5,1003.7568166415365,1.857228777253761,0.008,3.6533023720562494,-13.878199923705289,1.0959878415
2020-11-26,T5,990.9380620610807,3.110588233740008,0.008,3.6533023720562494,-13.988777725361079,1.0959878415
2020-11-27,T5,990.7693138352797,3.127087666913908,0.008,3.6533023720562494,-14.030440802682046,1.0959878415
2020-11-28,T5,995.4099825198581,2.6733442128420215,0.008,3.6533023720562494,-14.071777213463797,1.0959878415
2020-11-29,T5,999.0214138034837,2.320234905508556,0.008,3.6533023720562494,-14.114705982958037,1.0959878415
2020-11-30,T5,1011.2386738454517,1.1256868462689584,0.008,3.6533023720562494,-14.189765940990037,1.0959878415
2020-12-01,T5,1003.5263159233299,1.8797660879634526,0.008,3.6533023720562494,-14.347674834231844,1.0959878415
2020-12-02,T5,1007.0573320924279,1.534519404382162,0.008,3.6533023720562494,-14.393114897373948,1.0959878415
2020-12-03,T5,1008.7007186218354,1.373836552209029,0.008,3.6533023720562494,-14.463641164606369,1.0959878415
2020-12-04,T5,1002.4731760871741,1.9827373059833953,0.008,3.6533023720562494,-14.513983699267623,1.0959878415
2020-12-05,T5,1006.2998012043196,1.6085873254295557,0.008,3.6533023720562494,-14.559336900282206,1.0959878415
2020-12-06,T5,1008.0589327277867,1.4365874547477175,0.008,3.6533023720562494,-14.605347058655118,1.0959878415
2020-12-07,T5,1006.4059519353067,1.5982083902794542,0.008,3.6533023720562494,-14.651722922655118,1.0959878415
2020-12-08,T5,999.5580785827924,2.2677622669313835,0.008,3.6533023720562494,-14.697425590449365,1.0959878415
2020-12-09,T5,1001.2526972892574,2.102070165756076,0.008,3.6533023720562494,-14.741102497184396,1.0959878415
2020-12-10,T5,998.8673371847826,2.3352998157430416,0.008,3.6533023720562494,-14.785112588938995,1.0959878415
2020-12-11,T5,997.0179961549783,2.5161199612123375,0.008,3.6533023720562494,-14.828443631463402,1.0959878415
2020-12-12,T5,1003.2438101365435,1.9073882174892587,0.008,3.6533023720562494,-14.846069649898222,1.0959878415
2020-12-13,T5,1006.199515614692,1.6183927937626907,0.008,3.6533023720562494,-14.891880547429695,1.0959878415
2020-12-14,T5,1006.9151361865825,1.5484226726089179,0.008,3.6533023720562494,-14.937904577619262,1.0959878415
2020-12-15,T5,1008.1055137364681,1.4320329758116368,0.008,3.6533023720562494,-14.98420604997364,1.0959878415
2020-12-16,T5,1023.3730156225819,0.023977684131415433,0.008,3.6533023720562494,-15.09142416385992,1.0959878415
2020-12-17,T5,1035.0070878906258,0.6117787973206612,0.008,3.6533023720562494,-15.24887189581592,1.0959878415
2020-12-18,T5,1037.1965424878338,0.40153289623797717,0.008,3.6533023720562494,-15.481074207328122,1.0959878415
2020-12-19,T5,1042.8057215368467,0.12536334703032725,0.008,3.6533023720562494,-15.702238249595116,1.0959878415
2020-12-20,T5,1039.5376837351735,0.5541964757537654,0.008,3.6533023720562494,-15.996756051268488,1.0959878415
2020-12-21,T5,1033.3252432629379,1.1485002169978387,0.008,3.6533023720562494,-16.177196523504023,1.0959878415
2020-12-22,T5,1042.0550769626843,0.3133738521844065,0.008,3.6533023720562494,-16.250802823757486,1.0959878415
2020-12-23,T5,1037.3132160800849,0.7669968165544327,0.008,3.6533023720562494,-16.310403130996953,1.0959878415
2020-12-24,T5,1041.2118923653416,0.39403583405767106,0.008,3.6533023720562494,-16.398147421100315,1.0959878415
2020-12-25,T5,1048.9476864467717,0.0,0.008,3.6533023720562494,-16.519372387510252,1.0959878415
2020-12-26,T5,1063.0545979057545,0.16911184359018616,0.008,3.6533023720562494,-16.593303252287566,1.0959878415
2020-12-27,T5,1062.6751819473582,0.7294825579596598,0.005,3.6934570029579996,-16.76827154448199,1.108036038
2020-12-28,T5,1066.4895721953978,0.3731587253517743,0.005,3.6934570029579996,-16.97026142809244,1.108036038
2020-12-29,T5,1067.8233495164084,0.24856301910167744,0.005,3.6934570029579996,-17.139217442631804,1.108036038
2020-12-30,T5,1075.078037581179,0.0,0.005,3.6934570029579996,-17.404139205461327,1.108036038
2020-12-31,T5,1075.0746407593022,0.12479482841324385,0.005,3.6934570029579996,-17.622133515638186,1.108036038
2021-01-01,T5,1076.9158485938767,0.07631962590954888,0.005,3.6934570029579996,-17.743718365163627,1.108036038
2021-01-02,T5,1090.9875220233407,0.4146264906138786,0.005,3.6934570029579996,-17.971544935699626,1.108036038
2021-01-03,T5,1094.6045233379996,0.68540719352298,0.005,3.6934570029579996,-18.628993621040628,1.108036038
2021-01-04,T5,1088.7575591268646,1.2159082625411322,0.005,3.6934570029579996,-19.369557832175843,1.108036038
2021-01-05,T5,1098.1742683196626,0.3615205644090347,0.005,3.6934570029579996,-19.684848639377844,1.108036038
2021-01-06,T5,1111.491695447649,0.0,0.005,3.6934570029579996,-20.52412151139153,1.108036038
2021-01-07,T5,1124.2924547040443,0.1393507565107477,0.005,3.6934570029579996,-21.16691225499615,1.108036038
2021-01-08,T5,1129.0717711084756,0.42029965537294656,0.005,3.6934570029579996,-22.037328648514926,1.108036038
2021-01-09,T5,1126.1210518913356,0.6805415132979387,0.005,3.6934570029579996,-22.596215067704748,1.108036038
2021-01-10,T5,1115.7863815822052,1.5920188869049001,0.005,3.6934570029579996,-23.241185376835293,1.108036038
2021-01-11,T5,1101.4602418461345,2.855528203600155,0.005,3.6934570029579996,-23.631100761405794,1.108036038
2021-01-12,T5,1094.4568259574157,3.4732020073679593,0.005,3.6934570029579996,-23.876151692274835,1.108036038
2021-01-13,T5,1110.9264568866538,2.020645177335789,0.005,3.6934570029579996,-24.063191906886626,1.108036038
2021-01-14,T5,1116.7009695507916,1.5113558164242535,0.003,3.7312827482449995,-24.374352236961858,1.119385464
2021-01-15,T5,1109.2255549699294,2.1706580529714414,0.003,3.7312827482449995,-24.640713983864234,1.119385464
2021-01-16,T5,1106.915791333213,2.374370143466198,0.003,3.7312827482449995,-24.764580454540337,1.119385464
2021-01-17,T5,1106.359934657041,2.4233945214235275,0.003,3.7312827482449995,-24.842675647372417,1.119385464
2021-01-18,T5,1108.5341877161422,2.231633932204191,0.003,3.7312827482449995,-25.068947645871418,1.119385464
2021-01-19,T5,1105.8545332166009,2.467968945548371,0.003,3.7312827482449995,-25.470818571152662,1.119385464
2021-01-20,T5,1104.5159067354714,2.5860305491374747,0.003,3.7312827482449995,-25.60197505228211,1.119385464
2021-01-21,T5,1090.4450774334164,3.8270224872526515,0.003,3.7312827482449995,-25.722149654857056,1.119385464
2021-01-22,T5,1096.7953291057331,3.2669552047082884,0.003,3.7312827482449995,-25.7504026820203,1.119385464
2021-01-23,T5,1094.074416872413,3.5069289882987187,0.003,3.7312827482449995,-25.781904915340448,1.119385464
2021-01-24,T5,1094.5147734157235,3.468091268899709,0.003,3.7312827482449995,-25.845378007219786,1.119385464
2021-01-25,T5,1094.4361881592895,3.475022180191134,0.003,3.7312827482449995,-25.951262203633885,1.119385464
2021-01-26,T5,1095.0279669654067,3.4228296113116508,0.003,3.7312827482449995,-25.98335482234666,1.119385464
2021-01-27,T5,1088.7021164417604,3.98074480828019,0.003,3.7312827482449995,-26.011725345992975,1.119385464
2021-01-28,T5,1097.618959727011,3.1943142153927906,0.003,3.7312827482449995,-26.051518969672262,1.119385464
2021-01-29,T5,1100.0197935489277,2.9825700918735265,0.003,3.7312827482449995,-26.310228238825655,1.119385464
2021-01-30,T5,1100.001928829904,2.9841456899999175,0.003,3.7312827482449995,-26.438312957849256,1.119385464
2021-01-31,T5,1096.3769658289466,3.303853204289575,0.003,3.7312827482449995,-26.585009349836746,1.119385464
2021-02-01,T5,1097.4969184944193,3.2050777732835822,0.003,3.7312827482449995,-26.703523293333955,1.119385464
2021-02-02,T5,1103.2132859350095,2.7009165929585244,0.003,3.7312827482449995,-26.913445852743752,1.119385464
2021-02-03,T5,1109.3597411505207,2.1588233583173078,0.003,3.7312827482449995,-27.167214981812638,1.119385464
2021-02-04,T5,1107.1997240733033,2.349328389788796,0.003,3.7312827482449995,-27.352483790629982,1.119385464
2021-02-05,T5,1110.9328911420778,2.0200777012519433,0.003,3.7312827482449995,-27.613013962355453,1.119385464
2021-02-06,T5,1113.464519186681,1.7967980404575368,0.003,3.7312827482449995,-27.861122601072132,1.119385464
2021-02-07,T5,1111.860180907771,1.9382943821014464,0.003,3.7312827482449995,-28.241544454192034,1.119385464
2021-02-08,T5,1134.1133982391082,0.0,0.003,3.7312827482449995,-28.705923548645156,1.119385464
2021-02-09,T5,1133.7380787556506,0.48994284112490183,0.003,3.7312827482449995,-29.38153804103261,1.119385464
2021-02-10,T5,1128.215919596328,0.9746318392996223,0.003,3.7312827482449995,-29.950102191425188,1.119385464
2021-02-11,T5,1137.3697164391924,0.1711880244337216,0.003,3.7312827482449995,-30.41592813406063,1.119385464
2021-02-12,T5,1134.7850058479808,0.3980523271242653,0.003,3.7312827482449995,-30.92922593977226,1.119385464
2021-02-13,T5,1133.8021495180521,0.4843192448567124,0.003,3.7312827482449995,-31.43547226970096,1.119385464
2021-02-14,T5,1137.6013363650732,0.24592750539257358,0.003,3.7312827482449995,-31.988225023959842,1.119385464
2021-02-15,T5,1135.1980376975866,0.4566681417113361,0.003,3.7312827482449995,-32.315954090166535,1.119385464
2021-02-16,T5,1138.3876393803466,0.1769781067931131,0.003,3.7312827482449995,-32.85037240740653,1.119385464
2021-02-17,T5,1146.7830065193093,0.06584307195385275,0.003,3.7312827482449995,-33.37355526844373,1.119385464
2021-02-18,T5,1144.3868610039876,0.27465047543761,0.003,3.7312827482449995,-34.016380783765435,1.119385464
2021-02-19,T5,1157.0242731740316,0.0,0.003,3.7312827482449995,-34.49748972591143,1.119385464
2021-02-20,T5,1156.2224761040638,0.38786286116900826,0.003,3.7312827482449995,-35.15987568368943,1.119385464
2021-02-21,T5,1160.2710726549751,0.2141652446517428,0.003,3.7312827482449995,-35.71165913277819,1.119385464
2021-02-22,T5,1149.7229035810117,1.1213307174386178,0.003,3.7312827482449995,-36.193492324441586,1.119385464
2021-02-23,T5,1134.077368902947,2.466880714192421,0.003,3.7312827482449995,-36.297529524996115,1.119385464
2021-02-24,T5,1136.242479112992,2.2806765290339426,0.003,3.7312827482449995,-36.44588267476106,1.119385464
2021-02-25,T5,1128.3156829576292,2.962398231780883,0.003,3.7312827482449995,-36.551855001704034,1.119385464
2021-02-26,T5,1125.9369104798684,3.1669778364789902,0.003,3.7312827482449995,-36.593751637764626,1.119385464
2021-02-27,T5,1125.2133308087082,3.2292072613094414,0.003,3.7312827482449995,-36.712801027224835,1.119385464
2021-02-28,T5,1122.356153843537,3.474930692008249,0.003,3.7312827482449995,-36.78908947389624,1.119385464
2021-03-01,T5,1135.4737949039913,2.346785042178956,0.003,3.7312827482449995,-36.8406728849418,1.119385464
2021-03-02,T5,1132.019067001916,2.643899152567275,0.003,3.7312827482449995,-36.88466554019723,1.119385464
2021-03-03,T5,1137.7018949360017,2.155163595387366,0.003,3.7312827482449995,-36.98278685175141,1.119385464
2021-03-04,T5,1131.6596784178303,2.6748073521335014,0.003,3.7312827482449995,-37.02763611919304,1.119385464
2021-03-05,T5,1132.8268658008142,2.5744266996533427,0.003,3.7312827482449995,-37.07074598693916,1.119385464
2021-03-06,T5,1133.0791704557219,2.552727950804057,0.003,3.7312827482449995,-37.11421133203137,1.119385464
2021-03-07,T5,1139.3182231709043,2.016155853179913,0.003,3.7312827482449995,-37.1706286168488,1.119385464
2021-03-08,T5,1143.5820270037466,1.6494594537603713,0.003,3.7312827482449995,-37.23879478400635,1.119385464
2021-03-09,T5,1150.824048059973,1.0266298982861022,0.003,3.7312827482449995,-37.512793361449994,1.119385464
2021-03-10,T5,1153.6254296643358,0.7857049899196666,0.003,3.7312827482449995,-37.72816096315727,1.119385464
2021-03-11,T5,1158.954806008931,0.32736703786337973,0.003,3.7312827482449995,-38.19789577882215,1.119385464
2021-03-12,T5,1156.9473276207104,0.5000145436428127,0.003,3.7312827482449995,-38.57681681953274,1.119385464
2021-03-13,T5,1168.4450449234532,0.1337076412790128,0.003,3.7312827482449995,-38.86565686429975,1.119385464
2021-03-14,T5,1161.3660362110115,0.7387462408760981,0.003,3.7312827482449995,-39.37604822718145,1.119385464
2021-03-15,T5,1150.8448885575144,1.6379823770370838,0.003,3.7312827482449995,-39.730463233868655,1.119385464
2021-03-16,T5,1154.5276302132413,1.3232206717516126,0.003,3.7312827482449995,-39.89577410113162,1.119385464
2021-03-17,T5,1160.363519145117,0.8244307690721153,0.003,3.7312827482449995,-40.02894264263592,1.119385464
2021-03-18,T5,1156.4808387881355,1.1562811144096408,0.003,3.7312827482449995,-40.19189299961741,1.119385464
2021-03-19,T5,1157.551879185927,1.0647399384180467,0.003,3.7312827482449995,-40.32856260182594,1.119385464
2021-03-20,T5,1157.4662406325842,1.0720594138546202,0.003,3.7312827482449995,-40.5794658958388,1.119385464
2021-03-21,T5,1155.073744697997,1.276544596541318,0.003,3.7312827482449995,-40.723827089756064,1.119385464
2021-03-22,T5,1144.923510188165,2.144079010309896,0.003,3.7312827482449995,-40.97593327483797,1.119385464
2021-03-23,T5,1145.632177048457,2.0835096817288568,0.003,3.7312827482449995,-41.12849473929601,1.119385464
2021-03-24,T5,1139.2104491094824,2.6323708905534593,0.003,3.7312827482449995,-41.287978997940435,1.119385464
2021-03-25,T5,1136.2357607973274,2.8866157041614438,0.003,3.7312827482449995,-41.33753099042557,1.119385464
2021-03-26,T5,1147.2685289766755,1.943651670626645,0.003,3.7312827482449995,-41.39423281107763,1.119385464
2021-03-27,T5,1149.7049616094955,1.7354112448756176,0.003,3.7312827482449995,-41.44372474407763,1.119385464
2021-03-28,T5,1149.458841691849,1.7564469656035864,0.003,3.7312827482449995,-41.49425042109377,1.119385464
2021-03-29,T5,1155.0319761728692,1.2801145271597258,0.003,3.7312827482449995,-41.55925017851387,1.119385464
2021-03-30,T5,1158.1572215336435,1.013001693528548,0.003,3.7312827482449995,-41.80906025410951,1.119385464
2021-03-31,T5,1157.832750166603,1.0407340653193042,0.003,3.7312827482449995,-42.17925162114989,1.119385464
2021-04-01,T5,1157.331019270795,1.0836167019857679,0.003,3.7312827482449995,-42.63226251695801,1.119385464
2021-04-02,T5,1157.546912755044,1.065164416266351,0.003,3.7312827482449995,-43.12940903270882,1.119385464
2021-04-03,T5,1151.3616056981693,1.5938188750738491,0.003,3.7312827482449995,-43.6124731423436,1.119385464
2021-04-04,T5,1154.417893914796,1.332599766909337,0.003,3.7312827482449995,-43.83175736088688,1.119385464
2021-04-05,T5,1157.1903326472902,1.0956411027352342,0.003,3.7312827482449995,-44.04129960146278,1.119385464
2021-04-06,T5,1153.2804267350032,1.4298183998430525,0.003,3.7312827482449995,-44.460986000369786,1.119385464
2021-04-07,T5,1146.8603828675632,1.97853567209062,0.003,3.7312827482449995,-44.74565553113975,1.119385464
2021-04-08,T5,1153.0513348189725,1.4493987475562409,0.003,3.7312827482449995,-44.90235749586044,1.119385464
2021-04-09,T5,1153.037191044892,1.450607607385379,0.003,3.7312827482449995,-45.02049439218079,1.119385464
2021-04-10,T5,1157.5433704134884,1.0654671780598646,0.003,3.7312827482449995,-45.52983542339425,1.119385464
2021-04-11,T5,1157.7710407733389,1.0460083298949319,0.003,3.7312827482449995,-46.05359382116382,1.119385464
2021-04-12,T5,1156.727662322714,1.1351852559674191,0.003,3.7312827482449995,-46.58679946503892,1.119385464
2021-04-13,T5,1167.3784838676374,0.22486597061704972,0.003,3.7312827482449995,-47.13617585527539,1.119385464
2021-04-14,T5,1164.9392761608653,0.45519686662848224,0.003,3.7312827482449995,-47.7171556268875,1.119385464
2021-04-15,T5,1165.0214365580248,0.4481762083607399,0.003,3.7312827482449995,-48.224225229728034,1.119385464
2021-04-16,T5,1156.7634409858597,1.1538271897719943,0.004,3.7630159675139994,-49.01203904462403,1.128904002
2021-04-17,T5,1150.8970607306517,1.655113119056384,0.004,3.7630159675139994,-49.492579041232005,1.128904002
2021-04-18,T5,1134.8668486519177,3.024904951316154,0.004,3.7630159675139994,-49.842305630566,1.128904002
2021-04-19,T5,1132.700392493032,3.2100300099750734,0.004,3.7630159675139994,-49.909527537451865,1.128904002
2021-04-20,T5,1135.8572982165829,2.940270405167922,0.004,3.7630159675139994,-49.97567772218088,1.128904002
2021-04-21,T5,1125.207865866867,3.8502711824000557,0.004,3.7630159675139994,-50.04282535905687,1.128904002
2021-04-22,T5,1116.8613326274271,4.563487763872276,0.004,3.7630159675139994,-50.107867403056865,1.128904002
2021-04-23,T5,1114.3560877156829,4.777562537247871,0.004,3.7630159675139994,-50.23995231480108,1.128904002
2021-04-24,T5,1108.7091624359928,5.260095899096672,-0.003,3.937657407367999,-50.19376586263707,1.181304294
2021-04-25,T5,1111.926670342954,4.985157799117723,-0.003,3.937657407367999,-50.088604622166095,1.181304294
2021-04-26,T5,1097.176738034983,6.245548909516496,-0.003,3.937657407367999,-50.041971434726804,1.181304294
2021-04-27,T5,1094.1465512405425,6.504480301119997,-0.003,3.937657407367999,-49.99291583685735,1.181304294
2021-04-28,T5,1091.760340723748,6.7083835096304885,0.002,4.0761380263454985,-49.998139000904295,1.222842249
2021-04-29,T5,1089.1639925938935,6.9302431110200295,0.002,4.0761380263454985,-50.03074713075875,1.222842249
2021-04-30,T5,1097.4063932216493,6.225924727541443,0.002,4.0761380263454985,-50.063757173003054,1.222842249
2021-05-01,T5,1097.6248145564864,6.207260485360388,0.002,4.0761380263454985,-50.12554516816595,1.222842249
2021-05-02,T5,1095.0923833218824,6.423658347340144,0.002,4.0761380263454985,-50.246488712649715,1.222842249
2021-05-03,T5,1096.054372253235,6.341455780435923,0.002,4.0761380263454985,-50.41235816337714,1.222842249
2021-05-04,T5,1088.0444692600229,7.025907092957895,0.002,4.0761380263454985,-50.55584947514928,1.222842249
2021-05-05,T5,1096.4020377113973,6.311747545597202,0.002,4.0761380263454985,-50.66358359613488,1.222842249
2021-05-06,T5,1094.0372910191559,6.5138166566286575,0.002,4.0761380263454985,-50.92624870549628,1.222842249
2021-05-07,T5,1095.7271687054256,6.369415532002176,0.002,4.0761380263454985,-51.055931019226634,1.222842249
2021-05-08,T5,1098.693512310034,6.115939581633489,0.002,4.0761380263454985,-51.23170741461796,1.222842249
2021-05-09,T5,1097.20524526861,6.243112948245932,0.002,4.0761380263454985,-51.413631542641944,1.222842249
2021-05-10,T5,1092.1596548415891,6.674261863925601,0.002,4.0761380263454985,-51.67341609874297,1.222842249
2021-05-11,T5,1093.7099178901092,6.5417908990196505,0.002,4.0761380263454985,-51.80312183454304,1.222842249
2021-05-12,T5,1079.514341045399,7.754811981996834,0.002,4.0761380263454985,-51.9047386792531,1.222842249
2021-05-13,T5,1079.3095518827427,7.77231134638231,-0.002,4.175451347112498,-51.88339605514244,1.2526407149999998
2021-05-14,T5,1079.0911934139442,7.790970216620319,-0.002,4.175451347112498,-51.79289937922091,1.2526407149999998
2021-05-15,T5,1085.2852416822561,7.261684846914429,-0.002,4.175451347112498,-51.75335484416924,1.2526407149999998
2021-05-16,T5,1086.0786454746785,7.193887987508818,-0.002,4.175451347112498,-51.66461565900664,1.2526407149999998
2021-05-17,T5,1091.9513354936469,6.692062884892225,-0.002,4.175451347112498,-51.54607244423824,1.2526407149999998
2021-05-18,T5,1093.4089664634857,6.567507390109784,-0.002,4.175451347112498,-51.46640830291936,1.2526407149999998
2021-05-19,T5,1105.8077604729942,5.508022544826474,-0.002,4.175451347112498,-51.49582352711067,1.2526407149999998
2021-05-20,T5,1098.1168734286607,6.1652137413257595,-0.002,4.175451347112498,-51.47221339422446,1.2526407149999998
2021-05-21,T5,1104.6811550614111,5.604291694815666,-0.002,4.175451347112498,-51.4593584074142,1.2526407149999998
2021-05-22,T5,1104.2835498360594,5.63826731456889,-0.002,4.175451347112498,-51.46267810182577,1.2526407149999998
2021-05-23,T5,1109.9312270871758,5.155669696282761,-0.002,4.175451347112498,-51.464060850709366,1.2526407149999998
2021-05-24,T5,1101.57926940907,5.869349799493973,-0.002,4.175451347112498,-51.475658528815025,1.2526407149999998
2021-05-25,T5,1102.4707983654794,5.79316808232676,-0.002,4.175451347112498,-51.452453298565665,1.2526407149999998
2021-05-26,T5,1100.7223889726197,5.942570778561995,-0.002,4.175451347112498,-51.428938965265296,1.2526407149999998
2021-05-27,T5,1102.2224064973195,5.814393325669387,-0.002,4.175451347112498,-51.4055023732653,1.2526407149999998
2021-05-28,T5,1107.8964497403217,5.329542716583314,-0.002,4.175451347112498,-51.383057950603224,1.2526407149999998
2021-05-29,T5,1110.0688417417691,5.143910436396782,-0.002,4.175451347112498,-51.36153858883605,1.2526407149999998
2021-05-30,T5,1107.966486410035,5.323558038547816,-0.002,4.175451347112498,-51.34032152785027,1.2526407149999998
2021-05-31,T5,1104.80774078813,5.593474863841208,-0.002,4.175451347112498,-51.31863058749524,1.2526407149999998
2021-06-01,T5,1105.930619574636,5.4975241563384625,-0.002,4.175451347112498,-51.29657124832936,1.2526407149999998
2021-06-02,T5,1104.2014629301202,5.645281692965054,-0.002,4.175451347112498,-51.27418201614506,1.2526407149999998
2021-06-03,T5,1100.87851053788,5.929230091371906,-0.002,4.175451347112498,-51.25123223814506,1.2526407149999998
2021-06-04,T5,1105.7062963789467,5.516692716288418,-0.002,4.175451347112498,-51.220925867838304,1.2526407149999998
2021-06-05,T5,1108.4023149696156,5.2863162105391215,-0.002,4.175451347112498,-51.19878019168965,1.2526407149999998
2021-06-06,T5,1107.8280067155215,5.335391216645946,-0.002,4.175451347112498,-51.177221222363706,1.2526407149999998
2021-06-07,T5,1112.321077761151,4.951455434022655,-0.002,4.175451347112498,-51.15562304879451,1.2526407149999998
2021-06-08,T5,1112.714204888678,4.917862470580781,-0.002,4.175451347112498,-51.14190304920716,1.2526407149999998
2021-06-09,T5,1104.7516700606102,5.598266143220942,-0.002,4.175451347112498,-51.14969787727514,1.2526407149999998
2021-06-10,T5,1106.1319973871828,5.48031629399266,-0.002,4.175451347112498,-51.150410550702325,1.2526407149999998
2021-06-11,T5,1104.850987665092,5.589779390659566,-0.002,4.175451347112498,-51.13762027279339,1.2526407149999998
2021-06-12,T5,1108.4080859735045,5.285823074581087,-0.002,4.175451347112498,-51.136947062000814,1.2526407149999998
2021-06-13,T5,1101.4718677517167,5.878527339522222,-0.002,4.175451347112498,-51.132808330808786,1.2526407149999998
2021-06-14,T5,1098.5081002011448,6.131783164432713,-0.002,4.175451347112498,-51.11965919356076,1.2526407149999998
2021-06-15,T5,1099.2320132234584,6.06992433559369,-0.002,4.175451347112498,-51.097094714426994,1.2526407149999998
2021-06-16,T5,1102.8397367084237,5.761642065934058,-0.002,4.175451347112498,-51.07328641136136,1.2526407149999998
2021-06-17,T5,1103.4447121180335,5.70994653185558,-0.002,4.175451347112498,-51.049975819851596,1.2526407149999998
2021-06-18,T5,1107.9684298416878,5.323391971075253,-0.002,4.175451347112498,-51.03837809619764,1.2526407149999998
2021-06-19,T5,1108.5897047410651,5.270303635214491,-0.002,4.175451347112498,-51.04346319682038,1.2526407149999998
2021-06-20,T5,1108.3939811262942,5.287028342759026,-0.002,4.175451347112498,-51.04192681159122,1.2526407149999998
2021-06-21,T5,1116.3182948939439,4.609890684075757,-0.002,4.175451347112498,-51.049450669861386,1.2526407149999998
2021-06-22,T5,1114.5708999719336,4.759206693130757,-0.002,4.175451347112498,-51.05865921289167,1.2526407149999998
2021-06-23,T5,1112.2379272545966,4.958560697768821,-0.002,4.175451347112498,-51.08124068328867,1.2526407149999998
2021-06-24,T5,1110.2234428974548,5.130699669173233,-0.002,4.175451347112498,-51.09269071339054,1.2526407149999998
2021-06-25,T5,1116.3885240491852,4.603889558029284,-0.002,4.175451347112498,-51.07767195408016,1.2526407149999998
2021-06-26,T5,1114.97703840921,4.724501904983491,-0.002,4.175451347112498,-51.09922952867525,1.2526407149999998
2021-06-27,T5,1110.0719427107115,5.143645456625556,-0.002,4.175451347112498,-51.16694522717386,1.2526407149999998
2021-06-28,T5,1110.4922896482403,5.1077265430819025,-0.002,4.175451347112498,-51.159658289644895,1.2526407149999998
2021-06-29,T5,1107.653276991893,5.350321982820693,-0.002,4.175451347112498,-51.1441173323722,1.2526407149999998
2021-06-30,T5,1109.4245363632122,5.198966741372257,-0.002,4.175451347112498,-51.12305157467292,1.2526407149999998
2021-07-01,T5,1112.4925641968457,4.936801808867585,-0.002,4.175451347112498,-51.10269356647959,1.2526407149999998
2021-07-02,T5,1111.9823499705483,4.980399939475733,-0.002,4.175451347112498,-51.09867288001683,1.2526407149999998
2021-07-03,T5,1110.1969685669228,5.132961917579504,-0.002,4.175451347112498,-51.10885937096246,1.2526407149999998
2021-07-04,T5,1108.9370917538288,5.240619193712437,-0.002,4.175451347112498,-51.11433618405647,1.2526407149999998
2021-07-05,T5,1112.1500038202273,4.966073811236793,-0.002,4.175451347112498,-51.107443779677915,1.2526407149999998
2021-07-06,T5,1111.066510836328,5.058658976820785,-0.002,4.175451347112498,-51.12125710155722,1.2526407149999998
2021-07-07,T5,1111.7968366012637,4.996252175040228,-0.002,4.175451347112498,-51.11655133662142,1.2526407149999998
2021-07-08,T5,1113.7731488926815,4.827375030964887,-0.002,4.175451347112498,-51.13823904520371,1.2526407149999998
2021-07-09,T5,1111.8304762342239,4.993377646977681,-0.002,4.175451347112498,-51.16945170366127,1.2526407149999998
2021-07-10,T5,1112.4485461380468,4.94056318002839,-0.002,4.175451347112498,-51.16416241991834,1.2526407149999998
2021-07-11,T5,1110.9638928306192,5.0674277507691485,-0.002,4.175451347112498,-51.15453510726596,1.2526407149999998
2021-07-12,T5,1115.4070821877378,4.687754390200272,-0.004,4.209606163121498,-51.130388034978154,1.262888697
2021-07-13,T5,1116.9279599685692,4.557794415134698,-0.004,4.209606163121498,-51.10382353390674,1.262888697
2021-07-14,T5,1116.5411659966949,4.590846206392262,-0.004,4.209606163121498,-51.104464313581005,1.262888697
2021-07-15,T5,1120.3684187959866,4.263805016998512,-0.004,4.209606163121498,-51.09589125340917,1.262888697
2021-07-16,T5,1122.7265786820299,4.0622987527520245,-0.006,4.241231418621497,-51.09687935992607,1.272377697
2021-07-17,T5,1122.0714976991608,4.11827583997928,-0.006,4.241231418621497,-51.08175318521507,1.272377697
2021-07-18,T5,1120.5087940933147,4.251809858432509,-0.006,4.241231418621497,-51.05217679106138,1.272377697
2021-07-19,T5,1126.1094519713424,3.7732300755248804,-0.006,4.241231418621497,-51.06271891303345,1.272377697
2021-07-20,T5,1134.310895049509,3.072411540745812,-0.008,4.272014820418497,-51.16694414290998,1.2816141030000001
2021-07-21,T5,1115.3418927354373,4.693324870420512,-0.008,4.272014820418497,-51.40033834114188,1.2816141030000001
2021-07-22,T5,1114.4782180543298,4.76712642202195,-0.006,4.304052385332497,-51.436820592955236,1.2912239310000002
2021-07-23,T5,1106.317344645445,5.464478252720816,-0.006,4.304052385332497,-51.471152241940054,1.2912239310000002
2021-07-24,T5,1102.6527670602081,5.777618741460766,-0.006,4.304052385332497,-51.534428475777,1.2912239310000002
2021-07-25,T5,1095.615195901119,6.378983679449068,-0.006,4.304052385332497,-51.642987782545795,1.2912239310000002
2021-07-26,T5,1089.502088410713,6.9013526081292405,0.005,4.506132892862497,-51.79773970542192,1.3518389910000002
2021-07-27,T5,1082.176552734178,7.527324297546711,-0.004,4.674536688503497,-51.804941319556036,1.4023677090000002
2021-07-28,T5,1087.332379257522,7.086755637223474,0.004,4.830786362439496,-51.83997879903603,1.4492355810000002
2021-07-29,T5,1087.3345593594856,7.086569346122107,0.004,4.830786362439496,-51.87155869707238,1.4492355810000002
2021-07-30,T5,1096.0927376144941,6.3381774358802545,0.004,4.830786362439496,-51.89974044206377,1.4492355810000002
2021-07-31,T5,1092.9854679729847,6.603695605862237,0.004,4.830786362439496,-51.94985008357314,1.4492355810000002
2021-08-01,T5,1086.5926274143847,7.14996790339012,0.004,4.830786362439496,-51.99963208357315,1.4492355810000002
2021-08-02,T5,1083.7065931818236,7.396581366765864,0.004,4.830786362439496,-52.047484874734245,1.4492355810000002
2021-08-03,T5,1079.8955237992038,7.722239672897279,0.004,4.830786362439496,-52.093840418994176,1.4492355810000002
2021-08-04,T5,1086.00669288629,7.200036382015417,0.004,4.830786362439496,-52.12625337562796,1.4492355810000002
2021-08-05,T5,1090.4964694425205,6.8163821156096205,0.004,4.830786362439496,-52.17320188243753,1.4492355810000002
2021-08-06,T5,1098.233158737244,6.1552770876416645,0.004,4.830786362439496,-52.22271931931414,1.4492355810000002
2021-08-07,T5,1105.2483598154292,5.555823687314776,0.004,4.830786362439496,-52.274478241128804,1.4492355810000002
2021-08-08,T5,1102.0202829813952,5.83166490884377,0.004,4.830786362439496,-52.327834106162726,1.4492355810000002
2021-08-09,T5,1111.8659769066558,4.990344091906906,0.004,4.830786362439496,-52.38122114990212,1.4492355810000002
2021-08-10,T5,1109.0511288844796,5.230874648264594,0.004,4.830786362439496,-52.43618917207844,1.4492355810000002
2021-08-11,T5,1108.8583358056762,5.247348939644136,0.004,4.830786362439496,-52.491542250881736,1.4492355810000002
2021-08-12,T5,1104.1594408440042,5.648872506988822,0.004,4.830786362439496,-52.54552849651356,1.4492355810000002
2021-08-13,T5,1117.7216853088325,4.4899700792612744,0.004,4.830786362439496,-52.60027208184533,1.4492355810000002
2021-08-14,T5,1114.8220582937563,4.737745054560594,0.004,4.830786362439496,-52.65722078160164,1.4492355810000002
2021-08-15,T5,1114.4706832724544,4.767770273932337,0.004,4.830786362439496,-52.712834784103514,1.4492355810000002
2021-08-16,T5,1110.081472838618,5.1428311011259,0.004,4.830786362439496,-52.77638497457975,1.4492355810000002
2021-08-17,T5,1105.0826442995565,5.569984183695375,0.004,4.830786362439496,-52.831433757001356,1.4492355810000002
2021-08-18,T5,1105.1297629778362,5.565957862625048,0.004,4.830786362439496,-52.885635078721684,1.4492355810000002
2021-08-19,T5,1113.299703656282,4.867831227966968,0.004,4.830786362439496,-52.939694400276,1.4492355810000002
2021-08-20,T5,1123.4063875131703,4.004208655140051,0.004,4.830786362439496,-53.007770543387515,1.4492355810000002
2021-08-21,T5,1121.4625527998269,4.170310569482982,0.004,4.830786362439496,-53.09956525673092,1.4492355810000002
2021-08-22,T5,1123.0862896830283,4.0315612186057725,0.004,4.830786362439496,-53.16754837352944,1.4492355810000002
2021-08-23,T5,1123.9606708116962,3.9568447942410434,0.004,4.830786362439496,-53.31344724486168,1.4492355810000002
2021-08-24,T5,1116.6186761177726,4.584222917177605,0.004,4.830786362439496,-53.47140193878531,1.4492355810000002
2021-08-25,T5,1121.5904169913274,4.159384492878648,0.004,4.830786362439496,-53.54754106523043,1.4492355810000002
2021-08-26,T5,1112.914666646397,4.900732885703462,0.004,4.830786362439496,-53.62689141016089,1.4492355810000002
2021-08-27,T5,1121.77613472765,4.143514794020575,0.004,4.830786362439496,-53.683903328907775,1.4492355810000002
2021-08-28,T5,1121.01480353089,4.208571029698827,0.004,4.830786362439496,-53.811892503027956,1.4492355810000002
2021-08-29,T5,1120.4568169610975,4.256251337486294,0.004,4.830786362439496,-53.87025459514041,1.4492355810000002
2021-08-30,T5,1113.2927825309384,4.868422642535853,0.004,4.830786362439496,-53.952295525619455,1.4492355810000002
2021-08-31,T5,1113.6529711655523,4.837644294292942,0.004,4.830786362439496,-54.11774689100573,1.4492355810000002
2021-09-01,T5,1120.216443236969,4.276791425314441,0.004,4.830786362439496,-54.317954819588934,1.4492355810000002
2021-09-02,T5,1121.7099812352058,4.149167652085117,0.004,4.830786362439496,-54.608176821352295,1.4492355810000002
2021-09-03,T5,1124.430386332714,3.916707303793898,0.004,4.830786362439496,-54.81773172384398,1.4492355810000002
2021-09-04,T5,1123.9356950587228,3.958978988240436,0.004,4.830786362439496,-54.96770299783518,1.4492355810000002
2021-09-05,T5,1131.3300282144633,3.3271285104056636,0.004,4.830786362439496,-55.02772984209475,1.4492355810000002
2021-09-06,T5,1134.7873543950984,3.031697786193688,0.004,4.830786362439496,-55.124603661459496,1.4492355810000002
2021-09-07,T5,1111.2887729764457,5.039666535382182,0.004,4.830786362439496,-55.209516938192365,1.4492355810000002
2021-09-08,T5,1108.148672996837,5.307990078665393,0.004,4.830786362439496,-55.264731269721146,1.4492355810000002
2021-09-09,T5,1109.460815086785,5.195866701335927,0.004,4.830786362439496,-55.32046399229316,1.4492355810000002
2021-09-10,T5,1103.2491509254332,5.726657360322173,0.004,4.830786362439496,-55.377692357324854,1.4492355810000002
2021-09-11,T5,1104.482231208197,5.621289864773493,0.004,4.830786362439496,-55.43188684836105,1.4492355810000002
2021-09-12,T5,1107.8368479742899,5.334635725452919,0.004,4.830786362439496,-55.48647008226827,1.4492355810000002
2021-09-13,T5,1103.4924247995298,5.705869452832058,0.004,4.830786362439496,-55.54042959826827,1.4492355810000002
2021-09-14,T5,1111.9687490571744,4.981562146186369,0.004,4.830786362439496,-55.59540956538372,1.4492355810000002
2021-09-15,T5,1115.956559028156,4.640801244207937,0.004,4.830786362439496,-55.65242527856197,1.4492355810000002
2021-09-16,T5,1114.4233867076607,4.771811795518577,0.004,4.830786362439496,-55.71020579365741,1.4492355810000002
2021-09-17,T5,1112.5827132485301,4.929098514982466,0.004,4.830786362439496,-55.76740480802787,1.4492355810000002
2021-09-18,T5,1116.4951637452812,4.594777128075799,0.004,4.830786362439496,-55.825137844236934,1.4492355810000002
2021-09-19,T5,1112.2689189298424,4.955912439379528,0.004,4.830786362439496,-55.882780364835796,1.4492355810000002
2021-09-20,T5,1095.3345657386415,6.402963705574704,0.004,4.830786362439496,-55.937160587716676,1.4492355810000002
2021-09-21,T5,1085.9777225256414,7.202511917784948,0.004,4.830786362439496,-55.988913599716675,1.4492355810000002
2021-09-22,T5,1097.2220354820083,6.241678213816848,0.004,4.830786362439496,-56.03948926954981,1.4492355810000002
2021-09-23,T5,1102.402864760614,5.798973052131496,0.004,4.830786362439496,-56.079102056264055,1.4492355810000002
2021-09-24,T5,1094.2925378520918,6.4920056521797775,0.004,4.830786362439496,-56.05639285186642,1.4492355810000002
2021-09-25,T5,1093.6686576194659,6.545316615426044,0.004,4.830786362439496,-56.100109662772304,1.4492355810000002
2021-09-26,T5,1095.7310903343946,6.369080426308971,0.004,4.830786362439496,-56.117872857603686,1.4492355810000002
2021-09-27,T5,1091.4922994817878,6.7312878044796465,0.004,4.830786362439496,-56.16991518733025,1.4492355810000002
2021-09-28,T5,1087.020948676359,7.113367578743512,0.004,4.830786362439496,-56.195929654719194,1.4492355810000002
2021-09-29,T5,1088.9443256329996,6.94901379274101,0.004,4.830786362439496,-56.21904526923844,1.4492355810000002
2021-09-30,T5,1098.0684505675151,6.169351505652654,0.004,4.830786362439496,-56.26889034120301,1.4492355810000002
2021-10-01,T5,1115.3590816312462,4.691856068325507,0.004,4.830786362439496,-56.28685759979173,1.4492355810000002
2021-10-02,T5,1113.645709139564,4.838264839039064,0.002,4.878580732208496,-56.30605148892517,1.4635760430000002
2021-10-03,T5,1114.7403577574212,4.744726417428002,0.002,4.878580732208496,-56.33472546736792,1.4635760430000002
2021-10-04,T5,1116.7374794767056,4.574071094487286,0.002,4.878580732208496,-56.3634837480834,1.4635760430000002
2021-10-05,T5,1121.2226667418213,4.190808985930317,0.002,4.878580732208496,-56.37108458548774,1.4635760430000002
2021-10-06,T5,1128.9355781050535,3.531735797353164,0.002,4.878580732208496,-56.40266511973549,1.4635760430000002
2021-10-07,T5,1125.8262024382116,3.797433928541194,0.002,4.878580732208496,-56.48096311097747,1.4635760430000002
2021-10-08,T5,1126.0730737806507,3.7763386150898692,0.002,4.878580732208496,-56.557089444138036,1.4635760430000002
2021-10-09,T5,1128.0071697592002,3.6110688818379755,0.002,4.878580732208496,-56.59616475776843,1.4635760430000002
2021-10-10,T5,1127.4691210345777,3.657045488056654,0.002,4.878580732208496,-56.641522190211056,1.4635760430000002
2021-10-11,T5,1133.0197379272126,3.1827417392234714,0.002,4.878580732208496,-56.67532529757622,1.4635760430000002
2021-10-12,T5,1130.0237784103138,3.4387483881606506,0.002,4.878580732208496,-56.70956481447512,1.4635760430000002
2021-10-13,T5,1132.7482742213008,3.2059384857971662,0.002,4.878580732208496,-56.74292900348794,1.4635760430000002
2021-10-14,T5,1132.6388496730335,3.215288883142442,0.002,4.878580732208496,-56.800411932635235,1.4635760430000002
2021-10-15,T5,1145.7725489650393,2.0930059133861034,0.003,4.907131289149746,-56.895159820308194,1.4721399255000003
2021-10-16,T5,1143.2270099776247,2.310523841192258,0.003,4.907131289149746,-57.115055540012754,1.4721399255000003
2021-10-17,T5,1144.943749795705,2.1638273302932443,0.003,4.907131289149746,-57.32564898964254,1.4721399255000003
2021-10-18,T5,1146.2226818682402,2.05454177010419,0.003,4.907131289149746,-57.456506917107006,1.4721399255000003
2021-10-19,T5,1152.94541438792,1.480079994383765,0.003,4.907131289149746,-57.52184502025741,1.4721399255000003
2021-10-20,T5,1158.0991205866478,1.039692517149493,0.003,4.907131289149746,-57.68728819869952,1.4721399255000003
2021-10-21,T5,1146.2905032879407,2.0487463865932365,0.003,4.907131289149746,-58.05312549740661,1.4721399255000003
2021-10-22,T5,1141.5453692820824,2.4542211097146938,0.003,4.907131289149746,-58.222839503264936,1.4721399255000003
2021-10-23,T5,1143.2109582683863,2.311895469970504,0.003,4.907131289149746,-58.329770516961005,1.4721399255000003
2021-10-24,T5,1141.7731351681086,2.434758369682699,0.003,4.907131289149746,-58.51251361723861,1.4721399255000003
2021-10-25,T5,1148.267981127475,1.8797696456889779,0.003,4.907131289149746,-58.673407657872396,1.4721399255000003
2021-10-26,T5,1139.6055042980524,2.619983808159343,0.003,4.907131289149746,-58.96981448729509,1.4721399255000003
2021-10-27,T5,1133.7749455620692,3.1182087658101487,0.003,4.907131289149746,-59.125063223278225,1.4721399255000003
2021-10-28,T5,1140.290020221625,2.5614914865009664,0.003,4.907131289149746,-59.1953785637228,1.4721399255000003
2021-10-29,T5,1145.134803493906,2.147501670094021,0.003,4.907131289149746,-59.31562529144164,1.4721399255000003
2021-10-30,T5,1143.8072125629,2.26094516073172,0.003,4.907131289149746,-59.46121622244752,1.4721399255000003
2021-10-31,T5,1141.9327330383398,2.4211206300186805,0.003,4.907131289149746,-59.66643574700791,1.4721399255000003
2021-11-01,T5,1140.4653777309022,2.5465070756426678,0.003,4.907131289149746,-59.890051054445244,1.4721399255000003
2021-11-02,T5,1147.2938379914383,1.9630107971248423,0.003,4.907131289149746,-60.0716307939093,1.4721399255000003
2021-11-03,T5,1146.011595297625,2.0725792520107422,0.003,4.907131289149746,-60.369663487722455,1.4721399255000003
2021-11-04,T5,1141.2396434499717,2.4803455767946736,0.003,4.907131289149746,-60.63570533537593,1.4721399255000003
2021-11-05,T5,1139.8311976379478,2.600698168514304,0.003,4.907131289149746,-60.779330583989825,1.4721399255000003
2021-11-06,T5,1141.0544435446566,2.496171026663341,0.003,4.907131289149746,-61.027935240690994,1.4721399255000003
2021-11-07,T5,1146.302422544038,2.047727878567984,0.003,4.907131289149746,-61.1966362413094,1.4721399255000003
2021-11-08,T5,1158.9525593593432,0.9667656304414352,0.003,4.907131289149746,-61.4405894260042,1.4721399255000003
2021-11-09,T5,1156.8180380373897,1.1491618369442236,0.003,4.907131289149746,-61.73506806858771,1.4721399255000003
2021-11-10,T5,1150.2855656748386,1.7073657610554904,0.003,4.907131289149746,-62.064943110508715,1.4721399255000003
2021-11-11,T5,1149.9558102861756,1.7355435690480259,0.003,4.907131289149746,-62.17215849917152,1.4721399255000003
2021-11-12,T5,1147.6890851837709,1.9292366727950094,0.003,4.907131289149746,-62.34590215602632,1.4721399255000003
2021-11-13,T5,1148.3673288057057,1.871280323306579,0.003,4.907131289149746,-62.4790399796413,1.4721399255000003
2021-11-14,T5,1151.6502536355188,1.5907523056039041,0.003,4.907131289149746,-62.55054617530818,1.4721399255000003
2021-11-15,T5,1145.850856356266,2.08631449692942,0.003,4.907131289149746,-62.70222242908103,1.4721399255000003
2021-11-16,T5,1135.0807100500842,3.0066303586279597,0.003,4.907131289149746,-62.80742873526267,1.4721399255000003
2021-11-17,T5,1135.78962818712,2.9460528522866403,0.003,4.907131289149746,-62.86693059822708,1.4721399255000003
2021-11-18,T5,1125.3979743217099,3.8340262938478475,0.003,4.907131289149746,-62.922564463636945,1.4721399255000003
2021-11-19,T5,1128.7956871750907,3.5436895664192947,0.003,4.907131289149746,-62.97381377264603,1.4721399255000003
2021-11-20,T5,1133.6154149278682,3.1318407601125697,0.003,4.907131289149746,-63.02604438151848,1.4721399255000003
2021-11-21,T5,1130.3597510647758,3.410039310845625,0.003,4.907131289149746,-63.07941772057089,1.4721399255000003
2021-11-22,T5,1123.2738662264692,4.015532683495515,0.003,4.907131289149746,-63.1316525588776,1.4721399255000003
2021-11-23,T5,1127.0563274193948,3.692318965394892,0.003,4.907131289149746,-63.18730136595189,1.4721399255000003
2021-11-24,T5,1125.818657162475,3.7980786771587116,0.003,4.907131289149746,-63.241981622871855,1.4721399255000003
2021-11-25,T5,1131.141780001231,3.3432144401273955,0.003,4.907131289149746,-63.31702878411593,1.4721399255000003
2021-11-26,T5,1115.4470060850722,4.684342867744307,0.003,4.907131289149746,-63.41557537988444,1.4721399255000003
2021-11-27,T5,1118.3319055059217,4.437826374752108,0.003,4.907131289149746,-63.46582927642503,1.4721399255000003
2021-11-28,T5,1125.972990369789,3.7848908062941944,0.003,4.907131289149746,-63.51490841555764,1.4721399255000003
2021-11-29,T5,1127.4643334437205,3.6574545907447575,0.003,4.907131289149746,-63.584975341625814,1.4721399255000003
2021-11-30,T5,1124.7144317593236,3.8924354411728923,0.003,4.907131289149746,-63.66737904255276,1.4721399255000003
2021-12-01,T5,1125.4381205515529,3.830595772937395,0.003,4.907131289149746,-63.75664823379355,1.4721399255000003
2021-12-02,T5,1123.2880458767443,4.014321023348055,0.003,4.907131289149746,-63.81803290860213,1.4721399255000003
2021-12-03,T5,1114.6092135707863,4.755932771705684,0.003,4.907131289149746,-63.90060518096013,1.4721399255000003
2021-12-04,T5,1101.0766983925423,5.912294812959107,0.003,4.907131289149746,-63.929783314724176,1.4721399255000003
2021-12-05,T5,1101.6638374833396,5.8621234036836505,0.003,4.907131289149746,-63.969669075657045,1.4721399255000003
2021-12-06,T5,1104.8950712751239,5.586012418104136,0.003,4.907131289149746,-64.01368315045261,1.4721399255000003
2021-12-07,T5,1105.241233345058,5.556432648747068,0.003,4.907131289149746,-64.05040083965862,1.4721399255000003
2021-12-08,T5,1106.0938054114104,5.483579822648055,-0.002,5.033930416427245,-64.04534880165862,1.5101853705000003
2021-12-09,T5,1111.916624611229,4.986016213292055,-0.002,5.033930416427245,-64.0155696018397,1.5101853705000003
2021-12-10,T5,1112.736285083205,4.915975703894892,-0.002,5.033930416427245,-63.986929129863505,1.5101853705000003
2021-12-11,T5,1108.371531812061,5.288946650958904,-0.002,5.033930416427245,-63.95814395958752,1.5101853705000003
2021-12-12,T5,1106.9923680908992,5.4067970693637,-0.002,5.033930416427245,-63.928491182189305,1.5101853705000003
2021-12-13,T5,1113.7892494082562,4.825999231654121,-0.002,5.033930416427245,-63.89928480481224,1.5101853705000003
2021-12-14,T5,1110.4886771080508,5.108035236942044,-0.002,5.033930416427245,-63.88207078653784,1.5101853705000003
2021-12-15,T5,1109.4467946517273,5.1970647564416605,-0.002,5.033930416427245,-63.85343956134135,1.5101853705000003
2021-12-16,T5,1111.9636501277078,4.981997852956955,-0.002,5.033930416427245,-63.82420408536074,1.5101853705000003
2021-12-17,T5,1114.9900045463323,4.723393940307874,-0.002,5.033930416427245,-63.80092966673624,1.5101853705000003
2021-12-18,T5,1113.6338155638618,4.839281152658181,-0.002,5.033930416427245,-63.776098649206766,1.5101853705000003
2021-12-19,T5,1113.949391080742,4.812315023741077,-0.002,5.033930416427245,-63.75052313232676,1.5101853705000003
2021-12-20,T5,1113.5249209031872,4.848586270771172,-0.002,5.033930416427245,-63.72271330988167,1.5101853705000003
2021-12-21,T5,1109.583087640134,5.185418433773137,-0.002,5.033930416427245,-63.694703155594645,1.5101853705000003
2021-12-22,T5,1110.2321545909037,5.129955249419282,-0.002,5.033930416427245,-63.66531962216479,1.5101853705000003
2021-12-23,T5,1105.8161435015993,5.507306209692764,-0.002,5.033930416427245,-63.64233304510926,1.5101853705000003
2021-12-24,T5,1105.82342906163,5.506683653947753,-0.002,5.033930416427245,-63.611785151438596,1.5101853705000003
2021-12-25,T5,1107.264814254542,5.383516371151131,-0.003,5.059442304069996,-63.5711499186438,1.5178400850000004
2021-12-26,T5,1106.2381066530163,5.471249189642958,-0.003,5.059442304069996,-63.526040957909466,1.5178400850000004
2021-12-27,T5,1106.430467008193,5.454811874772902,-0.003,5.059442304069996,-63.48016801286268,1.5178400850000004
2021-12-28,T5,1116.0335424296131,4.6342229635203624,-0.003,5.059442304069996,-63.43551518131252,1.5178400850000004
2021-12-29,T5,1119.325711138387,4.352905050472766,-0.003,5.059442304069996,-63.39260688387885,1.5178400850000004
2021-12-30,T5,1117.38506510354,4.51873449020721,-0.003,5.059442304069996,-63.350444646446164,1.5178400850000004
2021-12-31,T5,1119.9870343720881,4.296394558936035,0.0,5.128768541445996,-63.32628224946189,1.5386348370000005
2020-03-26,cash,1000.0,0.0,0.0,0.0,0.0,0.0
2020-03-27,cash,1000.0,0.0,0.0,0.0,0.0,0.0
2020-03-28,cash,1000.0,0.0,0.0,0.0,0.0,0.0
2020-03-29,cash,1000.0,0.0,0.0,0.0,0.0,0.0
2020-03-30,cash,1000.0,0.0,0.0,0.0,0.0,0.0
2020-03-31,cash,1000.0,0.0,0.0,0.0,0.0,0.0
2020-04-01,cash,1000.0,0.0,0.0,0.0,0.0,0.0
2020-04-02,cash,1000.0,0.0,0.0,0.0,0.0,0.0
2020-04-03,cash,1000.0,0.0,0.0,0.0,0.0,0.0
2020-04-04,cash,1000.0,0.0,0.0,0.0,0.0,0.0
2020-04-05,cash,1000.0,0.0,0.0,0.0,0.0,0.0
2020-04-06,cash,1000.0,0.0,0.0,0.0,0.0,0.0
2020-04-07,cash,1000.0,0.0,0.0,0.0,0.0,0.0
2020-04-08,cash,1000.0,0.0,0.0,0.0,0.0,0.0
2020-04-09,cash,1000.0,0.0,0.0,0.0,0.0,0.0
2020-04-10,cash,1000.0,0.0,0.0,0.0,0.0,0.0
2020-04-11,cash,1000.0,0.0,0.0,0.0,0.0,0.0
2020-04-12,cash,1000.0,0.0,0.0,0.0,0.0,0.0
2020-04-13,cash,1000.0,0.0,0.0,0.0,0.0,0.0
2020-04-14,cash,1000.0,0.0,0.0,0.0,0.0,0.0
2020-04-15,cash,1000.0,0.0,0.0,0.0,0.0,0.0
2020-04-16,cash,1000.0,0.0,0.0,0.0,0.0,0.0
2020-04-17,cash,1000.0,0.0,0.0,0.0,0.0,0.0
2020-04-18,cash,1000.0,0.0,0.0,0.0,0.0,0.0
2020-04-19,cash,1000.0,0.0,0.0,0.0,0.0,0.0
2020-04-20,cash,1000.0,0.0,0.0,0.0,0.0,0.0
2020-04-21,cash,1000.0,0.0,0.0,0.0,0.0,0.0
2020-04-22,cash,1000.0,0.0,0.0,0.0,0.0,0.0
2020-04-23,cash,1000.0,0.0,0.0,0.0,0.0,0.0
2020-04-24,cash,1000.0,0.0,0.0,0.0,0.0,0.0
2020-04-25,cash,1000.0,0.0,0.0,0.0,0.0,0.0
2020-04-26,cash,1000.0,0.0,0.0,0.0,0.0,0.0
2020-04-27,cash,1000.0,0.0,0.0,0.0,0.0,0.0
2020-04-28,cash,1000.0,0.0,0.0,0.0,0.0,0.0
2020-04-29,cash,1000.0,0.0,0.0,0.0,0.0,0.0
2020-04-30,cash,1000.0,0.0,0.0,0.0,0.0,0.0
2020-05-01,cash,1000.0,0.0,0.0,0.0,0.0,0.0
2020-05-02,cash,1000.0,0.0,0.0,0.0,0.0,0.0
2020-05-03,cash,1000.0,0.0,0.0,0.0,0.0,0.0
2020-05-04,cash,1000.0,0.0,0.0,0.0,0.0,0.0
2020-05-05,cash,1000.0,0.0,0.0,0.0,0.0,0.0
2020-05-06,cash,1000.0,0.0,0.0,0.0,0.0,0.0
2020-05-07,cash,1000.0,0.0,0.0,0.0,0.0,0.0
2020-05-08,cash,1000.0,0.0,0.0,0.0,0.0,0.0
2020-05-09,cash,1000.0,0.0,0.0,0.0,0.0,0.0
2020-05-10,cash,1000.0,0.0,0.0,0.0,0.0,0.0
2020-05-11,cash,1000.0,0.0,0.0,0.0,0.0,0.0
2020-05-12,cash,1000.0,0.0,0.0,0.0,0.0,0.0
2020-05-13,cash,1000.0,0.0,0.0,0.0,0.0,0.0
2020-05-14,cash,1000.0,0.0,0.0,0.0,0.0,0.0
2020-05-15,cash,1000.0,0.0,0.0,0.0,0.0,0.0
2020-05-16,cash,1000.0,0.0,0.0,0.0,0.0,0.0
2020-05-17,cash,1000.0,0.0,0.0,0.0,0.0,0.0
2020-05-18,cash,1000.0,0.0,0.0,0.0,0.0,0.0
2020-05-19,cash,1000.0,0.0,0.0,0.0,0.0,0.0
2020-05-20,cash,1000.0,0.0,0.0,0.0,0.0,0.0
2020-05-21,cash,1000.0,0.0,0.0,0.0,0.0,0.0
2020-05-22,cash,1000.0,0.0,0.0,0.0,0.0,0.0
2020-05-23,cash,1000.0,0.0,0.0,0.0,0.0,0.0
2020-05-24,cash,1000.0,0.0,0.0,0.0,0.0,0.0
2020-05-25,cash,1000.0,0.0,0.0,0.0,0.0,0.0
2020-05-26,cash,1000.0,0.0,0.0,0.0,0.0,0.0
2020-05-27,cash,1000.0,0.0,0.0,0.0,0.0,0.0
2020-05-28,cash,1000.0,0.0,0.0,0.0,0.0,0.0
2020-05-29,cash,1000.0,0.0,0.0,0.0,0.0,0.0
2020-05-30,cash,1000.0,0.0,0.0,0.0,0.0,0.0
2020-05-31,cash,1000.0,0.0,0.0,0.0,0.0,0.0
2020-06-01,cash,1000.0,0.0,0.0,0.0,0.0,0.0
2020-06-02,cash,1000.0,0.0,0.0,0.0,0.0,0.0
2020-06-03,cash,1000.0,0.0,0.0,0.0,0.0,0.0
2020-06-04,cash,1000.0,0.0,0.0,0.0,0.0,0.0
2020-06-05,cash,1000.0,0.0,0.0,0.0,0.0,0.0
2020-06-06,cash,1000.0,0.0,0.0,0.0,0.0,0.0
2020-06-07,cash,1000.0,0.0,0.0,0.0,0.0,0.0
2020-06-08,cash,1000.0,0.0,0.0,0.0,0.0,0.0
2020-06-09,cash,1000.0,0.0,0.0,0.0,0.0,0.0
2020-06-10,cash,1000.0,0.0,0.0,0.0,0.0,0.0
2020-06-11,cash,1000.0,0.0,0.0,0.0,0.0,0.0
2020-06-12,cash,1000.0,0.0,0.0,0.0,0.0,0.0
2020-06-13,cash,1000.0,0.0,0.0,0.0,0.0,0.0
2020-06-14,cash,1000.0,0.0,0.0,0.0,0.0,0.0
2020-06-15,cash,1000.0,0.0,0.0,0.0,0.0,0.0
2020-06-16,cash,1000.0,0.0,0.0,0.0,0.0,0.0
2020-06-17,cash,1000.0,0.0,0.0,0.0,0.0,0.0
2020-06-18,cash,1000.0,0.0,0.0,0.0,0.0,0.0
2020-06-19,cash,1000.0,0.0,0.0,0.0,0.0,0.0
2020-06-20,cash,1000.0,0.0,0.0,0.0,0.0,0.0
2020-06-21,cash,1000.0,0.0,0.0,0.0,0.0,0.0
2020-06-22,cash,1000.0,0.0,0.0,0.0,0.0,0.0
2020-06-23,cash,1000.0,0.0,0.0,0.0,0.0,0.0
2020-06-24,cash,1000.0,0.0,0.0,0.0,0.0,0.0
2020-06-25,cash,1000.0,0.0,0.0,0.0,0.0,0.0
2020-06-26,cash,1000.0,0.0,0.0,0.0,0.0,0.0
2020-06-27,cash,1000.0,0.0,0.0,0.0,0.0,0.0
2020-06-28,cash,1000.0,0.0,0.0,0.0,0.0,0.0
2020-06-29,cash,1000.0,0.0,0.0,0.0,0.0,0.0
2020-06-30,cash,1000.0,0.0,0.0,0.0,0.0,0.0
2020-07-01,cash,1000.0,0.0,0.0,0.0,0.0,0.0
2020-07-02,cash,1000.0,0.0,0.0,0.0,0.0,0.0
2020-07-03,cash,1000.0,0.0,0.0,0.0,0.0,0.0
2020-07-04,cash,1000.0,0.0,0.0,0.0,0.0,0.0
2020-07-05,cash,1000.0,0.0,0.0,0.0,0.0,0.0
2020-07-06,cash,1000.0,0.0,0.0,0.0,0.0,0.0
2020-07-07,cash,1000.0,0.0,0.0,0.0,0.0,0.0
2020-07-08,cash,1000.0,0.0,0.0,0.0,0.0,0.0
2020-07-09,cash,1000.0,0.0,0.0,0.0,0.0,0.0
2020-07-10,cash,1000.0,0.0,0.0,0.0,0.0,0.0
2020-07-11,cash,1000.0,0.0,0.0,0.0,0.0,0.0
2020-07-12,cash,1000.0,0.0,0.0,0.0,0.0,0.0
2020-07-13,cash,1000.0,0.0,0.0,0.0,0.0,0.0
2020-07-14,cash,1000.0,0.0,0.0,0.0,0.0,0.0
2020-07-15,cash,1000.0,0.0,0.0,0.0,0.0,0.0
2020-07-16,cash,1000.0,0.0,0.0,0.0,0.0,0.0
2020-07-17,cash,1000.0,0.0,0.0,0.0,0.0,0.0
2020-07-18,cash,1000.0,0.0,0.0,0.0,0.0,0.0
2020-07-19,cash,1000.0,0.0,0.0,0.0,0.0,0.0
2020-07-20,cash,1000.0,0.0,0.0,0.0,0.0,0.0
2020-07-21,cash,1000.0,0.0,0.0,0.0,0.0,0.0
2020-07-22,cash,1000.0,0.0,0.0,0.0,0.0,0.0
2020-07-23,cash,1000.0,0.0,0.0,0.0,0.0,0.0
2020-07-24,cash,1000.0,0.0,0.0,0.0,0.0,0.0
2020-07-25,cash,1000.0,0.0,0.0,0.0,0.0,0.0
2020-07-26,cash,1000.0,0.0,0.0,0.0,0.0,0.0
2020-07-27,cash,1000.0,0.0,0.0,0.0,0.0,0.0
2020-07-28,cash,1000.0,0.0,0.0,0.0,0.0,0.0
2020-07-29,cash,1000.0,0.0,0.0,0.0,0.0,0.0
2020-07-30,cash,1000.0,0.0,0.0,0.0,0.0,0.0
2020-07-31,cash,1000.0,0.0,0.0,0.0,0.0,0.0
2020-08-01,cash,1000.0,0.0,0.0,0.0,0.0,0.0
2020-08-02,cash,1000.0,0.0,0.0,0.0,0.0,0.0
2020-08-03,cash,1000.0,0.0,0.0,0.0,0.0,0.0
2020-08-04,cash,1000.0,0.0,0.0,0.0,0.0,0.0
2020-08-05,cash,1000.0,0.0,0.0,0.0,0.0,0.0
2020-08-06,cash,1000.0,0.0,0.0,0.0,0.0,0.0
2020-08-07,cash,1000.0,0.0,0.0,0.0,0.0,0.0
2020-08-08,cash,1000.0,0.0,0.0,0.0,0.0,0.0
2020-08-09,cash,1000.0,0.0,0.0,0.0,0.0,0.0
2020-08-10,cash,1000.0,0.0,0.0,0.0,0.0,0.0
2020-08-11,cash,1000.0,0.0,0.0,0.0,0.0,0.0
2020-08-12,cash,1000.0,0.0,0.0,0.0,0.0,0.0
2020-08-13,cash,1000.0,0.0,0.0,0.0,0.0,0.0
2020-08-14,cash,1000.0,0.0,0.0,0.0,0.0,0.0
2020-08-15,cash,1000.0,0.0,0.0,0.0,0.0,0.0
2020-08-16,cash,1000.0,0.0,0.0,0.0,0.0,0.0
2020-08-17,cash,1000.0,0.0,0.0,0.0,0.0,0.0
2020-08-18,cash,1000.0,0.0,0.0,0.0,0.0,0.0
2020-08-19,cash,1000.0,0.0,0.0,0.0,0.0,0.0
2020-08-20,cash,1000.0,0.0,0.0,0.0,0.0,0.0
2020-08-21,cash,1000.0,0.0,0.0,0.0,0.0,0.0
2020-08-22,cash,1000.0,0.0,0.0,0.0,0.0,0.0
2020-08-23,cash,1000.0,0.0,0.0,0.0,0.0,0.0
2020-08-24,cash,1000.0,0.0,0.0,0.0,0.0,0.0
2020-08-25,cash,1000.0,0.0,0.0,0.0,0.0,0.0
2020-08-26,cash,1000.0,0.0,0.0,0.0,0.0,0.0
2020-08-27,cash,1000.0,0.0,0.0,0.0,0.0,0.0
2020-08-28,cash,1000.0,0.0,0.0,0.0,0.0,0.0
2020-08-29,cash,1000.0,0.0,0.0,0.0,0.0,0.0
2020-08-30,cash,1000.0,0.0,0.0,0.0,0.0,0.0
2020-08-31,cash,1000.0,0.0,0.0,0.0,0.0,0.0
2020-09-01,cash,1000.0,0.0,0.0,0.0,0.0,0.0
2020-09-02,cash,1000.0,0.0,0.0,0.0,0.0,0.0
2020-09-03,cash,1000.0,0.0,0.0,0.0,0.0,0.0
2020-09-04,cash,1000.0,0.0,0.0,0.0,0.0,0.0
2020-09-05,cash,1000.0,0.0,0.0,0.0,0.0,0.0
2020-09-06,cash,1000.0,0.0,0.0,0.0,0.0,0.0
2020-09-07,cash,1000.0,0.0,0.0,0.0,0.0,0.0
2020-09-08,cash,1000.0,0.0,0.0,0.0,0.0,0.0
2020-09-09,cash,1000.0,0.0,0.0,0.0,0.0,0.0
2020-09-10,cash,1000.0,0.0,0.0,0.0,0.0,0.0
2020-09-11,cash,1000.0,0.0,0.0,0.0,0.0,0.0
2020-09-12,cash,1000.0,0.0,0.0,0.0,0.0,0.0
2020-09-13,cash,1000.0,0.0,0.0,0.0,0.0,0.0
2020-09-14,cash,1000.0,0.0,0.0,0.0,0.0,0.0
2020-09-15,cash,1000.0,0.0,0.0,0.0,0.0,0.0
2020-09-16,cash,1000.0,0.0,0.0,0.0,0.0,0.0
2020-09-17,cash,1000.0,0.0,0.0,0.0,0.0,0.0
2020-09-18,cash,1000.0,0.0,0.0,0.0,0.0,0.0
2020-09-19,cash,1000.0,0.0,0.0,0.0,0.0,0.0
2020-09-20,cash,1000.0,0.0,0.0,0.0,0.0,0.0
2020-09-21,cash,1000.0,0.0,0.0,0.0,0.0,0.0
2020-09-22,cash,1000.0,0.0,0.0,0.0,0.0,0.0
2020-09-23,cash,1000.0,0.0,0.0,0.0,0.0,0.0
2020-09-24,cash,1000.0,0.0,0.0,0.0,0.0,0.0
2020-09-25,cash,1000.0,0.0,0.0,0.0,0.0,0.0
2020-09-26,cash,1000.0,0.0,0.0,0.0,0.0,0.0
2020-09-27,cash,1000.0,0.0,0.0,0.0,0.0,0.0
2020-09-28,cash,1000.0,0.0,0.0,0.0,0.0,0.0
2020-09-29,cash,1000.0,0.0,0.0,0.0,0.0,0.0
2020-09-30,cash,1000.0,0.0,0.0,0.0,0.0,0.0
2020-10-01,cash,1000.0,0.0,0.0,0.0,0.0,0.0
2020-10-02,cash,1000.0,0.0,0.0,0.0,0.0,0.0
2020-10-03,cash,1000.0,0.0,0.0,0.0,0.0,0.0
2020-10-04,cash,1000.0,0.0,0.0,0.0,0.0,0.0
2020-10-05,cash,1000.0,0.0,0.0,0.0,0.0,0.0
2020-10-06,cash,1000.0,0.0,0.0,0.0,0.0,0.0
2020-10-07,cash,1000.0,0.0,0.0,0.0,0.0,0.0
2020-10-08,cash,1000.0,0.0,0.0,0.0,0.0,0.0
2020-10-09,cash,1000.0,0.0,0.0,0.0,0.0,0.0
2020-10-10,cash,1000.0,0.0,0.0,0.0,0.0,0.0
2020-10-11,cash,1000.0,0.0,0.0,0.0,0.0,0.0
2020-10-12,cash,1000.0,0.0,0.0,0.0,0.0,0.0
2020-10-13,cash,1000.0,0.0,0.0,0.0,0.0,0.0
2020-10-14,cash,1000.0,0.0,0.0,0.0,0.0,0.0
2020-10-15,cash,1000.0,0.0,0.0,0.0,0.0,0.0
2020-10-16,cash,1000.0,0.0,0.0,0.0,0.0,0.0
2020-10-17,cash,1000.0,0.0,0.0,0.0,0.0,0.0
2020-10-18,cash,1000.0,0.0,0.0,0.0,0.0,0.0
2020-10-19,cash,1000.0,0.0,0.0,0.0,0.0,0.0
2020-10-20,cash,1000.0,0.0,0.0,0.0,0.0,0.0
2020-10-21,cash,1000.0,0.0,0.0,0.0,0.0,0.0
2020-10-22,cash,1000.0,0.0,0.0,0.0,0.0,0.0
2020-10-23,cash,1000.0,0.0,0.0,0.0,0.0,0.0
2020-10-24,cash,1000.0,0.0,0.0,0.0,0.0,0.0
2020-10-25,cash,1000.0,0.0,0.0,0.0,0.0,0.0
2020-10-26,cash,1000.0,0.0,0.0,0.0,0.0,0.0
2020-10-27,cash,1000.0,0.0,0.0,0.0,0.0,0.0
2020-10-28,cash,1000.0,0.0,0.0,0.0,0.0,0.0
2020-10-29,cash,1000.0,0.0,0.0,0.0,0.0,0.0
2020-10-30,cash,1000.0,0.0,0.0,0.0,0.0,0.0
2020-10-31,cash,1000.0,0.0,0.0,0.0,0.0,0.0
2020-11-01,cash,1000.0,0.0,0.0,0.0,0.0,0.0
2020-11-02,cash,1000.0,0.0,0.0,0.0,0.0,0.0
2020-11-03,cash,1000.0,0.0,0.0,0.0,0.0,0.0
2020-11-04,cash,1000.0,0.0,0.0,0.0,0.0,0.0
2020-11-05,cash,1000.0,0.0,0.0,0.0,0.0,0.0
2020-11-06,cash,1000.0,0.0,0.0,0.0,0.0,0.0
2020-11-07,cash,1000.0,0.0,0.0,0.0,0.0,0.0
2020-11-08,cash,1000.0,0.0,0.0,0.0,0.0,0.0
2020-11-09,cash,1000.0,0.0,0.0,0.0,0.0,0.0
2020-11-10,cash,1000.0,0.0,0.0,0.0,0.0,0.0
2020-11-11,cash,1000.0,0.0,0.0,0.0,0.0,0.0
2020-11-12,cash,1000.0,0.0,0.0,0.0,0.0,0.0
2020-11-13,cash,1000.0,0.0,0.0,0.0,0.0,0.0
2020-11-14,cash,1000.0,0.0,0.0,0.0,0.0,0.0
2020-11-15,cash,1000.0,0.0,0.0,0.0,0.0,0.0
2020-11-16,cash,1000.0,0.0,0.0,0.0,0.0,0.0
2020-11-17,cash,1000.0,0.0,0.0,0.0,0.0,0.0
2020-11-18,cash,1000.0,0.0,0.0,0.0,0.0,0.0
2020-11-19,cash,1000.0,0.0,0.0,0.0,0.0,0.0
2020-11-20,cash,1000.0,0.0,0.0,0.0,0.0,0.0
2020-11-21,cash,1000.0,0.0,0.0,0.0,0.0,0.0
2020-11-22,cash,1000.0,0.0,0.0,0.0,0.0,0.0
2020-11-23,cash,1000.0,0.0,0.0,0.0,0.0,0.0
2020-11-24,cash,1000.0,0.0,0.0,0.0,0.0,0.0
2020-11-25,cash,1000.0,0.0,0.0,0.0,0.0,0.0
2020-11-26,cash,1000.0,0.0,0.0,0.0,0.0,0.0
2020-11-27,cash,1000.0,0.0,0.0,0.0,0.0,0.0
2020-11-28,cash,1000.0,0.0,0.0,0.0,0.0,0.0
2020-11-29,cash,1000.0,0.0,0.0,0.0,0.0,0.0
2020-11-30,cash,1000.0,0.0,0.0,0.0,0.0,0.0
2020-12-01,cash,1000.0,0.0,0.0,0.0,0.0,0.0
2020-12-02,cash,1000.0,0.0,0.0,0.0,0.0,0.0
2020-12-03,cash,1000.0,0.0,0.0,0.0,0.0,0.0
2020-12-04,cash,1000.0,0.0,0.0,0.0,0.0,0.0
2020-12-05,cash,1000.0,0.0,0.0,0.0,0.0,0.0
2020-12-06,cash,1000.0,0.0,0.0,0.0,0.0,0.0
2020-12-07,cash,1000.0,0.0,0.0,0.0,0.0,0.0
2020-12-08,cash,1000.0,0.0,0.0,0.0,0.0,0.0
2020-12-09,cash,1000.0,0.0,0.0,0.0,0.0,0.0
2020-12-10,cash,1000.0,0.0,0.0,0.0,0.0,0.0
2020-12-11,cash,1000.0,0.0,0.0,0.0,0.0,0.0
2020-12-12,cash,1000.0,0.0,0.0,0.0,0.0,0.0
2020-12-13,cash,1000.0,0.0,0.0,0.0,0.0,0.0
2020-12-14,cash,1000.0,0.0,0.0,0.0,0.0,0.0
2020-12-15,cash,1000.0,0.0,0.0,0.0,0.0,0.0
2020-12-16,cash,1000.0,0.0,0.0,0.0,0.0,0.0
2020-12-17,cash,1000.0,0.0,0.0,0.0,0.0,0.0
2020-12-18,cash,1000.0,0.0,0.0,0.0,0.0,0.0
2020-12-19,cash,1000.0,0.0,0.0,0.0,0.0,0.0
2020-12-20,cash,1000.0,0.0,0.0,0.0,0.0,0.0
2020-12-21,cash,1000.0,0.0,0.0,0.0,0.0,0.0
2020-12-22,cash,1000.0,0.0,0.0,0.0,0.0,0.0
2020-12-23,cash,1000.0,0.0,0.0,0.0,0.0,0.0
2020-12-24,cash,1000.0,0.0,0.0,0.0,0.0,0.0
2020-12-25,cash,1000.0,0.0,0.0,0.0,0.0,0.0
2020-12-26,cash,1000.0,0.0,0.0,0.0,0.0,0.0
2020-12-27,cash,1000.0,0.0,0.0,0.0,0.0,0.0
2020-12-28,cash,1000.0,0.0,0.0,0.0,0.0,0.0
2020-12-29,cash,1000.0,0.0,0.0,0.0,0.0,0.0
2020-12-30,cash,1000.0,0.0,0.0,0.0,0.0,0.0
2020-12-31,cash,1000.0,0.0,0.0,0.0,0.0,0.0
2021-01-01,cash,1000.0,0.0,0.0,0.0,0.0,0.0
2021-01-02,cash,1000.0,0.0,0.0,0.0,0.0,0.0
2021-01-03,cash,1000.0,0.0,0.0,0.0,0.0,0.0
2021-01-04,cash,1000.0,0.0,0.0,0.0,0.0,0.0
2021-01-05,cash,1000.0,0.0,0.0,0.0,0.0,0.0
2021-01-06,cash,1000.0,0.0,0.0,0.0,0.0,0.0
2021-01-07,cash,1000.0,0.0,0.0,0.0,0.0,0.0
2021-01-08,cash,1000.0,0.0,0.0,0.0,0.0,0.0
2021-01-09,cash,1000.0,0.0,0.0,0.0,0.0,0.0
2021-01-10,cash,1000.0,0.0,0.0,0.0,0.0,0.0
2021-01-11,cash,1000.0,0.0,0.0,0.0,0.0,0.0
2021-01-12,cash,1000.0,0.0,0.0,0.0,0.0,0.0
2021-01-13,cash,1000.0,0.0,0.0,0.0,0.0,0.0
2021-01-14,cash,1000.0,0.0,0.0,0.0,0.0,0.0
2021-01-15,cash,1000.0,0.0,0.0,0.0,0.0,0.0
2021-01-16,cash,1000.0,0.0,0.0,0.0,0.0,0.0
2021-01-17,cash,1000.0,0.0,0.0,0.0,0.0,0.0
2021-01-18,cash,1000.0,0.0,0.0,0.0,0.0,0.0
2021-01-19,cash,1000.0,0.0,0.0,0.0,0.0,0.0
2021-01-20,cash,1000.0,0.0,0.0,0.0,0.0,0.0
2021-01-21,cash,1000.0,0.0,0.0,0.0,0.0,0.0
2021-01-22,cash,1000.0,0.0,0.0,0.0,0.0,0.0
2021-01-23,cash,1000.0,0.0,0.0,0.0,0.0,0.0
2021-01-24,cash,1000.0,0.0,0.0,0.0,0.0,0.0
2021-01-25,cash,1000.0,0.0,0.0,0.0,0.0,0.0
2021-01-26,cash,1000.0,0.0,0.0,0.0,0.0,0.0
2021-01-27,cash,1000.0,0.0,0.0,0.0,0.0,0.0
2021-01-28,cash,1000.0,0.0,0.0,0.0,0.0,0.0
2021-01-29,cash,1000.0,0.0,0.0,0.0,0.0,0.0
2021-01-30,cash,1000.0,0.0,0.0,0.0,0.0,0.0
2021-01-31,cash,1000.0,0.0,0.0,0.0,0.0,0.0
2021-02-01,cash,1000.0,0.0,0.0,0.0,0.0,0.0
2021-02-02,cash,1000.0,0.0,0.0,0.0,0.0,0.0
2021-02-03,cash,1000.0,0.0,0.0,0.0,0.0,0.0
2021-02-04,cash,1000.0,0.0,0.0,0.0,0.0,0.0
2021-02-05,cash,1000.0,0.0,0.0,0.0,0.0,0.0
2021-02-06,cash,1000.0,0.0,0.0,0.0,0.0,0.0
2021-02-07,cash,1000.0,0.0,0.0,0.0,0.0,0.0
2021-02-08,cash,1000.0,0.0,0.0,0.0,0.0,0.0
2021-02-09,cash,1000.0,0.0,0.0,0.0,0.0,0.0
2021-02-10,cash,1000.0,0.0,0.0,0.0,0.0,0.0
2021-02-11,cash,1000.0,0.0,0.0,0.0,0.0,0.0
2021-02-12,cash,1000.0,0.0,0.0,0.0,0.0,0.0
2021-02-13,cash,1000.0,0.0,0.0,0.0,0.0,0.0
2021-02-14,cash,1000.0,0.0,0.0,0.0,0.0,0.0
2021-02-15,cash,1000.0,0.0,0.0,0.0,0.0,0.0
2021-02-16,cash,1000.0,0.0,0.0,0.0,0.0,0.0
2021-02-17,cash,1000.0,0.0,0.0,0.0,0.0,0.0
2021-02-18,cash,1000.0,0.0,0.0,0.0,0.0,0.0
2021-02-19,cash,1000.0,0.0,0.0,0.0,0.0,0.0
2021-02-20,cash,1000.0,0.0,0.0,0.0,0.0,0.0
2021-02-21,cash,1000.0,0.0,0.0,0.0,0.0,0.0
2021-02-22,cash,1000.0,0.0,0.0,0.0,0.0,0.0
2021-02-23,cash,1000.0,0.0,0.0,0.0,0.0,0.0
2021-02-24,cash,1000.0,0.0,0.0,0.0,0.0,0.0
2021-02-25,cash,1000.0,0.0,0.0,0.0,0.0,0.0
2021-02-26,cash,1000.0,0.0,0.0,0.0,0.0,0.0
2021-02-27,cash,1000.0,0.0,0.0,0.0,0.0,0.0
2021-02-28,cash,1000.0,0.0,0.0,0.0,0.0,0.0
2021-03-01,cash,1000.0,0.0,0.0,0.0,0.0,0.0
2021-03-02,cash,1000.0,0.0,0.0,0.0,0.0,0.0
2021-03-03,cash,1000.0,0.0,0.0,0.0,0.0,0.0
2021-03-04,cash,1000.0,0.0,0.0,0.0,0.0,0.0
2021-03-05,cash,1000.0,0.0,0.0,0.0,0.0,0.0
2021-03-06,cash,1000.0,0.0,0.0,0.0,0.0,0.0
2021-03-07,cash,1000.0,0.0,0.0,0.0,0.0,0.0
2021-03-08,cash,1000.0,0.0,0.0,0.0,0.0,0.0
2021-03-09,cash,1000.0,0.0,0.0,0.0,0.0,0.0
2021-03-10,cash,1000.0,0.0,0.0,0.0,0.0,0.0
2021-03-11,cash,1000.0,0.0,0.0,0.0,0.0,0.0
2021-03-12,cash,1000.0,0.0,0.0,0.0,0.0,0.0
2021-03-13,cash,1000.0,0.0,0.0,0.0,0.0,0.0
2021-03-14,cash,1000.0,0.0,0.0,0.0,0.0,0.0
2021-03-15,cash,1000.0,0.0,0.0,0.0,0.0,0.0
2021-03-16,cash,1000.0,0.0,0.0,0.0,0.0,0.0
2021-03-17,cash,1000.0,0.0,0.0,0.0,0.0,0.0
2021-03-18,cash,1000.0,0.0,0.0,0.0,0.0,0.0
2021-03-19,cash,1000.0,0.0,0.0,0.0,0.0,0.0
2021-03-20,cash,1000.0,0.0,0.0,0.0,0.0,0.0
2021-03-21,cash,1000.0,0.0,0.0,0.0,0.0,0.0
2021-03-22,cash,1000.0,0.0,0.0,0.0,0.0,0.0
2021-03-23,cash,1000.0,0.0,0.0,0.0,0.0,0.0
2021-03-24,cash,1000.0,0.0,0.0,0.0,0.0,0.0
2021-03-25,cash,1000.0,0.0,0.0,0.0,0.0,0.0
2021-03-26,cash,1000.0,0.0,0.0,0.0,0.0,0.0
2021-03-27,cash,1000.0,0.0,0.0,0.0,0.0,0.0
2021-03-28,cash,1000.0,0.0,0.0,0.0,0.0,0.0
2021-03-29,cash,1000.0,0.0,0.0,0.0,0.0,0.0
2021-03-30,cash,1000.0,0.0,0.0,0.0,0.0,0.0
2021-03-31,cash,1000.0,0.0,0.0,0.0,0.0,0.0
2021-04-01,cash,1000.0,0.0,0.0,0.0,0.0,0.0
2021-04-02,cash,1000.0,0.0,0.0,0.0,0.0,0.0
2021-04-03,cash,1000.0,0.0,0.0,0.0,0.0,0.0
2021-04-04,cash,1000.0,0.0,0.0,0.0,0.0,0.0
2021-04-05,cash,1000.0,0.0,0.0,0.0,0.0,0.0
2021-04-06,cash,1000.0,0.0,0.0,0.0,0.0,0.0
2021-04-07,cash,1000.0,0.0,0.0,0.0,0.0,0.0
2021-04-08,cash,1000.0,0.0,0.0,0.0,0.0,0.0
2021-04-09,cash,1000.0,0.0,0.0,0.0,0.0,0.0
2021-04-10,cash,1000.0,0.0,0.0,0.0,0.0,0.0
2021-04-11,cash,1000.0,0.0,0.0,0.0,0.0,0.0
2021-04-12,cash,1000.0,0.0,0.0,0.0,0.0,0.0
2021-04-13,cash,1000.0,0.0,0.0,0.0,0.0,0.0
2021-04-14,cash,1000.0,0.0,0.0,0.0,0.0,0.0
2021-04-15,cash,1000.0,0.0,0.0,0.0,0.0,0.0
2021-04-16,cash,1000.0,0.0,0.0,0.0,0.0,0.0
2021-04-17,cash,1000.0,0.0,0.0,0.0,0.0,0.0
2021-04-18,cash,1000.0,0.0,0.0,0.0,0.0,0.0
2021-04-19,cash,1000.0,0.0,0.0,0.0,0.0,0.0
2021-04-20,cash,1000.0,0.0,0.0,0.0,0.0,0.0
2021-04-21,cash,1000.0,0.0,0.0,0.0,0.0,0.0
2021-04-22,cash,1000.0,0.0,0.0,0.0,0.0,0.0
2021-04-23,cash,1000.0,0.0,0.0,0.0,0.0,0.0
2021-04-24,cash,1000.0,0.0,0.0,0.0,0.0,0.0
2021-04-25,cash,1000.0,0.0,0.0,0.0,0.0,0.0
2021-04-26,cash,1000.0,0.0,0.0,0.0,0.0,0.0
2021-04-27,cash,1000.0,0.0,0.0,0.0,0.0,0.0
2021-04-28,cash,1000.0,0.0,0.0,0.0,0.0,0.0
2021-04-29,cash,1000.0,0.0,0.0,0.0,0.0,0.0
2021-04-30,cash,1000.0,0.0,0.0,0.0,0.0,0.0
2021-05-01,cash,1000.0,0.0,0.0,0.0,0.0,0.0
2021-05-02,cash,1000.0,0.0,0.0,0.0,0.0,0.0
2021-05-03,cash,1000.0,0.0,0.0,0.0,0.0,0.0
2021-05-04,cash,1000.0,0.0,0.0,0.0,0.0,0.0
2021-05-05,cash,1000.0,0.0,0.0,0.0,0.0,0.0
2021-05-06,cash,1000.0,0.0,0.0,0.0,0.0,0.0
2021-05-07,cash,1000.0,0.0,0.0,0.0,0.0,0.0
2021-05-08,cash,1000.0,0.0,0.0,0.0,0.0,0.0
2021-05-09,cash,1000.0,0.0,0.0,0.0,0.0,0.0
2021-05-10,cash,1000.0,0.0,0.0,0.0,0.0,0.0
2021-05-11,cash,1000.0,0.0,0.0,0.0,0.0,0.0
2021-05-12,cash,1000.0,0.0,0.0,0.0,0.0,0.0
2021-05-13,cash,1000.0,0.0,0.0,0.0,0.0,0.0
2021-05-14,cash,1000.0,0.0,0.0,0.0,0.0,0.0
2021-05-15,cash,1000.0,0.0,0.0,0.0,0.0,0.0
2021-05-16,cash,1000.0,0.0,0.0,0.0,0.0,0.0
2021-05-17,cash,1000.0,0.0,0.0,0.0,0.0,0.0
2021-05-18,cash,1000.0,0.0,0.0,0.0,0.0,0.0
2021-05-19,cash,1000.0,0.0,0.0,0.0,0.0,0.0
2021-05-20,cash,1000.0,0.0,0.0,0.0,0.0,0.0
2021-05-21,cash,1000.0,0.0,0.0,0.0,0.0,0.0
2021-05-22,cash,1000.0,0.0,0.0,0.0,0.0,0.0
2021-05-23,cash,1000.0,0.0,0.0,0.0,0.0,0.0
2021-05-24,cash,1000.0,0.0,0.0,0.0,0.0,0.0
2021-05-25,cash,1000.0,0.0,0.0,0.0,0.0,0.0
2021-05-26,cash,1000.0,0.0,0.0,0.0,0.0,0.0
2021-05-27,cash,1000.0,0.0,0.0,0.0,0.0,0.0
2021-05-28,cash,1000.0,0.0,0.0,0.0,0.0,0.0
2021-05-29,cash,1000.0,0.0,0.0,0.0,0.0,0.0
2021-05-30,cash,1000.0,0.0,0.0,0.0,0.0,0.0
2021-05-31,cash,1000.0,0.0,0.0,0.0,0.0,0.0
2021-06-01,cash,1000.0,0.0,0.0,0.0,0.0,0.0
2021-06-02,cash,1000.0,0.0,0.0,0.0,0.0,0.0
2021-06-03,cash,1000.0,0.0,0.0,0.0,0.0,0.0
2021-06-04,cash,1000.0,0.0,0.0,0.0,0.0,0.0
2021-06-05,cash,1000.0,0.0,0.0,0.0,0.0,0.0
2021-06-06,cash,1000.0,0.0,0.0,0.0,0.0,0.0
2021-06-07,cash,1000.0,0.0,0.0,0.0,0.0,0.0
2021-06-08,cash,1000.0,0.0,0.0,0.0,0.0,0.0
2021-06-09,cash,1000.0,0.0,0.0,0.0,0.0,0.0
2021-06-10,cash,1000.0,0.0,0.0,0.0,0.0,0.0
2021-06-11,cash,1000.0,0.0,0.0,0.0,0.0,0.0
2021-06-12,cash,1000.0,0.0,0.0,0.0,0.0,0.0
2021-06-13,cash,1000.0,0.0,0.0,0.0,0.0,0.0
2021-06-14,cash,1000.0,0.0,0.0,0.0,0.0,0.0
2021-06-15,cash,1000.0,0.0,0.0,0.0,0.0,0.0
2021-06-16,cash,1000.0,0.0,0.0,0.0,0.0,0.0
2021-06-17,cash,1000.0,0.0,0.0,0.0,0.0,0.0
2021-06-18,cash,1000.0,0.0,0.0,0.0,0.0,0.0
2021-06-19,cash,1000.0,0.0,0.0,0.0,0.0,0.0
2021-06-20,cash,1000.0,0.0,0.0,0.0,0.0,0.0
2021-06-21,cash,1000.0,0.0,0.0,0.0,0.0,0.0
2021-06-22,cash,1000.0,0.0,0.0,0.0,0.0,0.0
2021-06-23,cash,1000.0,0.0,0.0,0.0,0.0,0.0
2021-06-24,cash,1000.0,0.0,0.0,0.0,0.0,0.0
2021-06-25,cash,1000.0,0.0,0.0,0.0,0.0,0.0
2021-06-26,cash,1000.0,0.0,0.0,0.0,0.0,0.0
2021-06-27,cash,1000.0,0.0,0.0,0.0,0.0,0.0
2021-06-28,cash,1000.0,0.0,0.0,0.0,0.0,0.0
2021-06-29,cash,1000.0,0.0,0.0,0.0,0.0,0.0
2021-06-30,cash,1000.0,0.0,0.0,0.0,0.0,0.0
2021-07-01,cash,1000.0,0.0,0.0,0.0,0.0,0.0
2021-07-02,cash,1000.0,0.0,0.0,0.0,0.0,0.0
2021-07-03,cash,1000.0,0.0,0.0,0.0,0.0,0.0
2021-07-04,cash,1000.0,0.0,0.0,0.0,0.0,0.0
2021-07-05,cash,1000.0,0.0,0.0,0.0,0.0,0.0
2021-07-06,cash,1000.0,0.0,0.0,0.0,0.0,0.0
2021-07-07,cash,1000.0,0.0,0.0,0.0,0.0,0.0
2021-07-08,cash,1000.0,0.0,0.0,0.0,0.0,0.0
2021-07-09,cash,1000.0,0.0,0.0,0.0,0.0,0.0
2021-07-10,cash,1000.0,0.0,0.0,0.0,0.0,0.0
2021-07-11,cash,1000.0,0.0,0.0,0.0,0.0,0.0
2021-07-12,cash,1000.0,0.0,0.0,0.0,0.0,0.0
2021-07-13,cash,1000.0,0.0,0.0,0.0,0.0,0.0
2021-07-14,cash,1000.0,0.0,0.0,0.0,0.0,0.0
2021-07-15,cash,1000.0,0.0,0.0,0.0,0.0,0.0
2021-07-16,cash,1000.0,0.0,0.0,0.0,0.0,0.0
2021-07-17,cash,1000.0,0.0,0.0,0.0,0.0,0.0
2021-07-18,cash,1000.0,0.0,0.0,0.0,0.0,0.0
2021-07-19,cash,1000.0,0.0,0.0,0.0,0.0,0.0
2021-07-20,cash,1000.0,0.0,0.0,0.0,0.0,0.0
2021-07-21,cash,1000.0,0.0,0.0,0.0,0.0,0.0
2021-07-22,cash,1000.0,0.0,0.0,0.0,0.0,0.0
2021-07-23,cash,1000.0,0.0,0.0,0.0,0.0,0.0
2021-07-24,cash,1000.0,0.0,0.0,0.0,0.0,0.0
2021-07-25,cash,1000.0,0.0,0.0,0.0,0.0,0.0
2021-07-26,cash,1000.0,0.0,0.0,0.0,0.0,0.0
2021-07-27,cash,1000.0,0.0,0.0,0.0,0.0,0.0
2021-07-28,cash,1000.0,0.0,0.0,0.0,0.0,0.0
2021-07-29,cash,1000.0,0.0,0.0,0.0,0.0,0.0
2021-07-30,cash,1000.0,0.0,0.0,0.0,0.0,0.0
2021-07-31,cash,1000.0,0.0,0.0,0.0,0.0,0.0
2021-08-01,cash,1000.0,0.0,0.0,0.0,0.0,0.0
2021-08-02,cash,1000.0,0.0,0.0,0.0,0.0,0.0
2021-08-03,cash,1000.0,0.0,0.0,0.0,0.0,0.0
2021-08-04,cash,1000.0,0.0,0.0,0.0,0.0,0.0
2021-08-05,cash,1000.0,0.0,0.0,0.0,0.0,0.0
2021-08-06,cash,1000.0,0.0,0.0,0.0,0.0,0.0
2021-08-07,cash,1000.0,0.0,0.0,0.0,0.0,0.0
2021-08-08,cash,1000.0,0.0,0.0,0.0,0.0,0.0
2021-08-09,cash,1000.0,0.0,0.0,0.0,0.0,0.0
2021-08-10,cash,1000.0,0.0,0.0,0.0,0.0,0.0
2021-08-11,cash,1000.0,0.0,0.0,0.0,0.0,0.0
2021-08-12,cash,1000.0,0.0,0.0,0.0,0.0,0.0
2021-08-13,cash,1000.0,0.0,0.0,0.0,0.0,0.0
2021-08-14,cash,1000.0,0.0,0.0,0.0,0.0,0.0
2021-08-15,cash,1000.0,0.0,0.0,0.0,0.0,0.0
2021-08-16,cash,1000.0,0.0,0.0,0.0,0.0,0.0
2021-08-17,cash,1000.0,0.0,0.0,0.0,0.0,0.0
2021-08-18,cash,1000.0,0.0,0.0,0.0,0.0,0.0
2021-08-19,cash,1000.0,0.0,0.0,0.0,0.0,0.0
2021-08-20,cash,1000.0,0.0,0.0,0.0,0.0,0.0
2021-08-21,cash,1000.0,0.0,0.0,0.0,0.0,0.0
2021-08-22,cash,1000.0,0.0,0.0,0.0,0.0,0.0
2021-08-23,cash,1000.0,0.0,0.0,0.0,0.0,0.0
2021-08-24,cash,1000.0,0.0,0.0,0.0,0.0,0.0
2021-08-25,cash,1000.0,0.0,0.0,0.0,0.0,0.0
2021-08-26,cash,1000.0,0.0,0.0,0.0,0.0,0.0
2021-08-27,cash,1000.0,0.0,0.0,0.0,0.0,0.0
2021-08-28,cash,1000.0,0.0,0.0,0.0,0.0,0.0
2021-08-29,cash,1000.0,0.0,0.0,0.0,0.0,0.0
2021-08-30,cash,1000.0,0.0,0.0,0.0,0.0,0.0
2021-08-31,cash,1000.0,0.0,0.0,0.0,0.0,0.0
2021-09-01,cash,1000.0,0.0,0.0,0.0,0.0,0.0
2021-09-02,cash,1000.0,0.0,0.0,0.0,0.0,0.0
2021-09-03,cash,1000.0,0.0,0.0,0.0,0.0,0.0
2021-09-04,cash,1000.0,0.0,0.0,0.0,0.0,0.0
2021-09-05,cash,1000.0,0.0,0.0,0.0,0.0,0.0
2021-09-06,cash,1000.0,0.0,0.0,0.0,0.0,0.0
2021-09-07,cash,1000.0,0.0,0.0,0.0,0.0,0.0
2021-09-08,cash,1000.0,0.0,0.0,0.0,0.0,0.0
2021-09-09,cash,1000.0,0.0,0.0,0.0,0.0,0.0
2021-09-10,cash,1000.0,0.0,0.0,0.0,0.0,0.0
2021-09-11,cash,1000.0,0.0,0.0,0.0,0.0,0.0
2021-09-12,cash,1000.0,0.0,0.0,0.0,0.0,0.0
2021-09-13,cash,1000.0,0.0,0.0,0.0,0.0,0.0
2021-09-14,cash,1000.0,0.0,0.0,0.0,0.0,0.0
2021-09-15,cash,1000.0,0.0,0.0,0.0,0.0,0.0
2021-09-16,cash,1000.0,0.0,0.0,0.0,0.0,0.0
2021-09-17,cash,1000.0,0.0,0.0,0.0,0.0,0.0
2021-09-18,cash,1000.0,0.0,0.0,0.0,0.0,0.0
2021-09-19,cash,1000.0,0.0,0.0,0.0,0.0,0.0
2021-09-20,cash,1000.0,0.0,0.0,0.0,0.0,0.0
2021-09-21,cash,1000.0,0.0,0.0,0.0,0.0,0.0
2021-09-22,cash,1000.0,0.0,0.0,0.0,0.0,0.0
2021-09-23,cash,1000.0,0.0,0.0,0.0,0.0,0.0
2021-09-24,cash,1000.0,0.0,0.0,0.0,0.0,0.0
2021-09-25,cash,1000.0,0.0,0.0,0.0,0.0,0.0
2021-09-26,cash,1000.0,0.0,0.0,0.0,0.0,0.0
2021-09-27,cash,1000.0,0.0,0.0,0.0,0.0,0.0
2021-09-28,cash,1000.0,0.0,0.0,0.0,0.0,0.0
2021-09-29,cash,1000.0,0.0,0.0,0.0,0.0,0.0
2021-09-30,cash,1000.0,0.0,0.0,0.0,0.0,0.0
2021-10-01,cash,1000.0,0.0,0.0,0.0,0.0,0.0
2021-10-02,cash,1000.0,0.0,0.0,0.0,0.0,0.0
2021-10-03,cash,1000.0,0.0,0.0,0.0,0.0,0.0
2021-10-04,cash,1000.0,0.0,0.0,0.0,0.0,0.0
2021-10-05,cash,1000.0,0.0,0.0,0.0,0.0,0.0
2021-10-06,cash,1000.0,0.0,0.0,0.0,0.0,0.0
2021-10-07,cash,1000.0,0.0,0.0,0.0,0.0,0.0
2021-10-08,cash,1000.0,0.0,0.0,0.0,0.0,0.0
2021-10-09,cash,1000.0,0.0,0.0,0.0,0.0,0.0
2021-10-10,cash,1000.0,0.0,0.0,0.0,0.0,0.0
2021-10-11,cash,1000.0,0.0,0.0,0.0,0.0,0.0
2021-10-12,cash,1000.0,0.0,0.0,0.0,0.0,0.0
2021-10-13,cash,1000.0,0.0,0.0,0.0,0.0,0.0
2021-10-14,cash,1000.0,0.0,0.0,0.0,0.0,0.0
2021-10-15,cash,1000.0,0.0,0.0,0.0,0.0,0.0
2021-10-16,cash,1000.0,0.0,0.0,0.0,0.0,0.0
2021-10-17,cash,1000.0,0.0,0.0,0.0,0.0,0.0
2021-10-18,cash,1000.0,0.0,0.0,0.0,0.0,0.0
2021-10-19,cash,1000.0,0.0,0.0,0.0,0.0,0.0
2021-10-20,cash,1000.0,0.0,0.0,0.0,0.0,0.0
2021-10-21,cash,1000.0,0.0,0.0,0.0,0.0,0.0
2021-10-22,cash,1000.0,0.0,0.0,0.0,0.0,0.0
2021-10-23,cash,1000.0,0.0,0.0,0.0,0.0,0.0
2021-10-24,cash,1000.0,0.0,0.0,0.0,0.0,0.0
2021-10-25,cash,1000.0,0.0,0.0,0.0,0.0,0.0
2021-10-26,cash,1000.0,0.0,0.0,0.0,0.0,0.0
2021-10-27,cash,1000.0,0.0,0.0,0.0,0.0,0.0
2021-10-28,cash,1000.0,0.0,0.0,0.0,0.0,0.0
2021-10-29,cash,1000.0,0.0,0.0,0.0,0.0,0.0
2021-10-30,cash,1000.0,0.0,0.0,0.0,0.0,0.0
2021-10-31,cash,1000.0,0.0,0.0,0.0,0.0,0.0
2021-11-01,cash,1000.0,0.0,0.0,0.0,0.0,0.0
2021-11-02,cash,1000.0,0.0,0.0,0.0,0.0,0.0
2021-11-03,cash,1000.0,0.0,0.0,0.0,0.0,0.0
2021-11-04,cash,1000.0,0.0,0.0,0.0,0.0,0.0
2021-11-05,cash,1000.0,0.0,0.0,0.0,0.0,0.0
2021-11-06,cash,1000.0,0.0,0.0,0.0,0.0,0.0
2021-11-07,cash,1000.0,0.0,0.0,0.0,0.0,0.0
2021-11-08,cash,1000.0,0.0,0.0,0.0,0.0,0.0
2021-11-09,cash,1000.0,0.0,0.0,0.0,0.0,0.0
2021-11-10,cash,1000.0,0.0,0.0,0.0,0.0,0.0
2021-11-11,cash,1000.0,0.0,0.0,0.0,0.0,0.0
2021-11-12,cash,1000.0,0.0,0.0,0.0,0.0,0.0
2021-11-13,cash,1000.0,0.0,0.0,0.0,0.0,0.0
2021-11-14,cash,1000.0,0.0,0.0,0.0,0.0,0.0
2021-11-15,cash,1000.0,0.0,0.0,0.0,0.0,0.0
2021-11-16,cash,1000.0,0.0,0.0,0.0,0.0,0.0
2021-11-17,cash,1000.0,0.0,0.0,0.0,0.0,0.0
2021-11-18,cash,1000.0,0.0,0.0,0.0,0.0,0.0
2021-11-19,cash,1000.0,0.0,0.0,0.0,0.0,0.0
2021-11-20,cash,1000.0,0.0,0.0,0.0,0.0,0.0
2021-11-21,cash,1000.0,0.0,0.0,0.0,0.0,0.0
2021-11-22,cash,1000.0,0.0,0.0,0.0,0.0,0.0
2021-11-23,cash,1000.0,0.0,0.0,0.0,0.0,0.0
2021-11-24,cash,1000.0,0.0,0.0,0.0,0.0,0.0
2021-11-25,cash,1000.0,0.0,0.0,0.0,0.0,0.0
2021-11-26,cash,1000.0,0.0,0.0,0.0,0.0,0.0
2021-11-27,cash,1000.0,0.0,0.0,0.0,0.0,0.0
2021-11-28,cash,1000.0,0.0,0.0,0.0,0.0,0.0
2021-11-29,cash,1000.0,0.0,0.0,0.0,0.0,0.0
2021-11-30,cash,1000.0,0.0,0.0,0.0,0.0,0.0
2021-12-01,cash,1000.0,0.0,0.0,0.0,0.0,0.0
2021-12-02,cash,1000.0,0.0,0.0,0.0,0.0,0.0
2021-12-03,cash,1000.0,0.0,0.0,0.0,0.0,0.0
2021-12-04,cash,1000.0,0.0,0.0,0.0,0.0,0.0
2021-12-05,cash,1000.0,0.0,0.0,0.0,0.0,0.0
2021-12-06,cash,1000.0,0.0,0.0,0.0,0.0,0.0
2021-12-07,cash,1000.0,0.0,0.0,0.0,0.0,0.0
2021-12-08,cash,1000.0,0.0,0.0,0.0,0.0,0.0
2021-12-09,cash,1000.0,0.0,0.0,0.0,0.0,0.0
2021-12-10,cash,1000.0,0.0,0.0,0.0,0.0,0.0
2021-12-11,cash,1000.0,0.0,0.0,0.0,0.0,0.0
2021-12-12,cash,1000.0,0.0,0.0,0.0,0.0,0.0
2021-12-13,cash,1000.0,0.0,0.0,0.0,0.0,0.0
2021-12-14,cash,1000.0,0.0,0.0,0.0,0.0,0.0
2021-12-15,cash,1000.0,0.0,0.0,0.0,0.0,0.0
2021-12-16,cash,1000.0,0.0,0.0,0.0,0.0,0.0
2021-12-17,cash,1000.0,0.0,0.0,0.0,0.0,0.0
2021-12-18,cash,1000.0,0.0,0.0,0.0,0.0,0.0
2021-12-19,cash,1000.0,0.0,0.0,0.0,0.0,0.0
2021-12-20,cash,1000.0,0.0,0.0,0.0,0.0,0.0
2021-12-21,cash,1000.0,0.0,0.0,0.0,0.0,0.0
2021-12-22,cash,1000.0,0.0,0.0,0.0,0.0,0.0
2021-12-23,cash,1000.0,0.0,0.0,0.0,0.0,0.0
2021-12-24,cash,1000.0,0.0,0.0,0.0,0.0,0.0
2021-12-25,cash,1000.0,0.0,0.0,0.0,0.0,0.0
2021-12-26,cash,1000.0,0.0,0.0,0.0,0.0,0.0
2021-12-27,cash,1000.0,0.0,0.0,0.0,0.0,0.0
2021-12-28,cash,1000.0,0.0,0.0,0.0,0.0,0.0
2021-12-29,cash,1000.0,0.0,0.0,0.0,0.0,0.0
2021-12-30,cash,1000.0,0.0,0.0,0.0,0.0,0.0
2021-12-31,cash,1000.0,0.0,0.0,0.0,0.0,0.0
2020-03-26,perp_hold,999.3960946740667,0.0665370823050293,0.074,0.24931342140449997,-0.056592985448723335,0.07478280899999999
2020-03-27,perp_hold,971.6582822732609,3.31508460026515,0.074,0.24931342140449997,-0.12224184077464227,0.07478280899999999
2020-03-28,perp_hold,963.011492094761,4.17548397331593,0.074,0.24931342140449997,0.22359206020566286,0.07478280899999999
2020-03-29,perp_hold,936.8609064481406,6.777599559653269,0.074,0.24931342140449997,0.5797939172051456,0.07478280899999999
2020-03-30,perp_hold,975.2925915502735,2.9534524386348737,0.074,0.24931342140449997,1.048747310298181,0.07478280899999999
2020-03-31,perp_hold,976.7362762024485,2.809798511111228,0.074,0.24931342140449997,1.2243957864730706,0.07478280899999999
2020-04-01,perp_hold,994.3280490190358,1.0593281065119586,0.074,0.24931342140449997,1.6575565124203755,0.07478280899999999
2020-04-02,perp_hold,1005.619208164708,2.08542898292855,0.074,0.24931342140449997,1.689004274532632,0.07478280899999999
2020-04-03,perp_hold,1001.1142214411159,2.524068021340664,0.074,0.24931342140449997,1.5934205622606146,0.07478280899999999
2020-04-04,perp_hold,1010.0696677416404,1.6520991133654572,0.074,0.24931342140449997,1.5731334431449902,0.07478280899999999
2020-04-05,perp_hold,1003.788503256912,2.2636800388454614,0.074,0.24931342140449997,1.5555218660566077,0.07478280899999999
2020-04-06,perp_hold,1045.0509568740104,0.0,0.074,0.24931342140449997,1.5850491747749478,0.07478280899999999
2020-04-07,perp_hold,1035.4641038561383,1.5638085790595002,0.074,0.24931342140449997,1.664714137542843,0.07478280899999999
2020-04-08,perp_hold,1047.3645029609556,0.43249947823706947,0.074,0.24931342140449997,1.589288837540283,0.07478280899999999
2020-04-09,perp_hold,1041.9748684702363,0.9448640212874837,0.074,0.24931342140449997,1.6368015747808193,0.07478280899999999
2020-04-10,perp_hold,1010.3147585311792,3.9546261470463473,0.074,0.24931342140449997,1.5624812228036602,0.07478280899999999
2020-04-11,perp_hold,1011.3300305475685,3.858109512449892,0.074,0.24931342140449997,1.41027856547304,0.07478280899999999
2020-04-12,perp_hold,1013.2718330995924,3.6735124346749526,0.074,0.24931342140449997,1.2649746228169656,0.07478280899999999
2020-04-13,perp_hold,1008.5287968806758,4.12440824016257,0.074,0.24931342140449997,1.3392507472003898,0.07478280899999999
2020-04-14,perp_hold,1010.7363896555236,3.914543867119469,0.074,0.24931342140449997,1.420367445248224,0.07478280899999999
2020-04-15,perp_hold,992.4849248982828,5.649615775325301,0.074,0.24931342140449997,1.494444266247339,0.07478280899999999
2020-04-16,perp_hold,1028.1813768524444,2.256139589600903,0.074,0.24931342140449997,1.7301797397690715,0.07478280899999999
2020-04-17,perp_hold,1022.8884030478116,2.759315103535709,0.074,0.24931342140449997,1.7168795920762414,0.07478280899999999
2020-04-18,perp_hold,1039.349681797082,1.194426876158039,0.074,0.24931342140449997,1.928370814926685,0.07478280899999999
2020-04-19,perp_hold,1030.080861614522,2.0755654442058846,0.074,0.24931342140449997,2.017861090526661,0.07478280899999999
2020-04-20,perp_hold,1008.7069048052965,4.107476445331382,0.074,0.24931342140449997,2.0648775019611327,0.07478280899999999
2020-04-21,perp_hold,1009.5910474258887,4.0234256009612945,0.074,0.24931342140449997,2.099094128213372,0.07478280899999999
2020-04-22,perp_hold,1030.7232886312468,2.0144932461868548,0.074,0.24931342140449997,2.3355982043913976,0.07478280899999999
2020-04-23,perp_hold,1057.4998995385768,0.7264610338408195,0.074,0.24931342140449997,2.478625103381275,0.07478280899999999
2020-04-24,perp_hold,1058.6304890730125,0.6203261545367877,0.074,0.24931342140449997,2.311722034397213,0.07478280899999999
2020-04-25,perp_hold,1061.2426620202768,0.3899253527358981,0.074,0.24931342140449997,2.144562724181325,0.07478280899999999
2020-04-26,perp_hold,1072.453483886407,0.0,0.074,0.24931342140449997,1.991078594211613,0.07478280899999999
2020-04-27,perp_hold,1078.1880217688858,0.0,0.074,0.24931342140449997,1.820378125450529,0.07478280899999999
2020-04-28,perp_hold,1075.7011633570496,0.23065164531843596,0.074,0.24931342140449997,1.6487355084341249,0.07478280899999999
2020-04-29,perp_hold,1152.2062465005913,0.8676435427255269,0.074,0.24931342140449997,1.4708205661159228,0.07478280899999999
2020-04-30,perp_hold,1140.2377141382658,4.620557793836744,0.074,0.24931342140449997,0.6577925320503754,0.07478280899999999
2020-05-01,perp_hold,1154.2651462197687,3.4471808471447707,0.074,0.24931342140449997,0.3198824398932746,0.07478280899999999
2020-05-02,perp_hold,1165.1738397580434,2.5346824338950857,0.074,0.24931342140449997,0.12238046802812128,0.07478280899999999
2020-05-03,perp_hold,1159.0417492703714,3.047624045122088,0.074,0.24931342140449997,-0.17471084410400223,0.07478280899999999
2020-05-04,perp_hold,1157.1967983041093,3.201951859294405,0.074,0.24931342140449997,-0.3826528579661338,0.07478280899999999
2020-05-05,perp_hold,1168.149037331855,2.2858109209424216,0.074,0.24931342140449997,-0.5804203921203318,0.07478280899999999
2020-05-06,perp_hold,1177.0251946752796,1.5433315889113786,0.074,0.24931342140449997,-0.9608299500357029,0.07478280899999999
2020-05-07,perp_hold,1238.7428624563968,0.0,0.074,0.24931342140449997,-1.1677858815586408,0.07478280899999999
2020-05-08,perp_hold,1224.5787430506496,1.334613391364503,0.074,0.24931342140449997,-1.9248265154658877,0.07478280899999999
2020-05-09,perp_hold,1204.0296709552927,2.990270207427048,0.074,0.24931342140449997,-3.1840938558026806,0.07478280899999999
2020-05-10,perp_hold,1143.3886854198602,7.876167758838859,0.074,0.24931342140449997,-3.612090707995155,0.07478280899999999
2020-05-11,perp_hold,1130.7804033559555,8.892028136430286,0.074,0.24931342140449997,-3.806490268859839,0.07478280899999999
2020-05-12,perp_hold,1149.1692558584923,7.410422113340176,0.074,0.24931342140449997,-3.9995087208231013,0.07478280899999999
2020-05-13,perp_hold,1185.6422695625665,4.471759313323154,0.074,0.24931342140449997,-4.197928416688922,0.07478280899999999
2020-05-14,perp_hold,1221.2834056753818,1.6001216226495751,0.074,0.24931342140449997,-4.409311442253552,0.07478280899999999
2020-05-15,perp_hold,1185.9671582494666,4.445582746009958,0.074,0.24931342140449997,-4.5833966773287305,0.07478280899999999
2020-05-16,perp_hold,1190.6065088939185,4.071786183277249,0.074,0.24931342140449997,-4.791272653436932,0.07478280899999999
2020-05-17,perp_hold,1212.4850911451747,2.3090095643630626,0.074,0.24931342140449997,-4.882394905240751,0.07478280899999999
2020-05-18,perp_hold,1216.406755557352,1.993037612724502,0.074,0.24931342140449997,-4.978906155203395,0.07478280899999999
2020-05-19,perp_hold,1219.3220392048747,1.7581506446230466,0.074,0.24931342140449997,-5.1785251122406635,0.07478280899999999
2020-05-20,perp_hold,1199.6240098130575,3.3452382013858473,0.074,0.24931342140449997,-5.3927809460777825,0.07478280899999999
2020-05-21,perp_hold,1166.6790508851616,5.999642524401294,0.074,0.24931342140449997,-5.444107683833801,0.07478280899999999
2020-05-22,perp_hold,1174.2544171752797,5.38928859823844,0.074,0.24931342140449997,-5.440302666635567,0.07478280899999999
2020-05-23,perp_hold,1174.9107569057023,5.3364067287659855,0.074,0.24931342140449997,-5.466509038733194,0.07478280899999999
2020-05-24,perp_hold,1140.3988758393348,8.117059346923961,0.074,0.24931342140449997,-5.633724890840552,0.07478280899999999
2020-05-25,perp_hold,1153.9434690996723,7.025759552548349,0.074,0.24931342140449997,-5.6219027782231645,0.07478280899999999
2020-05-26,perp_hold,1149.7224661853218,7.365849470639763,0.074,0.24931342140449997,-5.7176385032335695,0.07478280899999999
2020-05-27,perp_hold,1176.4860234902415,5.209486114263051,0.074,0.24931342140449997,-5.701912872033912,0.07478280899999999
2020-05-28,perp_hold,1204.347705094344,2.964645917064068,0.074,0.24931342140449997,-5.569695928271389,0.07478280899999999
2020-05-29,perp_hold,1193.064738644799,3.8737244497057066,0.074,0.24931342140449997,-5.597268840236303,0.07478280899999999
2020-05-30,perp_hold,1212.823153913129,2.281771549749878,0.074,0.24931342140449997,-5.80813235570617,0.07478280899999999
2020-05-31,perp_hold,1194.7138139752742,3.740856999612008,0.074,0.24931342140449997,-6.020806590141057,0.07478280899999999
2020-06-01,perp_hold,1249.700198035599,0.0,0.074,0.24931342140449997,-6.076762707756276,0.07478280899999999
2020-06-02,perp_hold,1198.6154161886857,4.087762963246178,0.074,0.24931342140449997,-6.99350856964972,0.07478280899999999
2020-06-03,perp_hold,1209.134367240743,3.246045000122544,0.074,0.24931342140449997,-7.19550992165224,0.07478280899999999
2020-06-04,perp_hold,1218.2289467739504,2.518304094943591,0.074,0.24931342140449997,-7.411169784304739,0.07478280899999999
2020-06-05,perp_hold,1205.5140530632011,3.535739615137612,0.074,0.24931342140449997,-7.627804860754287,0.07478280899999999
2020-06-06,perp_hold,1208.725504081332,3.2787618997480394,0.074,0.24931342140449997,-7.841540134383287,0.07478280899999999
2020-06-07,perp_hold,1214.3560708131267,2.8282084997689583,0.074,0.24931342140449997,-8.054858287968608,0.07478280899999999
2020-06-08,perp_hold,1216.4781658015659,2.658400173598019,0.074,0.24931342140449997,-8.270764381069366,0.07478280899999999
2020-06-09,perp_hold,1215.8075296989086,2.7120639326108864,0.074,0.24931342140449997,-8.486702100226632,0.07478280899999999
2020-06-10,perp_hold,1223.7184075232858,2.0790418816572065,0.074,0.24931342140449997,-8.703368487809408,0.07478280899999999
2020-06-11,perp_hold,1178.7435116983074,5.677896702651419,0.074,0.24931342140449997,-8.9194702667278,0.07478280899999999
2020-06-12,perp_hold,1192.6714010041865,4.563398255121987,0.074,0.24931342140449997,-9.029171837588859,0.07478280899999999
2020-06-13,perp_hold,1193.0099616461696,4.536306906131616,0.074,0.24931342140449997,-9.135800648665587,0.07478280899999999
2020-06-14,perp_hold,1183.0240209921908,5.335373807911392,0.074,0.24931342140449997,-9.324946354564391,0.07478280899999999
2020-06-15,perp_hold,1189.3144368138767,4.832019816964306,0.074,0.24931342140449997,-9.24074330249848,0.07478280899999999
2020-06-16,perp_hold,1196.6814699990512,4.242515774574407,0.074,0.24931342140449997,-9.274908854423998,0.07478280899999999
2020-06-17,perp_hold,1192.1543147840794,4.6047750766124445,0.074,0.24931342140449997,-9.323292902335814,0.07478280899999999
2020-06-18,perp_hold,1186.5057544528981,5.056768309874327,0.074,0.24931342140449997,-9.225212973577262,0.07478280899999999
2020-06-19,perp_hold,1180.8661877610805,5.508041879381831,0.074,0.24931342140449997,-9.306909310294804,0.07478280899999999
2020-06-20,perp_hold,1184.2395504757674,5.238108120870033,0.074,0.24931342140449997,-9.45252747074783,0.07478280899999999
2020-06-21,perp_hold,1179.4548549682208,5.620975589009003,0.074,0.24931342140449997,-9.491764355274267,0.07478280899999999
2020-06-22,perp_hold,1208.1757934921218,3.322749296891314,0.074,0.24931342140449997,-9.678067593433564,0.07478280899999999
2020-06-23,perp_hold,1203.3556352400624,3.70845446518977,0.074,0.24931342140449997,-9.908838541592981,0.07478280899999999
2020-06-24,perp_hold,1179.0667717984838,5.652029690652505,0.074,0.24931342140449997,-10.128041905891356,0.07478280899999999
2020-06-25,perp_hold,1175.2277290876746,5.959226786151395,0.074,0.24931342140449997,-10.3330732220408,0.07478280899999999
2020-06-26,perp_hold,1168.5772071331776,6.491396178854614,0.074,0.24931342140449997,-10.532748242257687,0.07478280899999999
2020-06-27,perp_hold,1157.3462528162256,7.390088067885747,0.074,0.24931342140449997,-10.736017267669629,0.07478280899999999
2020-06-28,perp_hold,1164.7435491379197,6.798162393766316,0.074,0.24931342140449997,-10.90247333485561,0.07478280899999999
2020-06-29,perp_hold,1169.8493840497408,6.389597610000819,0.074,0.24931342140449997,-11.104772807794326,0.07478280899999999
2020-06-30,perp_hold,1165.949972304176,6.701625386878362,0.074,0.24931342140449997,-11.308267610659257,0.07478280899999999
2020-07-01,perp_hold,1172.734943158576,6.158697501849197,0.074,0.24931342140449997,-11.512016848599089,0.07478280899999999
2020-07-02,perp_hold,1161.8768773904258,7.0275511505257455,0.074,0.24931342140449997,-11.715423077909346,0.07478280899999999
2020-07-03,perp_hold,1159.8213098450142,7.19203600446453,0.074,0.24931342140449997,-11.917373361981209,0.07478280899999999
2020-07-04,perp_hold,1165.0411011917388,6.7743525188629805,0.074,0.24931342140449997,-12.118658561836519,0.07478280899999999
2020-07-05,perp_hold,1160.1007309839947,7.169676950715498,0.074,0.24931342140449997,-12.320160293520583,0.07478280899999999
2020-07-06,perp_hold,1179.9855167436672,5.578512462550311,0.074,0.24931342140449997,-12.524212745208112,0.07478280899999999
2020-07-07,perp_hold,1173.4000912080733,6.105472892415453,0.074,0.24931342140449997,-12.730515467642077,0.07478280899999999
2020-07-08,perp_hold,1186.3985050708895,5.0653503187575115,0.074,0.24931342140449997,-12.937362304905662,0.07478280899999999
2020-07-09,perp_hold,1171.253921922361,6.277207624400427,0.074,0.24931342140449997,-13.144921050554094,0.07478280899999999
2020-07-10,perp_hold,1175.0377369676173,5.974429802071201,0.074,0.24931342140449997,-13.34941584315785,0.07478280899999999
2020-07-11,perp_hold,1170.890329993298,6.306301956755867,0.074,0.24931342140449997,-13.555009918357294,0.07478280899999999
2020-07-12,perp_hold,1175.5719037997922,5.93168620380543,0.074,0.24931342140449997,-13.76003089596304,0.07478280899999999
2020-07-13,perp_hold,1171.068787026048,6.292021969201212,0.074,0.24931342140449997,-13.966207818207268,0.07478280899999999
2020-07-14,perp_hold,1171.8462653938575,6.229808778467016,0.074,0.24931342140449997,-14.170773361977702,0.07478280899999999
2020-07-15,perp_hold,1167.4695954370875,6.580026371746572,0.074,0.24931342140449997,-14.375698349267703,0.07478280899999999
2020-07-16,perp_hold,1162.484632941085,6.978919042471777,0.074,0.24931342140449997,-14.578813166250214,0.07478280899999999
2020-07-17,perp_hold,1163.7936773217104,6.874170368935273,0.074,0.24931342140449997,-14.781523827684833,0.07478280899999999
2020-07-18,perp_hold,1164.6930831399632,6.802200642142675,0.074,0.24931342140449997,-14.984711621752098,0.07478280899999999
2020-07-19,perp_hold,1167.3207854249788,6.591934028666413,0.074,0.24931342140449997,-15.187814092416547,0.07478280899999999
2020-07-20,perp_hold,1163.6498788932968,6.885677002977553,0.074,0.24931342140449997,-15.391771166938494,0.07478280899999999
2020-07-21,perp_hold,1180.354540910536,5.548983446915301,0.074,0.24931342140449997,-15.597591225399428,0.07478280899999999
2020-07-22,perp_hold,1189.6565996615693,4.804640222383904,0.074,0.24931342140449997,-15.80499837170599,0.07478280899999999
2020-07-23,perp_hold,1195.9885233408065,4.297964806216859,0.074,0.24931342140449997,-16.016152127628796,0.07478280899999999
2020-07-24,perp_hold,1190.7822620783518,4.714565625408418,0.074,0.24931342140449997,-16.22826696010346,0.07478280899999999
2020-07-25,perp_hold,1202.533171867637,3.7742673196422327,0.074,0.24931342140449997,-16.440661394278244,0.07478280899999999
2020-07-26,perp_hold,1218.8359969108851,2.469728433525842,0.074,0.24931342140449997,-17.066739735870314,0.07478280899999999
2020-07-27,perp_hold,1299.96037914739,1.0958984534749083,0.074,0.24931342140449997,-18.462384622205256,0.07478280899999999
2020-07-28,perp_hold,1287.8095034550433,2.02036620082523,0.074,0.24931342140449997,-21.392860314551722,0.07478280899999999
2020-07-29,perp_hold,1300.350692574507,1.066202472389799,0.074,0.24931342140449997,-23.13663119508812,0.07478280899999999
2020-07-30,perp_hold,1298.6122560759304,1.1984668880946625,0.074,0.24931342140449997,-24.794744079164722,0.07478280899999999
2020-07-31,perp_hold,1314.440474232406,0.25381164019280256,0.074,0.24931342140449997,-26.115689537189255,0.07478280899999999
2020-08-01,perp_hold,1347.731453380004,0.213790535585745,0.074,0.24931342140449997,-27.03787038959113,0.07478280899999999
2020-08-02,perp_hold,1292.4621982147096,5.118524685995274,0.074,0.24931342140449997,-28.43215498768545,0.07478280899999999
2020-08-03,perp_hold,1302.5489756307754,4.378040110336279,0.074,0.24931342140449997,-29.393588138819716,0.07478280899999999
2020-08-04,perp_hold,1299.5196158463505,4.600429690472696,0.074,0.24931342140449997,-30.228914041504915,0.07478280899999999
2020-08-05,perp_hold,1340.1349494674362,1.6188006883539607,0.074,0.24931342140449997,-30.673154302159148,0.07478280899999999
2020-08-06,perp_hold,1340.453400661799,1.5954227364274987,0.074,0.24931342140449997,-31.660920832176288,0.07478280899999999
2020-08-07,perp_hold,1326.8818166021426,2.5917318893813768,0.074,0.24931342140449997,-32.32826716745275,0.07478280899999999
2020-08-08,perp_hold,1339.296593692627,1.6803455697917191,0.074,0.24931342140449997,-32.586730076968195,0.07478280899999999
2020-08-09,perp_hold,1332.9029914393716,2.149708940881234,0.074,0.24931342140449997,-32.98115233022379,0.07478280899999999
2020-08-10,perp_hold,1346.9024449565732,1.1219892867693426,0.074,0.24931342140449997,-34.50376918652214,0.07478280899999999
2020-08-11,perp_hold,1308.8511709120332,3.915387054155095,0.074,0.24931342140449997,-35.32803285756219,0.07478280899999999
2020-08-12,perp_hold,1321.4812997634249,2.988191457656153,0.074,0.24931342140449997,-35.58278400617069,0.07478280899999999
2020-08-13,perp_hold,1337.4540063651648,1.8156125077849583,0.074,0.24931342140449997,-35.83876110617069,0.07478280899999999
2020-08-14,perp_hold,1335.2131866358764,1.9801142488194645,0.074,0.24931342140449997,-36.61232193641899,0.07478280899999999
2020-08-15,perp_hold,1341.4535928670916,1.5219972140665061,0.074,0.24931342140449997,-37.21440176610372,0.07478280899999999
2020-08-16,perp_hold,1345.1510312976125,1.2505630369934018,0.074,0.24931342140449997,-38.057019151462946,0.07478280899999999
2020-08-17,perp_hold,1371.5561177413745,0.7941287668798536,0.074,0.24931342140449997,-39.42650018600085,0.07478280899999999
2020-08-18,perp_hold,1344.1436209816627,2.7768989857175796,0.074,0.24931342140449997,-42.11346278793277,0.07478280899999999
2020-08-19,perp_hold,1327.997825864633,3.944738675699877,0.074,0.24931342140449997,-43.48729182298237,0.07478280899999999
2020-08-20,perp_hold,1334.7466924236817,3.4565871679591242,0.074,0.24931342140449997,-43.95869134591366,0.07478280899999999
2020-08-21,perp_hold,1310.593224052693,5.203628971098362,0.074,0.24931342140449997,-44.22082699228251,0.07478280899999999
2020-08-22,perp_hold,1320.208322445454,4.508160371084502,0.074,0.24931342140449997,-44.47764538538128,0.07478280899999999
2020-08-23,perp_hold,1318.5950426184081,4.62485033273804,0.074,0.24931342140449997,-44.73624909938737,0.07478280899999999
2020-08-24,perp_hold,1325.8707277228166,4.098593572067322,0.074,0.24931342140449997,-44.996576046778884,0.07478280899999999
2020-08-25,perp_hold,1293.8078844438812,6.41772748175804,0.074,0.24931342140449997,-45.5294993257141,0.07478280899999999
2020-08-26,perp_hold,1303.5735618530055,5.711367367853859,0.074,0.24931342140449997,-45.91973090004993,0.07478280899999999
2020-08-27,perp_hold,1293.327751355444,6.452455934156109,0.074,0.24931342140449997,-46.172835411491285,0.07478280899999999
2020-08-28,perp_hold,1307.7858903312444,5.406685910640174,0.074,0.24931342140449997,-46.42623343835097,0.07478280899999999
2020-08-29,perp_hold,1303.1041158624362,5.745322812978493,0.074,0.24931342140449997,-46.68217917725923,0.07478280899999999
2020-08-30,perp_hold,1321.030639771708,4.448681429081425,0.074,0.24931342140449997,-46.938823997887546,0.07478280899999999
2020-08-31,perp_hold,1316.4791308280533,4.777896110376545,0.074,0.24931342140449997,-47.24595715632207,0.07478280899999999
2020-09-01,perp_hold,1336.1793993983788,3.352958200971856,0.074,0.24931342140449997,-47.95276154257657,0.07478280899999999
2020-09-02,perp_hold,1295.3381903049337,6.307039100703038,0.074,0.24931342140449997,-48.925723163501786,0.07478280899999999
2020-09-03,perp_hold,1202.7360317654059,13.005035410988652,0.074,0.24931342140449997,-49.44341200418955,0.07478280899999999
2020-09-04,perp_hold,1224.6282913757518,11.42154884429788,0.074,0.24931342140449997,-49.671813931723534,0.07478280899999999
2020-09-05,perp_hold,1203.5592836504727,12.945488871517218,0.074,0.24931342140449997,-49.90218408592265,0.07478280899999999
2020-09-06,perp_hold,1209.907870310722,12.48628996409945,0.074,0.24931342140449997,-50.128452736333315,0.07478280899999999
2020-09-07,perp_hold,1218.532398311866,11.862470199628639,0.074,0.24931342140449997,-50.35429158614933,0.07478280899999999
2020-09-08,perp_hold,1200.0539839883745,13.199030306981252,0.074,0.24931342140449997,-50.58180261470097,0.07478280899999999
2020-09-09,perp_hold,1206.5673724945061,12.72791113579148,0.074,0.24931342140449997,-50.80800490106944,0.07478280899999999
2020-09-10,perp_hold,1214.9943802448006,12.118378186361067,0.074,0.24931342140449997,-51.036764174874854,0.07478280899999999
2020-09-11,perp_hold,1218.532415712506,11.862468941024906,0.074,0.24931342140449997,-51.26553733906931,0.07478280899999999
2020-09-12,perp_hold,1222.0623254624254,11.607147436067667,0.074,0.24931342140449997,-51.49560943540998,0.07478280899999999
2020-09-13,perp_hold,1213.6481868418502,12.215749549924304,0.074,0.24931342140449997,-51.726936927745264,0.07478280899999999
2020-09-14,perp_hold,1238.4975435807771,10.418373523540891,0.074,0.24931342140449997,-51.88715606795835,0.07478280899999999
2020-09-15,perp_hold,1247.1047833505845,9.795804232185713,0.074,0.24931342140449997,-51.648040419010854,0.07478280899999999
2020-09-16,perp_hold,1259.7594664640096,8.88047977173727,0.074,0.24931342140449997,-51.52081730558585,0.07478280899999999
2020-09-17,perp_hold,1258.7123176219093,8.956220976816354,0.074,0.24931342140449997,-51.5408461476864,0.07478280899999999
2020-09-18,perp_hold,1257.9669370263437,9.010135016808473,0.074,0.24931342140449997,-51.702366743252064,0.07478280899999999
2020-09-19,perp_hold,1269.184504914039,8.198758376056736,0.074,0.24931342140449997,-51.47329403865654,0.07478280899999999
2020-09-20,perp_hold,1257.4377519585473,9.048411442406534,0.074,0.24931342140449997,-51.27633889716802,0.07478280899999999
2020-09-21,perp_hold,1220.5949361936791,11.713285004163554,0.074,0.24931342140449997,-51.19546647309643,0.07478280899999999
2020-09-22,perp_hold,1228.4235512215946,11.14703433140799,0.074,0.24931342140449997,-51.42662609898087,0.07478280899999999
2020-09-23,perp_hold,1207.2331391605746,12.679755641976131,0.074,0.24931342140449997,-51.39762460902091,0.07478280899999999
2020-09-24,perp_hold,1243.3600858410043,10.066661526420361,0.074,0.24931342140449997,-51.48923792859115,0.07478280899999999
2020-09-25,perp_hold,1240.2997774086803,10.288016351311324,0.074,0.24931342140449997,-51.40380636091529,0.07478280899999999
2020-09-26,perp_hold,1243.2442141927452,10.075042625573404,0.074,0.24931342140449997,-51.641369576850416,0.07478280899999999
2020-09-27,perp_hold,1246.0577521451933,9.871536928497227,0.074,0.24931342140449997,-51.87924143864235,0.07478280899999999
2020-09-28,perp_hold,1240.0644203059549,10.305039939427585,0.074,0.24931342140449997,-52.11988727048061,0.07478280899999999
2020-09-29,perp_hold,1250.7034041832844,9.53551279363083,0.074,0.24931342140449997,-52.35769958631101,0.07478280899999999
2020-09-30,perp_hold,1245.729041031836,9.895312895052877,0.074,0.24931342140449997,-52.59680273775936,0.07478280899999999
2020-10-01,perp_hold,1233.7728201064701,10.76011696556357,0.074,0.24931342140449997,-52.8152550375654,0.07478280899999999
2020-10-02,perp_hold,1230.069848580169,11.027956182396403,0.074,0.24931342140449997,-52.878123509926354,0.07478280899999999
2020-10-03,perp_hold,1227.8234142643848,11.190442770136134,0.074,0.24931342140449997,-53.11020950521058,0.07478280899999999
2020-10-04,perp_hold,1236.9638976913693,10.52930349181105,0.074,0.24931342140449997,-53.12712293924618,0.07478280899999999
2020-10-05,perp_hold,1246.2397287889917,9.858374396349557,0.074,0.24931342140449997,-52.97337498060387,0.07478280899999999
2020-10-06,perp_hold,1232.115158806531,10.880017078539394,0.074,0.24931342140449997,-52.961578017564406,0.07478280899999999
2020-10-07,perp_hold,1237.1230807181487,10.517789642211383,0.074,0.24931342140449997,-52.97105660524686,0.07478280899999999
2020-10-08,perp_hold,1256.0133308404202,9.151441086034506,0.074,0.24931342140449997,-53.0891329291752,0.07478280899999999
2020-10-09,perp_hold,1265.618565297962,8.456685953209153,0.074,0.24931342140449997,-53.301258350493384,0.07478280899999999
2020-10-10,perp_hold,1283.3649445576543,7.17307459169203,0.074,0.24931342140449997,-53.55124584670107,0.07478280899999999
2020-10-11,perp_hold,1288.6702661585214,6.789335971902544,0.074,0.24931342140449997,-53.80323761107432,0.07478280899999999
2020-10-12,perp_hold,1300.3159738839158,5.946991596721906,0.074,0.24931342140449997,-54.057028533399695,0.07478280899999999
2020-10-13,perp_hold,1291.8429116464436,6.559855708082596,0.074,0.24931342140449997,-54.31135212315215,0.07478280899999999
2020-10-14,perp_hold,1291.337868045984,6.596385959922979,0.074,0.24931342140449997,-54.564055723611645,0.07478280899999999
2020-10-15,perp_hold,1297.4553700882116,6.1539016080110915,0.074,0.24931342140449997,-54.81721368138413,0.07478280899999999
2020-10-16,perp_hold,1283.5327772997018,7.160935100510524,0.074,0.24931342140449997,-55.069857986453854,0.07478280899999999
2020-10-17,perp_hold,1286.1938060394068,6.96846053014184,0.074,0.24931342140449997,-55.321421745408884,0.07478280899999999
2020-10-18,perp_hold,1296.7576900255353,6.204365426125769,0.074,0.24931342140449997,-55.57490733632049,0.07478280899999999
2020-10-19,perp_hold,1314.5007924272602,4.920991082653591,0.074,0.24931342140449997,-55.832146751455554,0.07478280899999999
2020-10-20,perp_hold,1325.8476833291306,4.1002603935141995,0.074,0.24931342140449997,-56.03888650854502,0.07478280899999999
2020-10-21,perp_hold,1391.8632660156632,2.107782958107396,0.074,0.24931342140449997,-56.2208177539326,0.07478280899999999
2020-10-22,perp_hold,1404.4049818889675,1.2257017922887359,0.074,0.24931342140449997,-56.50558134554827,0.07478280899999999
2020-10-23,perp_hold,1400.8419877097847,1.4762935048683867,0.074,0.24931342140449997,-56.79253605981116,0.07478280899999999
2020-10-24,perp_hold,1414.3213812300012,0.5282638037531484,0.074,0.24931342140449997,-57.08079017571475,0.07478280899999999
2020-10-25,perp_hold,1407.6779184311174,1.499646265286425,0.074,0.24931342140449997,-57.36992533847837,0.07478280899999999
2020-10-26,perp_hold,1409.0562986831544,1.403195976034255,0.074,0.24931342140449997,-57.658765086441456,0.07478280899999999
2020-10-27,perp_hold,1451.9767955076627,0.45440675022707655,0.074,0.24931342140449997,-57.9085696181732,0.07478280899999999
2020-10-28,perp_hold,1424.1035183191655,2.9267568090547313,0.074,0.24931342140449997,-58.14500730327025,0.07478280899999999
2020-10-29,perp_hold,1438.4981395638115,1.945555266646981,0.074,0.24931342140449997,-57.779924205784404,0.07478280899999999
2020-10-30,perp_hold,1446.0925868768488,1.4278838885231404,0.074,0.24931342140449997,-57.48409689274681,0.07478280899999999
2020-10-31,perp_hold,1464.1308958152745,0.7464846794880242,0.074,0.24931342140449997,-57.1615004839014,0.07478280899999999
2020-11-01,perp_hold,1461.8323887914237,0.9023005991972033,0.074,0.24931342140449997,-57.00309497817217,0.07478280899999999
2020-11-02,perp_hold,1446.0723264850053,1.970676104456448,0.074,0.24931342140449997,-57.137047402890566,0.07478280899999999
2020-11-03,perp_hold,1481.5074319183148,0.0,0.074,0.24931342140449997,-56.87441185128111,0.07478280899999999
2020-11-04,perp_hold,1490.5807240283698,0.0,0.074,0.24931342140449997,-56.522019741226025,0.07478280899999999
2020-11-05,perp_hold,1598.3843430152697,0.0,0.074,0.24931342140449997,-56.84529666624633,0.07478280899999999
2020-11-06,perp_hold,1596.905490895123,1.3501116606741803,0.074,0.24931342140449997,-57.62341250855261,0.07478280899999999
2020-11-07,perp_hold,1538.8182606169714,4.9384885643494965,0.074,0.24931342140449997,-58.752483152624364,0.07478280899999999
2020-11-08,perp_hold,1587.204882675405,1.9493731217655852,0.074,0.24931342140449997,-59.0862287329708,0.07478280899999999
2020-11-09,perp_hold,1575.5886521401874,2.6669734129266875,0.074,0.24931342140449997,-59.42504098036822,0.07478280899999999
2020-11-10,perp_hold,1573.3719073056172,2.803914284915643,0.074,0.24931342140449997,-59.7637391859386,0.07478280899999999
2020-11-11,perp_hold,1602.0984320069897,1.029314303686446,0.074,0.24931342140449997,-60.10687176260625,0.07478280899999999
2020-11-12,perp_hold,1646.2613500370028,0.0,0.074,0.24931342140449997,-60.4596933637729,0.07478280899999999
2020-11-13,perp_hold,1648.03277010085,0.5105140580721534,0.074,0.24931342140449997,-60.81971264922571,0.07478280899999999
2020-11-14,perp_hold,1628.355425336852,1.698408468176904,0.074,0.24931342140449997,-61.10997984024375,0.07478280899999999
2020-11-15,perp_hold,1619.9741021053521,2.2043774967927754,0.074,0.24931342140449997,-61.466021664243755,0.07478280899999999
2020-11-16,perp_hold,1675.1621420168985,0.5343948109498897,0.074,0.24931342140449997,-61.82588625431702,0.07478280899999999
2020-11-17,perp_hold,1746.5030014436825,0.6241364902029867,0.074,0.24931342140449997,-62.20158232591335,0.07478280899999999
2020-11-18,perp_hold,1753.7378192252631,2.5778610739264907,0.074,0.24931342140449997,-63.53239915921255,0.07478280899999999
2020-11-19,perp_hold,1754.5074253978596,2.535108572017064,0.074,0.24931342140449997,-64.68887837173621,0.07478280899999999
2020-11-20,perp_hold,1815.9235128621679,0.13868404771052445,0.074,0.24931342140449997,-66.24013090742808,0.07478280899999999
2020-11-21,perp_hold,1819.2596893889877,0.6439532284498339,0.074,0.24931342140449997,-67.34394442168819,0.07478280899999999
2020-11-22,perp_hold,1794.8625155229136,1.9763670459326033,0.074,0.24931342140449997,-70.55122824668197,0.07478280899999999
2020-11-23,perp_hold,1787.3953291657986,2.3841758493028276,0.074,0.24931342140449997,-74.44051460379718,0.07478280899999999
2020-11-24,perp_hold,1843.3268326406921,0.914816296607035,0.074,0.24931342140449997,-77.11627112890378,0.07478280899999999
2020-11-25,perp_hold,1808.202467791318,2.80287221915847,0.074,0.24931342140449997,-79.91315118217794,0.07478280899999999
2020-11-26,perp_hold,1689.6289879221017,9.176606289074218,0.074,0.24931342140449997,-80.93599584749398,0.07478280899999999
2020-11-27,perp_hold,1688.068066833443,9.260511188670717,0.074,0.24931342140449997,-81.32137931271293,0.07478280899999999
2020-11-28,perp_hold,1730.9942521657917,6.9530804693725745,0.074,0.24931342140449997,-81.70374111244415,0.07478280899999999
2020-11-29,perp_hold,1764.3999915393301,5.157406601904979,0.074,0.24931342140449997,-82.10083223026585,0.07478280899999999
2020-11-30,perp_hold,1877.4096469275341,0.0,0.074,0.24931342140449997,-82.79513684206185,0.07478280899999999
2020-12-01,perp_hold,1806.0703361479073,3.9506223493147474,0.074,0.24931342140449997,-84.25579410454858,0.07478280899999999
2020-12-02,perp_hold,1838.732235712063,2.2136162852444796,0.074,0.24931342140449997,-84.67611468861305,0.07478280899999999
2020-12-03,perp_hold,1853.9335611090828,1.4051882774164692,0.074,0.24931342140449997,-85.32848266051295,0.07478280899999999
2020-12-04,perp_hold,1796.3287926634664,4.4686914246494736,0.074,0.24931342140449997,-85.79415110612956,0.07478280899999999
2020-12-05,perp_hold,1831.7250749970617,2.586267013349386,0.074,0.24931342140449997,-86.21366821551446,0.07478280899999999
2020-12-06,perp_hold,1847.997041589132,1.7209007908718155,0.074,0.24931342140449997,-86.63926218046389,0.07478280899999999
2020-12-07,perp_hold,1832.7069692586922,2.5340484862738877,0.074,0.24931342140449997,-87.06823892246388,0.07478280899999999
2020-12-08,perp_hold,1769.3641407479352,5.9027097921611755,0.074,0.24931342140449997,-87.49098859956068,0.07478280899999999
2020-12-09,perp_hold,1785.0393637827365,5.069079236974949,0.074,0.24931342140449997,-87.89499998685972,0.07478280899999999
2020-12-10,perp_hold,1762.9747828163463,6.242504893511159,0.074,0.24931342140449997,-88.30209333558977,0.07478280899999999
2020-12-11,perp_hold,1745.8683782906558,7.152247706760539,0.074,0.24931342140449997,-88.70290547894055,0.07478280899999999
2020-12-12,perp_hold,1803.4571576201336,4.0895948833624125,0.074,0.24931342140449997,-88.86594614946263,0.07478280899999999
2020-12-13,perp_hold,1830.7974332930073,2.6356003125980076,0.074,0.24931342140449997,-89.28969695162876,0.07478280899999999
2020-12-14,perp_hold,1837.4169235829938,2.2835664465892136,0.074,0.24931342140449997,-89.71541923088226,0.07478280899999999
2020-12-15,perp_hold,1848.4279159194357,1.6979862839210047,0.074,0.24931342140449997,-90.14370785016024,0.07478280899999999
2020-12-16,perp_hold,1989.6523083659877,0.11397631452495505,0.074,0.24931342140449997,-91.13547540360831,0.07478280899999999
2020-12-17,perp_hold,2097.267476845395,2.733101778318381,0.074,0.24931342140449997,-92.59186692420131,0.07478280899999999
2020-12-18,perp_hold,2117.519931869567,1.7938350880541853,0.074,0.24931342140449997,-94.73973830568917,0.07478280899999999
2020-12-19,perp_hold,2169.4048380729373,0.5550125421166174,0.074,0.24931342140449997,-96.78550569665886,0.07478280899999999
2020-12-20,perp_hold,2139.1754884074585,2.443811362467807,0.074,0.24931342140449997,-99.50979536213755,0.07478280899999999
2020-12-21,perp_hold,2081.71041403928,5.064481646655372,0.074,0.24931342140449997,-101.17886973031626,0.07478280899999999
2020-12-22,perp_hold,2162.4613757619354,1.3818683701063539,0.074,0.24931342140449997,-101.85972800766078,0.07478280899999999
2020-12-23,perp_hold,2118.5991625978904,3.3821859525954956,0.074,0.24931342140449997,-102.41103084962583,0.07478280899999999
2020-12-24,perp_hold,2154.661918236514,1.7375593144649648,0.074,0.24931342140449997,-103.22266553308191,0.07478280899999999
2020-12-25,perp_hold,2226.218013489742,0.0,0.074,0.24931342140449997,-104.34399647237382,0.07478280899999999
2020-12-26,perp_hold,2356.706944485332,0.7018462508816548,0.074,0.24931342140449997,-105.02785697156395,0.07478280899999999
2020-12-27,perp_hold,2339.7099753359475,4.707120372497986,0.074,0.24931342140449997,-107.38278911908837,0.07478280899999999
2020-12-28,perp_hold,2396.162951006933,2.4078753071103076,0.074,0.24931342140449997,-110.372239396523,0.07478280899999999
2020-12-29,perp_hold,2415.90285535789,1.6038985967472774,0.074,0.24931342140449997,-112.87278841170561,0.07478280899999999
2020-12-30,perp_hold,2523.272238716493,0.0,0.074,0.24931342140449997,-116.79363050158256,0.07478280899999999
2020-12-31,perp_hold,2523.221965752716,0.7817633108629818,0.074,0.24931342140449997,-120.0199462922001,0.07478280899999999
2021-01-01,perp_hold,2550.471841704419,0.47503193722254755,0.074,0.24931342140449997,-121.81940206517658,0.07478280899999999
2021-01-02,perp_hold,2758.7326084604865,2.37890476170709,0.074,0.24931342140449997,-125.19123530910937,0.07478280899999999
2021-01-03,perp_hold,2812.2642279174397,3.823553318731654,0.074,0.24931342140449997,-134.92147585215616,0.07478280899999999
2021-01-04,perp_hold,2725.7291575926383,6.782960722393794,0.074,0.24931342140449997,-145.88182617695736,0.07478280899999999
2021-01-05,perp_hold,2865.0964536460488,2.0167473684233883,0.074,0.24931342140449997,-150.54813012354694,0.07478280899999999
2021-01-06,perp_hold,3062.1943751402464,0.0,0.074,0.24931342140449997,-162.9693686293495,0.07478280899999999
2021-01-07,perp_hold,3251.645612134898,0.7090265833498366,0.074,0.24931342140449997,-172.48267163469782,0.07478280899999999
2021-01-08,perp_hold,3322.3794949204803,2.078735622266892,0.074,0.24931342140449997,-185.36483425877572,0.07478280899999999
2021-01-09,perp_hold,3278.708850506811,3.3658506925696052,0.074,0.24931342140449997,-193.63635326278504,0.07478280899999999
2021-01-10,perp_hold,3125.755729931678,7.873873626173511,0.074,0.24931342140449997,-203.18191383791708,0.07478280899999999
2021-01-11,perp_hold,2913.728861837835,14.122990874080454,0.074,0.24931342140449997,-208.9526615295605,0.07478280899999999
2021-01-12,perp_hold,2810.0783066847935,17.177907818263783,0.074,0.24931342140449997,-212.57941530642225,0.07478280899999999
2021-01-13,perp_hold,3053.8288444375194,9.993791468523739,0.074,0.24931342140449997,-215.34761048267677,0.07478280899999999
2021-01-14,perp_hold,3177.94366067229,6.335726592942859,0.074,0.24931342140449997,-221.57740309730556,0.07478280899999999
2021-01-15,perp_hold,2993.550101011018,11.770400907766998,0.074,0.24931342140449997,-228.14765952089746,0.07478280899999999
2021-01-16,perp_hold,2936.5759313053545,13.449613876357635,0.074,0.24931342140449997,-231.20303246424126,0.07478280899999999
2021-01-17,perp_hold,2922.8647999597765,13.853725242762616,0.074,0.24931342140449997,-233.12938055409924,0.07478280899999999
2021-01-18,perp_hold,2976.496375417601,12.273029332668905,0.074,0.24931342140449997,-238.71075651707457,0.07478280899999999
2021-01-19,perp_hold,2910.3982310955835,14.221155329391856,0.074,0.24931342140449997,-248.62357267401197,0.07478280899999999
2021-01-20,perp_hold,2877.3787778943906,15.194345361254724,0.074,0.24931342140449997,-251.85876587520505,0.07478280899999999
2021-01-21,perp_hold,2530.298321777035,25.42392845246183,0.074,0.24931342140449997,-254.8230727387204,0.07478280899999999
2021-01-22,perp_hold,2686.937863027515,20.807254784012585,0.074,0.24931342140449997,-255.5199807420805,0.07478280899999999
2021-01-23,perp_hold,2619.8220279389516,22.78537541763902,0.074,0.24931342140449997,-256.29703583064406,0.07478280899999999
2021-01-24,perp_hold,2630.684156007281,22.465233388135808,0.074,0.24931342140449997,-257.8627054303344,0.07478280899999999
2021-01-25,perp_hold,2628.745719681907,22.52236537326472,0.074,0.24931342140449997,-260.4745156085489,0.07478280899999999
2021-01-26,perp_hold,2643.342930232798,22.09213838814257,0.074,0.24931342140449997,-261.2661335367973,0.07478280899999999
2021-01-27,perp_hold,2487.305283982856,26.691072265106396,0.074,0.24931342140449997,-261.9659397867399,0.07478280899999999
2021-01-28,perp_hold,2707.25408501904,20.208470043187422,0.074,0.24931342140449997,-262.94751583749564,0.07478280899999999
2021-01-29,perp_hold,2766.474652626316,18.46304846623108,0.074,0.24931342140449997,-269.3290111432793,0.07478280899999999
2021-01-30,perp_hold,2766.0339895570673,18.47603623146722,0.074,0.24931342140449997,-272.4884342125281,0.07478280899999999
2021-01-31,perp_hold,2676.61823553345,21.11140756778429,0.074,0.24931342140449997,-276.10694521488625,0.07478280899999999
2021-02-01,perp_hold,2704.2437346151114,20.297194801519026,0.074,0.24931342140449997,-279.030289154484,0.07478280899999999
2021-02-02,perp_hold,2845.2474648163366,16.14135903248951,0.074,0.24931342140449997,-284.20837895325906,0.07478280899999999
2021-02-03,perp_hold,2996.8600267989445,11.672846694395,0.074,0.24931342140449997,-290.4680174702916,0.07478280899999999
2021-02-04,perp_hold,2943.5796055609167,13.243192954412109,0.074,0.24931342140449997,-295.03798142111947,0.07478280899999999
2021-02-05,perp_hold,3035.6643932573543,10.529156567245535,0.074,0.24931342140449997,-301.464392323681,0.07478280899999999
2021-02-06,perp_hold,3098.1112183575697,8.688646752055195,0.074,0.24931342140449997,-307.5844054120258,0.07478280899999999
2021-02-07,perp_hold,3058.537540811126,9.855010964015044,0.074,0.24931342140449997,-316.96814445564996,0.07478280899999999
2021-02-08,perp_hold,3607.450234984102,0.0,0.074,0.24931342140449997,-328.4228287854936,0.07478280899999999
2021-02-09,perp_hold,3598.1923543921516,3.685602345299066,0.074,0.24931342140449997,-345.0879862643841,0.07478280899999999
2021-02-10,perp_hold,3461.9790951288614,7.331682578478727,0.074,0.24931342140449997,-359.1125686407343,0.07478280899999999
2021-02-11,perp_hold,3687.772750586187,1.2877644724665238,0.074,0.24931342140449997,-370.60294189240847,0.07478280899999999
2021-02-12,perp_hold,3624.016556002967,2.994354580286396,0.074,0.24931342140449997,-383.26428776662874,0.07478280899999999
2021-02-13,perp_hold,3599.772766531392,3.643298758318425,0.074,0.24931342140449997,-395.75169723820335,0.07478280899999999
2021-02-14,perp_hold,3693.4860420912464,1.8385752901985186,0.074,0.24931342140449997,-409.3862651765891,0.07478280899999999
2021-02-15,perp_hold,3634.204674959908,3.414090505375067,0.074,0.24931342140449997,-417.47024880968775,0.07478280899999999
2021-02-16,perp_hold,3712.881516467988,1.3231036257474904,0.074,0.24931342140449997,-430.65256730160775,0.07478280899999999
2021-02-17,perp_hold,3919.9672392290704,0.4732007733734278,0.074,0.24931342140449997,-443.55774454052533,0.07478280899999999
2021-02-18,perp_hold,3860.8623165178014,1.9738571352737044,0.074,0.24931342140449997,-459.41410725179395,0.07478280899999999
2021-02-19,perp_hold,4172.585150045554,0.0,0.074,0.24931342140449997,-471.2814611580619,0.07478280899999999
2021-02-20,perp_hold,4152.807488986344,2.6044447582866392,0.074,0.24931342140449997,-487.62031478325275,0.07478280899999999
2021-02-21,perp_hold,4252.672870575487,1.4238359891328711,0.074,0.24931342140449997,-501.23097319410874,0.07478280899999999
2021-02-22,perp_hold,3992.4847000843897,7.454949255681164,0.074,0.24931342140449997,-513.1161919218059,0.07478280899999999
2021-02-23,perp_hold,3606.5615113587983,16.400576795159093,0.074,0.24931342140449997,-515.6824428688176,0.07478280899999999
2021-02-24,perp_hold,3659.9675632065764,15.162634473626369,0.074,0.24931342140449997,-519.3418205630196,0.07478280899999999
2021-02-25,perp_hold,3464.439924707622,19.694928667870894,0.074,0.24931342140449997,-521.9558046276131,0.07478280899999999
2021-02-26,perp_hold,3405.7635369228615,21.055036393498295,0.074,0.24931342140449997,-522.9892549837746,0.07478280899999999
2021-02-27,perp_hold,3387.915238367576,21.468756625278708,0.074,0.24931342140449997,-525.9258065904595,0.07478280899999999
2021-02-28,perp_hold,3317.4382065600153,23.10240107851902,0.074,0.24931342140449997,-527.8075882750206,0.07478280899999999
2021-03-01,perp_hold,3641.0066860512243,15.602144069858948,0.074,0.24931342140449997,-529.0799790808113,0.07478280899999999
2021-03-02,perp_hold,3555.7900644666975,17.5774494651765,0.074,0.24931342140449997,-530.1651312437787,0.07478280899999999
2021-03-03,perp_hold,3695.9664868408145,14.328186137631238,0.074,0.24931342140449997,-532.5854569287819,0.07478280899999999
2021-03-04,perp_hold,3546.9251460592473,17.782936620542277,0.074,0.24931342140449997,-533.6917388590089,0.07478280899999999
2021-03-05,perp_hold,3575.7157681728495,17.115575369437796,0.074,0.24931342140449997,-534.7551155967466,0.07478280899999999
2021-03-06,perp_hold,3581.9392829939084,16.971315456579326,0.074,0.24931342140449997,-535.8272607756877,0.07478280899999999
2021-03-07,perp_hold,3735.835916635078,13.404020190701205,0.074,0.24931342140449997,-537.2188871345179,0.07478280899999999
2021-03-08,perp_hold,3841.009744511858,10.966110475574398,0.074,0.24931342140449997,-538.9003192577376,0.07478280899999999
2021-03-09,perp_hold,4019.6462638987755,6.825349272131009,0.074,0.24931342140449997,-545.6589508346807,0.07478280899999999
2021-03-10,perp_hold,4088.7470101397225,5.223606861645735,0.074,0.24931342140449997,-550.9713516767935,0.07478280899999999
2021-03-11,perp_hold,4220.204959973069,2.1764361015889633,0.074,0.24931342140449997,-562.5581437965269,0.07478280899999999
2021-03-12,perp_hold,4170.687159730294,3.324249476081742,0.074,0.24931342140449997,-571.9048628007214,0.07478280899999999
2021-03-13,perp_hold,4454.297519864621,0.8588764047999797,0.074,0.24931342140449997,-579.0295839049743,0.07478280899999999
2021-03-14,perp_hold,4279.681971624394,4.745366153750141,0.074,0.24931342140449997,-591.6192375227226,0.07478280899999999
2021-03-15,perp_hold,4020.1603295047958,10.521645596752027,0.074,0.24931342140449997,-600.3614743543402,0.07478280899999999
2021-03-16,perp_hold,4111.001290346063,8.49976113885338,0.074,0.24931342140449997,-604.4391424134933,0.07478280899999999
2021-03-17,perp_hold,4254.9532173323305,5.295764162570005,0.074,0.24931342140449997,-607.7239664372659,0.07478280899999999
2021-03-18,perp_hold,4159.180435193453,7.427418186294754,0.074,0.24931342140449997,-611.7434085761425,0.07478280899999999
2021-03-19,perp_hold,4185.59943167231,6.839399765097987,0.074,0.24931342140449997,-615.1145920972866,0.07478280899999999
2021-03-20,perp_hold,4183.487014023186,6.886416709588672,0.074,0.24931342140449997,-621.3035400162705,0.07478280899999999
2021-03-21,perp_hold,4124.472114303366,8.19993549475928,0.074,0.24931342140449997,-624.8644494662296,0.07478280899999999
2021-03-22,perp_hold,3874.099663060846,13.77257765051323,0.074,0.24931342140449997,-631.08306869825,0.07478280899999999
2021-03-23,perp_hold,3891.5801122813814,13.383508135299216,0.074,0.24931342140449997,-634.8462514882151,0.07478280899999999
2021-03-24,perp_hold,3733.1774897866785,16.909140157973003,0.074,0.24931342140449997,-638.7801965347778,0.07478280899999999
2021-03-25,perp_hold,3659.801844753518,18.54229193121405,0.074,0.24931342140449997,-640.0024790160779,0.07478280899999999
2021-03-26,perp_hold,3931.9434598441007,12.485124582879214,0.074,0.24931342140449997,-641.4011239254953,0.07478280899999999
2021-03-27,perp_hold,3992.0421314536616,11.14748384303661,0.074,0.24931342140449997,-642.6219249394952,0.07478280899999999
2021-03-28,perp_hold,3985.9711734850566,11.282607640138743,0.074,0.24931342140449997,-643.8682249725603,0.07478280899999999
2021-03-29,perp_hold,4123.441824016881,8.222867087490982,0.074,0.24931342140449997,-645.471552322256,0.07478280899999999
2021-03-30,perp_hold,4200.5312095826475,6.507057070721823,0.074,0.24931342140449997,-651.6335341869484,0.07478280899999999
2021-03-31,perp_hold,4192.527582528985,6.6851970749308816,0.074,0.24931342140449997,-660.764921240611,0.07478280899999999
2021-04-01,perp_hold,4180.151553765718,6.9606554141560695,0.074,0.24931342140449997,-671.9391900038779,0.07478280899999999
2021-04-02,perp_hold,4185.476926377198,6.842126415607885,0.074,0.24931342140449997,-684.2021373923981,0.07478280899999999
2021-04-03,perp_hold,4032.906018974287,10.237959567840505,0.074,0.24931342140449997,-696.1177187633892,0.07478280899999999
2021-04-04,perp_hold,4108.2944616510795,8.56000813335781,0.074,0.24931342140449997,-701.5267294874567,0.07478280899999999
2021-04-05,perp_hold,4176.681283719267,7.037894635391195,0.074,0.24931342140449997,-706.6954380883288,0.07478280899999999
2021-04-06,perp_hold,4080.236937882855,9.184495927286173,0.074,0.24931342140449997,-717.0477025947015,0.07478280899999999
2021-04-07,perp_hold,3921.875855819336,12.709203367575462,0.074,0.24931342140449997,-724.0695510203604,0.07478280899999999
2021-04-08,perp_hold,4074.586003954099,9.310271077365528,0.074,0.24931342140449997,-727.9348661501375,0.07478280899999999
2021-04-09,perp_hold,4074.2371241934497,9.318036237037985,0.074,0.24931342140449997,-730.8489095927061,0.07478280899999999
2021-04-10,perp_hold,4185.389548618831,6.844071218150383,0.074,0.24931342140449997,-743.4126550293048,0.07478280899999999
2021-04-11,perp_hold,4191.005417495142,6.719076525299772,0.074,0.24931342140449997,-756.3320288409541,0.07478280899999999
2021-04-12,perp_hold,4165.26874904639,7.29190809216913,0.074,0.24931342140449997,-769.4844347232066,0.07478280899999999
2021-04-13,perp_hold,4427.98901382117,1.4444355951384935,0.074,0.24931342140449997,-783.035719015706,0.07478280899999999
2021-04-14,perp_hold,4367.821890387459,2.9204988540625587,0.074,0.24931342140449997,-797.366553382138,0.07478280899999999
2021-04-15,perp_hold,4369.848513517392,2.87545499297982,0.074,0.24931342140449997,-809.8742702522046,0.07478280899999999
2021-04-16,perp_hold,4220.859458584437,6.186895681742188,0.074,0.24931342140449997,-825.73140518516,0.07478280899999999
2021-04-17,perp_hold,4112.331423863089,8.599047032117602,0.074,0.24931342140449997,-834.6213951224075,0.07478280899999999
2021-04-18,perp_hold,3815.7725004065105,15.190385477693969,0.074,0.24931342140449997,-841.0913370250865,0.07478280899999999
2021-04-19,perp_hold,3775.693061467121,16.081193765231493,0.074,0.24931342140449997,-842.334942302475,0.07478280899999999
2021-04-20,perp_hold,3834.095817352815,14.783130211081353,0.074,0.24931342140449997,-843.5587207199619,0.07478280899999999
2021-04-21,perp_hold,3637.081318883069,19.161987616428387,0.074,0.24931342140449997,-844.8009520021676,0.07478280899999999
2021-04-22,perp_hold,3482.670453953429,22.593933816403233,0.074,0.24931342140449997,-846.0042298161676,0.07478280899999999
2021-04-23,perp_hold,3436.3234230861613,23.624046020861865,0.074,0.24931342140449997,-848.4478006834357,0.07478280899999999
2021-04-24,perp_hold,3357.5575086314493,25.374702497811008,0.074,0.24931342140449997,-850.4697951381478,0.07478280899999999
2021-04-25,perp_hold,3278.1923135930783,27.138678625049927,0.074,0.24931342140449997,-853.0637724030985,0.07478280899999999
2021-04-26,perp_hold,3642.0239771896886,19.052131762690983,0.074,0.24931342140449997,-854.2140576932676,0.07478280899999999
2021-04-27,perp_hold,3716.7685847858893,17.39085312063895,0.074,0.24931342140449997,-855.4240957740476,0.07478280899999999
2021-04-28,perp_hold,3702.478553353626,17.708464313956362,0.074,0.24931342140449997,-856.6350904159704,0.07478280899999999
2021-04-29,perp_hold,3606.4136725490116,19.84360877272655,0.074,0.24931342140449997,-857.8415912205851,0.07478280899999999
2021-04-30,perp_hold,3911.3824957759725,13.065351332995956,0.074,0.24931342140449997,-859.0629627836245,0.07478280899999999
2021-05-01,perp_hold,3919.4640851649447,12.885729387313061,0.074,0.24931342140449997,-861.3491186046515,0.07478280899999999
2021-05-02,perp_hold,3825.7641294846053,14.968310862272627,0.074,0.24931342140449997,-865.824029750551,0.07478280899999999
2021-05-03,perp_hold,3861.357719944651,14.177205342732435,0.074,0.24931342140449997,-871.9611994274658,0.07478280899999999
2021-05-04,perp_hold,3564.991309195802,20.7642649880052,0.074,0.24931342140449997,-877.2703779630349,0.07478280899999999
2021-05-05,perp_hold,3874.221341896655,13.891297621820375,0.074,0.24931342140449997,-881.2565404395018,0.07478280899999999
2021-05-06,perp_hold,3786.725714283723,15.83598128664826,0.074,0.24931342140449997,-890.9751494858737,0.07478280899999999
2021-05-07,perp_hold,3849.2511886756997,14.446285915542422,0.074,0.24931342140449997,-895.773395093897,0.07478280899999999
2021-05-08,perp_hold,3959.0059020462204,12.006870323557205,0.074,0.24931342140449997,-902.277121723376,0.07478280899999999
2021-05-09,perp_hold,3903.940021513533,13.23076826317784,0.074,0.24931342140449997,-909.0083144602636,0.07478280899999999
2021-05-10,perp_hold,3717.253175713755,17.380082570301138,0.074,0.24931342140449997,-918.6203430360014,0.07478280899999999
2021-05-11,perp_hold,3774.612908508993,16.105201317042884,0.074,0.24931342140449997,-923.4194552606041,0.07478280899999999
2021-05-12,perp_hold,3249.3765652547204,27.779139372772065,0.074,0.24931342140449997,-927.1792785148764,0.07478280899999999
2021-05-13,perp_hold,3250.74552425505,27.74871279857184,0.074,0.24931342140449997,-928.8243395145466,0.07478280899999999
2021-05-14,perp_hold,3258.8247876005935,27.569142551685598,0.074,0.24931342140449997,-932.1727165236433,0.07478280899999999
2021-05-15,perp_hold,3029.6450016730614,32.66290778500283,0.074,0.24931342140449997,-933.6358643205552,0.07478280899999999
2021-05-16,perp_hold,3000.2890613534255,33.31537487579057,0.074,0.24931342140449997,-936.9192141715713,0.07478280899999999
2021-05-17,perp_hold,2782.999530651595,38.144866502084284,0.074,0.24931342140449997,-941.3053131180021,0.07478280899999999
2021-05-18,perp_hold,2729.0671847675562,39.34357042487363,0.074,0.24931342140449997,-944.2528863468004,0.07478280899999999
2021-05-19,perp_hold,2270.311806415735,49.53989811314846,0.074,0.24931342140449997,-943.164523051722,0.07478280899999999
2021-05-20,perp_hold,2554.874627056085,43.215185850214255,0.074,0.24931342140449997,-944.0380979685117,0.07478280899999999
2021-05-21,perp_hold,2311.9962066443254,48.61341784877116,0.074,0.24931342140449997,-944.5137324804914,0.07478280899999999
2021-05-22,perp_hold,2326.7075999823332,48.28644143758586,0.074,0.24931342140449997,-944.3909037872634,0.07478280899999999
2021-05-23,perp_hold,2117.743541691026,52.93089055786607,0.074,0.24931342140449997,-944.3397420785706,0.07478280899999999
2021-05-24,perp_hold,2426.765975780935,46.06253729227756,0.074,0.24931342140449997,-943.9106279886614,0.07478280899999999
2021-05-25,perp_hold,2393.7794043937893,46.79569903173093,0.074,0.24931342140449997,-944.7692215078874,0.07478280899999999
2021-05-26,perp_hold,2458.470551929596,45.35786926464369,0.074,0.24931342140449997,-945.6392518400012,0.07478280899999999
2021-05-27,perp_hold,2402.9699035156955,46.5914303842386,0.074,0.24931342140449997,-946.5064057440012,0.07478280899999999
2021-05-28,perp_hold,2193.030303524619,51.25756195951294,0.074,0.24931342140449997,-947.3368493824979,0.07478280899999999
2021-05-29,perp_hold,2112.651799471074,53.04405996062138,0.074,0.24931342140449997,-948.1330657678832,0.07478280899999999
2021-05-30,perp_hold,2190.43894674524,51.31515762841759,0.074,0.24931342140449997,-948.9180970243567,0.07478280899999999
2021-05-31,perp_hold,2307.312534755724,48.717517453079054,0.074,0.24931342140449997,-949.7206618174927,0.07478280899999999
2021-06-01,perp_hold,2265.7660196550064,49.640933073392276,0.074,0.24931342140449997,-950.5368573666302,0.07478280899999999
2021-06-02,perp_hold,2329.7448155020875,48.21893608253022,0.074,0.24931342140449997,-951.365258957449,0.07478280899999999
2021-06-03,perp_hold,2452.694054014968,45.48625809321675,0.074,0.24931342140449997,-952.214400743449,0.07478280899999999
2021-06-04,perp_hold,2274.065977895498,49.4564576470265,0.074,0.24931342140449997,-953.3357364447988,0.07478280899999999
2021-06-05,perp_hold,2174.3132900407577,51.67356755167178,0.074,0.24931342140449997,-954.1551264622992,0.07478280899999999
2021-06-06,perp_hold,2195.562695442237,51.20127684756517,0.074,0.24931342140449997,-954.9528083273595,0.07478280899999999
2021-06-07,perp_hold,2029.3190667539566,54.89621884537568,0.074,0.24931342140449997,-955.7519407494199,0.07478280899999999
2021-06-08,perp_hold,2014.7733630354446,55.219512628008495,0.074,0.24931342140449997,-956.2595807341518,0.07478280899999999
2021-06-09,perp_hold,2309.38715167396,48.67140687885107,0.074,0.24931342140449997,-955.9711720956363,0.07478280899999999
2021-06-10,perp_hold,2258.3150405907663,49.80653903186717,0.074,0.24931342140449997,-955.9448031788304,0.07478280899999999
2021-06-11,perp_hold,2305.712400308136,48.753082148214666,0.074,0.24931342140449997,-956.4180434614609,0.07478280899999999
2021-06-12,perp_hold,2174.0997628968703,51.67831342023739,0.074,0.24931342140449997,-956.4429522607861,0.07478280899999999
2021-06-13,perp_hold,2430.7398371030254,45.974213985042745,0.074,0.24931342140449997,-956.5960853148912,0.07478280899999999
2021-06-14,perp_hold,2540.399236474188,43.53691684837511,0.074,0.24931342140449997,-957.0826033930683,0.07478280899999999
2021-06-15,perp_hold,2513.6144546485784,44.13223719869788,0.074,0.24931342140449997,-957.9174891210178,0.07478280899999999
2021-06-16,perp_hold,2380.12868570485,47.09910081730333,0.074,0.24931342140449997,-958.7983963344462,0.07478280899999999
2021-06-17,perp_hold,2357.7445955492885,47.596611100561425,0.074,0.24931342140449997,-959.6608882203076,0.07478280899999999
2021-06-18,perp_hold,2190.3670397740925,51.316755837562354,0.074,0.24931342140449997,-960.090003995504,0.07478280899999999
2021-06-19,perp_hold,2167.379868497134,51.82767024211592,0.074,0.24931342140449997,-959.9018552724624,0.07478280899999999
2021-06-20,perp_hold,2174.6216422436546,51.66671409500947,0.074,0.24931342140449997,-959.9587015259415,0.07478280899999999
2021-06-21,perp_hold,1881.4220328406113,58.183388201999264,0.074,0.24931342140449997,-959.6803187699451,0.07478280899999999
2021-06-22,perp_hold,1946.0756449549915,56.74639269969636,0.074,0.24931342140449997,-959.3396026778247,0.07478280899999999
2021-06-23,perp_hold,2032.395635496461,54.827838822962036,0.074,0.24931342140449997,-958.5040882731357,0.07478280899999999
2021-06-24,perp_hold,2106.9315567107096,53.17119845837741,0.074,0.24931342140449997,-958.0804371593667,0.07478280899999999
2021-06-25,perp_hold,1878.8235540966855,58.24114216416375,0.074,0.24931342140449997,-958.6361312538507,0.07478280899999999
2021-06-26,perp_hold,1931.048522775764,57.080386521200154,0.074,0.24931342140449997,-957.8385009938324,0.07478280899999999
2021-06-27,perp_hold,2112.5370636202124,53.046610087308025,0.074,0.24931342140449997,-955.3330201493839,0.07478280899999999
2021-06-28,perp_hold,2096.984226931641,53.39228847461901,0.074,0.24931342140449997,-955.6026368379556,0.07478280899999999
2021-06-29,perp_hold,2202.0276952164913,51.05758533066187,0.074,0.24931342140449997,-956.1776522570455,0.07478280899999999
2021-06-30,perp_hold,2136.491098477678,52.51420610821883,0.074,0.24931342140449997,-956.9570852919188,0.07478280899999999
2021-07-01,perp_hold,2022.9740686332443,55.03724319751016,0.074,0.24931342140449997,-957.7103315950721,0.07478280899999999
2021-07-02,perp_hold,2041.8519950062423,54.6176611447269,0.074,0.24931342140449997,-957.8590969941945,0.07478280899999999
2021-07-03,perp_hold,2107.9111069403907,53.149426909529666,0.074,0.24931342140449997,-957.482196829206,0.07478280899999999
2021-07-04,perp_hold,2154.526549024868,52.113348979425034,0.074,0.24931342140449997,-957.279554744728,0.07478280899999999
2021-07-05,perp_hold,2035.6488025681217,54.75553371428619,0.074,0.24931342140449997,-957.5345737067345,0.07478280899999999
2021-07-06,perp_hold,2075.738042972396,53.864507578735285,0.074,0.24931342140449997,-957.0234807972004,0.07478280899999999
2021-07-07,perp_hold,2048.7159896697713,54.4651015407581,0.074,0.24931342140449997,-957.1975940998252,0.07478280899999999
2021-07-08,perp_hold,1975.5924348873166,56.090350554670756,0.074,0.24931342140449997,-956.3951488822802,0.07478280899999999
2021-07-09,perp_hold,2047.4713232502456,54.49276557975351,0.074,0.24931342140449997,-955.2402805193509,0.07478280899999999
2021-07-10,perp_hold,2024.6027368087975,55.00104430983048,0.074,0.24931342140449997,-955.4359840178394,0.07478280899999999
2021-07-11,perp_hold,2079.534909183619,53.780118176659485,0.074,0.24931342140449997,-955.7921945859773,0.07478280899999999
2021-07-12,perp_hold,1993.21844090047,55.69859376744508,0.074,0.24931342140449997,-956.3510788365867,0.07478280899999999
2021-07-13,perp_hold,1965.0822019550887,56.32395169400151,0.074,0.24931342140449997,-956.8425221064078,0.07478280899999999
2021-07-14,perp_hold,1972.2378904347622,56.16490888378728,0.074,0.24931342140449997,-956.8306676824341,0.07478280899999999
2021-07-15,perp_hold,1901.4337136478634,57.73860724741519,0.074,0.24931342140449997,-956.989269295613,0.07478280899999999
2021-07-16,perp_hold,1866.3735535703006,58.51785670763633,0.074,0.24931342140449997,-956.8864819224759,0.07478280899999999
2021-07-17,perp_hold,1874.4528856923516,58.33828493211883,0.074,0.24931342140449997,-957.073038077245,0.07478280899999999
2021-07-18,perp_hold,1893.726230164456,57.90991429024732,0.074,0.24931342140449997,-957.4378136051405,0.07478280899999999
2021-07-19,perp_hold,1824.6514496687782,59.44517497636716,0.074,0.24931342140449997,-957.3077941008182,0.07478280899999999
2021-07-20,perp_hold,1747.8768910761207,61.15157144488561,0.074,0.24931342140449997,-956.2542576219555,0.07478280899999999
2021-07-21,perp_hold,1923.340162481286,57.251713052093734,0.074,0.24931342140449997,-954.0953612883105,0.07478280899999999
2021-07-22,perp_hold,1935.3121442167374,56.98562298620444,0.074,0.24931342140449997,-953.7742483348792,0.07478280899999999
2021-07-23,perp_hold,2035.9629162596502,54.74855220239263,0.074,0.24931342140449997,-953.3508246640664,0.07478280899999999
2021-07-24,perp_hold,2081.159373144239,53.7440127321418,0.074,0.24931342140449997,-952.5704177800774,0.07478280899999999
2021-07-25,perp_hold,2167.956084106334,51.814863235489405,0.074,0.24931342140449997,-951.2315196632621,0.07478280899999999
2021-07-26,perp_hold,2305.4738546417684,48.758384080132366,0.074,0.24931342140449997,-950.3636291278281,0.07478280899999999
2021-07-27,perp_hold,2470.0958017268417,45.099485685977804,0.074,0.24931342140449997,-950.8501406948146,0.07478280899999999
2021-07-28,perp_hold,2510.081885001162,44.21075232768911,0.074,0.24931342140449997,-951.3793987684346,0.07478280899999999
2021-07-29,perp_hold,2510.1222168874897,44.20985590848905,0.074,0.24931342140449997,-951.9636268821071,0.07478280899999999
2021-07-30,perp_hold,2672.1485146051486,40.60864859058759,0.074,0.24931342140449997,-952.4849891644476,0.07478280899999999
2021-07-31,perp_hold,2614.6640262372257,41.88630266953914,0.074,0.24931342140449997,-953.4120175323709,0.07478280899999999
2021-08-01,perp_hold,2496.396475903125,44.51492514461174,0.074,0.24931342140449997,-954.3329845323709,0.07478280899999999
2021-08-02,perp_hold,2443.004842600745,45.701611153436616,0.074,0.24931342140449997,-955.2182611688512,0.07478280899999999
2021-08-03,perp_hold,2372.5000590222767,47.26865518361178,0.074,0.24931342140449997,-956.0758387376599,0.07478280899999999
2021-08-04,perp_hold,2485.5566871333717,44.75585101400464,0.074,0.24931342140449997,-956.6754784353849,0.07478280899999999
2021-08-05,perp_hold,2568.6175534236345,42.90973465061676,0.074,0.24931342140449997,-957.544025811362,0.07478280899999999
2021-08-06,perp_hold,2711.746305376017,39.72854544742208,0.074,0.24931342140449997,-958.4600983935792,0.07478280899999999
2021-08-07,perp_hold,2841.5275253224463,36.84401938232814,0.074,0.24931342140449997,-959.4176384471505,0.07478280899999999
2021-08-08,perp_hold,2781.8081038928185,38.171347232822974,0.074,0.24931342140449997,-960.404721950278,0.07478280899999999
2021-08-09,perp_hold,2963.95344151014,34.12297278997697,0.074,0.24931342140449997,-961.3923822594568,0.07478280899999999
2021-08-10,perp_hold,2911.878753099878,35.28038829364576,0.074,0.24931342140449997,-962.4092906697189,0.07478280899999999
2021-08-11,perp_hold,2908.3120811420167,35.359661382867266,0.074,0.24931342140449997,-963.4333226275797,0.07478280899999999
2021-08-12,perp_hold,2821.3825243510873,37.291763519786656,0.074,0.24931342140449997,-964.4320681717686,0.07478280899999999
2021-08-13,perp_hold,3072.284046950411,31.715209515992836,0.074,0.24931342140449997,-965.4448245004063,0.07478280899999999
2021-08-14,perp_hold,3018.6409471714987,32.90748463552538,0.074,0.24931342140449997,-966.4983754458978,0.07478280899999999
2021-08-15,perp_hold,3012.140509277414,33.05196380244762,0.074,0.24931342140449997,-967.5272344921825,0.07478280899999999
2021-08-16,perp_hold,2930.940116251443,34.85672916276683,0.074,0.24931342140449997,-968.702913015993,0.07478280899999999
2021-08-17,perp_hold,2838.4617882788034,36.91215865867924,0.074,0.24931342140449997,-969.7213154907928,0.07478280899999999
2021-08-18,perp_hold,2839.3334838269775,36.89278429518834,0.074,0.24931342140449997,-970.7240399426189,0.07478280899999999
2021-08-19,perp_hold,2990.477386378223,33.533449819298454,0.074,0.24931342140449997,-971.7241373913737,0.07478280899999999
2021-08-20,perp_hold,3177.4510377306597,29.377760952800557,0.074,0.24931342140449997,-972.9835460389368,0.07478280899999999
2021-08-21,perp_hold,3141.4900955338067,30.177031256585472,0.074,0.24931342140449997,-974.6817482357898,0.07478280899999999
2021-08-22,perp_hold,3171.529227873034,29.509379494326847,0.074,0.24931342140449997,-975.9394358965625,0.07478280899999999
2021-08-23,perp_hold,3187.7052787533876,29.149849506752933,0.074,0.24931342140449997,-978.6385650162088,0.07478280899999999
2021-08-24,perp_hold,3051.878376915801,32.168747301466226,0.074,0.24931342140449997,-981.560726853796,0.07478280899999999
2021-08-25,perp_hold,3143.855583076566,30.124455772424042,0.074,0.24931342140449997,-982.9693006930308,0.07478280899999999
2021-08-26,perp_hold,2983.354201695352,33.691770197953396,0.074,0.24931342140449997,-984.4372820742442,0.07478280899999999
2021-08-27,perp_hold,3147.2913611985355,30.04809193834396,0.074,0.24931342140449997,-985.4920025710616,0.07478280899999999
2021-08-28,perp_hold,3133.2067340584717,30.36113780214007,0.074,0.24931342140449997,-987.859802292285,0.07478280899999999
2021-08-29,perp_hold,3122.883982517311,30.590571967547497,0.074,0.24931342140449997,-988.9395009963655,0.07478280899999999
2021-08-30,perp_hold,2990.349345559369,33.536295663092595,0.074,0.24931342140449997,-990.4572582102277,0.07478280899999999
2021-08-31,perp_hold,2997.0128352997226,33.38819249494184,0.074,0.24931342140449997,-993.5181084698738,0.07478280899999999
2021-09-01,perp_hold,3118.4370686209336,30.68940937290263,0.074,0.24931342140449997,-997.221955148663,0.07478280899999999
2021-09-02,perp_hold,3146.0675215883116,30.075293079284393,0.074,0.24931342140449997,-1002.5910621812853,0.07478280899999999
2021-09-03,perp_hold,3196.3950158922153,28.95671082855197,0.074,0.24931342140449997,-1006.4678278773815,0.07478280899999999
2021-09-04,perp_hold,3187.243227323378,29.16011909270556,0.074,0.24931342140449997,-1009.242296446219,0.07478280899999999
2021-09-05,perp_hold,3324.0383907045757,26.119700652235313,0.074,0.24931342140449997,-1010.3527930650212,0.07478280899999999
2021-09-06,perp_hold,3387.998925046328,24.69810954281072,0.074,0.24931342140449997,-1012.144958723269,0.07478280899999999
2021-09-07,perp_hold,2953.27516880125,34.3603087926104,0.074,0.24931342140449997,-1013.715854342827,0.07478280899999999
2021-09-08,perp_hold,2895.1833191784876,35.65146212338925,0.074,0.24931342140449997,-1014.7373194761094,0.07478280899999999
2021-09-09,perp_hold,2919.4579478425258,35.111932604936605,0.074,0.24931342140449997,-1015.7683748436917,0.07478280899999999
2021-09-10,perp_hold,2804.54216085752,37.66605856388397,0.074,0.24931342140449997,-1016.8270995967779,0.07478280899999999
2021-09-11,perp_hold,2827.35414608865,37.15903785608901,0.074,0.24931342140449997,-1017.8296976809476,0.07478280899999999
2021-09-12,perp_hold,2889.4145562613667,35.779679033390956,0.074,0.24931342140449997,-1018.839487508231,0.07478280899999999
2021-09-13,perp_hold,2809.042727528306,37.56602866838033,0.074,0.24931342140449997,-1019.837738554231,0.07478280899999999
2021-09-14,perp_hold,2965.854726294731,34.08071470733155,0.074,0.24931342140449997,-1020.8548679458668,0.07478280899999999
2021-09-15,perp_hold,3039.629210757893,32.440998086847486,0.074,0.24931342140449997,-1021.9096586396645,0.07478280899999999
2021-09-16,perp_hold,3011.265522828727,33.07141130971317,0.074,0.24931342140449997,-1022.97859816893,0.07478280899999999
2021-09-17,perp_hold,2977.2130638348135,33.82826353832553,0.074,0.24931342140449997,-1024.0367799347835,0.07478280899999999
2021-09-18,perp_hold,3049.5933980247064,32.21953339495705,0.074,0.24931342140449997,-1025.1048411046513,0.07478280899999999
2021-09-19,perp_hold,2971.407868939087,33.95729018791771,0.074,0.24931342140449997,-1026.17122773573,0.07478280899999999
2021-09-20,perp_hold,2658.122334901871,40.92039539774888,0.074,0.24931342140449997,-1027.1772618590262,0.07478280899999999
2021-09-21,perp_hold,2485.0207354613713,44.76776311167298,0.074,0.24931342140449997,-1028.1346925810262,0.07478280899999999
2021-09-22,perp_hold,2693.040525154158,40.1443013683492,0.074,0.24931342140449997,-1029.0703424729393,0.07478280899999999
2021-09-23,perp_hold,2788.885866808364,38.014036401403196,0.074,0.24931342140449997,-1029.8031790271527,0.07478280899999999
2021-09-24,perp_hold,2638.8448190007,41.348858754081505,0.074,0.24931342140449997,-1029.3830587457962,0.07478280899999999
2021-09-25,perp_hold,2627.303034697122,41.60538722310889,0.074,0.24931342140449997,-1030.1918197475552,0.07478280899999999
2021-09-26,perp_hold,2665.4580399233014,40.75735152785083,0.074,0.24931342140449997,-1030.5204388519358,0.07478280899999999
2021-09-27,perp_hold,2587.04040915008,42.50026702842664,0.074,0.24931342140449997,-1031.483221951877,0.07478280899999999
2021-09-28,perp_hold,2504.320419249644,44.3388070504006,0.074,0.24931342140449997,-1031.9644895985728,0.07478280899999999
2021-09-29,perp_hold,2539.902892947498,43.54794861275957,0.074,0.24931342140449997,-1032.392128467179,0.07478280899999999
2021-09-30,perp_hold,2708.6992042360334,39.796270520933405,0.074,0.24931342140449997,-1033.3142622985233,0.07478280899999999
2021-10-01,perp_hold,3028.575878915062,32.68667017884923,0.074,0.24931342140449997,-1033.6466565824148,0.07478280899999999
2021-10-02,perp_hold,2991.4527400483435,33.51177154346387,0.074,0.24931342140449997,-1034.1689076581533,0.07478280899999999
2021-10-03,perp_hold,3031.954738909062,32.61157141088403,0.074,0.24931342140449997,-1035.229844860535,0.07478280899999999
2021-10-04,perp_hold,3105.8482425225893,30.969209462812387,0.074,0.24931342140449997,-1036.2939012470079,0.07478280899999999
2021-10-05,perp_hold,3271.800171331868,27.280750806000764,0.074,0.24931342140449997,-1036.5751322309688,0.07478280899999999
2021-10-06,perp_hold,3557.1778917714614,20.937926525685867,0.074,0.24931342140449997,-1037.7436119981355,0.07478280899999999
2021-10-07,perp_hold,3442.1309920983076,23.494966603999533,0.074,0.24931342140449997,-1040.6406376740892,0.07478280899999999
2021-10-08,perp_hold,3451.265231768567,23.291948382838147,0.074,0.24931342140449997,-1043.4573120010302,0.07478280899999999
2021-10-09,perp_hold,3522.8267829749025,21.701416564764344,0.074,0.24931342140449997,-1044.903098605355,0.07478280899999999
2021-10-10,perp_hold,3502.918980163865,22.143888720064563,0.074,0.24931342140449997,-1046.5813236057325,0.07478280899999999
2021-10-11,perp_hold,3708.291805191354,17.579258590232982,0.074,0.24931342140449997,-1047.8320385782433,0.07478280899999999
2021-10-12,perp_hold,3597.441303066095,20.043029256289657,0.074,0.24931342140449997,-1049.0989007035027,0.07478280899999999
2021-10-13,perp_hold,3698.24764807262,17.80250069739492,0.074,0.24931342140449997,-1050.3333756969769,0.07478280899999999
2021-10-14,perp_hold,3694.19893978673,17.892487558247606,0.074,0.24931342140449997,-1052.4602440754268,0.07478280899999999
2021-10-15,perp_hold,4012.0419410457725,10.828087777463901,0.074,0.24931342140449997,-1054.9388827238242,0.07478280899999999
2021-10-16,perp_hold,3949.251979356214,12.22366166091594,0.074,0.24931342140449997,-1060.3629771432034,0.07478280899999999
2021-10-17,perp_hold,3991.598228202193,11.282471104951064,0.074,0.24931342140449997,-1065.5576155674046,0.07478280899999999
2021-10-18,perp_hold,4023.1452193247355,10.581305572635802,0.074,0.24931342140449997,-1068.7854444448615,0.07478280899999999
2021-10-19,perp_hold,4188.9726214768325,6.895614653626225,0.074,0.24931342140449997,-1070.3971176559048,0.07478280899999999
2021-10-20,perp_hold,4316.097374378787,4.070131402538902,0.074,0.24931342140449997,-1074.4780493908102,0.07478280899999999
2021-10-21,perp_hold,4024.818147677346,10.54412295530387,0.074,0.24931342140449997,-1083.5020360922522,0.07478280899999999
2021-10-22,perp_hold,3907.7715088661735,13.145609369299882,0.074,0.24931342140449997,-1087.688314903424,0.07478280899999999
2021-10-23,perp_hold,3948.856037195004,12.232461897843539,0.074,0.24931342140449997,-1090.325946574594,0.07478280899999999
2021-10-24,perp_hold,3913.3897340548224,13.020738320908487,0.074,0.24931342140449997,-1094.8336097147746,0.07478280899999999
2021-10-25,perp_hold,4073.595934385856,9.45998460912122,0.074,0.24931342140449997,-1098.8023293837414,0.07478280899999999
2021-10-26,perp_hold,3859.921505926763,14.209126731446153,0.074,0.24931342140449997,-1106.1136978428344,0.07478280899999999
2021-10-27,perp_hold,3716.101057105845,17.405689635452525,0.074,0.24931342140449997,-1109.943166663752,0.07478280899999999
2021-10-28,perp_hold,3876.806232041546,13.833845680765878,0.074,0.24931342140449997,-1111.6776117280513,0.07478280899999999
2021-10-29,perp_hold,3996.310886091149,11.177727255862768,0.074,0.24931342140449997,-1114.6436976784491,0.07478280899999999
2021-10-30,perp_hold,3963.5636431263365,11.905569665812033,0.074,0.24931342140449997,-1118.2349406432606,0.07478280899999999
2021-10-31,perp_hold,3917.326481520513,12.933239908725547,0.074,0.24931342140449997,-1123.297022249084,0.07478280899999999
2021-11-01,perp_hold,3881.1317172703925,13.737707157087819,0.074,0.24931342140449997,-1128.8128664992048,0.07478280899999999
2021-11-02,perp_hold,4049.5670703636124,9.99405174622603,0.074,0.24931342140449997,-1133.2918334059848,0.07478280899999999
2021-11-03,perp_hold,4017.9384172495547,10.697032303420462,0.074,0.24931342140449997,-1140.6433065200426,0.07478280899999999
2021-11-04,perp_hold,3900.2302716741024,13.313221410954013,0.074,0.24931342140449997,-1147.2056720954947,0.07478280899999999
2021-11-05,perp_hold,3865.488608310846,14.085391941924508,0.074,0.24931342140449997,-1150.748428227971,0.07478280899999999
2021-11-06,perp_hold,3895.6620073429976,13.414755959178715,0.074,0.24931342140449997,-1156.8806764265998,0.07478280899999999
2021-11-07,perp_hold,4025.1121559944104,10.537588306806366,0.074,0.24931342140449997,-1161.041967775187,0.07478280899999999
2021-11-08,perp_hold,4337.148864105272,3.6022395854472755,0.074,0.24931342140449997,-1167.0594796643254,0.07478280899999999
2021-11-09,perp_hold,4284.497338163753,4.772475918623775,0.074,0.24931342140449997,-1174.3232861813854,0.07478280899999999
2021-11-10,perp_hold,4123.363019887494,8.353858041868333,0.074,0.24931342140449997,-1182.4602038821038,0.07478280899999999
2021-11-11,perp_hold,4115.229053633812,8.534644119245517,0.074,0.24931342140449997,-1185.1048501357864,0.07478280899999999
2021-11-12,perp_hold,4059.3165011078263,9.777360247154576,0.074,0.24931342140449997,-1189.3905270048713,0.07478280899999999
2021-11-13,perp_hold,4076.04651044889,9.405517941823472,0.074,0.24931342140449997,-1192.6745933207076,0.07478280899999999
2021-11-14,perp_hold,4157.025322917614,7.605677445773207,0.074,0.24931342140449997,-1194.4384128138238,0.07478280899999999
2021-11-15,perp_hold,4013.97352336271,10.785156299840404,0.074,0.24931342140449997,-1198.1797604068875,0.07478280899999999
2021-11-16,perp_hold,3748.3099144768967,16.689813419679233,0.074,0.24931342140449997,-1200.7748492927012,0.07478280899999999
2021-11-17,perp_hold,3765.7965618571084,16.301154026739727,0.074,0.24931342140449997,-1202.24256191249,0.07478280899999999
2021-11-18,perp_hold,3509.4690998436645,21.998305322453838,0.074,0.24931342140449997,-1203.614863925933,0.07478280899999999
2021-11-19,perp_hold,3593.2793502270606,20.135533098146297,0.074,0.24931342140449997,-1204.8790135481572,0.07478280899999999
2021-11-20,perp_hold,3712.1659681289075,17.493151185953636,0.074,0.24931342140449997,-1206.167368567011,0.07478280899999999
2021-11-21,perp_hold,3631.8595928392942,19.278046048336073,0.074,0.24931342140449997,-1207.4839109303036,0.07478280899999999
2021-11-22,perp_hold,3457.074433494395,23.16283267717244,0.074,0.24931342140449997,-1208.7723702752025,0.07478280899999999
2021-11-23,perp_hold,3550.3751429198965,21.08912487614618,0.074,0.24931342140449997,-1210.145040849702,0.07478280899999999
2021-11-24,perp_hold,3519.845943249203,21.767668907654915,0.074,0.24931342140449997,-1211.4938205203944,0.07478280899999999
2021-11-25,perp_hold,3651.149639938517,18.84930417275834,0.074,0.24931342140449997,-1213.3449838310814,0.07478280899999999
2021-11-26,perp_hold,3264.01188333994,27.45385381523776,0.074,0.24931342140449997,-1215.7757998600382,0.07478280899999999
2021-11-27,perp_hold,3335.172735720892,25.87222795602726,0.074,0.24931342140449997,-1217.0153959747063,0.07478280899999999
2021-11-28,perp_hold,3523.652829029621,21.683056809964796,0.074,0.24931342140449997,-1218.2260147399775,0.07478280899999999
2021-11-29,perp_hold,3560.439291519939,20.865438436985063,0.074,0.24931342140449997,-1219.9543322496593,0.07478280899999999
2021-11-30,perp_hold,3492.608383304814,22.373052734695374,0.074,0.24931342140449997,-1221.986956872524,0.07478280899999999
2021-12-01,perp_hold,3510.4593735131352,21.976295433716896,0.074,0.24931342140449997,-1224.1889302564632,0.07478280899999999
2021-12-02,perp_hold,3457.42419820119,23.15505878343176,0.074,0.24931342140449997,-1225.7030855684081,0.07478280899999999
2021-12-03,perp_hold,3243.346334654226,27.91316768097284,0.074,0.24931342140449997,-1227.7398682865721,0.07478280899999999
2021-12-04,perp_hold,2909.544293590873,35.332274146656005,0.074,0.24931342140449997,-1228.4595955860852,0.07478280899999999
2021-12-05,perp_hold,2924.0270578305353,35.010379261085035,0.074,0.24931342140449997,-1229.4434443557625,0.07478280899999999
2021-12-06,perp_hold,3003.7308246945518,33.23887801382964,0.074,0.24931342140449997,-1230.5291248673861,0.07478280899999999
2021-12-07,perp_hold,3012.2694890862567,33.04909708859925,0.074,0.24931342140449997,-1231.4348278678015,0.07478280899999999
2021-12-08,perp_hold,3001.781312295796,33.282208006649526,0.074,0.24931342140449997,-1232.5574314738012,0.07478280899999999
2021-12-09,perp_hold,2786.337001902497,38.07068764308833,0.074,0.24931342140449997,-1233.659261867101,0.07478280899999999
2021-12-10,perp_hold,2756.0095644393773,38.74474729429198,0.074,0.24931342140449997,-1234.7189593302203,0.07478280899999999
2021-12-11,perp_hold,2917.5054354717054,35.15532927533602,0.074,0.24931342140449997,-1235.7840106304318,0.07478280899999999
2021-12-12,perp_hold,2968.5344931546915,34.0211540300693,0.074,0.24931342140449997,-1236.8811633941655,0.07478280899999999
2021-12-13,perp_hold,2717.0498844124804,39.61066774543038,0.074,0.24931342140449997,-1237.9617993571171,0.07478280899999999
2021-12-14,perp_hold,2839.171059520088,36.89639434868468,0.074,0.24931342140449997,-1238.59871803327,0.07478280899999999
2021-12-15,perp_hold,2877.7207104040576,36.039587232670655,0.074,0.24931342140449997,-1239.65807336554,0.07478280899999999
2021-12-16,perp_hold,2784.597057792775,38.10935975711508,0.074,0.24931342140449997,-1240.739785976822,0.07478280899999999
2021-12-17,perp_hold,2672.6219443036684,40.59812611047888,0.074,0.24931342140449997,-1241.600939465929,0.07478280899999999
2021-12-18,perp_hold,2722.8009366550777,39.48284447406388,0.074,0.24931342140449997,-1242.5196871145197,0.07478280899999999
2021-12-19,perp_hold,2711.124642530518,39.74236256735887,0.074,0.24931342140449997,-1243.4659812390796,0.07478280899999999
2021-12-20,perp_hold,2726.8300391000494,39.39329337394128,0.074,0.24931342140449997,-1244.4949446695477,0.07478280899999999
2021-12-21,perp_hold,2872.67786983301,36.15166974411033,0.074,0.24931342140449997,-1245.5313203781677,0.07478280899999999
2021-12-22,perp_hold,2848.6623926545253,36.68543934433139,0.074,0.24931342140449997,-1246.6185111150726,0.07478280899999999
2021-12-23,perp_hold,3012.0548029587903,33.053868716811294,0.074,0.24931342140449997,-1247.469014466127,0.07478280899999999
2021-12-24,perp_hold,3011.7852372376565,33.059860102538664,0.074,0.24931342140449997,-1248.5992865319415,0.07478280899999999
2021-12-25,perp_hold,2980.9760257871426,33.744627694573026,0.074,0.24931342140449997,-1249.726936113375,0.07478280899999999
2021-12-26,perp_hold,3006.301479958109,33.181742458198684,0.074,0.24931342140449997,-1250.8396238114885,0.07478280899999999
2021-12-27,perp_hold,3001.5565911970816,33.28720267280296,0.074,0.24931342140449997,-1251.971156455976,0.07478280899999999
2021-12-28,perp_hold,2764.6807308020507,38.55202137140251,0.074,0.24931342140449997,-1253.0725929675466,0.07478280899999999
2021-12-29,perp_hold,2683.4739026523002,40.35692975921279,0.074,0.24931342140449997,-1254.1309976375771,0.07478280899999999
2021-12-30,perp_hold,2731.3431715118677,39.29298419143797,0.074,0.24931342140449997,-1255.17099949425,0.07478280899999999
2021-12-31,perp_hold,2662.715807015677,40.81830057966176,0.0,1.9588476727964999,-1255.7670052865287,0.5877200249999999
2020-03-26,spot_hold,999.1466342656678,0.08533657343322565,0.07412,0.4997267621721601,0.0,0.07494777216
2020-03-27,spot_hold,971.1107442656678,3.3324868419278064,0.07412,0.4997267621721601,0.0,0.07494777216
2020-03-28,spot_hold,962.0340090656678,4.2360145029690095,0.07412,0.4997267621721601,0.0,0.07494777216
2020-03-29,spot_hold,935.7043614656678,6.856953021927559,0.07412,0.4997267621721601,0.0,0.07494777216
2020-03-30,spot_hold,973.7249566656678,3.0722596607672292,0.07412,0.4997267621721601,0.0,0.07494777216
2020-03-31,spot_hold,974.9153238656678,2.9537666488750114,0.07412,0.4997267621721601,0.0,0.07494777216
2020-04-01,spot_hold,992.1467414656679,1.2384954530652803,0.07412,0.4997267621721601,0.0,0.07494777216
2020-04-02,spot_hold,1003.3514618656678,2.096730979884931,0.07412,0.4997267621721601,0.0,0.07494777216
2020-04-03,spot_hold,998.9050030656679,2.530599737372763,0.07412,0.4997267621721601,0.0,0.07494777216
2020-04-04,spot_hold,1008.0136098656678,1.6418160799685277,0.07412,0.4997267621721601,0.0,0.07494777216
2020-04-05,spot_hold,1001.7719646656678,2.250852387153901,0.07412,0.4997267621721601,0.0,0.07494777216
2020-04-06,spot_hold,1043.0656990656678,0.0,0.07412,0.4997267621721601,0.0,0.07494777216
2020-04-07,spot_hold,1033.238869465668,1.5789635082075648,0.07412,0.4997267621721601,0.0,0.07494777216
2020-04-08,spot_hold,1045.3915846656678,0.4213581746102202,0.07412,0.4997267621721601,0.0,0.07494777216
2020-04-09,spot_hold,1039.6294958656676,0.9702252070197148,0.07412,0.4997267621721601,0.0,0.07494777216
2020-04-10,spot_hold,1008.1566614656679,3.9681660264397345,0.07412,0.4997267621721601,0.0,0.07494777216
2020-04-11,spot_hold,1009.4841506656678,3.841716212309898,0.07412,0.4997267621721601,0.0,0.07494777216
2020-04-12,spot_hold,1011.4824258656679,3.6513707634578174,0.07412,0.4997267621721601,0.0,0.07494777216
2020-04-13,spot_hold,1006.5994002656678,4.116502743071115,0.07412,0.4997267621721601,0.0,0.07494777216
2020-04-14,spot_hold,1008.8815550656677,3.8991163791929684,0.07412,0.4997267621721601,0.0,0.07494777216
2020-04-15,spot_hold,990.5398198656678,5.646256022105867,0.07412,0.4997267621721601,0.0,0.07494777216
2020-04-16,spot_hold,1026.1693038656676,2.2523740761419386,0.07412,0.4997267621721601,0.0,0.07494777216
2020-04-17,spot_hold,1020.6555170656678,2.7775891332674885,0.07412,0.4997267621721601,0.0,0.07494777216
2020-04-18,spot_hold,1037.0397430656678,1.2169117790853945,0.07412,0.4997267621721601,0.0,0.07494777216
2020-04-19,spot_hold,1027.5627598656679,2.1196406029067916,0.07412,0.4997267621721601,0.0,0.07494777216
2020-04-20,spot_hold,1005.7781506656678,4.194730768786281,0.07412,0.4997267621721601,0.0,0.07494777216
2020-04-21,spot_hold,1006.8558554656678,4.092074135762946,0.07412,0.4997267621721601,0.0,0.07494777216
2020-04-22,spot_hold,1027.8888878656678,2.088575321936881,0.07412,0.4997267621721601,0.0,0.07494777216
2020-04-23,spot_hold,1054.3682578656678,0.7488584380994534,0.07412,0.4997267621721601,0.0,0.07494777216
2020-04-24,spot_hold,1056.044111065668,0.5911048809818742,0.07412,0.4997267621721601,0.0,0.07494777216
2020-04-25,spot_hold,1058.539731465668,0.3926007244635654,0.07412,0.4997267621721601,0.0,0.07494777216
2020-04-26,spot_hold,1069.9860830656678,0.0,0.07412,0.4997267621721601,0.0,0.07494777216
2020-04-27,spot_hold,1076.0283454656678,0.0,0.07412,0.4997267621721601,0.0,0.07494777216
2020-04-28,spot_hold,1073.3867086656678,0.24549881154448672,0.07412,0.4997267621721601,0.0,0.07494777216
2020-04-29,spot_hold,1150.4411194656677,0.8759464256818394,0.07412,0.4997267621721601,0.0,0.07494777216
2020-04-30,spot_hold,1138.6879110656678,4.615920895709225,0.07412,0.4997267621721601,0.0,0.07494777216
2020-05-01,spot_hold,1154.0277862656676,3.3309508391136666,0.07412,0.4997267621721601,0.0,0.07494777216
2020-05-02,spot_hold,1164.7818570656677,2.4301182844584046,0.07412,0.4997267621721601,0.0,0.07494777216
2020-05-03,spot_hold,1159.0086502656677,2.9137205153640378,0.07412,0.4997267621721601,0.0,0.07494777216
2020-05-04,spot_hold,1157.3631862656678,3.0515555330313138,0.07412,0.4997267621721601,0.0,0.07494777216
2020-05-05,spot_hold,1168.4715506656678,2.1210449880855298,0.07412,0.4997267621721601,0.0,0.07494777216
2020-05-06,spot_hold,1177.4467414656679,1.3692232633408463,0.07412,0.4997267621721601,0.0,0.07494777216
2020-05-07,spot_hold,1239.9654790656678,0.0,0.07412,0.4997267621721601,0.0,0.07494777216
2020-05-08,spot_hold,1226.1502522656679,1.3113135045756508,0.07412,0.4997267621721601,0.0,0.07494777216
2020-05-09,spot_hold,1206.8338390656677,2.866026267541233,0.07412,0.4997267621721601,0.0,0.07494777216
2020-05-10,spot_hold,1146.305223465668,7.737769806241057,0.07412,0.4997267621721601,0.0,0.07494777216
2020-05-11,spot_hold,1134.3533734656678,8.699733787010022,0.07412,0.4997267621721601,0.0,0.07494777216
2020-05-12,spot_hold,1152.8292658656678,7.212671700273421,0.07412,0.4997267621721601,0.0,0.07494777216
2020-05-13,spot_hold,1189.7840154656678,4.238308900076304,0.07412,0.4997267621721601,0.0,0.07494777216
2020-05-14,spot_hold,1225.555068665668,1.3592178194009152,0.07412,0.4997267621721601,0.0,0.07494777216
2020-05-15,spot_hold,1190.306561465668,4.196250939986856,0.07412,0.4997267621721601,0.0,0.07494777216
2020-05-16,spot_hold,1195.113243465668,3.8093773638450568,0.07412,0.4997267621721601,0.0,0.07494777216
2020-05-17,spot_hold,1217.258075865668,2.027014706267749,0.07412,0.4997267621721601,0.0,0.07494777216
2020-05-18,spot_hold,1221.252402665668,1.7055248524777467,0.07412,0.4997267621721601,0.0,0.07494777216
2020-05-19,spot_hold,1224.335794665668,1.4573530596096007,0.07412,0.4997267621721601,0.0,0.07494777216
2020-05-20,spot_hold,1204.7607026656678,3.032886004236457,0.07412,0.4997267621721601,0.0,0.07494777216
2020-05-21,spot_hold,1171.9418490656678,5.674364524576781,0.07412,0.4997267621721601,0.0,0.07494777216
2020-05-22,spot_hold,1179.4539110656679,5.069744062865567,0.07412,0.4997267621721601,0.0,0.07494777216
2020-05-23,spot_hold,1180.132109065668,5.015158199770764,0.07412,0.4997267621721601,0.0,0.07494777216
2020-05-24,spot_hold,1146.1251118656678,7.752266379718698,0.07412,0.4997267621721601,0.0,0.07494777216
2020-05-25,spot_hold,1159.467453065668,6.67838646543516,0.07412,0.4997267621721601,0.0,0.07494777216
2020-05-26,spot_hold,1155.0817726656678,7.031375046781518,0.07412,0.4997267621721601,0.0,0.07494777216
2020-05-27,spot_hold,1181.9791794656678,4.866493750773793,0.07412,0.4997267621721601,0.0,0.07494777216
2020-05-28,spot_hold,1209.5384778656678,2.6483390386527916,0.07412,0.4997267621721601,0.0,0.07494777216
2020-05-29,spot_hold,1198.5079394656677,3.536149764966201,0.07412,0.4997267621721601,0.0,0.07494777216
2020-05-30,spot_hold,1218.5685174656678,1.9215416942988006,0.07412,0.4997267621721601,0.0,0.07494777216
2020-05-31,spot_hold,1200.079283465668,3.409677601292993,0.07412,0.4997267621721601,0.0,0.07494777216
2020-06-01,spot_hold,1255.854583465668,0.0,0.07412,0.4997267621721601,0.0,0.07494777216
2020-06-02,spot_hold,1205.2506358656678,4.040430414478957,0.07412,0.4997267621721601,0.0,0.07494777216
2020-06-03,spot_hold,1216.2352198656677,3.1658604940417057,0.07412,0.4997267621721601,0.0,0.07494777216
2020-06-04,spot_hold,1225.3386382656677,2.4410650984404536,0.07412,0.4997267621721601,0.0,0.07494777216
2020-06-05,spot_hold,1212.8938902656678,3.431890264711812,0.07412,0.4997267621721601,0.0,0.07494777216
2020-06-06,spot_hold,1216.2396670656676,3.165506417150843,0.07412,0.4997267621721601,0.0,0.07494777216
2020-06-07,spot_hold,1222.2204098656678,2.6893320117521657,0.07412,0.4997267621721601,0.0,0.07494777216
2020-06-08,spot_hold,1224.816092265668,2.482669133117099,0.07412,0.4997267621721601,0.0,0.07494777216
2020-06-09,spot_hold,1224.1060226656678,2.5392034100252814,0.07412,0.4997267621721601,0.0,0.07494777216
2020-06-10,spot_hold,1232.449711065668,1.8748961499468364,0.07412,0.4997267621721601,0.0,0.07494777216
2020-06-11,spot_hold,1187.6367590656678,5.442810953566091,0.07412,0.4997267621721601,0.0,0.07494777216
2020-06-12,spot_hold,1201.328946665668,4.3526672194069915,0.07412,0.4997267621721601,0.0,0.07494777216
2020-06-13,spot_hold,1201.9374718656677,4.304217698173607,0.07412,0.4997267621721601,0.0,0.07494777216
2020-06-14,spot_hold,1192.2099630656678,5.07870188412628,0.07412,0.4997267621721601,0.0,0.07494777216
2020-06-15,spot_hold,1198.430113465668,4.583466339436015,0.07412,0.4997267621721601,0.0,0.07494777216
2020-06-16,spot_hold,1205.8102418656679,3.995875739045074,0.07412,0.4997267621721601,0.0,0.07494777216
2020-06-17,spot_hold,1201.329687865668,4.352608206591846,0.07412,0.4997267621721601,0.0,0.07494777216
2020-06-18,spot_hold,1195.4875494656678,4.817747215558555,0.07412,0.4997267621721601,0.0,0.07494777216
2020-06-19,spot_hold,1189.8477586656677,5.266775725990902,0.07412,0.4997267621721601,0.0,0.07494777216
2020-06-20,spot_hold,1193.4588850656678,4.979265290608281,0.07412,0.4997267621721601,0.0,0.07494777216
2020-06-21,spot_hold,1188.695933865668,5.358481640724988,0.07412,0.4997267621721601,0.0,0.07494777216
2020-06-22,spot_hold,1217.676853865668,3.051080568586184,0.07412,0.4997267621721601,0.0,0.07494777216
2020-06-23,spot_hold,1213.170357865668,3.4098784846630092,0.07412,0.4997267621721601,0.0,0.07494777216
2020-06-24,spot_hold,1188.8293498656678,5.347859333999039,0.07412,0.4997267621721601,0.0,0.07494777216
2020-06-25,spot_hold,1185.3457098656677,5.625219565176865,0.07412,0.4997267621721601,0.0,0.07494777216
2020-06-26,spot_hold,1178.8765162656678,6.140283415755565,0.07412,0.4997267621721601,0.0,0.07494777216
2020-06-27,spot_hold,1167.742951065668,7.026714912036802,0.07412,0.4997267621721601,0.0,0.07494777216
2020-06-28,spot_hold,1175.477373065668,6.41091618600692,0.07412,0.4997267621721601,0.0,0.07494777216
2020-06-29,spot_hold,1181.1260582656678,5.96117952179287,0.07412,0.4997267621721601,0.0,0.07494777216
2020-06-30,spot_hold,1177.1228370656677,6.279907736386781,0.07412,0.4997267621721601,0.0,0.07494777216
2020-07-01,spot_hold,1184.049351065668,5.728432978864073,0.07412,0.4997267621721601,0.0,0.07494777216
2020-07-02,spot_hold,1173.267855865668,6.586833387951819,0.07412,0.4997267621721601,0.0,0.07494777216
2020-07-03,spot_hold,1171.171742265668,6.753721629179665,0.07412,0.4997267621721601,0.0,0.07494777216
2020-07-04,spot_hold,1176.8938062656678,6.29814269626634,0.07412,0.4997267621721601,0.0,0.07494777216
2020-07-05,spot_hold,1171.9981802656678,6.687922340293884,0.07412,0.4997267621721601,0.0,0.07494777216
2020-07-06,spot_hold,1192.365615065668,5.066309192945983,0.07412,0.4997267621721601,0.0,0.07494777216
2020-07-07,spot_hold,1185.9312578656677,5.578599441212928,0.07412,0.4997267621721601,0.0,0.07494777216
2020-07-08,spot_hold,1199.174278265668,4.524217473031222,0.07412,0.4997267621721601,0.0,0.07494777216
2020-07-09,spot_hold,1184.0812226656678,5.725895427812877,0.07412,0.4997267621721601,0.0,0.07494777216
2020-07-10,spot_hold,1188.2252718656678,5.395954778341583,0.07412,0.4997267621721601,0.0,0.07494777216
2020-07-11,spot_hold,1184.1998146656679,5.716453377389808,0.07412,0.4997267621721601,0.0,0.07494777216
2020-07-12,spot_hold,1189.2933410656678,5.310917311718766,0.07412,0.4997267621721601,0.0,0.07494777216
2020-07-13,spot_hold,1184.8365054656679,5.665761369180922,0.07412,0.4997267621721601,0.0,0.07494777216
2020-07-14,spot_hold,1185.8171130656679,5.587687414745124,0.07412,0.4997267621721601,0.0,0.07494777216
2020-07-15,spot_hold,1181.499623065668,5.9314370629601765,0.07412,0.4997267621721601,0.0,0.07494777216
2020-07-16,spot_hold,1176.7648374656678,6.308410926101427,0.07412,0.4997267621721601,0.0,0.07494777216
2020-07-17,spot_hold,1178.2917094656677,6.1868445269043555,0.07412,0.4997267621721601,0.0,0.07494777216
2020-07-18,spot_hold,1179.474664665668,6.092660073934175,0.07412,0.4997267621721601,0.0,0.07494777216
2020-07-19,spot_hold,1182.3438498656678,5.864221466510921,0.07412,0.4997267621721601,0.0,0.07494777216
2020-07-20,spot_hold,1178.7705246656678,6.148722248321182,0.07412,0.4997267621721601,0.0,0.07494777216
2020-07-21,spot_hold,1195.7603110656678,4.796030499585491,0.07412,0.4997267621721601,0.0,0.07494777216
2020-07-22,spot_hold,1205.2595302656678,4.039722260697232,0.07412,0.4997267621721601,0.0,0.07494777216
2020-07-23,spot_hold,1211.5678834656678,3.5374641910048132,0.07412,0.4997267621721601,0.0,0.07494777216
2020-07-24,spot_hold,1206.7152470656679,3.9238210917539873,0.07412,0.4997267621721601,0.0,0.07494777216
2020-07-25,spot_hold,1218.7686414656678,2.964154691878773,0.07412,0.4997267621721601,0.0,0.07494777216
2020-07-26,spot_hold,1235.8992558656678,1.600250508265677,0.07412,0.4997267621721601,0.0,0.07494777216
2020-07-27,spot_hold,1317.3141462656677,0.9987181443973481,0.07412,0.4997267621721601,0.0,0.07494777216
2020-07-28,spot_hold,1308.1462434656678,1.6877216988649968,0.07412,0.4997267621721601,0.0,0.07494777216
2020-07-29,spot_hold,1322.5447946656677,1.0413696163685593,0.07412,0.4997267621721601,0.0,0.07494777216
2020-07-30,spot_hold,1322.476604265668,1.046471922631842,0.07412,0.4997267621721601,0.0,0.07494777216
2020-07-31,spot_hold,1339.9578062656678,0.23338192797026647,0.07412,0.4997267621721601,0.0,0.07494777216
2020-08-01,spot_hold,1374.4762314656678,0.1551735584221614,0.07412,0.4997267621721601,0.0,0.07494777216
2020-08-02,spot_hold,1320.3819730656678,4.95471268107659,0.07412,0.4997267621721601,0.0,0.07494777216
2020-08-03,spot_hold,1331.385828265668,4.1626202408325375,0.07412,0.4997267621721601,0.0,0.07494777216
2020-08-04,spot_hold,1329.3223274656677,4.311157581101943,0.07412,0.4997267621721601,0.0,0.07494777216
2020-08-05,spot_hold,1370.3062402656678,1.3610053925761312,0.07412,0.4997267621721601,0.0,0.07494777216
2020-08-06,spot_hold,1371.6070462656678,1.2673692459623354,0.07412,0.4997267621721601,0.0,0.07494777216
2020-08-07,spot_hold,1359.137838665668,2.1649424052123334,0.07412,0.4997267621721601,0.0,0.07494777216
2020-08-08,spot_hold,1371.5292202656678,1.272971408580259,0.07412,0.4997267621721601,0.0,0.07494777216
2020-08-09,spot_hold,1365.6196326656677,1.6983622900342388,0.07412,0.4997267621721601,0.0,0.07494777216
2020-08-10,spot_hold,1381.2767414656678,0.6211550470916483,0.07412,0.4997267621721601,0.0,0.07494777216
2020-08-11,spot_hold,1344.154480665668,3.2919937643425157,0.07412,0.4997267621721601,0.0,0.07494777216
2020-08-12,spot_hold,1356.9216506656678,2.373433008319714,0.07412,0.4997267621721601,0.0,0.07494777216
2020-08-13,spot_hold,1372.9071110656678,1.223325616439086,0.07412,0.4997267621721601,0.0,0.07494777216
2020-08-14,spot_hold,1371.464735865668,1.3271003178161656,0.07412,0.4997267621721601,0.0,0.07494777216
2020-08-15,spot_hold,1378.273399065668,0.8372367993937813,0.07412,0.4997267621721601,0.0,0.07494777216
2020-08-16,spot_hold,1382.6168310656678,0.5247394971996777,0.07412,0.4997267621721601,0.0,0.07494777216
2020-08-17,spot_hold,1410.0508666656679,0.7342182260270502,0.07412,0.4997267621721601,0.0,0.07494777216
2020-08-18,spot_hold,1385.1376522656678,2.488076730271327,0.07412,0.4997267621721601,0.0,0.07494777216
2020-08-19,spot_hold,1371.023721865668,3.4816794209121538,0.07412,0.4997267621721601,0.0,0.07494777216
2020-08-20,spot_hold,1378.3586370656678,2.965310750258787,0.07412,0.4997267621721601,0.0,0.07494777216
2020-08-21,spot_hold,1354.476431865668,4.646587522401314,0.07412,0.4997267621721601,0.0,0.07494777216
2020-08-22,spot_hold,1364.2321062656679,3.959800492981369,0.07412,0.4997267621721601,0.0,0.07494777216
2020-08-23,spot_hold,1363.1329066656676,4.037182742231482,0.07412,0.4997267621721601,0.0,0.07494777216
2020-08-24,spot_hold,1370.5500950656678,3.5150221432795337,0.07412,0.4997267621721601,0.0,0.07494777216
2020-08-25,spot_hold,1338.6948014656678,5.757594165039947,0.07412,0.4997267621721601,0.0,0.07494777216
2020-08-26,spot_hold,1349.294702665668,5.011374646141997,0.07412,0.4997267621721601,0.0,0.07494777216
2020-08-27,spot_hold,1339.5812766656677,5.695187442111349,0.07412,0.4997267621721601,0.0,0.07494777216
2020-08-28,spot_hold,1354.1480802656679,4.669703056061325,0.07412,0.4997267621721601,0.0,0.07494777216
2020-08-29,spot_hold,1349.6215718656679,4.988363471550428,0.07412,0.4997267621721601,0.0,0.07494777216
2020-08-30,spot_hold,1367.804690265668,3.7082951380350004,0.07412,0.4997267621721601,0.0,0.07494777216
2020-08-31,spot_hold,1363.2351922656678,4.029981966508944,0.07412,0.4997267621721601,0.0,0.07494777216
2020-09-01,spot_hold,1383.4299274656678,2.6082983771170687,0.07412,0.4997267621721601,0.0,0.07494777216
2020-09-02,spot_hold,1343.892095865668,5.391711271080613,0.07412,0.4997267621721601,0.0,0.07494777216
2020-09-03,spot_hold,1251.4133130656678,11.902099576330372,0.07412,0.4997267621721601,0.0,0.07494777216
2020-09-04,spot_hold,1274.0495610656678,10.308536601213735,0.07412,0.4997267621721601,0.0,0.07494777216
2020-09-05,spot_hold,1253.3285738656677,11.767267659902691,0.07412,0.4997267621721601,0.0,0.07494777216
2020-09-06,spot_hold,1259.963055065668,11.300208649088361,0.07412,0.4997267621721601,0.0,0.07494777216
2020-09-07,spot_hold,1268.6528838656677,10.688455789878581,0.07412,0.4997267621721601,0.0,0.07494777216
2020-09-08,spot_hold,1250.3608090656678,11.976194514924533,0.07412,0.4997267621721601,0.0,0.07494777216
2020-09-09,spot_hold,1257.220615065668,11.493272925706954,0.07412,0.4997267621721601,0.0,0.07494777216
2020-09-10,spot_hold,1265.942315465668,10.879276346525636,0.07412,0.4997267621721601,0.0,0.07494777216
2020-09-11,spot_hold,1269.7239178656678,10.613056362928885,0.07412,0.4997267621721601,0.0,0.07494777216
2020-09-12,spot_hold,1273.6545014656679,10.336348292953645,0.07412,0.4997267621721601,0.0,0.07494777216
2020-09-13,spot_hold,1265.642870665668,10.900356878351014,0.07412,0.4997267621721601,0.0,0.07494777216
2020-09-14,spot_hold,1290.7651034656678,9.131783745456346,0.07412,0.4997267621721601,0.0,0.07494777216
2020-09-15,spot_hold,1299.1806882656679,8.539337313908401,0.07412,0.4997267621721601,0.0,0.07494777216
2020-09-16,spot_hold,1311.684732265668,7.659068571596106,0.07412,0.4997267621721601,0.0,0.07494777216
2020-09-17,spot_hold,1310.6455698656678,7.732224278574284,0.07412,0.4997267621721601,0.0,0.07494777216
2020-09-18,spot_hold,1310.1563778656678,7.766662771160304,0.07412,0.4997267621721601,0.0,0.07494777216
2020-09-19,spot_hold,1321.0712890656678,6.998266950218346,0.07412,0.4997267621721601,0.0,0.07494777216
2020-09-20,spot_hold,1309.184664665668,7.835070140524336,0.07412,0.4997267621721601,0.0,0.07494777216
2020-09-21,spot_hold,1271.8978574656678,10.460013789057987,0.07412,0.4997267621721601,0.0,0.07494777216
2020-09-22,spot_hold,1280.228204265668,9.873568003945476,0.07412,0.4997267621721601,0.0,0.07494777216
2020-09-23,spot_hold,1258.8705262656676,11.377121282530489,0.07412,0.4997267621721601,0.0,0.07494777216
2020-09-24,spot_hold,1295.549549465668,8.794964852058252,0.07412,0.4997267621721601,0.0,0.07494777216
2020-09-25,spot_hold,1291.8694914656678,9.054036239466711,0.07412,0.4997267621721601,0.0,0.07494777216
2020-09-26,spot_hold,1294.9773430656678,8.835247452477057,0.07412,0.4997267621721601,0.0,0.07494777216
2020-09-27,spot_hold,1298.3609210656678,8.597047878757103,0.07412,0.4997267621721601,0.0,0.07494777216
2020-09-28,spot_hold,1292.569925465668,9.004726579627631,0.07412,0.4997267621721601,0.0,0.07494777216
2020-09-29,spot_hold,1303.2698886656678,8.251462823609835,0.07412,0.4997267621721601,0.0,0.07494777216
2020-09-30,spot_hold,1298.534361865668,8.584837867749318,0.07412,0.4997267621721601,0.0,0.07494777216
2020-10-01,spot_hold,1286.8634266656677,9.406456813596964,0.07412,0.4997267621721601,0.0,0.07494777216
2020-10-02,spot_hold,1283.2515590656678,9.66072768385705,0.07412,0.4997267621721601,0.0,0.07494777216
2020-10-03,spot_hold,1281.1509982656678,9.808604483840044,0.07412,0.4997267621721601,0.0,0.07494777216
2020-10-04,spot_hold,1290.3841266656677,9.15860402604608,0.07412,0.4997267621721601,0.0,0.07494777216
2020-10-05,spot_hold,1299.6921162656677,8.503333435295756,0.07412,0.4997267621721601,0.0,0.07494777216
2020-10-06,spot_hold,1285.420310265668,9.508050366725696,0.07412,0.4997267621721601,0.0,0.07494777216
2020-10-07,spot_hold,1290.366337865668,9.159856334867378,0.07412,0.4997267621721601,0.0,0.07494777216
2020-10-08,spot_hold,1309.5767594656677,7.807467166921322,0.07412,0.4997267621721601,0.0,0.07494777216
2020-10-09,spot_hold,1318.8469478656677,7.154857732416275,0.07412,0.4997267621721601,0.0,0.07494777216
2020-10-10,spot_hold,1336.8269774656678,5.88908659127746,0.07412,0.4997267621721601,0.0,0.07494777216
2020-10-11,spot_hold,1342.445273465668,5.493565721880467,0.07412,0.4997267621721601,0.0,0.07494777216
2020-10-12,spot_hold,1354.2474010656679,4.662710998475683,0.07412,0.4997267621721601,0.0,0.07494777216
2020-10-13,spot_hold,1346.265418265668,5.224632402504204,0.07412,0.4997267621721601,0.0,0.07494777216
2020-10-14,spot_hold,1346.067517865668,5.238564338141272,0.07412,0.4997267621721601,0.0,0.07494777216
2020-10-15,spot_hold,1352.5330054656679,4.78340226112941,0.07412,0.4997267621721601,0.0,0.07494777216
2020-10-16,spot_hold,1338.7615094656678,5.752898006960027,0.07412,0.4997267621721601,0.0,0.07494777216
2020-10-17,spot_hold,1341.7915350656679,5.539588071063606,0.07412,0.4997267621721601,0.0,0.07494777216
2020-10-18,spot_hold,1352.3862478656679,4.793733808905209,0.07412,0.4997267621721601,0.0,0.07494777216
2020-10-19,spot_hold,1370.7924674656679,3.497959435589182,0.07412,0.4997267621721601,0.0,0.07494777216
2020-10-20,spot_hold,1382.5419698656679,2.6708094591141096,0.07412,0.4997267621721601,0.0,0.07494777216
2020-10-21,spot_hold,1447.098266265668,2.093898535488392,0.07412,0.4997267621721601,0.0,0.07494777216
2020-10-22,spot_hold,1461.000213465668,1.1533366642964338,0.07412,0.4997267621721601,0.0,0.07494777216
2020-10-23,spot_hold,1457.6314594656678,1.3812559277090797,0.07412,0.4997267621721601,0.0,0.07494777216
2020-10-24,spot_hold,1471.614938665668,0.43517785872273507,0.07412,0.4997267621721601,0.0,0.07494777216
2020-10-25,spot_hold,1465.4703906656678,1.4110498174394026,0.07412,0.4997267621721601,0.0,0.07494777216
2020-10-26,spot_hold,1467.201833865668,1.2945676500233594,0.07412,0.4997267621721601,0.0,0.07494777216
2020-10-27,spot_hold,1510.486431465668,0.46030971908052054,0.07412,0.4997267621721601,0.0,0.07494777216
2020-10-28,spot_hold,1483.0790790656679,2.7867980164596795,0.07412,0.4997267621721601,0.0,0.07494777216
2020-10-29,spot_hold,1497.109995065668,1.8670963698142362,0.07412,0.4997267621721601,0.0,0.07494777216
2020-10-30,spot_hold,1504.848123065668,1.3598758103330777,0.07412,0.4997267621721601,0.0,0.07494777216
2020-10-31,spot_hold,1521.9624310656677,0.7204066884971327,0.07412,0.4997267621721601,0.0,0.07494777216
2020-11-01,spot_hold,1519.7758910656678,0.8630375429311221,0.07412,0.4997267621721601,0.0,0.07494777216
2020-11-02,spot_hold,1504.052815465668,1.8886742599169781,0.07412,0.4997267621721601,0.0,0.07494777216
2020-11-03,spot_hold,1539.1975546656681,0.0,0.07412,0.4997267621721601,0.0,0.07494777216
2020-11-04,spot_hold,1548.127532265668,0.0,0.07412,0.4997267621721601,0.0,0.07494777216
2020-11-05,spot_hold,1655.305793465668,0.0,0.07412,0.4997267621721601,0.0,0.07494777216
2020-11-06,spot_hold,1654.5571814656678,1.258886412892679,0.07412,0.4997267621721601,0.0,0.07494777216
2020-11-07,spot_hold,1598.105907065668,4.6278009237406215,0.07412,0.4997267621721601,0.0,0.07494777216
2020-11-08,spot_hold,1646.787923065668,1.7225423292644537,0.07412,0.4997267621721601,0.0,0.07494777216
2020-11-09,spot_hold,1635.9152602656677,2.371404057680593,0.07412,0.4997267621721601,0.0,0.07494777216
2020-11-10,spot_hold,1633.6027162656678,2.5094126876252565,0.07412,0.4997267621721601,0.0,0.07494777216
2020-11-11,spot_hold,1662.2893798656678,0.8016545510515116,0.07412,0.4997267621721601,0.0,0.07494777216
2020-11-12,spot_hold,1707.3261742656678,0.0,0.07412,0.4997267621721601,0.0,0.07494777216
2020-11-13,spot_hold,1709.463795065668,0.4845150247872021,0.07412,0.4997267621721601,0.0,0.07494777216
2020-11-14,spot_hold,1690.9152650656679,1.5643073923444106,0.07412,0.4997267621721601,0.0,0.07494777216
2020-11-15,spot_hold,1682.5063510656678,2.05382764848574,0.07412,0.4997267621721601,0.0,0.07494777216
2020-11-16,spot_hold,1738.583319465668,0.4752139461414173,0.07412,0.4997267621721601,0.0,0.07494777216
2020-11-17,spot_hold,1808.6867566656679,0.6080704404004544,0.07412,0.4997267621721601,0.0,0.07494777216
2020-11-18,spot_hold,1817.339525465668,2.3622484445698477,0.07412,0.4997267621721601,0.0,0.07494777216
2020-11-19,spot_hold,1819.3185294656678,2.2559251636575017,0.07412,0.4997267621721601,0.0,0.07494777216
2020-11-20,spot_hold,1882.5317714656676,0.11503211393776303,0.07412,0.4997267621721601,0.0,0.07494777216
2020-11-21,spot_hold,1886.0991670656676,0.6122643018424023,0.07412,0.4997267621721601,0.0,0.07494777216
2020-11-22,spot_hold,1864.6510626656677,1.742469207584485,0.07412,0.4997267621721601,0.0,0.07494777216
2020-11-23,spot_hold,1861.2096710656679,1.923812863711949,0.07412,0.4997267621721601,0.0,0.07494777216
2020-11-24,spot_hold,1919.9134522656677,0.8589518574000365,0.07412,0.4997267621721601,0.0,0.07494777216
2020-11-25,spot_hold,1887.233944265668,2.5464657774057042,0.07412,0.4997267621721601,0.0,0.07494777216
2020-11-26,spot_hold,1770.892227465668,8.554153120108642,0.07412,0.4997267621721601,0.0,0.07494777216
2020-11-27,spot_hold,1770.154733465668,8.592236049353497,0.07412,0.4997267621721601,0.0,0.07494777216
2020-11-28,spot_hold,1813.1687930656676,6.371063554010126,0.07412,0.4997267621721601,0.0,0.07494777216
2020-11-29,spot_hold,1847.644969865668,4.590772728989823,0.07412,0.4997267621721601,0.0,0.07494777216
2020-11-30,spot_hold,1959.631395465668,0.0,0.07412,0.4997267621721601,0.0,0.07494777216
2020-12-01,spot_hold,1890.6323462656678,3.6800090421161835,0.07412,0.4997267621721601,0.0,0.07494777216
2020-12-02,spot_hold,1923.1806618656678,2.0218053884663134,0.07412,0.4997267621721601,0.0,0.07494777216
2020-12-03,spot_hold,1939.324739065668,1.199330636567153,0.07412,0.4997267621721601,0.0,0.07494777216
2020-12-04,spot_hold,1882.150053465668,4.112147192831661,0.07412,0.4997267621721601,0.0,0.07494777216
2020-12-05,spot_hold,1918.998070265668,2.2348913360796807,0.07412,0.4997267621721601,0.0,0.07494777216
2020-12-06,spot_hold,1934.6922390656678,1.4353375783682565,0.07412,0.4997267621721601,0.0,0.07494777216
2020-12-07,spot_hold,1920.424139065668,2.1622389591156366,0.07412,0.4997267621721601,0.0,0.07494777216
2020-12-08,spot_hold,1857.956544265668,5.3447076068044,0.07412,0.4997267621721601,0.0,0.07494777216
2020-12-09,spot_hold,1874.0531846656677,4.524649565989303,0.07412,0.4997267621721601,0.0,0.07494777216
2020-12-10,spot_hold,1852.8066866656682,5.607071803865848,0.07412,0.4997267621721601,0.0,0.07494777216
2020-12-11,spot_hold,1836.6411146656678,6.430641627974976,0.07412,0.4997267621721601,0.0,0.07494777216
2020-12-12,spot_hold,1893.8736138656677,3.514879705076801,0.07412,0.4997267621721601,0.0,0.07494777216
2020-12-13,spot_hold,1921.0237698656679,2.131690220568905,0.07412,0.4997267621721601,0.0,0.07494777216
2020-12-14,spot_hold,1928.298647865668,1.7610649191644567,0.07412,0.4997267621721601,0.0,0.07494777216
2020-12-15,spot_hold,1939.660502665668,1.1822248534254065,0.07412,0.4997267621721601,0.0,0.07494777216
2020-12-16,spot_hold,2081.162253465668,0.10992849284691131,0.07412,0.4997267621721601,0.0,0.07494777216
2020-12-17,spot_hold,2189.499010265668,2.6208702781996274,0.07412,0.4997267621721601,0.0,0.07494777216
2020-12-18,spot_hold,2212.493257865668,1.5981889207762556,0.07412,0.4997267621721601,0.0,0.07494777216
2020-12-19,spot_hold,2265.431244265668,0.49841341293686003,0.07412,0.4997267621721601,0.0,0.07494777216
2020-12-20,spot_hold,2238.296653465668,2.3207263488917884,0.07412,0.4997267621721601,0.0,0.07494777216
2020-12-21,spot_hold,2183.7584162656676,4.700775207768215,0.07412,0.4997267621721601,0.0,0.07494777216
2020-12-22,spot_hold,2264.629265865668,1.1715710532407053,0.07412,0.4997267621721601,0.0,0.07494777216
2020-12-23,spot_hold,2221.7856822656677,3.041265188814213,0.07412,0.4997267621721601,0.0,0.07494777216
2020-12-24,spot_hold,2258.581815065668,1.435481826940077,0.07412,0.4997267621721601,0.0,0.07494777216
2020-12-25,spot_hold,2331.461787465668,0.0,0.07412,0.4997267621721601,0.0,0.07494777216
2020-12-26,spot_hold,2463.463577865668,0.6243094644159286,0.07412,0.4997267621721601,0.0,0.07494777216
2020-12-27,spot_hold,2447.770150265668,4.456858196728142,0.07412,0.4997267621721601,0.0,0.07494777216
2020-12-28,spot_hold,2506.899380265668,2.14888315830587,0.07412,0.4997267621721601,0.0,0.07494777216
2020-12-29,spot_hold,2529.549711065668,1.2647790003723514,0.07412,0.4997267621721601,0.0,0.07494777216
2020-12-30,spot_hold,2640.028535865668,0.0,0.07412,0.4997267621721601,0.0,0.07494777216
2020-12-31,spot_hold,2643.592966665668,0.6452167900801387,0.07412,0.4997267621721601,0.0,0.07494777216
2021-01-01,spot_hold,2673.8383738656676,0.3676028702943923,0.07412,0.4997267621721601,0.0,0.07494777216
2021-01-02,spot_hold,2884.831330665668,2.1344501219578094,0.07412,0.4997267621721601,0.0,0.07494777216
2021-01-03,spot_hold,2945.737217065668,3.5253948490844955,0.07412,0.4997267621721601,0.0,0.07494777216
2021-01-04,spot_hold,2870.776696265668,5.9803954527333225,0.07412,0.4997267621721601,0.0,0.07494777216
2021-01-05,spot_hold,3016.112674665668,1.2205577288752045,0.07412,0.4997267621721601,0.0,0.07494777216
2021-01-06,spot_hold,3225.118474265668,0.0,0.07412,0.4997267621721601,0.0,0.07494777216
2021-01-07,spot_hold,3422.4941046656677,0.6468759312254102,0.07412,0.4997267621721601,0.0,0.07494777216
2021-01-08,spot_hold,3507.7713882656676,1.8078344181250428,0.07412,0.4997267621721601,0.0,0.07494777216
2021-01-09,spot_hold,3471.112377465668,2.8340209223490453,0.07412,0.4997267621721601,0.0,0.07494777216
2021-01-10,spot_hold,3327.4529934656675,6.855442064076489,0.07412,0.4997267621721601,0.0,0.07494777216
2021-01-11,spot_hold,3123.9528274656677,12.551971222919622,0.07412,0.4997267621721601,0.0,0.07494777216
2021-01-12,spot_hold,3023.651419865668,15.359683394841927,0.07412,0.4997267621721601,0.0,0.07494777216
2021-01-13,spot_hold,3269.7401966656676,8.470981924666033,0.07412,0.4997267621721601,0.0,0.07494777216
2021-01-14,spot_hold,3401.163851065668,4.792072495907506,0.07412,0.4997267621721601,0.0,0.07494777216
2021-01-15,spot_hold,3223.106857465668,9.776377304672856,0.07412,0.4997267621721601,0.0,0.07494777216
2021-01-16,spot_hold,3167.721428665668,11.326767735972199,0.07412,0.4997267621721601,0.0,0.07494777216
2021-01-17,spot_hold,3155.390084265668,11.671955970080761,0.07412,0.4997267621721601,0.0,0.07494777216
2021-01-18,spot_hold,3214.8832434656674,10.006578870906823,0.07412,0.4997267621721601,0.0,0.07494777216
2021-01-19,spot_hold,3160.0507498656675,11.541491125693293,0.07412,0.4997267621721601,0.0,0.07494777216
2021-01-20,spot_hold,3128.678718665668,12.419680534653942,0.07412,0.4997267621721601,0.0,0.07494777216
2021-01-21,spot_hold,2786.385146665668,22.001418732265886,0.07412,0.4997267621721601,0.0,0.07494777216
2021-01-22,spot_hold,2941.6695114656677,17.654582415701736,0.07412,0.4997267621721601,0.0,0.07494777216
2021-01-23,spot_hold,2877.3948710656678,19.453806320083,0.07412,0.4997267621721601,0.0,0.07494777216
2021-01-24,spot_hold,2890.877299065668,19.076396091169457,0.07412,0.4997267621721601,0.0,0.07494777216
2021-01-25,spot_hold,2890.454815065668,19.08822257992596,0.07412,0.4997267621721601,0.0,0.07494777216
2021-01-26,spot_hold,2906.2846234656677,18.645102719623253,0.07412,0.4997267621721601,0.0,0.07494777216
2021-01-27,spot_hold,2750.512549065668,23.0055913688221,0.07412,0.4997267621721601,0.0,0.07494777216
2021-01-28,spot_hold,2972.776934265668,16.783800123383298,0.07412,0.4997267621721601,0.0,0.07494777216
2021-01-29,spot_hold,3038.5465750656676,14.942727047384729,0.07412,0.4997267621721601,0.0,0.07494777216
2021-01-30,spot_hold,3039.3381766656676,14.92056794213572,0.07412,0.4997267621721601,0.0,0.07494777216
2021-01-31,spot_hold,2952.6251886656682,17.347902888842405,0.07412,0.4997267621721601,0.0,0.07494777216
2021-02-01,spot_hold,2984.748055465668,16.44869552705659,0.07412,0.4997267621721601,0.0,0.07494777216
2021-02-02,spot_hold,3128.5312198656675,12.42380943160578,0.07412,0.4997267621721601,0.0,0.07494777216
2021-02-03,spot_hold,3288.084155465668,7.9574840821491915,0.07412,0.4997267621721601,0.0,0.07494777216
2021-02-04,spot_hold,3237.518750265668,9.372948800495006,0.07412,0.4997267621721601,0.0,0.07494777216
2021-02-05,spot_hold,3337.846099865668,6.564510440666604,0.07412,0.4997267621721601,0.0,0.07494777216
2021-02-06,spot_hold,3404.309503865668,4.704017025236318,0.07412,0.4997267621721601,0.0,0.07494777216
2021-02-07,spot_hold,3375.310053865668,5.515791363127576,0.07412,0.4997267621721601,0.0,0.07494777216
2021-02-08,spot_hold,3937.0788754656683,0.0,0.07412,0.4997267621721601,0.0,0.07494777216
2021-02-09,spot_hold,3940.455041465668,3.082789148815279,0.07412,0.4997267621721601,0.0,0.07494777216
2021-02-10,spot_hold,3820.911340665668,6.023018623443455,0.07412,0.4997267621721601,0.0,0.07494777216
2021-02-11,spot_hold,4055.273592265668,0.2587767998831092,0.07412,0.4997267621721601,0.0,0.07494777216
2021-02-12,spot_hold,4004.7304230656678,2.1548427042058282,0.07412,0.4997267621721601,0.0,0.07494777216
2021-02-13,spot_hold,3994.805013865668,2.3973442266068457,0.07412,0.4997267621721601,0.0,0.07494777216
2021-02-14,spot_hold,4100.359305865668,1.5291487752048027,0.07412,0.4997267621721601,0.0,0.07494777216
2021-02-15,spot_hold,4050.9442430656677,2.7158602154149003,0.07412,0.4997267621721601,0.0,0.07494777216
2021-02-16,spot_hold,4141.544825065668,0.9160039180817869,0.07412,0.4997267621721601,0.0,0.07494777216
2021-02-17,spot_hold,4362.886416265668,0.38969246252109624,0.07412,0.4997267621721601,0.0,0.07494777216
2021-02-18,spot_hold,4320.852223065668,1.349387149078085,0.07412,0.4997267621721601,0.0,0.07494777216
2021-02-19,spot_hold,4643.526231065668,0.0,0.07412,0.4997267621721601,0.0,0.07494777216
2021-02-20,spot_hold,4638.722513865668,2.2655531825775066,0.07412,0.4997267621721601,0.0,0.07494777216
2021-02-21,spot_hold,4754.896719465668,1.1938431524778914,0.07412,0.4997267621721601,0.0,0.07494777216
2021-02-22,spot_hold,4508.751611465668,6.308707592904961,0.07412,0.4997267621721601,0.0,0.07494777216
2021-02-23,spot_hold,4123.574431065668,14.312641042160923,0.07412,0.4997267621721601,0.0,0.07494777216
2021-02-24,spot_hold,4181.773455065668,13.103272630398056,0.07412,0.4997267621721601,0.0,0.07494777216
2021-02-25,spot_hold,3988.878378665668,17.111608099782316,0.07412,0.4997267621721601,0.0,0.07494777216
2021-02-26,spot_hold,3929.815115465668,18.338935293614934,0.07412,0.4997267621721601,0.0,0.07494777216
2021-02-27,spot_hold,3917.182102665668,18.601447713509057,0.07412,0.4997267621721601,0.0,0.07494777216
2021-02-28,spot_hold,3845.228630265668,20.09663183613647,0.07412,0.4997267621721601,0.0,0.07494777216
2021-03-01,spot_hold,4175.164174665668,13.240612647306992,0.07412,0.4997267621721601,0.0,0.07494777216
2021-03-02,spot_hold,4090.194489065668,15.006272046029245,0.07412,0.4997267621721601,0.0,0.07494777216
2021-03-03,spot_hold,4231.668815465669,12.066453305708258,0.07412,0.4997267621721601,0.0,0.07494777216
2021-03-04,spot_hold,4085.2610618656677,15.108788043847577,0.07412,0.4997267621721601,0.0,0.07494777216
2021-03-05,spot_hold,4113.250256265668,14.527176098292415,0.07412,0.4997267621721601,0.0,0.07494777216
2021-03-06,spot_hold,4122.922175065668,14.326194839949402,0.07412,0.4997267621721601,0.0,0.07494777216
2021-03-07,spot_hold,4277.799621065668,11.10786095711812,0.07412,0.4997267621721601,0.0,0.07494777216
2021-03-08,spot_hold,4381.821111465668,8.946307446628765,0.07412,0.4997267621721601,0.0,0.07494777216
2021-03-09,spot_hold,4567.812651065668,5.081426605201167,0.07412,0.4997267621721601,0.0,0.07494777216
2021-03-10,spot_hold,4639.493361865668,3.591910434376222,0.07412,0.4997267621721601,0.0,0.07494777216
2021-03-11,spot_hold,4781.920130265668,0.6323000688754576,0.07412,0.4997267621721601,0.0,0.07494777216
2021-03-12,spot_hold,4741.047397465668,1.481630324838945,0.07412,0.4997267621721601,0.0,0.07494777216
2021-03-13,spot_hold,5035.056977865668,0.6724128216123448,0.07412,0.4997267621721601,0.0,0.07494777216
2021-03-14,spot_hold,4870.504648265668,3.9185699029725574,0.07412,0.4997267621721601,0.0,0.07494777216
2021-03-15,spot_hold,4621.230935065668,8.836042850746217,0.07412,0.4997267621721601,0.0,0.07494777216
2021-03-16,spot_hold,4717.257101065668,6.941715255904479,0.07412,0.4997267621721601,0.0,0.07494777216
2021-03-17,spot_hold,4866.402847465668,3.9994869568095726,0.07412,0.4997267621721601,0.0,0.07494777216
2021-03-18,spot_hold,4772.655130265668,5.848867131431746,0.07412,0.4997267621721601,0.0,0.07494777216
2021-03-19,spot_hold,4800.957852265668,5.290533611235448,0.07412,0.4997267621721601,0.0,0.07494777216
2021-03-20,spot_hold,4806.314504665668,5.184861846132427,0.07412,0.4997267621721601,0.0,0.07494777216
2021-03-21,spot_hold,4750.671138265668,6.282549787161029,0.07412,0.4997267621721601,0.0,0.07494777216
2021-03-22,spot_hold,4508.424001065669,11.06140804928687,0.07412,0.4997267621721601,0.0,0.07494777216
2021-03-23,spot_hold,4527.5202778656685,10.68469193525421,0.07412,0.4997267621721601,0.0,0.07494777216
2021-03-24,spot_hold,4376.520049065668,13.663503983662507,0.07412,0.4997267621721601,0.0,0.07494777216
2021-03-25,spot_hold,4301.668484665668,15.14011593086857,0.07412,0.4997267621721601,0.0,0.07494777216
2021-03-26,spot_hold,4578.270241865668,9.683537132901442,0.07412,0.4997267621721601,0.0,0.07494777216
2021-03-27,spot_hold,4636.939927865668,8.526148373149233,0.07412,0.4997267621721601,0.0,0.07494777216
2021-03-28,spot_hold,4634.011446665668,8.583919113971438,0.07412,0.4997267621721601,0.0,0.07494777216
2021-03-29,spot_hold,4771.714547465668,5.867422198529537,0.07412,0.4997267621721601,0.0,0.07494777216
2021-03-30,spot_hold,4854.069279465668,4.242793746807383,0.07412,0.4997267621721601,0.0,0.07494777216
2021-03-31,spot_hold,4853.623077065668,4.251596071782049,0.07412,0.4997267621721601,0.0,0.07494777216
2021-04-01,spot_hold,4852.132523865668,4.281000516174216,0.07412,0.4997267621721601,0.0,0.07494777216
2021-04-02,spot_hold,4869.148252265668,3.9453278011514104,0.07412,0.4997267621721601,0.0,0.07494777216
2021-04-03,spot_hold,4728.463303865668,6.720648227179904,0.07412,0.4997267621721601,0.0,0.07494777216
2021-04-04,spot_hold,4813.706492265668,5.039038611958868,0.07412,0.4997267621721601,0.0,0.07494777216
2021-04-05,spot_hold,4882.488369865668,3.6821646036525713,0.07412,0.4997267621721601,0.0,0.07494777216
2021-04-06,spot_hold,4798.077549065668,5.347353934909227,0.07412,0.4997267621721601,0.0,0.07494777216
2021-04-07,spot_hold,4647.043225065668,8.326838586222562,0.07412,0.4997267621721601,0.0,0.07494777216
2021-04-08,spot_hold,4804.479293465668,5.221065428586435,0.07412,0.4997267621721601,0.0,0.07494777216
2021-04-09,spot_hold,4809.298575865668,5.125994470138984,0.07412,0.4997267621721601,0.0,0.07494777216
2021-04-10,spot_hold,4929.861426665668,2.7476267325035275,0.07412,0.4997267621721601,0.0,0.07494777216
2021-04-11,spot_hold,4947.153622665668,2.4065000852289464,0.07412,0.4997267621721601,0.0,0.07494777216
2021-04-12,spot_hold,4936.596711065668,2.614758415153151,0.07412,0.4997267621721601,0.0,0.07494777216
2021-04-13,spot_hold,5211.952511065668,0.0,0.07412,0.4997267621721601,0.0,0.07494777216
2021-04-14,spot_hold,5166.333874665668,2.2682690739533995,0.07412,0.4997267621721601,0.0,0.07494777216
2021-04-15,spot_hold,5181.191228665668,1.987211953250967,0.07412,0.4997267621721601,0.0,0.07494777216
2021-04-16,spot_hold,5045.908887065668,4.546353063571162,0.07412,0.4997267621721601,0.0,0.07494777216
2021-04-17,spot_hold,4947.467150265668,6.408579076490783,0.07412,0.4997267621721601,0.0,0.07494777216
2021-04-18,spot_hold,4661.612252265668,11.816106861759302,0.07412,0.4997267621721601,0.0,0.07494777216
2021-04-19,spot_hold,4623.301847865668,12.540826213106126,0.07412,0.4997267621721601,0.0,0.07494777216
2021-04-20,spot_hold,4681.994511065668,11.430534910539713,0.07412,0.4997267621721601,0.0,0.07494777216
2021-04-21,spot_hold,4486.512646665668,15.128472642777169,0.07412,0.4997267621721601,0.0,0.07494777216
2021-04-22,spot_hold,4331.107466265668,18.06827824648477,0.07412,0.4997267621721601,0.0,0.07494777216
2021-04-23,spot_hold,4289.168887865668,18.861631900941532,0.07412,0.4997267621721601,0.0,0.07494777216
2021-04-24,spot_hold,4209.3194118656675,20.37214742168357,0.07412,0.4997267621721601,0.0,0.07494777216
2021-04-25,spot_hold,4136.602503465668,21.747735894657104,0.07412,0.4997267621721601,0.0,0.07494777216
2021-04-26,spot_hold,4502.3565378656685,14.828753161004393,0.07412,0.4997267621721601,0.0,0.07494777216
2021-04-27,spot_hold,4577.260727465668,13.411787807851617,0.07412,0.4997267621721601,0.0,0.07494777216
2021-04-28,spot_hold,4564.975337465668,13.644190989475113,0.07412,0.4997267621721601,0.0,0.07494777216
2021-04-29,spot_hold,4469.270111065668,15.454650332919407,0.07412,0.4997267621721601,0.0,0.07494777216
2021-04-30,spot_hold,4776.072803465668,9.650852338357197,0.07412,0.4997267621721601,0.0,0.07494777216
2021-05-01,spot_hold,4783.936935465668,9.502086259501963,0.07412,0.4997267621721601,0.0,0.07494777216
2021-05-02,spot_hold,4693.350436265668,11.215714449263492,0.07412,0.4997267621721601,0.0,0.07494777216
2021-05-03,spot_hold,4737.168697865668,10.386802757485636,0.07412,0.4997267621721601,0.0,0.07494777216
2021-05-04,spot_hold,4442.958252265668,15.9523927488743,0.07412,0.4997267621721601,0.0,0.07494777216
2021-05-05,spot_hold,4756.937984265668,10.012826428058075,0.07412,0.4997267621721601,0.0,0.07494777216
2021-05-06,spot_hold,4679.673072665668,11.474449647483597,0.07412,0.4997267621721601,0.0,0.07494777216
2021-05-07,spot_hold,4747.942781065668,10.182989023061563,0.07412,0.4997267621721601,0.0,0.07494777216
2021-05-08,spot_hold,4862.628657065668,8.013472021999501,0.07412,0.4997267621721601,0.0,0.07494777216
2021-05-09,spot_hold,4816.584571865667,8.884489701977394,0.07412,0.4997267621721601,0.0,0.07494777216
2021-05-10,spot_hold,4636.865807865668,12.284236275024075,0.07412,0.4997267621721601,0.0,0.07494777216
2021-05-11,spot_hold,4700.155393465668,11.086984819671619,0.07412,0.4997267621721601,0.0,0.07494777216
2021-05-12,spot_hold,4178.446949465668,20.95616294632803,0.07412,0.4997267621721601,0.0,0.07494777216
2021-05-13,spot_hold,4181.385807465668,20.900568459743575,0.07412,0.4997267621721601,0.0,0.07494777216
2021-05-14,spot_hold,4194.021785065668,20.6615331993926,0.07412,0.4997267621721601,0.0,0.07494777216
2021-05-15,spot_hold,3965.846329865668,24.977936810256352,0.07412,0.4997267621721601,0.0,0.07494777216
2021-05-16,spot_hold,3941.276291065668,25.442729152195255,0.07412,0.4997267621721601,0.0,0.07494777216
2021-05-17,spot_hold,3726.813035865668,29.49973856335857,0.07412,0.4997267621721601,0.0,0.07494777216
2021-05-18,spot_hold,3675.7992046656677,30.46476911409274,0.07412,0.4997267621721601,0.0,0.07494777216
2021-05-19,spot_hold,3219.2429818656674,39.1014602381617,0.07412,0.4997267621721601,0.0,0.07494777216
2021-05-20,spot_hold,3503.6080678656676,33.72211528215794,0.07412,0.4997267621721601,0.0,0.07494777216
2021-05-21,spot_hold,3260.892492265668,38.31357489386079,0.07412,0.4997267621721601,0.0,0.07494777216
2021-05-22,spot_hold,3275.547498665668,38.03634559026744,0.07412,0.4997267621721601,0.0,0.07494777216
2021-05-23,spot_hold,3068.420641065668,41.95457209393698,0.07412,0.4997267621721601,0.0,0.07494777216
2021-05-24,spot_hold,3375.3545258656677,36.148292327842505,0.07412,0.4997267621721601,0.0,0.07494777216
2021-05-25,spot_hold,3340.4017574656677,36.80949515353294,0.07412,0.4997267621721601,0.0,0.07494777216
2021-05-26,spot_hold,3408.3838802656683,35.52347479665057,0.07412,0.4997267621721601,0.0,0.07494777216
2021-05-27,spot_hold,3355.6156286656683,36.521693783638284,0.07412,0.4997267621721601,0.0,0.07494777216
2021-05-28,spot_hold,3143.1513898656676,40.54088772687771,0.07412,0.4997267621721601,0.0,0.07494777216
2021-05-29,spot_hold,3064.707229065668,42.024818847477476,0.07412,0.4997267621721601,0.0,0.07494777216
2021-05-30,spot_hold,3141.5044434656675,40.57204307345796,0.07412,0.4997267621721601,0.0,0.07494777216
2021-05-31,spot_hold,3261.0259082656676,38.31105105840425,0.07412,0.4997267621721601,0.0,0.07494777216
2021-06-01,spot_hold,3219.4653418656676,39.09725384573412,0.07412,0.4997267621721601,0.0,0.07494777216
2021-06-02,spot_hold,3284.3640726656677,37.86956213051411,0.07412,0.4997267621721601,0.0,0.07494777216
2021-06-03,spot_hold,3408.745585865668,35.51663239830171,0.07412,0.4997267621721601,0.0,0.07494777216
2021-06-04,spot_hold,3229.5389910656677,38.9066902474569,0.07412,0.4997267621721601,0.0,0.07494777216
2021-06-05,spot_hold,3132.0118950656674,40.75161396619112,0.07412,0.4997267621721601,0.0,0.07494777216
2021-06-06,spot_hold,3152.9960082656676,40.35465671280091,0.07412,0.4997267621721601,0.0,0.07494777216
2021-06-07,spot_hold,2986.706305865668,43.500365225838266,0.07412,0.4997267621721601,0.0,0.07494777216
2021-06-08,spot_hold,2973.959148265668,43.741503682403035,0.07412,0.4997267621721601,0.0,0.07494777216
2021-06-09,spot_hold,3270.975777065668,38.12282901857837,0.07412,0.4997267621721601,0.0,0.07494777216
2021-06-10,spot_hold,3218.1778774656677,39.121608857889775,0.07412,0.4997267621721601,0.0,0.07494777216
2021-06-11,spot_hold,3266.8198686656683,38.20144649304974,0.07412,0.4997267621721601,0.0,0.07494777216
2021-06-12,spot_hold,3134.451184265668,40.70546984126061,0.07412,0.4997267621721601,0.0,0.07494777216
2021-06-13,spot_hold,3391.978159465668,35.83382242995702,0.07412,0.4997267621721601,0.0,0.07494777216
2021-06-14,spot_hold,3502.840925865668,33.73662733603307,0.07412,0.4997267621721601,0.0,0.07494777216
2021-06-15,spot_hold,3475.249755865668,34.258570529754614,0.07412,0.4997267621721601,0.0,0.07494777216
2021-06-16,spot_hold,3342.202132265668,36.77543739617769,0.07412,0.4997267621721601,0.0,0.07494777216
2021-06-17,spot_hold,3323.224447465668,37.134438968563074,0.07412,0.4997267621721601,0.0,0.07494777216
2021-06-18,spot_hold,3154.7400518656677,40.32166457486063,0.07412,0.4997267621721601,0.0,0.07494777216
2021-06-19,spot_hold,3129.8268374656677,40.79294878244608,0.07412,0.4997267621721601,0.0,0.07494777216
2021-06-20,spot_hold,3138.457370265668,40.62968467102381,0.07412,0.4997267621721601,0.0,0.07494777216
2021-06-21,spot_hold,2842.627402665668,46.22591122059332,0.07412,0.4997267621721601,0.0,0.07494777216
2021-06-22,spot_hold,2909.382098265668,44.963110149911145,0.07412,0.4997267621721601,0.0,0.07494777216
2021-06-23,spot_hold,2995.992059465668,43.32470627806276,0.07412,0.4997267621721601,0.0,0.07494777216
2021-06-24,spot_hold,3069.0017418656676,41.943579388392926,0.07412,0.4997267621721601,0.0,0.07494777216
2021-06-25,spot_hold,2840.812945065668,46.26023538280233,0.07412,0.4997267621721601,0.0,0.07494777216
2021-06-26,spot_hold,2892.637649065668,45.27986552101561,0.07412,0.4997267621721601,0.0,0.07494777216
2021-06-27,spot_hold,3071.7627118656674,41.89135001575055,0.07412,0.4997267621721601,0.0,0.07494777216
2021-06-28,spot_hold,3056.534757865668,42.17941779049894,0.07412,0.4997267621721601,0.0,0.07494777216
2021-06-29,spot_hold,3161.550938665668,40.19282277480401,0.07412,0.4997267621721601,0.0,0.07494777216
2021-06-30,spot_hold,3097.308911065668,41.40809161105459,0.07412,0.4997267621721601,0.0,0.07494777216
2021-07-01,spot_hold,2983.141133865668,43.56780771776039,0.07412,0.4997267621721601,0.0,0.07494777216
2021-07-02,spot_hold,3004.032597065668,43.17260312788166,0.07412,0.4997267621721601,0.0,0.07494777216
2021-07-03,spot_hold,3069.4494266656675,41.93511051830541,0.07412,0.4997267621721601,0.0,0.07494777216
2021-07-04,spot_hold,3115.209632265668,41.06946299932673,0.07412,0.4997267621721601,0.0,0.07494777216
2021-07-05,spot_hold,2996.8866878656677,43.307782559195815,0.07412,0.4997267621721601,0.0,0.07494777216
2021-07-06,spot_hold,3036.160652265668,42.564835507329505,0.07412,0.4997267621721601,0.0,0.07494777216
2021-07-07,spot_hold,3009.633845465668,43.06664410263106,0.07412,0.4997267621721601,0.0,0.07494777216
2021-07-08,spot_hold,2936.521136265668,44.449719954125676,0.07412,0.4997267621721601,0.0,0.07494777216
2021-07-09,spot_hold,3006.2013482656675,43.13157678040472,0.07412,0.4997267621721601,0.0,0.07494777216
2021-07-10,spot_hold,2983.006235465668,43.57035959583312,0.07412,0.4997267621721601,0.0,0.07494777216
2021-07-11,spot_hold,3039.0498498656675,42.510180448387224,0.07412,0.4997267621721601,0.0,0.07494777216
2021-07-12,spot_hold,2952.1545266656676,44.153982523851,0.07412,0.4997267621721601,0.0,0.07494777216
2021-07-13,spot_hold,2925.704063465668,44.65434692441909,0.07412,0.4997267621721601,0.0,0.07494777216
2021-07-14,spot_hold,2932.3933934656675,44.527804618889554,0.07412,0.4997267621721601,0.0,0.07494777216
2021-07-15,spot_hold,2862.7191110656677,45.84583562214577,0.07412,0.4997267621721601,0.0,0.07494777216
2021-07-16,spot_hold,2825.945955465668,46.54147478050996,0.07412,0.4997267621721601,0.0,0.07494777216
2021-07-17,spot_hold,2836.0410994656677,46.35050456429808,0.07412,0.4997267621721601,0.0,0.07494777216
2021-07-18,spot_hold,2855.200378265668,45.98806777143015,0.07412,0.4997267621721601,0.0,0.07494777216
2021-07-19,spot_hold,2785.608369065668,47.30454240948817,0.07412,0.4997267621721601,0.0,0.07494777216
2021-07-20,spot_hold,2707.834253065668,48.775798267572846,0.07412,0.4997267621721601,0.0,0.07494777216
2021-07-21,spot_hold,2882.324592265668,45.47495800180652,0.07412,0.4997267621721601,0.0,0.07494777216
2021-07-22,spot_hold,2892.947470665668,45.274004614233185,0.07412,0.4997267621721601,0.0,0.07494777216
2021-07-23,spot_hold,2992.7322618656676,43.38637199105101,0.07412,0.4997267621721601,0.0,0.07494777216
2021-07-24,spot_hold,3038.9868478656676,42.51137225957503,0.07412,0.4997267621721601,0.0,0.07494777216
2021-07-25,spot_hold,3122.2147134656675,40.93694761655006,0.07412,0.4997267621721601,0.0,0.07494777216
2021-07-26,spot_hold,3259.824423065668,38.33377959882124,0.07412,0.4997267621721601,0.0,0.07494777216
2021-07-27,spot_hold,3424.3908354656683,35.22067062709756,0.07412,0.4997267621721601,0.0,0.07494777216
2021-07-28,spot_hold,3466.0232982656676,34.433107772882785,0.07412,0.4997267621721601,0.0,0.07494777216
2021-07-29,spot_hold,3465.7950086656683,34.43742633577508,0.07412,0.4997267621721601,0.0,0.07494777216
2021-07-30,spot_hold,3628.109655465668,31.36691409803466,0.07412,0.4997267621721601,0.0,0.07494777216
2021-07-31,spot_hold,3572.924350665668,32.41085657071011,0.07412,0.4997267621721601,0.0,0.07494777216
2021-08-01,spot_hold,3453.117523865668,34.67724678937921,0.07412,0.4997267621721601,0.0,0.07494777216
2021-08-02,spot_hold,3401.409929465668,35.6554012844874,0.07412,0.4997267621721601,0.0,0.07494777216
2021-08-03,spot_hold,3331.6800570656683,36.9744838858505,0.07412,0.4997267621721601,0.0,0.07494777216
2021-08-04,spot_hold,3444.055612665668,34.848671302110965,0.07412,0.4997267621721601,0.0,0.07494777216
2021-08-05,spot_hold,3528.499046265668,33.25125171381524,0.07412,0.4997267621721601,0.0,0.07494777216
2021-08-06,spot_hold,3674.842315465668,30.482870622839396,0.07412,0.4997267621721601,0.0,0.07494777216
2021-08-07,spot_hold,3803.490175865668,28.04923424124993,0.07412,0.4997267621721601,0.0,0.07494777216
2021-08-08,spot_hold,3745.812215465668,29.140330373038502,0.07412,0.4997267621721601,0.0,0.07494777216
2021-08-09,spot_hold,3928.0755190656682,25.69244864931226,0.07412,0.4997267621721601,0.0,0.07494777216
2021-08-10,spot_hold,3878.532969865668,26.629646903483973,0.07412,0.4997267621721601,0.0,0.07494777216
2021-08-11,spot_hold,3873.048831065668,26.73339056205606,0.07412,0.4997267621721601,0.0,0.07494777216
2021-08-12,spot_hold,3790.627391065668,28.292560021877033,0.07412,0.4997267621721601,0.0,0.07494777216
2021-08-13,spot_hold,4042.709511065668,23.523913139816656,0.07412,0.4997267621721601,0.0,0.07494777216
2021-08-14,spot_hold,3988.491472265668,24.549557805432155,0.07412,0.4997267621721601,0.0,0.07494777216
2021-08-15,spot_hold,3981.473049465668,24.682325571754504,0.07412,0.4997267621721601,0.0,0.07494777216
2021-08-16,spot_hold,3901.977125865668,26.1861529285367,0.07412,0.4997267621721601,0.0,0.07494777216
2021-08-17,spot_hold,3812.6373250656675,27.876197278087623,0.07412,0.4997267621721601,0.0,0.07494777216
2021-08-18,spot_hold,3813.329605865668,27.86310137632976,0.07412,0.4997267621721601,0.0,0.07494777216
2021-08-19,spot_hold,3965.670665465668,24.98125986027413,0.07412,0.4997267621721601,0.0,0.07494777216
2021-08-20,spot_hold,4155.554987465668,21.389211046746826,0.07412,0.4997267621721601,0.0,0.07494777216
2021-08-21,spot_hold,4118.450515465668,22.091117729828103,0.07412,0.4997267621721601,0.0,0.07494777216
2021-08-22,spot_hold,4149.384497465669,21.505938436612006,0.07412,0.4997267621721601,0.0,0.07494777216
2021-08-23,spot_hold,4167.887073065668,21.155924522713534,0.07412,0.4997267621721601,0.0,0.07494777216
2021-08-24,spot_hold,4033.371132265668,23.700567600466684,0.07412,0.4997267621721601,0.0,0.07494777216
2021-08-25,spot_hold,4129.675989465668,21.878765018776047,0.07412,0.4997267621721601,0.0,0.07494777216
2021-08-26,spot_hold,3971.841155465668,24.86453247040894,0.07412,0.4997267621721601,0.0,0.07494777216
2021-08-27,spot_hold,4136.834499065668,21.74334722522433,0.07412,0.4997267621721601,0.0,0.07494777216
2021-08-28,spot_hold,4123.896853065668,21.988089157968705,0.07412,0.4997267621721601,0.0,0.07494777216
2021-08-29,spot_hold,4114.445070665668,22.166888878756808,0.07412,0.4997267621721601,0.0,0.07494777216
2021-08-30,spot_hold,3982.1468002656684,24.66958020269895,0.07412,0.4997267621721601,0.0,0.07494777216
2021-08-31,spot_hold,3990.891477865668,24.504156809830533,0.07412,0.4997267621721601,0.0,0.07494777216
2021-09-01,spot_hold,4117.609253465668,22.10703191451242,0.07412,0.4997267621721601,0.0,0.07494777216
2021-09-02,spot_hold,4149.934467865668,21.495534626007817,0.07412,0.4997267621721601,0.0,0.07494777216
2021-09-03,spot_hold,4205.709767865668,20.44043119209119,0.07412,0.4997267621721601,0.0,0.07494777216
2021-09-04,spot_hold,4199.520747865668,20.55750911465868,0.07412,0.4997267621721601,0.0,0.07494777216
2021-09-05,spot_hold,4335.993456665668,17.975849783542863,0.07412,0.4997267621721601,0.0,0.07494777216
2021-09-06,spot_hold,4403.221779065669,16.70408909698996,0.07412,0.4997267621721601,0.0,0.07494777216
2021-09-07,spot_hold,3973.313178665668,24.8366861525384,0.07412,0.4997267621721601,0.0,0.07494777216
2021-09-08,spot_hold,3912.8742482656676,25.98001165696936,0.07412,0.4997267621721601,0.0,0.07494777216
2021-09-09,spot_hold,3938.581287865668,25.493710628417453,0.07412,0.4997267621721601,0.0,0.07494777216
2021-09-10,spot_hold,3824.122960265668,27.658923087895293,0.07412,0.4997267621721601,0.0,0.07494777216
2021-09-11,spot_hold,3848.047413865668,27.206343305304447,0.07412,0.4997267621721601,0.0,0.07494777216
2021-09-12,spot_hold,3911.1642998656675,26.012358814737414,0.07412,0.4997267621721601,0.0,0.07494777216
2021-09-13,spot_hold,3830.780418665668,27.532983698613698,0.07412,0.4997267621721601,0.0,0.07494777216
2021-09-14,spot_hold,3991.6793734656676,24.489252159328835,0.07412,0.4997267621721601,0.0,0.07494777216
2021-09-15,spot_hold,4066.532420265668,23.073254276434398,0.07412,0.4997267621721601,0.0,0.07494777216
2021-09-16,spot_hold,4038.100729465668,23.611097633532175,0.07412,0.4997267621721601,0.0,0.07494777216
2021-09-17,spot_hold,4005.6480286656683,24.225006587028584,0.07412,0.4997267621721601,0.0,0.07494777216
2021-09-18,spot_hold,4079.2313998656678,22.833027204895618,0.07412,0.4997267621721601,0.0,0.07494777216
2021-09-19,spot_hold,4001.332021065668,24.306652664047824,0.07412,0.4997267621721601,0.0,0.07494777216
2021-09-20,spot_hold,3688.091265465668,30.23223974069641,0.07412,0.4997267621721601,0.0,0.07494777216
2021-09-21,spot_hold,3519.005756665668,33.4308366278565,0.07412,0.4997267621721601,0.0,0.07494777216
2021-09-22,spot_hold,3727.225884265668,29.49192869475138,0.07412,0.4997267621721601,0.0,0.07494777216
2021-09-23,spot_hold,3825.186582265668,27.63880251078339,0.07412,0.4997267621721601,0.0,0.07494777216
2021-09-24,spot_hold,3672.892959465668,30.51974666312113,0.07412,0.4997267621721601,0.0,0.07494777216
2021-09-25,spot_hold,3662.521347865668,30.715946827251305,0.07412,0.4997267621721601,0.0,0.07494777216
2021-09-26,spot_hold,3698.859419065668,30.02853817673706,0.07412,0.4997267621721601,0.0,0.07494777216
2021-09-27,spot_hold,3623.7350930656676,31.44966785839315,0.07412,0.4997267621721601,0.0,0.07494777216
2021-09-28,spot_hold,3540.660655865668,33.021190090643096,0.07412,0.4997267621721601,0.0,0.07494777216
2021-09-29,spot_hold,3577.553144665668,32.32329350167611,0.07412,0.4997267621721601,0.0,0.07494777216
2021-09-30,spot_hold,3748.0158030656676,29.09864502408125,0.07412,0.4997267621721601,0.0,0.07494777216
2021-10-01,spot_hold,4068.029644265668,23.04493123408873,0.07412,0.4997267621721601,0.0,0.07494777216
2021-10-02,spot_hold,4030.472299065668,23.75540493641417,0.07412,0.4997267621721601,0.0,0.07494777216
2021-10-03,spot_hold,4072.358252265668,22.963046794831943,0.07412,0.4997267621721601,0.0,0.07494777216
2021-10-04,spot_hold,4148.326063865668,21.52596086456726,0.07412,0.4997267621721601,0.0,0.07494777216
2021-10-05,spot_hold,4314.877409865668,18.375302829773453,0.07412,0.4997267621721601,0.0,0.07494777216
2021-10-06,spot_hold,4599.721311065668,12.986900108742327,0.07412,0.4997267621721601,0.0,0.07494777216
2021-10-07,spot_hold,4486.334017465669,15.131851778027317,0.07412,0.4997267621721601,0.0,0.07494777216
2021-10-08,spot_hold,4498.653502665668,14.898803616231604,0.07412,0.4997267621721601,0.0,0.07494777216
2021-10-09,spot_hold,4572.646757465668,13.499070450723794,0.07412,0.4997267621721601,0.0,0.07494777216
2021-10-10,spot_hold,4551.098591065668,13.906697919571954,0.07412,0.4997267621721601,0.0,0.07494777216
2021-10-11,spot_hold,4759.5499730656675,9.963415338342173,0.07412,0.4997267621721601,0.0,0.07494777216
2021-10-12,spot_hold,4650.265962665668,12.030745046030344,0.07412,0.4997267621721601,0.0,0.07494777216
2021-10-13,spot_hold,4751.815551065668,10.1097276882813,0.07412,0.4997267621721601,0.0,0.07494777216
2021-10-14,spot_hold,4750.402823865668,10.136452301504484,0.07412,0.4997267621721601,0.0,0.07494777216
2021-10-15,spot_hold,5070.933281465668,4.07296565977191,0.07412,0.4997267621721601,0.0,0.07494777216
2021-10-16,spot_hold,5011.870759465668,5.1902535950761886,0.07412,0.4997267621721601,0.0,0.07494777216
2021-10-17,spot_hold,5060.253330665668,4.274998688068321,0.07412,0.4997267621721601,0.0,0.07494777216
2021-10-18,spot_hold,5095.942851865668,3.5998586821345158,0.07412,0.4997267621721601,0.0,0.07494777216
2021-10-19,spot_hold,5264.250841865668,0.4159701471628474,0.07412,0.4997267621721601,0.0,0.07494777216
2021-10-20,spot_hold,5391.798020265668,1.1877840349942992,0.07412,0.4997267621721601,0.0,0.07494777216
2021-10-21,spot_hold,5109.529789065668,6.360742910041372,0.07412,0.4997267621721601,0.0,0.07494777216
2021-10-22,spot_hold,4997.984377465668,8.404968094200171,0.07412,0.4997267621721601,0.0,0.07494777216
2021-10-23,spot_hold,5042.347421065668,7.591953469284363,0.07412,0.4997267621721601,0.0,0.07494777216
2021-10-24,spot_hold,5010.140057465668,8.18219831075374,0.07412,0.4997267621721601,0.0,0.07494777216
2021-10-25,spot_hold,5175.1726846656675,5.157745328860496,0.07412,0.4997267621721601,0.0,0.07494777216
2021-10-26,spot_hold,4971.344908265668,8.893173508032392,0.07412,0.4997267621721601,0.0,0.07494777216
2021-10-27,spot_hold,4829.377683865669,11.49492082583603,0.07412,0.4997267621721601,0.0,0.07494777216
2021-10-28,spot_hold,4989.658477865668,8.557551812337605,0.07412,0.4997267621721601,0.0,0.07494777216
2021-10-29,spot_hold,5114.018496265668,6.278481092446775,0.07412,0.4997267621721601,0.0,0.07494777216
2021-10-30,spot_hold,5084.776673865668,6.814378256869247,0.07412,0.4997267621721601,0.0,0.07494777216
2021-10-31,spot_hold,5043.314687065668,7.574226971272302,0.07412,0.4997267621721601,0.0,0.07494777216
2021-11-01,spot_hold,5014.504984265668,8.10220494156374,0.07412,0.4997267621721601,0.0,0.07494777216
2021-11-02,spot_hold,5185.639169865668,4.965932395199079,0.07412,0.4997267621721601,0.0,0.07494777216
2021-11-03,spot_hold,5161.660608665668,5.405372960093924,0.07412,0.4997267621721601,0.0,0.07494777216
2021-11-04,spot_hold,5050.371652265668,7.444898245162957,0.07412,0.4997267621721601,0.0,0.07494777216
2021-11-05,spot_hold,5016.432845465668,8.066874197250073,0.07412,0.4997267621721601,0.0,0.07494777216
2021-11-06,spot_hold,5055.9751242656685,7.342206808403484,0.07412,0.4997267621721601,0.0,0.07494777216
2021-11-07,spot_hold,5189.6120018656675,4.893124709877572,0.07412,0.4997267621721601,0.0,0.07494777216
2021-11-08,spot_hold,5504.788030665668,0.0,0.07412,0.4997267621721601,0.0,0.07494777216
2021-11-09,spot_hold,5461.934070265668,2.050090893002532,0.07412,0.4997267621721601,0.0,0.07494777216
2021-11-10,spot_hold,5308.859222665668,4.978502852633715,0.07412,0.4997267621721601,0.0,0.07494777216
2021-11-11,spot_hold,5300.841662265668,5.122006486978526,0.07412,0.4997267621721601,0.0,0.07494777216
2021-11-12,spot_hold,5252.513198665668,5.98702150687166,0.07412,0.4997267621721601,0.0,0.07494777216
2021-11-13,spot_hold,5271.619111065668,5.645051165510284,0.07412,0.4997267621721601,0.0,0.07494777216
2021-11-14,spot_hold,5356.049203065668,4.13386516308667,0.07412,0.4997267621721601,0.0,0.07494777216
2021-11-15,spot_hold,5214.305079865668,6.670895857138848,0.07412,0.4997267621721601,0.0,0.07494777216
2021-11-16,spot_hold,4951.336955465668,11.377674438842522,0.07412,0.4997267621721601,0.0,0.07494777216
2021-11-17,spot_hold,4972.535275465668,10.998252793075558,0.07412,0.4997267621721601,0.0,0.07494777216
2021-11-18,spot_hold,4716.580385465668,15.579503835889497,0.07412,0.4997267621721601,0.0,0.07494777216
2021-11-19,spot_hold,4802.605539865668,14.039768344595572,0.07412,0.4997267621721601,0.0,0.07494777216
2021-11-20,spot_hold,4925.294152265668,11.84380587050924,0.07412,0.4997267621721601,0.0,0.07494777216
2021-11-21,spot_hold,4844.837633465668,13.283870214088223,0.07412,0.4997267621721601,0.0,0.07494777216
2021-11-22,spot_hold,4668.814492665668,16.434449589029587,0.07412,0.4997267621721601,0.0,0.07494777216
2021-11-23,spot_hold,4764.7324434656675,14.717646240880722,0.07412,0.4997267621721601,0.0,0.07494777216
2021-11-24,spot_hold,4734.863565865668,15.252259299661041,0.07412,0.4997267621721601,0.0,0.07494777216
2021-11-25,spot_hold,4869.915394265668,12.835011753847681,0.07412,0.4997267621721601,0.0,0.07494777216
2021-11-26,spot_hold,4481.983914665668,19.778467670856536,0.07412,0.4997267621721601,0.0,0.07494777216
2021-11-27,spot_hold,4555.696254665668,18.459115129894123,0.07412,0.4997267621721601,0.0,0.07494777216
2021-11-28,spot_hold,4744.987616665668,15.071052297579534,0.07412,0.4997267621721601,0.0,0.07494777216
2021-11-29,spot_hold,4782.149161065668,14.40591023276071,0.07412,0.4997267621721601,0.0,0.07494777216
2021-11-30,spot_hold,4720.949018265668,15.501311137282825,0.07412,0.4997267621721601,0.0,0.07494777216
2021-12-01,spot_hold,4738.256779465668,15.191525303356102,0.07412,0.4997267621721601,0.0,0.07494777216
2021-12-02,spot_hold,4686.096311865667,16.125128082291738,0.07412,0.4997267621721601,0.0,0.07494777216
2021-12-03,spot_hold,4472.683337065669,19.944935601314008,0.07412,0.4997267621721601,0.0,0.07494777216
2021-12-04,spot_hold,4142.954587465668,25.846640303852553,0.07412,0.4997267621721601,0.0,0.07494777216
2021-12-05,spot_hold,4161.029490665668,25.52312365162621,0.07412,0.4997267621721601,0.0,0.07494777216
2021-12-06,spot_hold,4238.528621465668,24.13599260757906,0.07412,0.4997267621721601,0.0,0.07494777216
2021-12-07,spot_hold,4249.426485065668,23.94093538877795,0.07412,0.4997267621721601,0.0,0.07494777216
2021-12-08,spot_hold,4240.698113865668,24.097161588097936,0.07412,0.4997267621721601,0.0,0.07494777216
2021-12-09,spot_hold,4023.8526418656675,27.978406227454055,0.07412,0.4997267621721601,0.0,0.07494777216
2021-12-10,spot_hold,3993.830335865668,28.515765449894293,0.07412,0.4997267621721601,0.0,0.07494777216
2021-12-11,spot_hold,4160.559569865668,25.531534606990412,0.07412,0.4997267621721601,0.0,0.07494777216
2021-12-12,spot_hold,4209.768579065668,24.65075899565773,0.07412,0.4997267621721601,0.0,0.07494777216
2021-12-13,spot_hold,3961.381341065668,29.096559164231074,0.07412,0.4997267621721601,0.0,0.07494777216
2021-12-14,spot_hold,4082.977424665668,26.920151498041967,0.07412,0.4997267621721601,0.0,0.07494777216
2021-12-15,spot_hold,4121.645828665668,26.228038656795015,0.07412,0.4997267621721601,0.0,0.07494777216
2021-12-16,spot_hold,4030.2855166656677,27.863266351104,0.07412,0.4997267621721601,0.0,0.07494777216
2021-12-17,spot_hold,3919.018055065668,29.854805463665034,0.07412,0.4997267621721601,0.0,0.07494777216
2021-12-18,spot_hold,3971.1451686656683,28.921799676829384,0.07412,0.4997267621721601,0.0,0.07494777216
2021-12-19,spot_hold,3959.7862786656683,29.12510865310137,0.07412,0.4997267621721601,0.0,0.07494777216
2021-12-20,spot_hold,3977.051050265668,28.816092275659067,0.07412,0.4997267621721601,0.0,0.07494777216
2021-12-21,spot_hold,4123.491416665668,26.19500509392929,0.07412,0.4997267621721601,0.0,0.07494777216
2021-12-22,spot_hold,4101.1279302656685,26.595281663722325,0.07412,0.4997267621721601,0.0,0.07494777216
2021-12-23,spot_hold,4267.946108265668,23.60945884188518,0.07412,0.4997267621721601,0.0,0.07494777216
2021-12-24,spot_hold,4266.551911065668,23.634413111664465,0.07412,0.4997267621721601,0.0,0.07494777216
2021-12-25,spot_hold,4235.396310265668,24.192056799013017,0.07412,0.4997267621721601,0.0,0.07494777216
2021-12-26,spot_hold,4263.252829865668,23.69346226359834,0.07412,0.4997267621721601,0.0,0.07494777216
2021-12-27,spot_hold,4257.7642438656685,23.791700630273304,0.07412,0.4997267621721601,0.0,0.07494777216
2021-12-28,spot_hold,4023.715519865668,27.980860528309538,0.07412,0.4997267621721601,0.0,0.07494777216
2021-12-29,spot_hold,3943.7341102656683,29.412421051086525,0.07412,0.4997267621721601,0.0,0.07494777216
2021-12-30,spot_hold,3992.372395465668,28.5418606379091,0.07412,0.4997267621721601,0.0,0.07494777216
2021-12-31,spot_hold,3921.4334378261556,29.811573334791554,0.0,3.9248117739444197,0.0,0.5887875999000001
2020-03-26,vol_long,1000.0,0.0,0.0,0.0,0.0,0.0
2020-03-27,vol_long,1000.0,0.0,0.0,0.0,0.0,0.0
2020-03-28,vol_long,1000.0,0.0,0.0,0.0,0.0,0.0
2020-03-29,vol_long,1000.0,0.0,0.0,0.0,0.0,0.0
2020-03-30,vol_long,1000.0,0.0,0.0,0.0,0.0,0.0
2020-03-31,vol_long,1000.0,0.0,0.0,0.0,0.0,0.0
2020-04-01,vol_long,1000.0,0.0,0.0,0.0,0.0,0.0
2020-04-02,vol_long,1001.9383395945712,0.31675521655739614,0.011,0.03637866098075,-0.009445746818163181,0.0109119615
2020-04-03,vol_long,1001.2686794059291,0.38337997565499604,0.011,0.03637866098075,-0.02365413648021982,0.0109119615
2020-04-04,vol_long,1002.5998943965477,0.2509368656100075,0.011,0.03637866098075,-0.026669789321731568,0.0109119615
2020-04-05,vol_long,1001.6662077839529,0.3438297188687822,0.011,0.03637866098075,-0.02928772645649113,0.0109119615
2020-04-06,vol_long,1007.799815754062,0.0,0.011,0.03637866098075,-0.024898531917278414,0.0109119615
2020-04-07,vol_long,1006.3747430081622,0.24238800168049357,0.011,0.03637866098075,-0.013056442857185909,0.0109119615
2020-04-08,vol_long,1008.1437212534729,0.06703677525594642,0.011,0.03637866098075,-0.024268311776485366,0.0109119615
2020-04-09,vol_long,1007.3425593697173,0.14645251666122183,0.011,0.03637866098075,-0.017205607592081312,0.0109119615
2020-04-10,vol_long,1002.6363268112087,0.6129611654596023,0.011,0.03637866098075,-0.028253227480577923,0.0109119615
2020-04-11,vol_long,1002.7872456244559,0.5980012307834293,0.011,0.03637866098075,-0.05087794681350792,0.0109119615
2020-04-12,vol_long,1003.0758919497566,0.5693889585417611,0.011,0.03637866098075,-0.07247718153265412,0.0109119615
2020-04-13,vol_long,1003.3572044218965,0.5415036597094969,0.019,0.06323316855275,-0.04901374883082258,0.018967105499999998
2020-04-14,vol_long,1003.9240187830062,0.48531778312277396,0.019,0.06323316855275,-0.028186488521243527,0.018967105499999998
2020-04-15,vol_long,999.2378318858767,0.9498393914831871,0.019,0.06323316855275,-0.00916676421065998,0.018967105499999998
2020-04-16,vol_long,1008.4031371173509,0.09669735332195062,0.019,0.06323316855275,0.0513599114232984,0.018967105499999998
2020-04-17,vol_long,1007.0441303296749,0.23133523911452736,0.019,0.06323316855275,0.04794500863730143,0.018967105499999998
2020-04-18,vol_long,1011.2706748734065,0.024506077030805873,0.019,0.06323316855275,0.1022468090989018,0.018967105499999998
2020-04-19,vol_long,1008.8908426643708,0.25977928969656006,0.019,0.06323316855275,0.12522404202322002,0.018967105499999998
2020-04-20,vol_long,1003.4029348349751,0.8023207768372287,0.019,0.06323316855275,0.1372958233374762,0.018967105499999998
2020-04-21,vol_long,1003.6299444267488,0.7798783223819217,0.019,0.06323316855275,0.1460811733211592,0.018967105499999998
2020-04-22,vol_long,1009.055790141638,0.24347237412897238,0.019,0.06323316855275,0.20680519288038196,0.018967105499999998
2020-04-23,vol_long,1015.9308659151417,0.19519483971043305,0.019,0.06323316855275,0.2435283155939992,0.018967105499999998
2020-04-24,vol_long,1016.2211524172267,0.16667716320971637,0.019,0.06323316855275,0.2006748249089022,0.018967105499999998
2020-04-25,vol_long,1016.8918454712539,0.10478152767603444,0.019,0.06323316855275,0.1577555425561742,0.018967105499999998
2020-04-26,vol_long,1019.7702997341793,0.0,0.019,0.06323316855275,0.11834745513151841,0.018967105499999998
2020-04-27,vol_long,1021.2426810823833,0.0,0.019,0.06323316855275,0.0745189563955644,0.018967105499999998
2020-04-28,vol_long,1020.604163382047,0.06252360111502764,0.019,0.06323316855275,0.0304485547291904,0.018967105499999998
2020-04-29,vol_long,1040.2473604053887,0.248291433776493,0.019,0.06323316855275,-0.015232308838996596,0.018967105499999998
2020-04-30,vol_long,1037.1743588528998,1.3489837039549535,0.019,0.06323316855275,-0.2239827500179885,0.018967105499999998
2020-05-01,vol_long,1040.7759968197722,1.0064132935609371,0.019,0.06323316855275,-0.31074344935562254,0.018967105499999998
2020-05-02,vol_long,1043.576877593113,0.7400070404023795,0.019,0.06323316855275,-0.3614534151047835,0.018967105499999998
2020-05-03,vol_long,1042.0024219273594,0.8897616599742086,0.019,0.06323316855275,-0.4377336168684368,0.018967105499999998
2020-05-04,vol_long,1041.5287183008866,0.9348180613167445,0.019,0.06323316855275,-0.49112413394114635,0.018967105499999998
2020-05-05,vol_long,1044.3407796728754,0.667348363608089,0.019,0.06323316855275,-0.5419022846023593,0.018967105499999998
2020-05-06,vol_long,1046.619793044836,0.45057961746898245,0.019,0.06323316855275,-0.6395750089319816,0.018967105499999998
2020-05-07,vol_long,1062.4662212589064,0.0,0.019,0.06323316855275,-0.6927123427013846,0.018967105499999998
2020-05-08,vol_long,1058.8294878979714,0.40006658062542444,0.019,0.06323316855275,-0.8870876405964885,0.018967105499999998
2020-05-09,vol_long,1053.5533747924067,0.8963698287249633,0.019,0.06323316855275,-1.2104130387910703,0.018967105499999998
2020-05-10,vol_long,1037.9833920197957,2.3609769871178687,0.019,0.06323316855275,-1.3203041224621108,0.018967105499999998
2020-05-11,vol_long,1034.746130408793,2.6654934787741946,0.019,0.06323316855275,-1.370217523224665,0.018967105499999998
2020-05-12,vol_long,1039.4675925378228,2.221364070717158,0.019,0.06323316855275,-1.419776314944962,0.018967105499999998
2020-05-13,vol_long,1048.8322852456258,1.3404641894324443,0.019,0.06323316855275,-1.4707219125321322,0.018967105499999998
2020-05-14,vol_long,1054.9684164917164,0.7632624109133457,0.013000000000000001,0.09110825666224999,-1.5134407641018373,0.0273308865
2020-05-15,vol_long,1048.7642108628395,1.3468676793905288,0.013000000000000001,0.09110825666224999,-1.544023305398828,0.0273308865
2020-05-16,vol_long,1049.579231922,1.2702018477759203,0.013000000000000001,0.09110825666224999,-1.580542057958377,0.0273308865
2020-05-17,vol_long,1053.422766641815,0.9086556247399291,0.013000000000000001,0.09110825666224999,-1.596550021113102,0.0273308865
2020-05-18,vol_long,1054.1117076871976,0.8438496450857369,0.013000000000000001,0.09110825666224999,-1.6135047001605933,0.0273308865
2020-05-19,vol_long,1054.6238521117625,0.795674229524701,0.013000000000000001,0.09110825666224999,-1.6485728953157894,0.0273308865
2020-05-20,vol_long,1051.1633874888757,1.1211865523103604,0.013000000000000001,0.09110825666224999,-1.6862124336925806,0.0273308865
2020-05-21,vol_long,1045.3757595691102,1.6656059909955778,0.013000000000000001,0.09110825666224999,-1.6952292930280974,0.0273308865
2020-05-22,vol_long,1046.7065671606174,1.5404221450382227,0.013000000000000001,0.09110825666224999,-1.6945608440608402,0.0273308865
2020-05-23,vol_long,1046.8218700862321,1.5295760514551282,0.013000000000000001,0.09110825666224999,-1.699164666186099,0.0273308865
2020-05-24,vol_long,1040.7589720610597,2.0998890683644356,0.013000000000000001,0.09110825666224999,-1.728540423988743,0.0273308865
2020-05-25,vol_long,1043.1384276338215,1.8760630233494613,0.013000000000000001,0.09110825666224999,-1.7264635663667693,0.0273308865
2020-05-26,vol_long,1042.396900094814,1.9458156080270905,0.013000000000000001,0.09110825666224999,-1.743282004544273,0.0273308865
2020-05-27,vol_long,1047.0986061078404,1.503544580248517,0.013000000000000001,0.09110825666224999,-1.7405193936578467,0.0273308865
2020-05-28,vol_long,1051.9932258491017,1.043126915350845,0.013000000000000001,0.09110825666224999,-1.7172920927265927,0.0273308865
2020-05-29,vol_long,1050.011083094452,1.2295793032445101,0.013000000000000001,0.09110825666224999,-1.722135982666375,0.0273308865
2020-05-30,vol_long,1053.4821560469966,0.9030690965316612,0.013000000000000001,0.09110825666224999,-1.7591795732218918,0.0273308865
2020-05-31,vol_long,1050.3007855173732,1.2023281335668767,0.013000000000000001,0.09110825666224999,-1.796541263055048,0.0273308865
2020-06-01,vol_long,1059.960555690133,0.2936714735003343,0.013000000000000001,0.09110825666224999,-1.8063713918252893,0.0273308865
2020-06-02,vol_long,1050.9862021224321,1.1378536841785025,0.013000000000000001,0.09110825666224999,-1.9674213405362997,0.0273308865
2020-06-03,vol_long,1052.8341259559018,0.9640267433147387,0.013000000000000001,0.09110825666224999,-2.0029080645367427,0.0273308865
2020-06-04,vol_long,1054.431822360384,0.8137377144110114,0.013000000000000001,0.09110825666224999,-2.040794256624344,0.0273308865
2020-06-05,vol_long,1052.1981248166037,1.0238528738227726,0.013000000000000001,0.09110825666224999,-2.07885177005467,0.0273308865
2020-06-06,vol_long,1052.7622986441133,0.9707832565716834,0.013000000000000001,0.09110825666224999,-2.11639985866517,0.0273308865
2020-06-07,vol_long,1053.7514522591584,0.8777374589941989,0.013000000000000001,0.09110825666224999,-2.1538746694301594,0.0273308865
2020-06-08,vol_long,1054.1242527301004,0.8426695821463048,0.013000000000000001,0.09110825666224999,-2.1918041182181303,0.0273308865
2020-06-09,vol_long,1054.0064382796336,0.8537519250130687,0.013000000000000001,0.09110825666224999,-2.2297391229349475,0.0273308865
2020-06-10,vol_long,1055.3961870866187,0.7230237102934578,0.013000000000000001,0.09110825666224999,-2.2678021369697596,0.0273308865
2020-06-11,vol_long,1047.4951918741224,1.4662393140387753,0.013000000000000001,0.09110825666224999,-2.305765962995963,0.0273308865
2020-06-12,vol_long,1049.9419832386686,1.2360792554218736,0.013000000000000001,0.09110825666224999,-2.325037860579663,0.0273308865
2020-06-13,vol_long,1050.0014601082062,1.2304844997849673,0.013000000000000001,0.09110825666224999,-2.343769949012061,0.0273308865
2020-06-14,vol_long,1048.2471732365614,1.3955033792281357,0.013000000000000001,0.09110825666224999,-2.3769982486969865,0.0273308865
2020-06-15,vol_long,1049.352246286317,1.2915534954770602,0.013000000000000001,0.09110825666224999,-2.3622058206313534,0.0273308865
2020-06-16,vol_long,1050.6464548188476,1.1698123793255522,0.013000000000000001,0.09110825666224999,-2.368207877050701,0.0273308865
2020-06-17,vol_long,1049.8511437675688,1.2446241678716996,0.013000000000000001,0.09110825666224999,-2.376707777359533,0.0273308865
2020-06-18,vol_long,1048.8588291147937,1.337967311859578,0.013000000000000001,0.09110825666224999,-2.359477519604652,0.0273308865
2020-06-19,vol_long,1047.8680944256905,1.4311618348671007,0.013000000000000001,0.09110825666224999,-2.3738295787577335,0.0273308865
2020-06-20,vol_long,1048.7844069813975,1.3449679097990108,0.019,0.11900644076224998,-2.405631131360538,0.0356990865
2020-06-21,vol_long,1047.5559040808114,1.4605283550854442,0.019,0.11900644076224998,-2.415705466576785,0.0356990865
2020-06-22,vol_long,1054.9301991072184,0.7668573702481307,0.019,0.11900644076224998,-2.4635400817798483,0.0356990865
2020-06-23,vol_long,1053.2320451578964,0.9265960460419942,0.028,0.16251113548774998,-2.542141930436249,0.0487485375
2020-06-24,vol_long,1044.041664396218,1.791099086828174,0.028,0.16251113548774998,-2.6250837439545527,0.0487485375
2020-06-25,vol_long,1042.5890536407767,1.9277404782702012,0.028,0.16251113548774998,-2.702663160875965,0.0487485375
2020-06-26,vol_long,1040.0726399282644,2.1644496378530165,0.028,0.16251113548774998,-2.778215871228301,0.0487485375
2020-06-27,vol_long,1035.8230896461746,2.564188150990465,0.028,0.16251113548774998,-2.855128475438225,0.0487485375
2020-06-28,vol_long,1038.6220666327613,2.3008993734368377,0.028,0.16251113548774998,-2.9181118522112985,0.0487485375
2020-06-29,vol_long,1040.554004166964,2.1191695935466104,0.028,0.16251113548774998,-2.994657598728651,0.0487485375
2020-06-30,vol_long,1039.0785510740475,2.2579596740057717,0.028,0.16251113548774998,-3.0716556322451107,0.0487485375
2020-07-01,vol_long,1041.64583734328,2.0164651327159833,0.028,0.16251113548774998,-3.1487499384926148,0.0487485375
2020-07-02,vol_long,1036.2147223319012,2.527348801624918,0.037,0.20403683840899997,-3.242144799060186,0.061204379999999996
2020-07-03,vol_long,1035.1869385591954,2.624028386488231,0.037,0.20403683840899997,-3.3431199410961168,0.061204379999999996
2020-07-04,vol_long,1037.7968342325576,2.378525745818072,0.037,0.20403683840899997,-3.443762541023772,0.061204379999999996
2020-07-05,vol_long,1035.3266491286854,2.610886361659648,0.037,0.20403683840899997,-3.5445134068658053,0.061204379999999996
2020-07-06,vol_long,1045.2690420085216,1.6756444929931003,0.037,0.20403683840899997,-3.6465396327095703,0.061204379999999996
2020-07-07,vol_long,1041.9763292407247,1.9853770572917817,0.037,0.20403683840899997,-3.749690993926552,0.061204379999999996
2020-07-08,vol_long,1048.475536172133,1.374022174333156,0.037,0.20403683840899997,-3.853114412558345,0.061204379999999996
2020-07-09,vol_long,1040.9032445978687,2.0863179171784707,0.037,0.20403683840899997,-3.9568937853825608,0.061204379999999996
2020-07-10,vol_long,1042.7951521204968,1.9083536033365323,0.037,0.20403683840899997,-4.0591411816844385,0.061204379999999996
2020-07-11,vol_long,1040.7214486333373,2.1034187499095136,0.037,0.20403683840899997,-4.161938219284161,0.061204379999999996
2020-07-12,vol_long,1043.0622355365845,1.883230114839285,0.037,0.20403683840899997,-4.264448708087033,0.061204379999999996
2020-07-13,vol_long,1040.8106771497123,2.0950253736467306,0.037,0.20403683840899997,-4.367537169209148,0.061204379999999996
2020-07-14,vol_long,1041.1994163336171,2.0584582046389133,0.037,0.20403683840899997,-4.469819941094364,0.061204379999999996
2020-07-15,vol_long,1038.4082285515087,2.3210142823043345,0.046,0.2457043575995,-4.588875961932098,0.07370276099999999
2020-07-16,vol_long,1035.3094680810207,2.612502515368098,0.046,0.2457043575995,-4.715136523840147,0.07370276099999999
2020-07-17,vol_long,1036.1231983716798,2.535958101279412,0.046,0.2457043575995,-4.841145853921127,0.07370276099999999
2020-07-18,vol_long,1036.6822884749179,2.483366690014044,0.046,0.2457043575995,-4.967451779962941,0.07370276099999999
2020-07-19,vol_long,1038.315725030468,2.3297157253997614,0.046,0.2457043575995,-5.093704667132733,0.07370276099999999
2020-07-20,vol_long,1036.0338101594223,2.544366499506967,0.046,0.2457043575995,-5.220488794538267,0.07370276099999999
2020-07-21,vol_long,1046.4177892512196,1.5675863493579523,0.046,0.2457043575995,-5.34843099304101,0.07370276099999999
2020-07-22,vol_long,1052.2001500964566,1.0236623636973863,0.046,0.2457043575995,-5.477359759664007,0.07370276099999999
2020-07-23,vol_long,1056.1362107619284,0.6534125881703656,0.046,0.2457043575995,-5.608617499832239,0.07370276099999999
2020-07-24,vol_long,1052.8998861933756,0.957840935921872,0.046,0.2457043575995,-5.740472665965138,0.07370276099999999
2020-07-25,vol_long,1060.2045057921205,0.27072404504910885,0.046,0.2457043575995,-5.872501638560274,0.07370276099999999
2020-07-26,vol_long,1070.338694332518,0.3319075803235094,0.046,0.2457043575995,-6.2616854725229105,0.07370276099999999
2020-07-27,vol_long,1120.7673643714263,0.7925760346718547,0.046,0.2457043575995,-7.129248509974362,0.07370276099999999
2020-07-28,vol_long,1120.3549556840626,0.8290813834131772,0.02,0.3909926610845,-8.321895863852998,0.11729579099999998
2020-07-29,vol_long,1123.7444662568907,0.5290506873711687,0.02,0.3909926610845,-8.793185291024997,0.11729579099999998
2020-07-30,vol_long,1123.2746185545727,0.5706403889317091,0.02,0.3909926610845,-9.241323908342999,0.11729579099999998
2020-07-31,vol_long,1127.55251535362,0.19197204533568657,0.02,0.3909926610845,-9.598336194295575,0.11729579099999998
2020-08-01,vol_long,1136.5500772854034,0.06861718715135412,0.02,0.3909926610845,-9.847574262512298,0.11729579099999998
2020-08-02,vol_long,1121.6124407542427,1.6523448489109138,0.02,0.3909926610845,-10.224407937672924,0.11729579099999998
2020-08-03,vol_long,1124.3385968126388,1.4133041195312557,0.02,0.3909926610845,-10.484254735276778,0.11729579099999998
2020-08-04,vol_long,1123.5198509249565,1.485095172565587,0.02,0.3909926610845,-10.710018492759264,0.11729579099999998
2020-08-05,vol_long,1134.4969681198445,0.522575769954503,0.02,0.3909926610845,-10.83008342807122,0.11729579099999998
2020-08-06,vol_long,1134.583036010213,0.5150289784836004,0.02,0.3909926610845,-11.097047355102879,0.11729579099999998
2020-08-07,vol_long,1130.9150403184137,0.836654133737913,0.02,0.3909926610845,-11.277411229501922,0.11729579099999998
2020-08-08,vol_long,1134.270385478004,0.5424434806834966,0.02,0.3909926610845,-11.347266069911502,0.11729579099999998
2020-08-09,vol_long,1132.5423848690161,0.6939617786432928,0.02,0.3909926610845,-11.4538666788995,0.11729579099999998
2020-08-10,vol_long,1136.3260209547461,0.3621967915089175,0.02,0.3909926610845,-11.865384748169323,0.11729579099999998
2020-08-11,vol_long,1126.0418928346003,1.2639520227629264,0.02,0.3909926610845,-12.08815871331528,0.11729579099999998
2020-08-12,vol_long,1129.4554411728143,0.9646378723399129,0.02,0.3909926610845,-12.157010375101361,0.11729579099999998
2020-08-13,vol_long,1132.8643532649496,0.665730247302998,0.014,0.425907393089,-12.212379071101362,0.12777178199999997
2020-08-14,vol_long,1132.4404143972463,0.7029029747541937,0.014,0.425907393089,-12.358728417364551,0.12777178199999997
2020-08-15,vol_long,1133.621031792341,0.5993815191968066,0.014,0.425907393089,-12.472635412169769,0.12777178199999997
2020-08-16,vol_long,1134.3205471710883,0.5380450942944148,0.014,0.425907393089,-12.632049512102595,0.12777178199999997
2020-08-17,vol_long,1141.401181499506,0.24636523692815882,0.019,0.4555500888265,-12.967973114097227,0.13666325699999998
2020-08-18,vol_long,1134.3628377368773,0.8614867072877952,0.019,0.4555500888265,-13.657868917295962,0.13666325699999998
2020-08-19,vol_long,1130.2172957473697,1.22378954017347,0.019,0.4555500888265,-14.010608804673563,0.13666325699999998
2020-08-20,vol_long,1131.9501128368552,1.0723486569349738,0.019,0.4555500888265,-14.131643817318082,0.13666325699999998
2020-08-21,vol_long,1125.748546633493,1.6143393084572355,0.019,0.4555500888265,-14.198948915710083,0.13666325699999998
2020-08-22,vol_long,1128.2172881127156,1.3985817467563777,0.019,0.4555500888265,-14.264888773397603,0.13666325699999998
2020-08-23,vol_long,1127.8030676165822,1.4347828658303752,0.019,0.4555500888265,-14.331287024291058,0.13666325699999998
2020-08-24,vol_long,1129.6711489271736,1.2715204618790832,0.019,0.4555500888265,-14.39812772699969,0.13666325699999998
2020-08-25,vol_long,1121.438797274474,1.9909931707873807,0.019,0.4555500888265,-14.534959379699274,0.13666325699999998
2020-08-26,vol_long,1124.9395070780356,1.6850459431025144,0.025,0.489421958845,-14.650948001368945,0.146823294
2020-08-27,vol_long,1121.4780846126432,1.9875596236296644,0.025,0.489421958845,-14.736456282261294,0.146823294
2020-08-28,vol_long,1126.3625910233866,1.5606744263889638,0.025,0.489421958845,-14.822063723767943,0.146823294
2020-08-29,vol_long,1124.7809104596001,1.6989066166382516,0.025,0.489421958845,-14.908531878804519,0.146823294
2020-08-30,vol_long,1130.8371685370566,1.169615280619285,0.025,0.489421958845,-14.995236210097868,0.146823294
2020-08-31,vol_long,1129.299496596633,1.3040013033575382,0.025,0.489421958845,-15.098997412271693,0.146823294
2020-09-01,vol_long,1135.9549927352564,0.7223390957653897,0.025,0.489421958845,-15.337782677898211,0.146823294
2020-09-02,vol_long,1122.1572869604436,1.928200211679787,0.025,0.489421958845,-15.666485928210784,0.146823294
2020-09-03,vol_long,1090.872773940333,4.662334305924221,0.025,0.489421958845,-15.841380806821515,0.146823294
2020-09-04,vol_long,1096.913483125798,4.134401877288429,0.016,0.535775624752,-15.899895507369402,0.16073147999999998
2020-09-05,vol_long,1092.358021996008,4.532529908942862,0.016,0.535775624752,-15.949705270439482,0.16073147999999998
2020-09-06,vol_long,1093.7306893820078,4.4125645862380765,0.016,0.535775624752,-15.998628221879626,0.16073147999999998
2020-09-07,vol_long,1095.5954521930657,4.249592205107666,0.016,0.535775624752,-16.047458243461467,0.16073147999999998
2020-09-08,vol_long,1091.6001193663649,4.598767392597869,0.016,0.535775624752,-16.096649817202366,0.16073147999999998
2020-09-09,vol_long,1093.0084195839067,4.475687911154836,0.016,0.535775624752,-16.145558419660418,0.16073147999999998
2020-09-10,vol_long,1094.8304753137002,4.316447948262036,0.016,0.535775624752,-16.195019884266994,0.16073147999999998
2020-09-11,vol_long,1095.5954559553663,4.249591876298508,0.016,0.535775624752,-16.24448435220093,0.16073147999999998
2020-09-12,vol_long,1096.3586796850786,4.182889351007435,0.016,0.535775624752,-16.294229670328644,0.16073147999999998
2020-09-13,vol_long,1094.539406469819,4.34188613390093,0.016,0.535775624752,-16.344246425428164,0.16073147999999998
2020-09-14,vol_long,1099.9122403593167,3.8723231808019176,0.016,0.535775624752,-16.378888401690457,0.16073147999999998
2020-09-15,vol_long,1101.7732651744104,3.7096774847058422,0.016,0.535775624752,-16.327187720836942,0.16073147999999998
2020-09-16,vol_long,1104.5094128746102,3.470549750507268,0.016,0.535775624752,-16.29968002063694,0.16073147999999998
2020-09-17,vol_long,1104.2830023141562,3.4903370757002894,0.016,0.535775624752,-16.304010581091116,0.16073147999999998
2020-09-18,vol_long,1104.121838942142,3.5044220726406117,0.016,0.535775624752,-16.33893395310531,0.16073147999999998
2020-09-19,vol_long,1106.5472590259678,3.2924506176337576,0.016,0.535775624752,-16.28940471967925,0.16073147999999998
2020-09-20,vol_long,1104.0074205491048,3.514421756164865,0.016,0.535775624752,-16.24681982422227,0.16073147999999998
2020-09-21,vol_long,1096.0414063296737,4.210617700099862,0.016,0.535775624752,-16.229333894693276,0.16073147999999998
2020-09-22,vol_long,1097.7340798492232,4.0626851950533505,0.016,0.535775624752,-16.279314354343963,0.16073147999999998
2020-09-23,vol_long,1093.1523691333268,4.463107329489158,0.016,0.535775624752,-16.273043761920185,0.16073147999999998
2020-09-24,vol_long,1105.712472288068,3.365407447105506,0.027,0.59236134633725,-16.302171715093802,0.17770465049999998
2020-09-25,vol_long,1104.5958732654633,3.4629934781024163,0.027,0.59236134633725,-16.271000737698557,0.17770465049999998
2020-09-26,vol_long,1105.6701947947843,3.3691023211709026,0.027,0.59236134633725,-16.35767920837759,0.17770465049999998
2020-09-27,vol_long,1106.6967559395964,3.2793852198034212,0.027,0.59236134633725,-16.44447029308546,0.17770465049999998
2020-09-28,vol_long,1104.5099997279824,3.4704984620051227,0.027,0.59236134633725,-16.532273501999416,0.17770465049999998
2020-09-29,vol_long,1108.3917911426838,3.131246313606395,0.027,0.59236134633725,-16.61904286047807,0.17770465049999998
2020-09-30,vol_long,1106.5768208036416,3.2898670433210597,0.027,0.59236134633725,-16.706283199520037,0.17770465049999998
2020-10-01,vol_long,1102.2144158714136,3.6711227799993695,0.027,0.59236134633725,-16.785988768368185,0.17770465049999998
2020-10-02,vol_long,1100.8633316658713,3.7892018240360703,0.027,0.59236134633725,-16.808927265040424,0.17770465049999998
2020-10-03,vol_long,1100.0436867128146,3.8608353255672245,0.027,0.59236134633725,-16.89360729034683,0.17770465049999998
2020-10-04,vol_long,1103.378727963201,3.569366828597764,0.027,0.59236134633725,-16.899778408170626,0.17770465049999998
2020-10-05,vol_long,1106.7631528231443,3.2735824130618485,0.027,0.59236134633725,-16.84368118001735,0.17770465049999998
2020-10-06,vol_long,1101.6095935052197,3.723981696208467,0.027,0.59236134633725,-16.839376882692136,0.17770465049999998
2020-10-07,vol_long,1103.4368082567557,3.564290856639707,0.027,0.59236134633725,-16.842835286306002,0.17770465049999998
2020-10-08,vol_long,1110.329196814882,2.9619252537153806,0.027,0.59236134633725,-16.885917188279855,0.17770465049999998
2020-10-09,vol_long,1113.8338093872283,2.6556369405487223,0.027,0.59236134633725,-16.963314301463512,0.17770465049999998
2020-10-10,vol_long,1120.3088396576566,2.0897466864072456,0.027,0.59236134633725,-17.054525955485236,0.17770465049999998
2020-10-11,vol_long,1122.2445651066214,1.9205724709189242,0.027,0.59236134633725,-17.14646889654034,0.17770465049999998
2020-10-12,vol_long,1126.4936746821033,1.5492182691438372,0.027,0.59236134633725,-17.239068287118517,0.17770465049999998
2020-10-13,vol_long,1123.4021519738362,1.8194042756950801,0.027,0.59236134633725,-17.331862029325492,0.17770465049999998
2020-10-14,vol_long,1122.7314280974338,1.8780227051114706,0.034,0.63253225106925,-17.439975536996073,0.1897541145
2020-10-15,vol_long,1126.5566296110035,1.5437162746778865,0.044,0.68949519422925,-17.579084760266202,0.20684043449999998
2020-10-16,vol_long,1118.278331196214,2.267204536223011,0.044,0.68949519422925,-17.72930569841577,0.20684043449999998
2020-10-17,vol_long,1119.8605645009031,2.1289240387570962,0.044,0.68949519422925,-17.878884149686325,0.20684043449999998
2020-10-18,vol_long,1126.1417928169794,1.5799712555803813,0.044,0.68949519422925,-18.029605311849988,0.20684043449999998
2020-10-19,vol_long,1136.6917455963835,0.6579500124082482,0.044,0.68949519422925,-18.18255847760597,0.20684043449999998
2020-10-20,vol_long,1143.4385455920901,0.2221577566423827,0.044,0.68949519422925,-18.305484819659164,0.20684043449999998
2020-10-21,vol_long,1182.6910542165149,1.4843259345621473,0.044,0.68949519422925,-18.41366015475448,0.20684043449999998
2020-10-22,vol_long,1188.8078445334518,0.9748101831394851,0.025,0.81207772409125,-18.53417712145567,0.24362071049999998
2020-10-23,vol_long,1187.6041302837277,1.075077045115791,0.025,0.81207772409125,-18.631121281679622,0.24362071049999998
2020-10-24,vol_long,1192.157979445963,0.6957510003211542,0.025,0.81207772409125,-18.728504428944344,0.24362071049999998
2020-10-25,vol_long,1189.9135663382322,0.8827058854546155,0.025,0.81207772409125,-18.826185227175294,0.24362071049999998
2020-10-26,vol_long,1190.3792353422987,0.8439166381161489,0.025,0.81207772409125,-18.92376622310877,0.24362071049999998
2020-10-27,vol_long,1204.8794031884163,0.18549865323832515,0.025,0.81207772409125,-19.00815964599112,0.24362071049999998
2020-10-28,vol_long,1195.4627554895999,1.1988446760182292,0.025,0.81207772409125,-19.088037242307692,0.24362071049999998
2020-10-29,vol_long,1200.3258032073857,0.796929408724012,0.025,0.81207772409125,-18.964698358021934,0.24362071049999998
2020-10-30,vol_long,1202.8914948671954,0.5848832374566459,0.025,0.81207772409125,-18.864756698211934,0.24362071049999998
2020-10-31,vol_long,1208.985518157204,0.3067663928881581,0.025,0.81207772409125,-18.75577142495335,0.24362071049999998
2020-11-01,vol_long,1208.2089955140113,0.3707986348847614,0.025,0.81207772409125,-18.70225605139618,0.24362071049999998
2020-11-02,vol_long,1202.8846501402213,0.8098454217836393,0.025,0.81207772409125,-18.74751024893618,0.24362071049999998
2020-11-03,vol_long,1214.8559695433664,0.0,0.025,0.81207772409125,-18.65878202204109,0.24362071049999998
2020-11-04,vol_long,1217.9212709318986,0.0,0.025,0.81207772409125,-18.539730633508967,0.24362071049999998
2020-11-05,vol_long,1246.8377924021675,0.0,0.02,0.847326211025,-18.634169925406347,0.254196843
2020-11-06,vol_long,1248.1538253898261,0.3346565621422326,0.014,0.8949406777835001,-18.790738645268984,0.268483326
2020-11-07,vol_long,1237.164349391257,1.2121685140504046,0.014,0.8949406777835001,-19.004346604958236,0.268483326
2020-11-08,vol_long,1246.3185751860958,0.4812016739132452,0.014,0.8949406777835001,-19.067487660699456,0.268483326
2020-11-09,vol_long,1244.1209099497034,0.6566857016756744,0.014,0.8949406777835001,-19.131587275071944,0.268483326
2020-11-10,vol_long,1243.7015257918117,0.6901736142057024,0.014,0.8949406777835001,-19.195665313963634,0.268483326
2020-11-11,vol_long,1249.1362737082877,0.2562078588833616,0.014,0.8949406777835001,-19.260582287927786,0.268483326
2020-11-12,vol_long,1257.4914203626145,0.0,0.014,0.8949406777835001,-19.327332320580936,0.268483326
2020-11-13,vol_long,1257.8265538882074,0.12703396889941487,0.014,0.8949406777835001,-19.395444077288225,0.268483326
2020-11-14,vol_long,1254.1038129869105,0.4226241473930248,0.014,0.8949406777835001,-19.450359491805155,0.268483326
2020-11-15,vol_long,1252.5181572404106,0.5485271520781043,0.014,0.8949406777835001,-19.517718755805156,0.268483326
2020-11-16,vol_long,1262.9591377642168,0.13463812320930746,0.014,0.8949406777835001,-19.585801245819013,0.268483326
2020-11-17,vol_long,1276.45605711523,0.16231286897003816,0.014,0.8949406777835001,-19.65687888098589,0.268483326
2020-11-18,vol_long,1277.8248064252587,0.6823667844902626,0.014,0.8949406777835001,-19.90865503863709,0.268483326
2020-11-19,vol_long,1277.9704075930472,0.6710500818362997,0.014,0.8949406777835001,-20.127448403168593,0.268483326
2020-11-20,vol_long,1289.589667383592,0.036983746107288606,0.014,0.8949406777835001,-20.42092861262381,0.268483326
2020-11-21,vol_long,1290.2208359156932,0.17259839394008214,0.014,0.8949406777835001,-20.629758196402754,0.268483326
2020-11-22,vol_long,1285.6051543734632,0.5297244627303632,0.014,0.8949406777835001,-21.23654162275293,0.268483326
2020-11-23,vol_long,1284.1924434410362,0.6390292093899297,0.014,0.8949406777835001,-21.972352555180127,0.268483326
2020-11-24,vol_long,1294.7740792335837,0.24805683755747543,0.014,0.8949406777835001,-22.478576762632727,0.268483326
2020-11-25,vol_long,1289.9149039652548,0.6224172630222902,0.01,0.9332958236485001,-22.92114958859669,0.279991596
2020-11-26,vol_long,1273.891460739685,1.8568948630448223,0.01,0.9332958236485001,-23.059371840666426,0.279991596
2020-11-27,vol_long,1273.6805254574338,1.873145732307313,0.01,0.9332958236485001,-23.111450687317635,0.279991596
2020-11-28,vol_long,1279.4813613131566,1.426237922014073,0.01,0.9332958236485001,-23.163121200794826,0.279991596
2020-11-29,vol_long,1283.995650417689,1.078448205339566,0.01,0.9332958236485001,-23.216782162662625,0.279991596
2020-11-30,vol_long,1299.2672254701488,0.0,0.01,0.9332958236485001,-23.310607110202625,0.279991596
2020-12-01,vol_long,1289.6267780674966,0.7724001425680749,0.01,0.9332958236485001,-23.507993226754884,0.279991596
2020-12-02,vol_long,1294.040548278869,0.4327919459602203,0.01,0.9332958236485001,-23.564793305682514,0.279991596
2020-12-03,vol_long,1296.0947814406286,0.27473332802859796,0.01,0.9332958236485001,-23.65295113972304,0.279991596
2020-12-04,vol_long,1288.3103532723019,0.8736896590712417,0.01,0.9332958236485001,-23.71587930804961,0.279991596
2020-12-05,vol_long,1293.0936346687338,0.5056502072835811,0.01,0.9332958236485001,-23.772570809317845,0.279991596
2020-12-06,vol_long,1295.2925490730677,0.33645939770614586,0.01,0.9332958236485001,-23.83008350728398,0.279991596
2020-12-07,vol_long,1293.2263230824676,0.49544077844136947,0.01,0.9332958236485001,-23.888053337283978,0.279991596
2020-12-08,vol_long,1284.6664813918246,1.154059659940454,0.01,0.9332958236485001,-23.945181672026788,0.279991596
2020-12-09,vol_long,1286.7847547749057,0.9910736028736267,0.01,0.9332958236485001,-23.99977780544558,0.279991596
2020-12-10,vol_long,1283.8030546443124,1.2204942015190068,0.01,0.9332958236485001,-24.05479042013883,0.279991596
2020-12-11,vol_long,1281.4913783570569,1.3983612352475028,0.01,0.9332958236485001,-24.10895422329434,0.279991596
2020-12-12,vol_long,1289.2736458340135,0.7995711540240702,0.01,0.9332958236485001,-24.130986746337864,0.279991596
2020-12-13,vol_long,1292.9682776816992,0.5152955350329336,0.01,0.9332958236485001,-24.188250368252206,0.279991596
2020-12-14,vol_long,1293.8628033965624,0.44646814930693335,0.01,0.9332958236485001,-24.245780405989166,0.279991596
2020-12-15,vol_long,1295.3507753339195,0.3319793014401107,0.01,0.9332958236485001,-24.303657246432135,0.279991596
2020-12-16,vol_long,1314.4351526915614,0.023335377666466872,0.01,0.9332958236485001,-24.43767988878998,0.279991596
2020-12-17,vol_long,1328.977743026616,0.5956627836364969,0.01,0.9332958236485001,-24.63448955373498,0.279991596
2020-12-18,vol_long,1331.7145612731258,0.3909553644916297,0.01,0.9332958236485001,-24.924742443125233,0.279991596
2020-12-19,vol_long,1338.7260350843922,0.12206934407290593,0.01,0.9332958236485001,-25.201197495958972,0.279991596
2020-12-20,vol_long,1334.6409878323002,0.5396511028576523,0.01,0.9332958236485001,-25.56934474805069,0.279991596
2020-12-21,vol_long,1326.8754372420058,1.118356820822719,0.01,0.9332958236485001,-25.794895338345107,0.279991596
2020-12-22,vol_long,1337.787729366689,0.30514908040157884,0.01,0.9332958236485001,-25.886903213661935,0.279991596
2020-12-23,vol_long,1331.8604032634398,0.7468663119499896,0.01,0.9332958236485001,-25.961403597711268,0.279991596
2020-12-24,vol_long,1336.7337486200108,0.3836940177676662,0.01,0.9332958236485001,-26.071083960340466,0.279991596
2020-12-25,vol_long,1346.4034912217985,0.0,0.01,0.9332958236485001,-26.22261516835289,0.279991596
2020-12-26,vol_long,1364.037130545527,0.16475263842227195,0.01,0.9332958236485001,-26.315028749324526,0.279991596
2020-12-27,vol_long,1363.1983370425528,0.7956005690445744,0.007,0.97345045455025,-26.55364385631691,0.2920397925
2020-12-28,vol_long,1368.538483389808,0.4069806618326899,0.007,0.97345045455025,-26.83642969337154,0.2920397925
2020-12-29,vol_long,1370.405771639223,0.2710919915533738,0.007,0.97345045455025,-27.07296811372665,0.2920397925
2020-12-30,vol_long,1380.5623349299015,0.0,0.007,0.97345045455025,-27.44385858168798,0.2920397925
2020-12-31,vol_long,1380.5575793792739,0.13603787060445516,0.007,0.97345045455025,-27.749050615935587,0.2920397925
2021-01-01,vol_long,1383.1352703476784,0.08318624785558226,0.007,0.97345045455025,-27.919269405271198,0.2920397925
2021-01-02,vol_long,1402.8356131489281,0.4512718481274325,0.007,0.97345045455025,-28.238226604021598,0.2920397925
2021-01-03,vol_long,1407.8994149894506,0.7455882535919778,0.007,0.97345045455025,-29.158654763498998,0.2920397925
2021-01-04,vol_long,1399.713665093861,1.3226691032179105,0.007,0.97345045455025,-30.195444659088302,0.2920397925
2021-01-05,vol_long,1412.8970579637783,0.39326328757928186,0.007,0.97345045455025,-30.636851789171104,0.2920397925
2021-01-06,vol_long,1431.5414559429591,0.0,0.007,0.97345045455025,-31.811833809990265,0.2920397925
2021-01-07,vol_long,1449.4625189019125,0.15130653091390833,0.007,0.97345045455025,-32.71174085103672,0.2920397925
2021-01-08,vol_long,1456.1535618681164,0.45608453497084644,0.007,0.97345045455025,-33.93032380196301,0.2920397925
2021-01-09,vol_long,1452.5227451239796,0.7042903042742577,0.005,1.0137861532877501,-34.54035640523244,0.3041423175
2021-01-10,vol_long,1442.1880748148492,1.4107772947611785,0.005,1.0137861532877501,-35.18532671436298,0.3041423175
2021-01-11,vol_long,1427.8619350787785,2.3901245835169616,0.005,1.0137861532877501,-35.57524209893349,0.3041423175
2021-01-12,vol_long,1420.8585191900595,2.8688841439432067,0.005,1.0137861532877501,-35.82029302980252,0.3041423175
2021-01-13,vol_long,1437.3281501192976,1.7430059454536018,0.005,1.0137861532877501,-36.00733324441432,0.3041423175
2021-01-14,vol_long,1445.7142863513766,1.1697224278187313,0.005,1.0137861532877501,-36.42826517783518,0.3041423175
2021-01-15,vol_long,1433.2552620499393,2.021432092455966,0.005,1.0137861532877501,-36.872201422672475,0.3041423175
2021-01-16,vol_long,1429.4056559887458,2.284594488486158,0.005,1.0137861532877501,-37.07864554046598,0.3041423175
2021-01-17,vol_long,1428.4792281951256,2.347925892801972,0.005,1.0137861532877501,-37.208804195186104,0.3041423175
2021-01-18,vol_long,1432.1029832936274,2.1002028636947556,0.005,1.0137861532877501,-37.58592419268444,0.3041423175
2021-01-19,vol_long,1427.6368924610586,2.4055086912793344,0.005,1.0137861532877501,-38.25570906815319,0.3041423175
2021-01-20,vol_long,1425.405848325843,2.558024795768843,0.005,1.0137861532877501,-38.47430320336893,0.3041423175
2021-01-21,vol_long,1401.954466155751,4.161181540640479,0.005,1.0137861532877501,-38.67459420766051,0.3041423175
2021-01-22,vol_long,1412.5382189429454,3.437667056769955,0.005,1.0137861532877501,-38.72168258626593,0.3041423175
2021-01-23,vol_long,1408.003365220745,3.747673574894217,0.005,1.0137861532877501,-38.77418630846617,0.3041423175
2021-01-24,vol_long,1408.7372927929298,3.6975016520172876,0.005,1.0137861532877501,-38.87997479493174,0.3041423175
2021-01-25,vol_long,1408.6063173655398,3.7064552453837663,0.005,1.0137861532877501,-39.05644845562191,0.3041423175
2021-01-26,vol_long,1409.592615375735,3.639031061340803,0.005,1.0137861532877501,-39.10993615347653,0.3041423175
2021-01-27,vol_long,1399.0495311696577,4.3597654058724515,0.005,1.0137861532877501,-39.15722035955373,0.3041423175
2021-01-28,vol_long,1413.9109366450757,3.3438268887571065,0.005,1.0137861532877501,-39.223543065685874,0.3041423175
2021-01-29,vol_long,1417.91232634827,3.070288431833368,0.005,1.0137861532877501,-39.654725180941526,0.3041423175
2021-01-30,vol_long,1417.8825518165638,3.0723238445431122,0.005,1.0137861532877501,-39.86819971264753,0.3041423175
2021-01-31,vol_long,1411.840946814968,3.48533318181411,0.005,1.0137861532877501,-40.11269369929335,0.3041423175
2021-02-01,vol_long,1413.707534590756,3.357731628910088,0.005,1.0137861532877501,-40.31021693845536,0.3041423175
2021-02-02,vol_long,1423.2348136584064,2.706438601198613,0.005,1.0137861532877501,-40.66008787080502,0.3041423175
2021-02-03,vol_long,1433.4789056842583,2.0061436204074745,0.005,1.0137861532877501,-41.08303641925317,0.3041423175
2021-02-04,vol_long,1429.8788772222292,2.2522446761478965,0.005,1.0137861532877501,-41.39181776728207,0.3041423175
2021-02-05,vol_long,1436.1008223368538,1.8269071329538589,0.005,1.0137861532877501,-41.82603472015785,0.3041423175
2021-02-06,vol_long,1440.3202024111927,1.538466665936089,0.005,1.0137861532877501,-42.23954911801898,0.3041423175
2021-02-07,vol_long,1437.6463052796762,1.7212565838348515,0.005,1.0137861532877501,-42.873585539885475,0.3041423175
2021-02-08,vol_long,1474.7350008319042,0.0,0.005,1.0137861532877501,-43.647550697307345,0.3041423175
2021-02-09,vol_long,1475.5951935203511,0.25155838763595284,0.002,1.0840911359582501,-44.28062503980993,0.3252369765
2021-02-10,vol_long,1471.9137540808028,0.5004192192500478,0.002,1.0840911359582501,-44.65966780673831,0.3252369765
2021-02-11,vol_long,1478.0162853093793,0.0878955253438285,0.002,1.0840911359582501,-44.97021843516194,0.3252369765
2021-02-12,vol_long,1476.293144915238,0.20437772164649814,0.002,1.0840911359582501,-45.312416972303026,0.3252369765
2021-02-13,vol_long,1475.6379073619523,0.24867098385902286,0.002,1.0840911359582501,-45.64991452558883,0.3252369765
2021-02-14,vol_long,1478.1706985932997,0.1263286135715136,0.002,1.0840911359582501,-46.01841636176142,0.3252369765
2021-02-15,vol_long,1476.568499481642,0.23458235431039753,0.002,1.0840911359582501,-46.23690240589922,0.3252369765
2021-02-16,vol_long,1478.694900603482,0.09091052596169602,0.002,1.0840911359582501,-46.59318128405922,0.3252369765
2021-02-17,vol_long,1484.291812029457,0.03392496987922877,0.002,1.0840911359582501,-46.94196985808403,0.3252369765
2021-02-18,vol_long,1482.6943816859093,0.14151085042124478,0.002,1.0840911359582501,-47.370520201631834,0.3252369765
2021-02-19,vol_long,1491.1193231326051,0.0,0.002,1.0840911359582501,-47.69125949639583,0.3252369765
2021-02-20,vol_long,1490.5847917526264,0.20094898328478772,0.002,1.0840911359582501,-48.1328501349145,0.3252369765
2021-02-21,vol_long,1493.2838561199005,0.11105123105650261,0.002,1.0840911359582501,-48.50070576764033,0.3252369765
2021-02-22,vol_long,1486.2517434039248,0.5814442805392006,0.002,1.0840911359582501,-48.82192789541593,0.3252369765
2021-02-23,vol_long,1475.8213869518818,1.2791531166791215,0.002,1.0840911359582501,-48.89128602911895,0.3252369765
2021-02-24,vol_long,1477.2647937585787,1.1826005503495551,0.002,1.0840911359582501,-48.99018812896225,0.3252369765
2021-02-25,vol_long,1471.9802629883368,1.536094108331354,0.002,1.0840911359582501,-49.06083634692424,0.3252369765
2021-02-26,vol_long,1470.3944146698298,1.6421748918297174,0.002,1.0840911359582501,-49.08876743763131,0.3252369765
2021-02-27,vol_long,1469.9120282223894,1.6744427523156746,0.002,1.0840911359582501,-49.16813369727144,0.3252369765
2021-02-28,vol_long,1468.007243578942,1.8018578682599151,0.002,1.0840911359582501,-49.21899266171904,0.3252369765
2021-03-01,vol_long,1476.752337619245,1.2168798367949596,0.002,1.0840911359582501,-49.253381602416084,0.3252369765
2021-03-02,vol_long,1474.4491856845284,1.3709425922926122,0.002,1.0840911359582501,-49.28271003925304,0.3252369765
2021-03-03,vol_long,1478.2377376405855,1.1175182545847262,0.002,1.0840911359582501,-49.348124246955834,0.3252369765
2021-03-04,vol_long,1474.209593295138,1.386969439305774,0.002,1.0840911359582501,-49.37802375858359,0.3252369765
2021-03-05,vol_long,1474.9877182171272,1.3349190001679778,0.002,1.0840911359582501,-49.406763670414335,0.3252369765
2021-03-06,vol_long,1475.155921320399,1.3236675350854044,0.002,1.0840911359582501,-49.43574056714248,0.3252369765
2021-03-07,vol_long,1479.3152897971875,1.0454384877503387,0.002,1.0840911359582501,-49.473352090354105,0.3252369765
2021-03-08,vol_long,1482.157825685749,0.8552951867411229,0.002,1.0840911359582501,-49.51879620179248,0.3252369765
2021-03-09,vol_long,1486.9858397232333,0.5323390087381585,0.002,1.0840911359582501,-49.70146192008824,0.3252369765
2021-03-10,vol_long,1488.853427459475,0.40741207341880026,0.002,1.0840911359582501,-49.84504032122643,0.3252369765
2021-03-11,vol_long,1492.4063450225385,0.1697498238855455,0.002,1.0840911359582501,-50.158196865003006,0.3252369765
2021-03-12,vol_long,1491.0680260970582,0.25927283723357064,0.002,1.0840911359582501,-50.4108108921434,0.3252369765
2021-03-13,vol_long,1498.7331709655537,0.06953891415055757,0.002,1.0840911359582501,-50.60337092198808,0.3252369765
2021-03-14,vol_long,1494.0138318239258,0.38420849348570485,0.002,1.0840911359582501,-50.943631830575875,0.3252369765
2021-03-15,vol_long,1486.999733388261,0.8518848646745569,0.002,1.0840911359582501,-51.17990850170067,0.3252369765
2021-03-16,vol_long,1492.1810598683423,0.5064115314478812,0.003,1.1111683569322501,-51.33265537684509,0.3333589245
2021-03-17,vol_long,1498.0169488002182,0.11729418680911374,0.003,1.1111683569322501,-51.465823918349386,0.3333589245
2021-03-18,vol_long,1494.1342684432368,0.3773131455140133,0.003,1.1111683569322501,-51.628774275330876,0.3333589245
2021-03-19,vol_long,1495.2053088410285,0.30590060621867865,0.003,1.1111683569322501,-51.76544387753941,0.3333589245
2021-03-20,vol_long,1495.1196702876855,0.3116106303862165,0.003,1.1111683569322501,-52.01634717155227,0.3333589245
2021-03-21,vol_long,1492.7271743530985,0.47113235365164874,0.003,1.1111683569322501,-52.16070836546953,0.3333589245
2021-03-22,vol_long,1482.5769398432665,1.1479079657431668,0.003,1.1111683569322501,-52.41281455055144,0.3333589245
2021-03-23,vol_long,1483.2856067035586,1.1006569935928523,0.003,1.1111683569322501,-52.56537601500948,0.3333589245
2021-03-24,vol_long,1476.8638787645841,1.5288312246783398,0.003,1.1111683569322501,-52.7248602736539,0.3333589245
2021-03-25,vol_long,1473.8891904524291,1.7271711252284327,0.003,1.1111683569322501,-52.77441226613904,0.3333589245
2021-03-26,vol_long,1484.9219586317772,0.9915518220084407,0.003,1.1111683569322501,-52.831114086791096,0.3333589245
2021-03-27,vol_long,1487.358391264597,0.8291005816159935,0.003,1.1111683569322501,-52.880606019791095,0.3333589245
2021-03-28,vol_long,1487.112271346951,0.8455108387141363,0.003,1.1111683569322501,-52.931131696807235,0.3333589245
2021-03-29,vol_long,1492.685405827971,0.47391730597289294,0.003,1.1111683569322501,-52.99613145422734,0.3333589245
2021-03-30,vol_long,1495.8106511887456,0.26553888477230947,0.003,1.1111683569322501,-53.24594152982298,0.3333589245
2021-03-31,vol_long,1495.4861798217055,0.2871732921174819,0.003,1.1111683569322501,-53.616132896863355,0.3333589245
2021-04-01,vol_long,1494.9844489258974,0.3206266309331407,0.003,1.1111683569322501,-54.069143792671476,0.3333589245
2021-04-02,vol_long,1495.2003424101465,0.30623174726737146,0.003,1.1111683569322501,-54.56629030842229,0.3333589245
2021-04-03,vol_long,1489.015035353272,0.7186424127879953,0.003,1.1111683569322501,-55.04935441805707,0.3333589245
2021-04-04,vol_long,1493.4629453285406,0.42207419132231916,0.004,1.1395495084665002,-55.3119724872341,0.341871993
2021-04-05,vol_long,1497.1595303051993,0.17560121005246732,0.004,1.1395495084665002,-55.591362141335296,0.341871993
2021-04-06,vol_long,1491.94632242215,0.5231963274454188,0.004,1.1395495084665002,-56.150944006544634,0.341871993
2021-04-07,vol_long,1483.38626393223,1.0939455863362535,0.004,1.1395495084665002,-56.53050338090457,0.341871993
2021-04-08,vol_long,1491.640866534109,0.5435628613807308,0.004,1.1395495084665002,-56.7394393338655,0.341871993
2021-04-09,vol_long,1491.6220081686688,0.5448202591089801,0.004,1.1395495084665002,-56.896955195625964,0.341871993
2021-04-10,vol_long,1497.6302473267974,0.4225015560579526,0.004,1.1395495084665002,-57.57607657057724,0.341871993
2021-04-11,vol_long,1497.933807806598,0.4023178069256561,0.004,1.1395495084665002,-58.27442110093667,0.341871993
2021-04-12,vol_long,1496.5426365390974,0.4948168433013378,0.004,1.1395495084665002,-58.98536195943681,0.341871993
2021-04-13,vol_long,1510.7437319323287,0.0,0.004,1.1395495084665002,-59.71786381308542,0.341871993
2021-04-14,vol_long,1507.4914549899659,0.4689498739404607,0.004,1.1395495084665002,-60.49250350856823,0.341871993
2021-04-15,vol_long,1507.6010021861784,0.4617170982976426,0.004,1.1395495084665002,-61.16859631235561,0.341871993
2021-04-16,vol_long,1497.3296410068115,1.1398764079391221,0.005,1.1712827277355002,-62.170695734453716,0.351390531
2021-04-17,vol_long,1489.9966656878014,1.6240308830000827,0.005,1.1712827277355002,-62.77137073021368,0.351390531
2021-04-18,vol_long,1469.9589005893838,2.947010058651922,0.005,1.1712827277355002,-63.208528966881175,0.351390531
2021-04-19,vol_long,1467.2508303907764,3.1258084656281437,0.005,1.1712827277355002,-63.29255635048851,0.351390531
2021-04-20,vol_long,1471.1969625452152,2.8652678993997815,0.005,1.1712827277355002,-63.375244081399785,0.351390531
2021-04-21,vol_long,1457.8851721080703,3.744169386291396,0.005,1.1712827277355002,-63.459178627494765,0.351390531
2021-04-22,vol_long,1447.4520055587702,4.433011780292773,0.005,1.1712827277355002,-63.540481182494766,0.351390531
2021-04-23,vol_long,1444.3204494190898,4.6397705450468845,0.005,1.1712827277355002,-63.70558732217504,0.351390531
2021-04-24,vol_long,1438.99842817215,4.991153209106258,0.005,1.1712827277355002,-63.842208569115044,0.351390531
2021-04-25,vol_long,1433.6359149938817,5.345209324105216,0.005,1.1712827277355002,-64.01747730323333,0.351390531
2021-04-26,vol_long,1458.2191355071664,3.7221196906160547,0.005,1.1712827277355002,-64.09519928229881,0.351390531
2021-04-27,vol_long,1463.2694468312338,3.3886764807828595,0.005,1.1712827277355002,-64.17695861208124,0.351390531
2021-04-28,vol_long,1462.3039041668917,3.4524257478220743,0.005,1.1712827277355002,-64.25878257437331,0.351390531
2021-04-29,vol_long,1455.8130338422557,3.880980840127657,0.005,1.1712827277355002,-64.34030289900944,0.351390531
2021-04-30,vol_long,1476.419035411645,2.520484256009903,0.005,1.1712827277355002,-64.42282800462021,0.351390531
2021-05-01,vol_long,1476.9126853506373,2.4878913702194527,0.003,1.2290946446470001,-64.52844329671625,0.368736708
2021-05-02,vol_long,1473.1140384987316,2.7386943243434825,0.003,1.2290946446470001,-64.7098586134419,0.368736708
2021-05-03,vol_long,1474.5570218957607,2.643422372820725,0.003,1.2290946446470001,-64.95866278953304,0.368736708
2021-05-04,vol_long,1462.5421674059426,3.4366945870843657,0.003,1.2290946446470001,-65.17389975719125,0.368736708
2021-05-05,vol_long,1475.0785200830042,2.6089908262647787,0.003,1.2290946446470001,-65.33550093866964,0.368736708
2021-05-06,vol_long,1471.5314000446422,2.8431869015876132,0.003,1.2290946446470001,-65.72949860271174,0.368736708
2021-05-07,vol_long,1474.0662165740468,2.6758274447804653,0.003,1.2290946446470001,-65.92402207330727,0.368736708
2021-05-08,vol_long,1478.5157319809598,2.3820513576682023,0.003,1.2290946446470001,-66.18768666639426,0.368736708
2021-05-09,vol_long,1476.2833314188235,2.529444015527682,0.003,1.2290946446470001,-66.46057285843024,0.368736708
2021-05-10,vol_long,1468.714945778292,3.029141289477466,0.003,1.2290946446470001,-66.85024969258177,0.368736708
2021-05-11,vol_long,1471.0403403510718,2.8756087682680898,0.003,1.2290946446470001,-67.04480829628189,0.368736708
2021-05-12,vol_long,1449.7469750840069,4.281488051187699,0.003,1.2290946446470001,-67.19723356334698,0.368736708
2021-05-13,vol_long,1449.8024734218582,4.277823812940573,0.003,1.2290946446470001,-67.2639252254958,0.368736708
2021-05-14,vol_long,1450.130011125056,4.256198369262442,0.003,1.2290946446470001,-67.3996702393781,0.368736708
2021-05-15,vol_long,1440.8389387225884,4.869634810280942,0.003,1.2290946446470001,-67.45898704195561,0.368736708
2021-05-16,vol_long,1439.6488330339544,4.948210691131649,0.003,1.2290946446470001,-67.59209581969951,0.368736708
2021-05-17,vol_long,1430.839798005502,5.529820957695275,0.003,1.2290946446470001,-67.7699106418521,0.368736708
2021-05-18,vol_long,1428.6533515507435,5.674179528330059,0.003,1.2290946446470001,-67.88940685383042,0.368736708
2021-05-19,vol_long,1410.0551605364806,6.902111849914572,0.003,1.2290946446470001,-67.84528401754345,0.368736708
2021-05-20,vol_long,1421.591491102981,6.140433837024739,0.003,1.2290946446470001,-67.88069921687274,0.368736708
2021-05-21,vol_long,1411.7450686538557,6.790536869517738,0.003,1.2290946446470001,-67.89998169708814,0.368736708
2021-05-22,vol_long,1412.341476491883,6.75115946659729,0.003,1.2290946446470001,-67.89500215547078,0.368736708
2021-05-23,vol_long,1403.8699606152081,7.310485271446144,0.003,1.2290946446470001,-67.89292803214539,0.368736708
2021-05-24,vol_long,1416.3978971323666,6.483337181592674,0.003,1.2290946446470001,-67.8755315149869,0.368736708
2021-05-25,vol_long,1415.0606036977524,6.57163102858812,0.003,1.2290946446470001,-67.91033936036092,0.368736708
2021-05-26,vol_long,1417.6832177870417,6.39847480039305,0.003,1.2290946446470001,-67.94561086031149,0.368736708
2021-05-27,vol_long,1415.433191499992,6.547031184192109,0.003,1.2290946446470001,-67.98076574831148,0.368736708
2021-05-28,vol_long,1406.9221266354887,7.108968182807251,0.003,1.2290946446470001,-68.01443238230459,0.368736708
2021-05-29,vol_long,1403.663538633318,7.324114135847748,0.003,1.2290946446470001,-68.04671142495535,0.368736708
2021-05-30,vol_long,1406.8170716309194,7.115904364694825,0.003,1.2290946446470001,-68.078537016434,0.368736708
2021-05-31,vol_long,1411.5551900637765,6.80307346825233,0.003,1.2290946446470001,-68.11107342696653,0.368736708
2021-06-01,vol_long,1409.8708718840178,6.914279376997545,0.003,1.2290946446470001,-68.14416243571534,0.368736708
2021-06-02,vol_long,1412.4646068507914,6.743029872307393,0.003,1.2290946446470001,-68.1777462839918,0.368736708
2021-06-03,vol_long,1417.4490354391512,6.413936523197094,0.003,1.2290946446470001,-68.2121709509918,0.368736708
2021-06-04,vol_long,1410.2073566775512,6.89206320804947,0.003,1.2290946446470001,-68.25763050645195,0.368736708
2021-06-05,vol_long,1406.163328791548,7.159067270261977,0.003,1.2290946446470001,-68.29084902067493,0.368736708
2021-06-06,vol_long,1407.0247911726892,7.1021898298259,0.003,1.2290946446470001,-68.32318747466387,0.368736708
2021-06-07,vol_long,1400.2851846042454,7.547167555552492,0.003,1.2290946446470001,-68.35558473501767,0.368736708
2021-06-08,vol_long,1399.6954939129546,7.586101463641626,0.003,1.2290946446470001,-68.3761647343987,0.368736708
2021-06-09,vol_long,1411.6392961550566,6.797520423451053,0.003,1.2290946446470001,-68.36447249229673,0.368736708
2021-06-10,vol_long,1409.5688051651973,6.934223117065064,0.003,1.2290946446470001,-68.36340348215595,0.368736708
2021-06-11,vol_long,1411.490319748334,6.807356484647964,0.003,1.2290946446470001,-68.38258889901934,0.368736708
2021-06-12,vol_long,1406.1546722857154,7.159638809896974,0.003,1.2290946446470001,-68.3835987152082,0.368736708
2021-06-13,vol_long,1416.5589996183971,6.472700504642059,0.003,1.2290946446470001,-68.38980681199625,0.368736708
2021-06-14,vol_long,1421.0046509442552,6.179179540730583,0.003,1.2290946446470001,-68.40953051786829,0.368736708
2021-06-15,vol_long,1419.9187814107845,6.2508733036427895,0.003,1.2290946446470001,-68.44337723656894,0.368736708
2021-06-16,vol_long,1414.507196183336,6.6081693657542795,0.003,1.2290946446470001,-68.47908969116739,0.368736708
2021-06-17,vol_long,1413.5997330689215,6.668083971856598,0.003,1.2290946446470001,-68.51405557843205,0.368736708
2021-06-18,vol_long,1406.8141564834407,7.1160968352318,0.003,1.2290946446470001,-68.53145216391299,0.368736708
2021-06-19,vol_long,1405.8822441343748,7.17762568464646,0.003,1.2290946446470001,-68.52382451297886,0.368736708
2021-06-20,vol_long,1406.175829556531,7.1582419161533295,0.003,1.2290946446470001,-68.52612909082261,0.368736708
2021-06-21,vol_long,1394.289358905056,7.943037678887366,0.003,1.2290946446470001,-68.51484330341735,0.368736708
2021-06-22,vol_long,1396.910451288071,7.769981920265733,0.003,1.2290946446470001,-68.50103048887193,0.368736708
2021-06-23,vol_long,1400.4099103640765,7.5389326260524525,0.003,1.2290946446470001,-68.46715828327643,0.368736708
2021-06-24,vol_long,1403.4316368997893,7.339425282712142,0.003,1.2290946446470001,-68.44998323812364,0.368736708
2021-06-25,vol_long,1394.1840151721935,7.949992923854953,0.003,1.2290946446470001,-68.4725113770892,0.368736708
2021-06-26,vol_long,1396.3012436321562,7.81020442204996,0.003,1.2290946446470001,-68.44017501519656,0.368736708
2021-06-27,vol_long,1403.658887179904,7.324421244748014,0.003,1.2290946446470001,-68.33860146744865,0.368736708
2021-06-28,vol_long,1403.0283667736105,7.366050905703347,0.003,1.2290946446470001,-68.34953187374211,0.368736708
2021-06-29,vol_long,1407.2868857581311,7.084885221408365,0.003,1.2290946446470001,-68.37284330965116,0.368736708
2021-06-30,vol_long,1404.629996701152,7.260304429944653,0.003,1.2290946446470001,-68.40444194620007,0.368736708
2021-07-01,vol_long,1400.027954950702,7.564150960304805,0.003,1.2290946446470001,-68.43497895849006,0.368736708
2021-07-02,vol_long,1400.7932762901478,7.513621163703443,0.003,1.2290946446470001,-68.4410099881842,0.368736708
2021-07-03,vol_long,1403.4713483955863,7.3368033594729205,0.003,1.2290946446470001,-68.42573025176576,0.368736708
2021-07-04,vol_long,1405.3611636152273,7.212029654963715,0.003,1.2290946446470001,-68.41751503212475,0.368736708
2021-07-05,vol_long,1400.5417955156295,7.530225002810775,0.003,1.2290946446470001,-68.42785363869258,0.368736708
2021-07-06,vol_long,1402.1670349914784,7.42291972343282,0.003,1.2290946446470001,-68.40713365587364,0.368736708
2021-07-07,vol_long,1401.0715463440747,7.4952485814945735,0.003,1.2290946446470001,-68.41419230327735,0.368736708
2021-07-08,vol_long,1398.107077906948,7.69097549963803,0.003,1.2290946446470001,-68.3816607404039,0.368736708
2021-07-09,vol_long,1401.0210868946342,7.498580130721577,0.003,1.2290946446470001,-68.33484175271758,0.368736708
2021-07-10,vol_long,1400.0939820388996,7.559791568811525,0.003,1.2290946446470001,-68.34277567833196,0.368736708
2021-07-11,vol_long,1402.320962000041,7.412756802273779,0.003,1.2290946446470001,-68.35721664731052,0.368736708
2021-07-12,vol_long,1396.6225180383392,7.788992508098369,0.005,1.2632597086380002,-68.38891620947143,0.37898469
2021-07-13,vol_long,1394.7214208122998,7.914511099048315,0.005,1.2632597086380002,-68.4221218358107,0.37898469
2021-07-14,vol_long,1395.2049132771429,7.882588853257422,0.005,1.2632597086380002,-68.42132086121788,0.37898469
2021-07-15,vol_long,1390.4208472780278,8.19845340505182,0.005,1.2632597086380002,-68.43203718643268,0.37898469
2021-07-16,vol_long,1387.5066634449906,8.390860318008098,0.007,1.2948944531380002,-68.42966006135985,0.38847369000000004
2021-07-17,vol_long,1388.2709245916712,8.34040051987931,0.007,1.2948944531380002,-68.44730726518935,0.38847369000000004
2021-07-18,vol_long,1390.0940787984919,8.220028061285301,0.007,1.2948944531380002,-68.48181305836867,0.38847369000000004
2021-07-19,vol_long,1383.5599779407928,8.651437418760366,0.007,1.2948944531380002,-68.46951391606792,0.38847369000000004
2021-07-20,vol_long,1374.2409919755908,9.266716832886623,0.009000000000000001,1.3256870913410002,-68.3510517067473,0.39771009600000007
2021-07-21,vol_long,1395.5811195789215,7.857750100005367,0.009000000000000001,1.3256870913410002,-68.08848323373641,0.39771009600000007
2021-07-22,vol_long,1397.0371714116118,7.761615314321557,0.009000000000000001,1.3256870913410002,-68.04942895561639,0.39771009600000007
2021-07-23,vol_long,1409.2784815249388,6.95339152873049,0.009000000000000001,1.3256870913410002,-67.99793148213917,0.39771009600000007
2021-07-24,vol_long,1414.7753479027942,6.590464839375409,0.009000000000000001,1.3256870913410002,-67.90301713138375,0.39771009600000007
2021-07-25,vol_long,1425.3317046414277,5.893488900822918,0.009000000000000001,1.3256870913410002,-67.74017817123055,0.39771009600000007
2021-07-26,vol_long,1442.0568388957372,4.789223818377164,0.009000000000000001,1.3256870913410002,-67.634623916921,0.39771009600000007
2021-07-27,vol_long,1455.9288803182958,3.8733321590187053,0.006,1.3818216898880002,-67.68523731295537,0.41455300200000006
2021-07-28,vol_long,1459.1709951783757,3.659273833457455,0.006,1.3818216898880002,-67.72815012973537,0.41455300200000006
2021-07-29,vol_long,1459.174265331321,3.65905792393727,0.006,1.3818216898880002,-67.77551997678988,0.41455300200000006
2021-07-30,vol_long,1472.3115327138341,2.7916791974840205,0.006,1.3818216898880002,-67.81779259427697,0.41455300200000006
2021-07-31,vol_long,1467.65062825157,3.099412096487064,0.006,1.3818216898880002,-67.89295705654102,0.41455300200000006
2021-08-01,vol_long,1458.06136741367,3.7325362166733655,0.006,1.3818216898880002,-67.96763005654101,0.41455300200000006
2021-08-02,vol_long,1453.7323160648284,4.018358750110352,0.006,1.3818216898880002,-68.03940924328266,0.41455300200000006
2021-08-03,vol_long,1448.0157119908984,4.395793464416542,0.006,1.3818216898880002,-68.10894255967257,0.41455300200000006
2021-08-04,vol_long,1457.1824656215279,3.790565081805586,0.006,1.3818216898880002,-68.15756199462325,0.41455300200000006
2021-08-05,vol_long,1463.9171304558733,3.3459136305547976,0.006,1.3818216898880002,-68.2279847548376,0.41455300200000006
2021-08-06,vol_long,1475.5221643979585,2.579699526202217,0.006,1.3818216898880002,-68.30226091015253,0.41455300200000006
2021-08-07,vol_long,1486.0449660152362,1.8849390406492028,0.006,1.3818216898880002,-68.37989929287453,0.41455300200000006
2021-08-08,vol_long,1481.2028507641855,2.2046362529771435,0.006,1.3818216898880002,-68.4599330904254,0.41455300200000006
2021-08-09,vol_long,1495.9713916520764,1.2295538546419515,0.006,1.3818216898880002,-68.54001365603447,0.41455300200000006
2021-08-10,vol_long,1491.749119618812,1.5083263597845953,0.006,1.3818216898880002,-68.62246568929898,0.41455300200000006
2021-08-11,vol_long,1491.4599300006073,1.5274198984512322,0.006,1.3818216898880002,-68.70549530750392,0.41455300200000006
2021-08-12,vol_long,1484.4115875580994,1.9927816904725115,0.006,1.3818216898880002,-68.78647467595165,0.41455300200000006
2021-08-13,vol_long,1504.7549542553418,0.6496253868173651,0.006,1.3818216898880002,-68.8685900539493,0.41455300200000006
2021-08-14,vol_long,1500.4055137327273,0.9367941009375658,0.006,1.3818216898880002,-68.95401310358375,0.41455300200000006
2021-08-15,vol_long,1499.8784512007746,0.9715930293916486,0.006,1.3818216898880002,-69.03743410733655,0.41455300200000006
2021-08-16,vol_long,1493.2946355500203,1.406284770686017,0.006,1.3818216898880002,-69.1327593930509,0.41455300200000006
2021-08-17,vol_long,1485.7963927414278,1.901350914092026,0.006,1.3818216898880002,-69.21533256668332,0.41455300200000006
2021-08-18,vol_long,1485.8670707588471,1.8966844483078948,0.006,1.3818216898880002,-69.2966345492638,0.41455300200000006
2021-08-19,vol_long,1498.121981776516,1.08756267269019,0.006,1.3818216898880002,-69.37772353159527,0.41455300200000006
2021-08-20,vol_long,1513.2820075618486,0.08663276270118869,0.006,1.3818216898880002,-69.47983774626255,0.41455300200000006
2021-08-21,vol_long,1510.3662554918335,0.3240868750815862,0.006,1.3818216898880002,-69.61752981627765,0.41455300200000006
2021-08-22,vol_long,1512.8018608166356,0.16335024323562708,0.006,1.3818216898880002,-69.71950449147543,0.41455300200000006
2021-08-23,vol_long,1514.113432509637,0.35415832876568576,0.006,1.3818216898880002,-69.93835279847377,0.41455300200000006
2021-08-24,vol_long,1503.1004404687515,1.0789381488705119,0.006,1.3818216898880002,-70.17528483935924,0.41455300200000006
2021-08-25,vol_long,1510.5580517790838,0.5881427170888465,0.006,1.3818216898880002,-70.28949352902691,0.41455300200000006
2021-08-26,vol_long,1497.5444262616882,1.4445869173927761,0.006,1.3818216898880002,-70.40851904642258,0.41455300200000006
2021-08-27,vol_long,1510.8366283835676,0.5698092160263291,0.006,1.3818216898880002,-70.49403692454291,0.41455300200000006
2021-08-28,vol_long,1509.6946315884272,0.6449655612474348,0.006,1.3818216898880002,-70.6860206857232,0.41455300200000006
2021-08-29,vol_long,1508.8576517337385,0.7000483313303163,0.006,1.3818216898880002,-70.77356382389189,0.41455300200000006
2021-08-30,vol_long,1498.1116000885,1.407260444928371,0.006,1.3818216898880002,-70.89662521961046,0.41455300200000006
2021-08-31,vol_long,1498.6518830404207,1.3717036971122365,0.006,1.3818216898880002,-71.14480226768985,0.41455300200000006
2021-09-01,vol_long,1508.497091147546,0.7237773085081223,0.006,1.3818216898880002,-71.44511416056466,0.41455300200000006
2021-09-02,vol_long,1510.737398144901,0.5763396915104413,0.006,1.3818216898880002,-71.88044716320971,0.41455300200000006
2021-09-03,vol_long,1514.8180057911634,0.30778941336653265,0.006,1.3818216898880002,-72.19477951694724,0.41455300200000006
2021-09-04,vol_long,1514.0759688801766,0.3566238606138916,0.006,1.3818216898880002,-72.41973642793405,0.41455300200000006
2021-09-05,vol_long,1525.1674686137872,0.015189931859782568,0.006,1.3818216898880002,-72.5097766943234,0.41455300200000006
2021-09-06,vol_long,1530.3534578847398,0.0,0.006,1.3818216898880002,-72.65508742337053,0.41455300200000006
2021-09-07,vol_long,1495.1055857567605,2.3091226008871035,0.006,1.3818216898880002,-72.78245733846983,0.41455300200000006
2021-09-08,vol_long,1492.3033850079948,2.492219669350537,0.004,1.4288548838505002,-72.84704124115314,0.42866507700000006
2021-09-09,vol_long,1493.6155270979427,2.4064837097899083,0.004,1.4288548838505002,-72.90277396372515,0.42866507700000006
2021-09-10,vol_long,1487.403862936591,2.812356664725013,0.004,1.4288548838505002,-72.96000232875683,0.42866507700000006
2021-09-11,vol_long,1488.6369432193546,2.7317866395212387,0.004,1.4288548838505002,-73.01419681979303,0.42866507700000006
2021-09-12,vol_long,1491.9915599854473,2.5125944578189063,0.004,1.4288548838505002,-73.06878005370024,0.42866507700000006
2021-09-13,vol_long,1487.6471368106875,2.796461039402509,0.004,1.4288548838505002,-73.12273956970024,0.42866507700000006
2021-09-14,vol_long,1496.1234610683318,2.2426141661534005,0.004,1.4288548838505002,-73.17771953681569,0.42866507700000006
2021-09-15,vol_long,1500.1112710393136,1.982048853123053,0.004,1.4288548838505002,-73.23473524999395,0.42866507700000006
2021-09-16,vol_long,1498.578098718818,2.082227028243333,0.004,1.4288548838505002,-73.29251576508939,0.42866507700000006
2021-09-17,vol_long,1496.7374252596876,2.2024974672950948,0.004,1.4288548838505002,-73.34971477945983,0.42866507700000006
2021-09-18,vol_long,1500.6498757564389,1.9468561765064063,0.004,1.4288548838505002,-73.40744781566889,0.42866507700000006
2021-09-19,vol_long,1496.4236309409998,2.2230009304668563,0.004,1.4288548838505002,-73.46509033626775,0.42866507700000006
2021-09-20,vol_long,1479.4892777497992,3.3294992521873956,0.004,1.4288548838505002,-73.51947055914863,0.42866507700000006
2021-09-21,vol_long,1470.132434536799,3.9408796335276497,0.004,1.4288548838505002,-73.57122357114864,0.42866507700000006
2021-09-22,vol_long,1481.376747493166,3.2061711226891387,0.004,1.4288548838505002,-73.62179924098179,0.42866507700000006
2021-09-23,vol_long,1486.5575767717717,2.8676533867488807,0.004,1.4288548838505002,-73.66141202769603,0.42866507700000006
2021-09-24,vol_long,1478.4472498632495,3.3975858271297676,0.004,1.4288548838505002,-73.63870282329839,0.42866507700000006
2021-09-25,vol_long,1477.8233696306236,3.4383504446242164,0.004,1.4288548838505002,-73.68241963420427,0.42866507700000006
2021-09-26,vol_long,1479.8858023455523,3.3035901551721203,0.004,1.4288548838505002,-73.70018282903565,0.42866507700000006
2021-09-27,vol_long,1475.6470114929457,3.580554672894043,0.004,1.4288548838505002,-73.75222515876222,0.42866507700000006
2021-09-28,vol_long,1471.1756606875167,3.872714763460816,0.004,1.4288548838505002,-73.77823962615118,0.42866507700000006
2021-09-29,vol_long,1473.0990376441575,3.7470404403538216,0.004,1.4288548838505002,-73.80135524067045,0.42866507700000006
2021-09-30,vol_long,1482.2231625786728,3.1508659769290404,0.004,1.4288548838505002,-73.85120031263502,0.42866507700000006
2021-10-01,vol_long,1499.5137936424042,2.0210882973511146,0.004,1.4288548838505002,-73.86916757122374,0.42866507700000006
2021-10-02,vol_long,1497.5071374874465,2.152204121065282,0.004,1.4288548838505002,-73.89739735910149,0.42866507700000006
2021-10-03,vol_long,1499.696434723161,2.009154446258432,0.004,1.4288548838505002,-73.95474531598698,0.42866507700000006
2021-10-04,vol_long,1503.69067816173,1.748168767536662,0.004,1.4288548838505002,-74.01226187741794,0.42866507700000006
2021-10-05,vol_long,1512.6610526919612,1.162040425294264,0.004,1.4288548838505002,-74.02746355222664,0.42866507700000006
2021-10-06,vol_long,1528.0868754184257,0.1541101686570845,0.004,1.4288548838505002,-74.09062462072212,0.42866507700000006
2021-10-07,vol_long,1521.8681240847416,0.5604462026482904,0.004,1.4288548838505002,-74.24722060320609,0.42866507700000006
2021-10-08,vol_long,1522.3618667696203,0.52818483157544,0.004,1.4288548838505002,-74.39947326952722,0.42866507700000006
2021-10-09,vol_long,1526.230058726719,0.2754354138505999,0.004,1.4288548838505002,-74.477623896788,0.42866507700000006
2021-10-10,vol_long,1525.153961277474,0.3457481094790382,0.004,1.4288548838505002,-74.56833876167326,0.42866507700000006
2021-10-11,vol_long,1536.255195062744,0.000881309511635564,0.004,1.4288548838505002,-74.6359449764036,0.42866507700000006
2021-10-12,vol_long,1530.263276028946,0.39091196624773117,0.004,1.4288548838505002,-74.7044240102014,0.42866507700000006
2021-10-13,vol_long,1535.7122676509205,0.037768790524628226,0.004,1.4288548838505002,-74.77115238822702,0.42866507700000006
2021-10-14,vol_long,1535.4934185543857,0.2562683572581048,0.004,1.4288548838505002,-74.88611824652162,0.42866507700000006
2021-10-15,vol_long,1552.6741213251446,0.23596543927035807,0.004,1.4288548838505002,-75.02009871400256,0.42866507700000006
2021-10-16,vol_long,1549.2800693419254,0.45404360177996317,0.004,1.4288548838505002,-75.31329300694196,0.42866507700000006
2021-10-17,vol_long,1551.5690557660323,0.3069692623630438,0.004,1.4288548838505002,-75.594084273115,0.42866507700000006
2021-10-18,vol_long,1553.2742985294133,0.19740222853164013,0.004,1.4288548838505002,-75.7685615097343,0.42866507700000006
2021-10-19,vol_long,1562.2379418889857,0.0,0.004,1.4288548838505002,-75.8556789806015,0.42866507700000006
2021-10-20,vol_long,1569.1095501539562,0.2250930261767925,0.004,1.4288548838505002,-76.07626988519097,0.42866507700000006
2021-10-21,vol_long,1553.3647270890135,1.2262584683664923,0.004,1.4288548838505002,-76.56405295013376,0.42866507700000006
2021-10-22,vol_long,1547.037881747869,1.6285633331151073,0.004,1.4288548838505002,-76.7903382912782,0.42866507700000006
2021-10-23,vol_long,1549.258667062941,1.4873503450236192,0.004,1.4288548838505002,-76.9329129762063,0.42866507700000006
2021-10-24,vol_long,1547.3415695959043,1.6092527459200867,0.004,1.4288548838505002,-77.1765704432431,0.42866507700000006
2021-10-25,vol_long,1556.0013642083927,1.0586027280238386,0.004,1.4288548838505002,-77.39109583075481,0.42866507700000006
2021-10-26,vol_long,1544.4513951024956,1.7930301572484875,0.004,1.4288548838505002,-77.78630493665172,0.42866507700000006
2021-10-27,vol_long,1536.6773167878512,2.2873601679062827,0.004,1.4288548838505002,-77.99330325129588,0.42866507700000006
2021-10-28,vol_long,1545.3640830005916,1.7349951079304038,0.004,1.4288548838505002,-78.0870570385553,0.42866507700000006
2021-10-29,vol_long,1551.8237940302997,1.3242417178922938,0.004,1.4288548838505002,-78.24738600884709,0.42866507700000006
2021-10-30,vol_long,1550.0536727889585,1.4367983473321466,0.004,1.4288548838505002,-78.44150725018827,0.42866507700000006
2021-10-31,vol_long,1547.5543667562113,1.5957216212947545,0.004,1.4288548838505002,-78.71513328293547,0.42866507700000006
2021-11-01,vol_long,1545.5978930129615,1.720127839911112,0.004,1.4288548838505002,-79.01328702618525,0.42866507700000006
2021-11-02,vol_long,1554.702506693676,1.141193129497331,0.004,1.4288548838505002,-79.25539334547065,0.42866507700000006
2021-11-03,vol_long,1552.992849768592,1.2499050168481407,0.004,1.4288548838505002,-79.65277027055485,0.42866507700000006
2021-11-04,vol_long,1546.6302473050537,1.6544835683257375,0.004,1.4288548838505002,-80.0074927340928,0.42866507700000006
2021-11-05,vol_long,1544.7523195556885,1.7738952859321255,0.004,1.4288548838505002,-80.198993065578,0.42866507700000006
2021-11-06,vol_long,1546.3833140979668,1.6701853004090217,0.004,1.4288548838505002,-80.53046594117954,0.42866507700000006
2021-11-07,vol_long,1553.3806194304757,1.2252479226777968,0.004,1.4288548838505002,-80.75540060867074,0.42866507700000006
2021-11-08,vol_long,1570.2474685175494,0.15273625614746766,0.004,1.4288548838505002,-81.08067152159714,0.42866507700000006
2021-11-09,vol_long,1567.4014400882782,0.41680673346004005,0.004,1.4288548838505002,-81.47330971170848,0.42866507700000006
2021-11-10,vol_long,1558.6914769382101,0.9701850330670725,0.004,1.4288548838505002,-81.91314310093648,0.42866507700000006
2021-11-11,vol_long,1558.2518030866597,0.9981192463536903,0.004,1.4288548838505002,-82.0560969524869,0.42866507700000006
2021-11-12,vol_long,1555.2295029501197,1.1901378900201154,0.004,1.4288548838505002,-82.2877551616266,0.42866507700000006
2021-11-13,vol_long,1556.1338277793664,1.1326825681457597,0.004,1.4288548838505002,-82.46527225977992,0.42866507700000006
2021-11-14,vol_long,1560.511060885784,0.8545796908225656,0.004,1.4288548838505002,-82.56061385400243,0.42866507700000006
2021-11-15,vol_long,1552.7785311801135,1.3458577899901014,0.004,1.4288548838505002,-82.76284885903289,0.42866507700000006
2021-11-16,vol_long,1538.4183361052046,2.2582176008942745,0.004,1.4288548838505002,-82.90312393394173,0.42866507700000006
2021-11-17,vol_long,1539.363560287919,2.1981637818406563,0.004,1.4288548838505002,-82.98245975122761,0.42866507700000006
2021-11-18,vol_long,1525.508021800706,3.078460770024105,0.004,1.4288548838505002,-83.05663823844074,0.42866507700000006
2021-11-19,vol_long,1530.0383056052137,2.7906339784197987,0.004,1.4288548838505002,-83.12497065045285,0.42866507700000006
2021-11-20,vol_long,1536.4646092755836,2.382345569319022,0.004,1.4288548838505002,-83.19461146228278,0.42866507700000006
2021-11-21,vol_long,1532.1237241247939,2.658139117712466,0.004,1.4288548838505002,-83.26577591435264,0.42866507700000006
2021-11-22,vol_long,1522.675877673718,3.2583980526775136,0.004,1.4288548838505002,-83.33542236542827,0.42866507700000006
2021-11-23,vol_long,1527.719159264286,2.9379784891336636,0.004,1.4288548838505002,-83.40962077486066,0.42866507700000006
2021-11-24,vol_long,1526.068932255059,3.042823917363102,0.004,1.4288548838505002,-83.48252778408727,0.42866507700000006
2021-11-25,vol_long,1533.1664293734002,2.5918919422051157,0.004,1.4288548838505002,-83.58259066574603,0.42866507700000006
2021-11-26,vol_long,1512.2400641518557,3.921426430897368,0.004,1.4288548838505002,-83.7139861267707,0.42866507700000006
2021-11-27,vol_long,1516.086596712988,3.677041051603791,0.004,1.4288548838505002,-83.78099132215817,0.42866507700000006
2021-11-28,vol_long,1526.2747098648113,3.029750054498259,0.004,1.4288548838505002,-83.84643017433498,0.42866507700000006
2021-11-29,vol_long,1528.2631672967202,2.903415513978169,0.004,1.4288548838505002,-83.93985274242588,0.42866507700000006
2021-11-30,vol_long,1524.5966317175244,3.136364975337058,0.004,1.4288548838505002,-84.04972434366182,0.42866507700000006
2021-12-01,vol_long,1525.5615501071632,3.075059905669375,0.004,1.4288548838505002,-84.16874993198286,0.42866507700000006
2021-12-02,vol_long,1522.6947838740848,3.2571968672269414,0.004,1.4288548838505002,-84.25059616506097,0.42866507700000006
2021-12-03,vol_long,1511.1230074661407,3.992397446348883,0.004,1.4288548838505002,-84.36069252820498,0.42866507700000006
2021-12-04,vol_long,1493.079653895149,5.138762838060784,0.004,1.4288548838505002,-84.39959670655706,0.42866507700000006
2021-12-05,vol_long,1493.8625060162117,5.089025156266569,0.004,1.4288548838505002,-84.45277772113423,0.42866507700000006
2021-12-06,vol_long,1498.170817738591,4.8153011262069505,0.004,1.4288548838505002,-84.51146315419497,0.42866507700000006
2021-12-07,vol_long,1498.6323671651696,4.78597707139018,0.004,1.4288548838505002,-84.56042007313633,0.42866507700000006
2021-12-08,vol_long,1498.0654386900094,4.82199627264025,0.004,1.4288548838505002,-84.62110134913632,0.42866507700000006
2021-12-09,vol_long,1486.4198002903715,5.561889595309433,0.004,1.4288548838505002,-84.68065974877413,0.42866507700000006
2021-12-10,vol_long,1484.780479346419,5.666042118212767,0.004,1.4288548838505002,-84.73794069272651,0.42866507700000006
2021-12-11,vol_long,1493.509985888707,5.1114221498444685,0.004,1.4288548838505002,-84.79551103327849,0.42866507700000006
2021-12-12,vol_long,1496.2683133310306,4.936174732204057,0.004,1.4288548838505002,-84.85481658807491,0.42866507700000006
2021-12-13,vol_long,1482.6745506963164,5.7998400683772715,0.004,1.4288548838505002,-84.91322934282904,0.42866507700000006
2021-12-14,vol_long,1489.2756952967277,5.380443325647399,0.004,1.4288548838505002,-84.94765737937784,0.42866507700000006
2021-12-15,vol_long,1491.3594602093747,5.248053525108187,0.004,1.4288548838505002,-85.00491982977083,0.42866507700000006
2021-12-16,vol_long,1486.3257492574135,5.56786502824731,0.004,1.4288548838505002,-85.06339078173204,0.42866507700000006
2021-12-17,vol_long,1480.2730404201643,5.952417484631378,0.004,1.4288548838505002,-85.10993961898104,0.42866507700000006
2021-12-18,vol_long,1482.9854183851055,5.780089418453627,0.004,1.4288548838505002,-85.15960165403999,0.42866507700000006
2021-12-19,vol_long,1482.3542673513457,5.820188932061154,0.004,1.4288548838505002,-85.2107526878,0.42866507700000006
2021-12-20,vol_long,1483.2032077064553,5.766252404192529,0.004,1.4288548838505002,-85.26637233269018,0.42866507700000006
2021-12-21,vol_long,1491.0868742325613,5.265371986937106,0.004,1.4288548838505002,-85.32239264126423,0.42866507700000006
2021-12-22,vol_long,1489.7887403310212,5.347847551841289,0.004,1.4288548838505002,-85.38115970812395,0.42866507700000006
2021-12-23,vol_long,1498.6207625096304,4.78671436091015,0.004,1.4288548838505002,-85.427132862235,0.42866507700000006
2021-12-24,vol_long,1498.606191389569,4.787640121617054,0.004,1.4288548838505002,-85.48822864957633,0.42866507700000006
2021-12-25,vol_long,1496.94082860846,4.893447185109833,0.004,1.4288548838505002,-85.54918268100516,0.42866507700000006
2021-12-26,vol_long,1498.3097720771607,4.806472809223761,0.004,1.4288548838505002,-85.60932796198426,0.42866507700000006
2021-12-27,vol_long,1498.0532916035918,4.8227680249325555,0.004,1.4288548838505002,-85.67049188871331,0.42866507700000006
2021-12-28,vol_long,1485.2491910416982,5.636263016226839,0.004,1.4288548838505002,-85.73002899744685,0.42866507700000006
2021-12-29,vol_long,1480.8596327633331,5.915148960318195,0.004,1.4288548838505002,-85.78724006069174,0.42866507700000006
2021-12-30,vol_long,1483.4471608097963,5.750753101705852,0.004,1.4288548838505002,-85.84345637726867,0.42866507700000006
2021-12-31,vol_long,1479.7375735397318,5.986437806725087,0.0,1.5212621406825002,-85.87567290658103,0.4563914130000001
