period,family,scenario,atr,deadline,due,entry,entry_fee,entry_impact,er,exit,exit_fee,exit_fill,exit_reference,fees,fill,flow,funding,impact,initial_stop,net,origin,price_gross,qty,reason,reference,regime,risk_budget,side,source,stop,target
main,A_ACCEPT,base,97.74300000000001,1641974700000,1641542700000,1641542700000,0.036962814746,0.011090507999999999,0.34501172830264026,1641974700000,0.03704349069025,3221.1731035000003,3220.69,0.07400630543625,3214.157804,0.515272457047427,0.035231801441236305,0.022201888499999996,3425.1243,-0.20012639249502084,1641528000000,-0.1391500000000042,0.023,time,3214.64,down,5.0,-1,1641542400000,3425.1243,2793.6713999999997
main,A_ACCEPT,base,78.29549999999992,1642449900000,1642017900000,1642017900000,0.06590935492050001,0.019769840999999996,0.4539479831801903,1642094100000,0.06353649187143376,3258.2816344325,3258.77045,0.12944584679193377,3379.9669190000004,0.513539512964809,-0.0081237870675,0.038833648132499995,3258.77045,-4.883295731991944,1642003200000,-4.7068924500000024,0.039,stop,3379.46,down,4.998999368037524,1,1642017600000,3258.77045,3620.8391
main,A_ACCEPT,base,84.47350000000002,1644451500000,1644019500000,1644019500000,0.06096445829725001,0.0182865945,0.17482385443270682,1644300600000,0.06565543655704749,3202.7042222949995,3203.1846999999993,0.1266198948542975,2973.8760145,0.5084453967096209,-0.07572011743650375,0.03798618040499999,2858.55265,9.179616507304173,1644004800000,9.41994269999998,0.041,target,2973.43,range,4.974582889377565,1,1644019200000,2858.55265,3203.1846999999993
main,A_ACCEPT,base,86.04849999999996,1645056300000,1644624300000,1644624300000,0.036547517050000006,0.010965899999999999,0.24829772923806168,1644933900000,0.03900241010909376,3120.1928087275005,3119.72485,0.07554992715909377,2923.801364,0.5195852240349218,0.045546600980495254,0.0226648681875,3119.72485,-4.939789444366113,1644609600000,-4.887121250000007,0.025,stop,2924.24,range,5.020480971914086,-1,1644624000000,3119.72485,2533.270299999999
main,A_ACCEPT,base,81.12199999999993,1645646700000,1645214700000,1645214700000,0.055876217310000004,0.01676538,0.15445643400314377,1645488300000,0.05105696939680001,2552.8484698400002,2552.4656,0.10693318670680002,2793.8108655,0.4928577452383086,0.030382027821095434,0.0320801736,2915.1122,9.56194466751429,1645200000000,9.670576,0.04,target,2794.23,range,4.995782024692256,-1,1645214400000,2915.1122,2552.4656
main,A_ACCEPT,base,84.54899999999991,1645934700000,1645502700000,1645502700000,0.0391275999795,0.011740040999999998,0.0581104684607419,1645601700000,0.04159978998264251,2683.8574182350003,2683.4549,0.08072738996214252,2524.361289,0.5052148141396444,0.009524605501850778,0.024218106285,2683.4549,-5.015582790745302,1645488000000,-4.9201619000000125,0.031,stop,2524.74,range,5.0435917480298285,-1,1645502400000,2683.4549,2207.310199999999
main,A_ACCEPT,base,100.04999999999998,1646121900000,1645689900000,1645689900000,0.026154186283500004,0.007847433,0.24125121168323843,1645732800000,0.028620627450250003,2601.8752227500004,2601.485,0.05477481373375001,2377.6532985000003,0.4880091065049299,-0.003314179620919508,0.0164323335,2601.485,-4.99097132685467,1645675200000,-4.9164499999999975,0.022,stop,2378.01,range,5.018513834076102,-1,1645689600000,2601.485,1931.0600000000004
main,A_ACCEPT,base,59.92650000000001,1647057900000,1646625900000,1646625900000,0.046638163226,0.013993547999999998,0.3207337297253568,1646661900000,0.04903221775460375,2650.3901488975002,2649.99265,0.09567038098060375,2520.981796,0.5102669656292462,-0.0009322557,0.028701007207499997,2649.99265,-4.884711693888112,1646611200000,-4.75940805,0.037,stop,2521.36,down,4.993558977441828,-1,1646625600000,2649.99265,2264.0947
main,A_ACCEPT,base,78.0325000000001,1647245100000,1646813100000,1646813100000,0.03689927906175,0.011068123499999997,0.1723033710935153,1646919600000,0.03453600994633125,2558.2229589875,2558.60675,0.07143528900808124,2733.2799305000003,0.520071602851272,-0.018693916452,0.021430480837499995,2558.60675,-4.816667436297587,1646798400000,-4.705107749999999,0.027,stop,2732.87,range,4.969135418972387,1,1646812800000,2558.60675,3081.3965
main,A_ACCEPT,base,66.50950000000005,1647907500000,1647475500000,1647475500000,0.042983141504250005,0.012893008499999999,0.0034950948901930853,1647907500000,0.044754185865000004,2887.3668300000004,2887.8,0.08773732736925001,2773.1059035000003,0.5232253116594859,-0.12570043025800987,0.026321278499999996,2621.34905,3.328650963872743,1647460800000,3.568410000000004,0.031,time,2772.69,range,4.945052081790899,1,1647475200000,2621.34905,3075.3719000000006
main,A_ACCEPT,base,44.716499999999996,1648872300000,1648440300000,1648440300000,0.051302154169000004,0.015388338,0.5276156395741063,1648872300000,0.05375879997025,3468.3096755,3468.83,0.10506095413925001,3309.8163980000004,0.5114360241079924,-0.1549313407396101,0.031518397499999996,3157.68835,4.653299307621132,1648425600000,4.944809999999992,0.031,time,3309.32,up,4.961695336610261,1,1648440000000,3157.68835,3612.5833000000007
main,A_ACCEPT,base,55.676500000000075,1650125100000,1649693100000,1649693100000,0.040631064425999994,0.012191147999999997,0.1659185119955325,1650125100000,0.040683086547750005,3013.5619665000004,3013.11,0.08131415097375,3009.708476,0.5150321795960107,-0.06025517672123146,0.024394243499999996,3185.91765,-0.24561357119499735,1649678400000,-0.07965000000000737,0.027,time,3010.16,range,4.984961833148367,-1,1649692800000,3185.91765,2658.6447
main,A_ACCEPT,base,53.540000000000006,1650830700000,1650398700000,1650398700000,0.11003029206850001,0.033004137,0.21096229084096924,1650480000000,0.1076601765508,3032.6810296,3033.136,0.21769046861930003,3099.444847,0.5037492352110687,-0.03624743503055678,0.0653070354,3033.136,-4.994168939049881,1650384000000,-4.674924000000004,0.07100000000000001,stop,3098.98,range,4.983733765292392,1,1650398400000,3033.136,3230.668
main,A_ACCEPT,base,59.41849999999997,1652213100000,1651781100000,1651781100000,0.02852831511075,0.0085597785,0.07242175493288067,1652115900000,0.023828769929422497,2269.4066599449993,2269.066299999999,0.0523570850401725,2716.9823914999997,0.5143920171978698,0.0384501707229868,0.015707337344999996,2941.5518500000003,9.385183448337823,1651766400000,9.414797700000017,0.021,target,2717.39,range,4.958762920597143,-1,1651780800000,2941.5518500000003,2269.066299999999
main,A_ACCEPT,base,122.00150000000001,1652745900000,1652313900000,1652313900000,0.023996899925000002,0.007200149999999999,0.41530033929146826,1652745900000,0.02327224531325,2023.6735055000001,2023.37,0.04726914523825,2086.6869500000003,0.5137721012867633,-0.029523162476111437,0.014180776499999999,2295.94015,1.3725169157856412,1652299200000,1.4634900000000024,0.023,time,2087.0,down,5.005688837838831,-1,1652313600000,2295.94015,1669.1197000000002
main,A_ACCEPT,base,33.827499999999986,1654934700000,1654502700000,1654502700000,0.04741586131250001,0.014222624999999997,0.21678129927107373,1654561500000,0.04499668073531251,1799.8672294125001,1800.13725,0.09241254204781252,1896.6344525000002,0.5050029033957718,-0.0187269206373,0.027723654374999997,1800.13725,-4.9495006170601155,1654488000000,-4.810637499999996,0.05,stop,1896.35,range,5.01255142241776,1,1654502400000,1800.13725,2088.7754999999997
main,A_ACCEPT,base,49.57400000000005,1655337900000,1654905900000,1654905900000,0.055701473525500006,0.016712949,0.334516695957821,1654959000000,0.05090100820613,1519.43308078,1519.2051999999999,0.10660248173163,1662.730553,0.5358355057633053,-0.020770483317042534,0.031980961259999996,1734.8674,9.473557673691337,1654891200000,9.63291160000001,0.067,target,1662.98,down,4.987803919332459,-1,1654905600000,1734.8674,1519.2051999999999
main,A_ACCEPT,base,69.39850000000003,1655553900000,1655121900000,1655121900000,0.01641610221525,0.0049255695,0.4220939882572851,1655553900000,0.01354536650025,1003.3604815000001,1003.21,0.0299614687155,1216.0075715,0.495610724223978,-0.033830812774386515,0.00898857,1394.93985,5.677679148510111,1655107200000,5.75046,0.027,time,1216.19,down,5.035171707700916,-1,1655121600000,1394.93985,858.6903000000002
main,A_ACCEPT,base,42.36999999999999,1656518700000,1656086700000,1656086700000,0.04684329544050002,0.014050880999999998,0.5000833472245374,1656459300000,0.04437195020895,1137.7423130500001,1137.913,0.09121524564945002,1201.1101395000003,0.5152811740267514,0.008476921942180506,0.027364463099999996,1137.913,-5.025428786807282,1656072000000,-4.915326000000004,0.078,stop,1200.93,down,5.063560103443466,1,1656086400000,1137.913,1326.9640000000002
main,A_ACCEPT,base,38.30150000000001,1656893100000,1656461100000,1656461100000,0.049621705627500005,0.014888745000000002,0.4639276177040071,1656579900000,0.04477342195604251,1029.2740679550002,1029.1197000000002,0.09439512758354252,1140.728865,0.5135596669678728,-9.709497629882373e-05,0.028318757085000007,1196.79015,9.602075120355146,1656446400000,9.724886099999992,0.08700000000000001,target,1140.9,down,5.03843295950943,-1,1656460800000,1196.79015,1029.1197000000002
main,A_ACCEPT,base,35.887000000000015,1657022700000,1656590700000,1656590700000,0.03053601891,0.009162179999999999,0.43034595644757884,1656635100000,0.03301661274915,1100.553758305,1100.3887,0.06355263165915,1017.867297,0.5002925081814051,-0.021988271556,0.0190656783,1100.3887,-5.046728581515149,1656576000000,-4.9421219999999995,0.06,stop,1018.02,down,5.0864433351112055,-1,1656590400000,1100.3887,853.2826
main,A_ACCEPT,base,30.14549999999999,1657425900000,1656993900000,1656993900000,0.07202767753125001,0.021605062499999998,0.09016787573432568,1657021800000,0.06958740094890624,1113.3984151824998,1113.5654499999998,0.14161507848015625,1152.4428405,0.5284353247709834,-0.00254956995,0.04248441468749999,1113.5654499999998,-5.0247178131176975,1656979200000,-4.838068750000019,0.125,stop,1152.27,range,5.06120969220363,1,1656993600000,1113.5654499999998,1229.6791000000003
main,A_ACCEPT,base,38.6155,1657656300000,1657224300000,1657224300000,0.046490472525,0.013945049999999999,0.11911429656350853,1657449900000,0.04403558554621874,1174.2822812324998,1174.4584499999999,0.09052605807121875,1239.745934,0.5201414516419542,-0.046790250545075664,0.027157707562499994,1174.4584499999999,-5.0470902661788095,1657209600000,-4.882616250000006,0.075,stop,1239.56,range,5.036086103138041,1,1657224000000,1174.4584499999999,1369.7631000000001
main,A_ACCEPT,base,25.497000000000014,1658030700000,1657598700000,1657598700000,0.044029854531,0.013210937999999998,0.06324986072801875,1657813800000,0.0464645064806775,1147.271764955,1147.0997,0.0904943610116775,1087.156902,0.5061207453293008,-0.06475327044560214,0.027148199355,1147.0997,-5.024551530812283,1657584000000,-4.842155700000004,0.081,stop,1087.32,range,5.010850651807148,-1,1657598400000,1147.0997,967.7605999999998
main,A_ACCEPT,base,54.01350000000001,1658577900000,1658145900000,1658145900000,0.040578760901250004,0.012171802499999999,0.23233094366180382,1658577900000,0.04160263366874999,1512.8230425,1513.05,0.08218139457,1475.5913055,0.5034099140667219,-0.09095822046516824,0.024654464999999997,1387.59865,1.874605919964823,1658131200000,2.0724000000000036,0.055,time,1475.37,range,4.9857278941530865,1,1658145600000,1387.59865,1650.9126999999999
main,A_ACCEPT,base,55.78900000000003,1659240300000,1658808300000,1658808300000,0.031538868459999994,0.009463079999999999,0.21059831043830796,1658944800000,0.033995514362370007,1545.2506528350002,1545.0189,0.06553438282237001,1433.58493,0.5046739275188363,0.018386990295098292,0.01966020474,1545.0189,-4.960439197267282,1658793600000,-4.893631600000003,0.044,stop,1433.8,range,4.995100923752911,-1,1658808000000,1545.0189,1211.3621999999998
main,A_ACCEPT,base,48.39250000000003,1660795500000,1660363500000,1660363500000,0.057819881681500006,0.017343363,0.31236591361145144,1660500000000,0.055415348200737506,1910.8740758875,1911.16075,0.11323522988223751,1993.7890235000002,0.5197373926169502,-0.021443642704574353,0.033970461524999995,1911.16075,-4.943745834111818,1660348800000,-4.7750965,0.058,stop,1993.49,up,4.970298727766575,1,1660363200000,1911.16075,2158.1485000000002
main,A_ACCEPT,base,44.25150000000001,1661861100000,1661429100000,1661429100000,0.082235853528,0.024667056,0.07993638077285588,1661491200000,0.07986265160508,1663.8052417725,1664.05485,0.16209850513308,1713.2469485000001,0.5062365387943767,-0.011805943403112125,0.048629445839999993,1664.05485,-4.920308294376203,1661414400000,-4.697774400000002,0.096,stop,1712.99,range,4.945579998596016,1,1661428800000,1664.05485,1810.8603
main,A_ACCEPT,base,39.55200000000002,1663977900000,1663545900000,1663545900000,0.035430749590250006,0.0106308195,0.17905759162303655,1663977900000,0.035176340659750005,1327.4090815000002,1327.21,0.07060709025,1337.0094185,0.5144289781471294,-0.08080693254510884,0.021182138999999996,1427.8752000000002,0.3574038382048834,1663531200000,0.53,0.053,time,1337.21,range,4.920978457124135,-1,1663545600000,1427.8752000000002,1155.8795999999998
main,A_ACCEPT,base,14.218999999999994,1665893100000,1665461100000,1665461100000,0.08615554972875,0.025850542499999997,0.11181211030879548,1665664200000,0.081512143487775,1207.5873109299998,1207.4061999999997,0.167667693216525,1276.3785145,0.5221389717442726,0.009884173189718029,0.05030051804999999,1311.1519,9.12902896192321,1665446400000,9.337113000000036,0.135,target,1276.57,range,4.922765476315159,-1,1665460800000,1311.1519,1207.4061999999997
main,A_ACCEPT,base,15.006000000000006,1667001900000,1666569900000,1666569900000,0.058701223863000015,0.017607726,0.008086896839843772,1666717200000,0.06348432752226002,1476.3797098200005,1476.6012000000005,0.12218555138526004,1365.1447410000003,0.5545543085450408,-0.008361083296968622,0.036655881480000006,1309.1093999999998,9.435660683837787,1666555200000,9.60286320000004,0.08600000000000001,target,1364.94,range,4.968410621124774,1,1666569600000,1309.1093999999998,1476.6012000000005
main,A_ACCEPT,base,30.61650000000002,1668326700000,1667894700000,1667894700000,0.039402238777499994,0.011822445,0.3535237476739394,1667925000000,0.041860421846558755,1579.6385602475002,1579.40165,0.08126266062405875,1486.876935,0.5168402231481934,0.0061067590835,0.0243786881175,1579.40165,-4.991522039658069,1667880000000,-4.891987450000006,0.053,stop,1487.1,up,5.015588924543963,-1,1667894400000,1579.40165,1302.4966999999997
main,A_ACCEPT,base,21.01149999999999,1669435500000,1669003500000,1669003500000,0.048060289875,0.014420249999999999,0.36910049150233926,1669230300000,0.05050059782858127,1188.2493606725002,1188.07115,0.09856088770358126,1130.83035,0.517856284527583,-0.007735432981353029,0.029568157162499997,1188.07115,-4.986912227847454,1668988800000,-4.851047749999999,0.085,stop,1131.0,down,4.9906313143456735,-1,1669003200000,1188.07115,1016.8577
main,A_ACCEPT,base,24.284000000000013,1671638700000,1671206700000,1671206700000,0.0372790373055,0.011185388999999999,0.11061883149629007,1671638700000,0.037681811424000004,1215.542304,1215.36,0.07496084872950001,1202.5495905,0.5175368606810989,0.04623625611513469,0.022488236999999994,1281.1084,-0.8342728296143674,1671192000000,-0.7830599999999927,0.062,time,1202.73,range,4.965696753206436,-1,1671206400000,1281.1084,1045.9732
main,A_ACCEPT,base,10.862000000000023,1673251500000,1672819500000,1672819500000,0.07142088152550001,0.021423050999999995,0.18558944176921716,1673251500000,0.07470838206149999,1310.6733694999998,1310.87,0.146129263587,1252.9979215,0.5050938707280378,-0.17039529946660467,0.04383892799999999,1211.0738000000001,6.258476508946365,1672804800000,6.618839999999994,0.114,time,1252.81,range,4.961525389058364,1,1672819200000,1211.0738000000001,1336.2823999999996
main,A_ACCEPT,base,19.387499999999978,1673928300000,1673496300000,1673496300000,0.05254463051250001,0.015761024999999998,0.610779304885947,1673656500000,0.05735430181406251,1529.4480483750003,1529.6775000000002,0.10989893232656252,1401.1901470000003,0.5241127560728293,-0.06360732356287499,0.032969896875,1336.63125,9.445836347235568,1673481600000,9.652312500000017,0.075,target,1400.98,up,4.992817771603096,1,1673496000000,1336.63125,1529.6775000000002
main,A_ACCEPT,base,26.71099999999999,1676909100000,1676477100000,1676477100000,0.09638957626800002,0.028912535999999996,0.06939493682406293,1676493000000,0.10114126073487001,1658.05345467,1658.3022,0.19753083700287002,1580.1569880000002,0.5060198979072202,0.0,0.05925946625999999,1540.7289,9.305838096737114,1676462400000,9.562628400000001,0.122,target,1579.92,range,5.040046953339274,1,1676476800000,1540.7289,1658.3022
main,A_ACCEPT,base,30.28299999999998,1676937900000,1676505900000,1676505900000,0.038555622475999994,0.011564951999999998,0.10044861547981236,1676937900000,0.0391674939945,1702.9345215,1703.19,0.0777231164705,1676.331412,0.5287688144046709,-0.11980929911726,0.023316962999999996,1569.4017000000001,1.0262106214122435,1676491200000,1.2470600000000058,0.046,time,1676.08,range,5.08657614382296,1,1676505600000,1569.4017000000001,1889.4365999999995
main,A_ACCEPT,base,42.312,1679112300000,1678680300000,1678680300000,0.04690347946675001,0.0140689335,0.12940719396509853,1678798800000,0.05180993314413001,1756.26892014,1756.5324,0.09871341261088001,1589.9484565000002,0.5077717373949014,-0.039016383054773,0.02961424524,1506.2988,9.675177559094339,1678665600000,9.842521600000001,0.059000000000000004,target,1589.71,range,5.091707196930022,1,1678680000000,1506.2988,1756.5324
main,A_ACCEPT,base,45.693500000000014,1679544300000,1679112300000,1679112300000,0.05257937572350001,0.015771447,0.18588605854560897,1679354100000,0.050067677571672506,1726.4716404025,1726.73065,0.10264705329517251,1813.0819215000001,0.5111142686929357,-0.08086648746383424,0.030794003655,1726.73065,-5.206909844414013,1679097600000,-4.992602299999999,0.058,stop,1812.81,range,5.140083084725494,1,1679112000000,1726.73065,1984.9687
main,A_ACCEPT,base,20.411000000000012,1681617900000,1681185900000,1681185900000,0.10180123789550001,0.030535790999999996,0.28746904570575793,1681265400000,0.099348907128245,1874.507681665,1874.7889,0.201150145023745,1920.7780735000001,0.5205594516958305,-0.0333104565082,0.06034493450999999,1874.7889,-5.1391221360419514,1681171200000,-4.844316599999999,0.106,stop,1920.49,range,5.114048535503423,1,1681185600000,1874.7889,2011.8922
main,A_ACCEPT,base,28.90099999999999,1681833900000,1681401900000,1681401900000,0.0608901821575,0.018264314999999996,0.32728440974317996,1681833900000,0.06394189227725,2096.4554845000002,2096.77,0.12483207443475,1996.399415,0.5106949643751555,-0.190964319303208,0.0374497605,1915.8799,5.787623845762051,1681387200000,6.140870000000004,0.061,time,1996.1,up,5.088352924823213,1,1681401600000,1915.8799,2156.5402
main,A_ACCEPT,base,31.94549999999998,1682957100000,1682525100000,1682525100000,0.050758572644000015,0.015225288,0.00761633208749127,1682537700000,0.048291016960745003,1857.3468061825001,1857.62545,0.09904958960474503,1952.2527940000002,0.5226792880342925,0.0,0.02971476651,1857.62545,-5.03416095611475,1682510400000,-4.905396600000002,0.052000000000000005,stop,1951.96,range,5.117291044052022,1,1682524800000,1857.62545,2140.6291
main,A_ACCEPT,base,29.626500000000032,1684310700000,1683878700000,1683878700000,0.09764648083050001,0.029298338999999996,0.12721616430963625,1683925800000,0.10007943673906125,1803.2330943975,1802.96265,0.19772591756956126,1759.3960510000002,0.5069752419946583,-0.0017962962612000002,0.059317667122499994,1802.96265,-5.065434030953248,1683864000000,-4.8065941499999845,0.111,stop,1759.66,range,5.092120239271448,-1,1683878400000,1802.96265,1673.0547000000004
main,A_ACCEPT,base,17.314,1686427500000,1685995500000,1685995500000,0.064972412676,0.019494648,0.1636006744344065,1686072300000,0.06741512115156002,1872.6422542100001,1872.3614,0.13238753382756002,1804.789241,0.5158810335619711,0.005257365870950755,0.03971615112,1872.3614,-5.012547119076625,1685980800000,-4.845700800000005,0.07200000000000001,stop,1805.06,range,5.066793069116683,-1,1685995200000,1872.3614,1670.4571999999998
main,A_ACCEPT,base,20.051999999999985,1687737900000,1687305900000,1687305900000,0.06883792914075,0.0206482815,0.1095183849123474,1687393800000,0.07362099059469002,1912.2335219400004,1912.5204000000003,0.14245891973544,1787.9981595000002,0.5190003423527495,-0.01562696623370375,0.042737892119999996,1725.3347999999999,9.408037021910873,1687291200000,9.608860800000024,0.077,target,1787.73,range,5.0417303335213,1,1687305600000,1725.3347999999999,1912.5204000000003
main,A_ACCEPT,base,33.616499999999995,1688601900000,1688169900000,1688169900000,0.05227200962550001,0.015679250999999998,0.2700721243215112,1688601900000,0.051535268550000006,1908.7136500000001,1909.0,0.1038072781755,1936.0003565000002,0.5023375648802583,-0.156670601009724,0.031142150999999996,1844.52835,-1.733960030185226,1688155200000,-1.442340000000002,0.054,time,1935.71,range,5.088770518630855,1,1688169600000,1844.52835,2118.0733
main,A_ACCEPT,base,23.456499999999984,1689725100000,1689293100000,1689293100000,0.064135378864,0.019237728,0.21480382459610933,1689359100000,0.06168464511512001,1927.6451598475,1927.93435,0.12582002397912,2004.2305895000002,0.5232297917813078,-0.025534814971008003,0.037745897759999994,1927.93435,-5.052822336710136,1689278400000,-4.863721600000004,0.064,stop,2003.93,range,5.080100718479929,1,1689292800000,1927.93435,2155.9213
main,A_ACCEPT,base,18.133000000000038,1695744300000,1695312300000,1695312300000,0.09016560313050001,0.027053738999999997,0.023479531121958608,1695744300000,0.0902405440515,1583.1674395000002,1582.93,0.18040614718200002,1581.8526865,0.5302287040026634,0.0901707872651776,0.054121841999999996,1623.9933,-0.24011720191686084,1695297600000,-0.0957600000000166,0.114,time,1582.09,range,5.0548366067963775,-1,1695312000000,1623.9933,1498.2833999999996
main,A_ACCEPT,base,17.98800000000002,1696363500000,1695931500000,1695931500000,0.09955013028000002,0.029860559999999998,0.12041951374543082,1696198500000,0.10431220682160001,1738.5367803600004,1738.7976000000003,0.20386233710160004,1659.1688380000003,0.5028730200441188,-0.013903140351064401,0.061158916800000004,1618.9812,9.306387605747352,1695916800000,9.58531200000003,0.12,target,1658.92,range,5.053636020786794,1,1695931200000,1618.9812,1738.7976000000003
main,A_ACCEPT,base,15.522500000000003,1697299500000,1696867500000,1696867500000,0.0908835154275,0.027269144999999998,0.025953744329590307,1697299500000,0.08953172774500001,1557.0735260000001,1556.84,0.18041524317250002,1580.582877,0.5148048279043291,0.1211911716296851,0.05412463499999999,1622.78225,2.6443512934571767,1696852800000,2.757700000000002,0.115,time,1580.82,range,5.100167958815531,-1,1696867200000,1622.78225,1496.8954999999999
main,A_ACCEPT,base,19.020999999999994,1698465900000,1698033900000,1698033900000,0.06364892090625,0.019091812499999996,0.017522594925034576,1698115200000,0.068561996657625,1828.3199108699998,1828.5941999999998,0.13221091756387499,1697.3045575,0.5184961624817737,-0.017615851215,0.039663497249999985,1631.2779,9.676324733971105,1698019200000,9.865814999999985,0.075,target,1697.05,range,5.113389715282816,1,1698033600000,1631.2779,1828.5941999999998
main,A_ACCEPT,base,38.34600000000004,1700021100000,1699589100000,1699589100000,0.046679780917,0.014001833999999998,0.7332305548555419,1699985400000,0.04417411168918,2007.91416769,2008.2154,0.09085389260618,2121.8082235,0.4919924712294081,-0.25513780892264376,0.02725605564,2008.2154,-5.357330157168826,1699574400000,-4.984082399999988,0.044,stop,2121.49,up,5.161771338952672,1,1699588800000,2008.2154,2348.0391999999993
main,A_ACCEPT,base,26.905999999999995,1700913900000,1700481900000,1700481900000,0.15867936333475002,0.047596669499999994,0.23892430037030285,1700489400000,0.156282566998065,1990.86072609,1991.1594,0.31496193033281505,2021.3931635000001,0.4844474547887279,0.0,0.09448847336999999,1991.1594,-5.108554603702824,1700467200000,-4.6991041999999865,0.157,stop,2021.09,range,5.134984688166827,1,1700481600000,1991.1594,2080.9511999999995
main,A_ACCEPT,base,26.36699999999994,1701533100000,1701101100000,1701101100000,0.09727398171375001,0.0291865725,0.19611291687074203,1701189600000,0.09970702876124252,2055.815026005,2055.5067,0.19698101047499253,2005.6491075000001,0.5205586240710275,0.058959176842345,0.059094194985,2055.5067,-5.004115928617651,1701086400000,-4.806999899999987,0.097,stop,2005.95,range,5.109441915148312,-1,1701100800000,2055.5067,1906.8366000000003
main,A_ACCEPT,base,26.60699999999998,1701849900000,1701417900000,1701417900000,0.0942877910475,0.028282094999999993,0.003994211287988083,1701642000000,0.09905405266304998,2201.2011702899995,2201.5313999999994,0.19334184371054997,2095.2842455,0.5079063816684983,-0.13370889468897,0.05800276889999998,2041.6893,9.205472492700432,1701403200000,9.590525999999963,0.09,target,2094.97,range,5.084421335505224,1,1701417600000,2041.6893,2201.5313999999994
main,A_ACCEPT,base,43.8085,1702411500000,1701979500000,1701979500000,0.051485301637000006,0.015443273999999998,0.37579072401314917,1702260600000,0.049015227912805,2227.9649051275,2228.29915,0.10050052954980501,2340.2409835000003,0.503229717811213,-0.22053289722232217,0.030150048389999996,2228.29915,-5.261180875162138,1701964800000,-4.909997400000002,0.044,stop,2339.89,up,5.130448697968728,1,1701979200000,2228.29915,2563.0717
main,A_ACCEPT,base,32.468,1704139500000,1703707500000,1703707500000,0.0740770598925,0.022219785,0.1660801876732775,1703888100000,0.07162634023712999,2273.85207102,2274.1932,0.14570340012963,2351.652695,0.47506214173202976,-0.4085492506463345,0.04371091074,2274.1932,-5.455691961515976,1703692800000,-4.857728400000001,0.063,stop,2351.3,range,5.104142793592918,1,1703707200000,2274.1932,2505.5136
main,A_ACCEPT,base,55.31449999999991,1705349100000,1704917100000,1704917100000,0.04441338100800001,0.013322016,0.11600481618598583,1705349100000,0.04564835172000001,2536.0195400000002,2536.4,0.09006173272800003,2467.410056,0.5013838526226544,-0.138465147081816,0.027018576000000002,2330.7485500000003,2.2414145441901865,1704902400000,2.496960000000005,0.036000000000000004,time,2467.04,range,5.076864333785338,1,1704916800000,2330.7485500000003,2739.6228999999994
main,A_ACCEPT,base,31.0,1706400300000,1705968300000,1705968300000,0.078818875395,0.02364921,0.08753579248778849,1706018700000,0.07402400193500003,2177.1765275000007,2176.8500000000004,0.15284287733000002,2318.2022175,0.512139969917834,0.015799702250000002,0.045853080000000004,2389.4,9.452703744919967,1705953600000,9.635599999999988,0.068,target,2318.55,range,5.088071406506288,-1,1705968000000,2389.4,2176.8500000000004
main,A_ACCEPT,base,26.584000000000014,1707077100000,1706645100000,1706645100000,0.07011372548150001,0.021030963,0.2887502144450167,1706698200000,0.06761688314592001,2292.09773376,2292.4416,0.13773060862742004,2376.7364570000004,0.5070206281300347,-0.027626760570853,0.04131907116,2292.4416,-5.159042040358286,1706630400000,-4.9523656,0.059000000000000004,stop,2376.38,range,5.135334925230889,1,1706644800000,2292.4416,2544.2568
main,A_ACCEPT,base,29.79450000000004,1707782700000,1707350700000,1707350700000,0.09699854760000001,0.029095199999999995,0.10320941347288234,1707751800000,0.10179188492659998,2544.7971231649994,2545.1788999999994,0.1987904325266,2424.96369,0.5386698555220809,-0.22300377483521036,0.059637346799999984,2364.31055,9.164880445838143,1707336000000,9.646311999999963,0.08,target,2424.6,range,5.109539715029097,1,1707350400000,2364.31055,2545.1788999999994
main,A_ACCEPT,base,45.75999999999997,1708747500000,1708315500000,1708315500000,0.09527802956100002,0.028579122000000002,0.6561315097699558,1708470900000,0.10013377368060002,3034.3567782000005,3034.8120000000004,0.19541180324160004,2887.2130170000005,0.4971986492312643,-0.1584894770120548,0.05862376080000001,2812.764,9.357586958946344,1708300800000,9.77011200000001,0.066,target,2886.78,up,5.155364117258289,1,1708315200000,2812.764,3034.8120000000004
main,A_ACCEPT,base,45.647000000000006,1709337900000,1708905900000,1708905900000,0.090189026325,0.027052649999999998,0.6995540166726258,1708999500000,0.09511992247111,3279.9973265899994,3280.4893999999995,0.18530894879610998,3109.966425,0.5290874504611746,-0.12218714288512905,0.05559290777999999,3024.0053000000003,9.55429620053872,1708891200000,9.91738519999997,0.058,target,3109.5,up,5.202152052053018,1,1708905600000,3024.0053000000003,3280.4893999999995
main,A_ACCEPT,base,57.3645,1710014700000,1709582700000,1709582700000,0.06293873939500001,0.01887879,0.6919336477476004,1709667300000,0.06044054468318126,3453.7454104675003,3454.26355,0.12337928407818127,3596.4993940000004,0.48603597910299173,-0.28943010875753117,0.0370136736375,3454.26355,-5.409198816473217,1709568000000,-4.959375749999998,0.035,stop,3595.96,up,5.249923533055712,1,1709582400000,3454.26355,3879.3529
main,A_ACCEPT,base,76.50649999999996,1710590700000,1710158700000,1710158700000,0.048485351712000004,0.014543424000000001,0.6301628631234995,1710430500000,0.04593474095517,3827.8950795974997,3828.46935,0.09442009266717,4040.4459760000004,0.512095722760899,-0.44392119220926896,0.02832591366,3828.46935,-5.639562798536456,1710144000000,-5.072895600000007,0.024,stop,4039.84,up,5.222877538973347,1,1710158400000,3828.46935,4462.581300000001
main,A_ACCEPT,base,78.72999999999998,1711829100000,1711397100000,1711397100000,0.043589817492,0.013074984,0.04026980399870504,1711829100000,0.042100363998,3508.3636665,3508.89,0.08569018148999999,3632.4847910000003,0.5228709560892149,-0.40241096495504536,0.025706988,3422.537,-3.4670081344450554,1711382400000,-2.9532000000000043,0.024,time,3631.94,range,5.1946797249806655,1,1711396800000,3422.537,4050.7460000000005
main,A_ACCEPT,base,84.39549999999997,1714089900000,1713657900000,1713657900000,0.11171359952675002,0.0335090535,0.18177173380125414,1713957900000,0.11655631697954252,3283.276534635,3283.7691,0.22826991650629253,3146.8619585,0.4926447074491556,-0.058087550421141325,0.068481194415,3077.70045,9.39907743865757,1713643200000,9.753916100000009,0.07100000000000001,target,3146.39,range,5.17734468430844,1,1713657600000,3077.70045,3283.7691
main,A_ACCEPT,base,66.423,1714925100000,1714493100000,1714493100000,0.04343968806925,0.013033861499999999,0.2330474901661069,1714820100000,0.045933207297752514,3167.8073998450004,3167.3323,0.08937289536700252,2995.8405565,0.5105666333875251,0.046497864250800706,0.026811757005,3167.3323,-5.0299134881212195,1714478400000,-4.960226700000002,0.029,stop,2996.29,range,5.224340071501729,-1,1714492800000,3167.3323,2654.2054
main,A_ACCEPT,base,51.133500000000005,1715803500000,1715371500000,1715371500000,0.050823050398750014,0.015249202500000001,0.11803964931679961,1715803500000,0.05273750944000001,3013.571968,3013.12,0.10356055983875002,2904.1743085000003,0.5296190540599095,0.12779612619023664,0.031068082500000004,3048.17335,-3.8046825161485107,1715356800000,-3.797849999999992,0.035,time,2904.61,range,5.199190504061123,-1,1715371200000,3048.17335,2617.4833000000003
main,A_ACCEPT,base,45.915499999999994,1716249900000,1715817900000,1715817900000,0.10616777277750002,0.031845555,0.0828965379093915,1715869200000,0.1037177357556375,2963.3638787325,2963.80845,0.20988550853313753,3033.3649365,0.5277737823107184,-0.013619612342841814,0.06296554372499999,2963.80845,-5.123579164600996,1715803200000,-4.8371084999999905,0.07,stop,3032.91,range,5.18016709148038,1,1715817600000,2963.80845,3171.1130999999996
main,A_ACCEPT,base,70.47700000000009,1720598700000,1720166700000,1720166700000,0.028712592465000006,0.00861507,0.4420108468919486,1720514400000,0.031157949991550006,3115.7949991550004,3115.3277000000003,0.05987054245655001,2871.2592465000002,0.5240873570995055,0.04429822952065508,0.0179610531,3115.3277000000003,-4.906287366035897,1720152000000,-4.872754000000005,0.02,stop,2871.69,down,5.154549195657374,-1,1720166400000,3115.3277000000003,2384.4145999999996
main,A_ACCEPT,base,44.23499999999994,1721462700000,1721030700000,1721030700000,0.06214712067000001,0.01864134,0.12126275489512185,1721462700000,0.06440567269975,3481.3877135,3481.91,0.12655279336975,3359.3038200000005,0.49857210715406913,-0.12691350758140224,0.037965940499999996,3226.6065000000003,4.26363775854882,1721016000000,4.555069999999987,0.037,time,3358.8,range,5.130017758827194,1,1721030400000,3226.6065000000003,3623.187
main,A_ACCEPT,base,63.934499999999936,1722297900000,1721865900000,1721865900000,0.08004191191200001,0.024016176,0.27147866520367975,1721880300000,0.07514646467916,3131.1026949650004,3130.6331,0.15518837659116003,3335.079663,0.5364928840536474,0.0,0.04655673432,3438.05345,9.63570608908882,1721851200000,9.837451199999997,0.048,target,3335.58,range,5.151335947619939,-1,1721865600000,3438.05345,3130.6331
main,A_ACCEPT,base,50.66099999999992,1722672300000,1722240300000,1722240300000,0.07909617764725001,0.0237252945,0.16207130594482388,1722270600000,0.07660118474850251,3259.624882915,3260.1139,0.15569736239575252,3365.7947935,0.5274243675037645,-0.015543199055313,0.046709097495,3260.1139,-5.161226358946077,1722225600000,-4.943276700000006,0.047,stop,3365.29,range,5.199514478065383,1,1722240000000,3260.1139,3575.6422000000002
main,A_ACCEPT,base,57.67949999999998,1722931500000,1722499500000,1722499500000,0.0998633282535,0.029963492999999997,0.07461303601537239,1722611100000,0.09505051458887251,3017.476653615,3017.0240999999996,0.1949138428423725,3170.264389,0.5084458978499741,0.05044540068812456,0.05847437074499999,3247.59795,9.481158887100746,1722484800000,9.68410170000001,0.063,target,3170.74,range,5.173708346270652,-1,1722499200000,3247.59795,3017.0240999999996
main,A_ACCEPT,base,71.03599999999997,1723233900000,1722801900000,1722801900000,0.03997151837275001,0.0119932545,0.44665670123745954,1722819900000,0.03491866761459001,2408.1839734200007,2407.8228000000004,0.07489018598734001,2756.6564395,0.5374064762239039,-0.0013249867999999998,0.02246728368,2931.6936,10.02948634353264,1722787200000,10.128168799999994,0.029,target,2757.07,down,5.221114140706154,-1,1722801600000,2931.6936,2407.8228000000004
main,A_ACCEPT,base,48.53399999999997,1724889900000,1724457900000,1724457900000,0.06496891387550001,0.019487750999999998,0.046929713270743474,1724753100000,0.062424649997735004,2656.36808501,2656.7666,0.12739356387323503,2764.634633,0.5122653117903287,-0.04170049442149318,0.03821795552999999,2656.7666,-5.257621813824736,1724443200000,-5.050309799999994,0.047,stop,2764.22,range,5.271261572423818,1,1724457600000,2656.7666,2979.1267999999995
main,A_ACCEPT,base,38.522000000000006,1725206700000,1724774700000,1724774700000,0.05135769519000001,0.015409619999999999,0.2725307347294376,1725206700000,0.04969205269000001,2484.6026345000005,2484.23,0.10104974788000001,2567.8847595,0.5148212019990428,0.042883716200038224,0.030314999999999998,2694.8522,3.273118968320027,1724760000000,3.361599999999999,0.04,time,2568.27,range,5.244973463354693,-1,1724774400000,2694.8522,2315.1056000000003
main,A_ACCEPT,base,58.32149999999994,1726085100000,1725653100000,1725653100000,0.028865159576500005,0.008660847,0.21994649200511834,1726085100000,0.03043197411150001,2340.9210855000006,2340.57,0.05929713368800002,2220.3968905,0.5377464249421228,0.009341693031732975,0.01778907,2415.1721500000003,-3.1835845106562783,1725638400000,-3.115840000000004,0.026000000000000002,time,2220.73,range,5.261339058196295,-1,1725652800000,2415.1721500000003,1831.8456999999994
main,A_ACCEPT,base,40.424499999999924,1726689900000,1726257900000,1726257900000,0.07728199056000001,0.023181119999999996,0.33945384093933345,1726434600000,0.07476950449176001,2336.5470153675,2336.89755,0.15205149505176002,2415.062205,0.5074798324226337,-0.005855466456221056,0.04561533648,2336.89755,-5.182879097987987,1726243200000,-4.979356799999979,0.064,stop,2414.7,down,5.2454211356430145,1,1726257600000,2336.89755,2570.304899999999
main,A_ACCEPT,base,46.52,1727251500000,1726819500000,1726819500000,0.05360801999700001,0.016079994,0.03983711792964767,1727251500000,0.05507221792800001,2622.4865680000003,2622.88,0.10868023792500002,2552.762857,0.5265869793410419,-0.09318954527427473,0.032604138000000005,2431.458,2.7265260788007293,1726804800000,2.9610000000000003,0.042,time,2552.38,range,5.219506740153074,1,1726819200000,2431.458,2794.224
main,A_ACCEPT,base,52.68449999999996,1728345900000,1727913900000,1727913900000,0.04711173218,0.01413564,0.06944765319607071,1728261900000,0.04967281880535,2483.6409402675004,2483.26845,0.09678455098534999,2355.586609,0.5154579691562772,0.06325846655588893,0.029035250699999997,2483.26845,-5.155699335129477,1727899200000,-5.093137999999999,0.04,stop,2355.94,range,5.233139370547077,-1,1727913600000,2483.26845,2101.2831
main,A_ACCEPT,base,29.101,1729325100000,1728893100000,1728893100000,0.06956700848625,0.020866972499999997,0.21911762956618935,1729325100000,0.07261523108125001,2640.5538575,2640.95,0.1421822395675,2529.7093995,0.5234355963160813,-0.21627166640436504,0.042654809999999994,2439.0899,5.737991284028136,1728878400000,6.139099999999994,0.055,time,2529.33,range,5.2073608738714325,1,1728892800000,2439.0899,2709.8102
main,A_ACCEPT,base,37.080999999999946,1730145900000,1729713900000,1729713900000,0.07779491901149999,0.023341976999999996,0.35551157521939586,1730149800000,0.07809823297800002,2519.2978380000004,2518.92,0.1558931519895,2509.5135164999997,0.5329801574198061,0.23237821344048604,0.046767933,2590.4480999999996,-0.5301428715490583,1729699200000,-0.5598600000000123,0.062,time,2509.89,up,5.236050830291574,-1,1729713600000,2590.4480999999996,2348.7738000000004
main,A_ACCEPT,base,57.48700000000004,1731369900000,1730937900000,1730937900000,0.07610393387800002,0.022827756,0.06551174510151155,1731010500000,0.08110291993692002,2896.5328548900006,2896.9674000000005,0.15720685381492006,2717.9976385000004,0.5130769712862803,-0.039469265876263135,0.047162282160000006,2627.9013,9.801295998148825,1730923200000,10.045134400000018,0.056,target,2717.59,range,5.23340011593383,1,1730937600000,2627.9013,2896.9674000000005
main,A_ACCEPT,base,71.87450000000001,1731456300000,1731024300000,1731024300000,0.081410169694,0.024419388,0.17621261043891728,1731178800000,0.08640861396342,3086.021927265,3086.4849,0.16781878365742,2907.5060605000003,0.5000727495994034,-0.083351205528136,0.05034586116,2817.3625500000003,9.745718549654436,1731009600000,10.047234399999986,0.056,target,2907.07,range,5.2824065959245745,1,1731024000000,2817.3625500000003,3086.4849
main,A_ACCEPT,base,91.18349999999995,1733169900000,1732737900000,1732737900000,0.05404230513,0.016210259999999997,0.24589472484254343,1733169900000,0.05426215945499999,3617.477297,3618.02,0.108304464585,3602.8203420000004,0.5072732610281281,-0.2925430903458638,0.032491349999999995,3434.39165,0.03886109506912028,1732723200000,0.47219999999999346,0.03,time,3602.28,range,5.331135188672847,1,1732737600000,3434.39165,3938.0567000000005
main,A_ACCEPT,base,76.97599999999997,1733774700000,1733342700000,1733342700000,0.06335943749025001,0.019004980499999997,0.349929798714341,1733437500000,0.06075646476306,3682.20998564,3682.7624,0.12411590225331001,3839.9659085000003,0.49181786245673365,-0.1329191035722,0.037234654379999996,3682.7624,-5.46298046020552,1733328000000,-5.168710799999993,0.033,stop,3839.39,up,5.331329494148192,1,1733342400000,3682.7624,4152.645199999999
main,A_ACCEPT,base,103.50049999999999,1733947500000,1733515500000,1733515500000,0.04273426917900001,0.012818358,0.3641746234590985,1733758500000,0.04015658008432875,3824.4361985075,3825.00995,0.08289084926332876,4069.9303980000004,0.5104900082171003,-0.14391742380210668,0.0248671393425,3825.00995,-5.38218646240794,1733500800000,-5.130511050000002,0.021,stop,4069.32,up,5.304014591847165,1,1733515200000,3825.00995,4557.9401
main,A_ACCEPT,base,67.29799999999997,1734206700000,1733774700000,1733774700000,0.06272771443125001,0.0188211375,0.5203393366247134,1733778300000,0.057722528680740015,3498.3350715600004,3497.8104000000003,0.12045024311199003,3801.6796625,0.5135754893814557,0.0,0.03613529898,3954.4698,9.889921257908002,1733760000000,10.04650679999999,0.033,target,3802.25,up,5.277103659535125,-1,1733774400000,3954.4698,3497.8104000000003
main,A_ACCEPT,base,68.17049999999999,1734221100000,1733789100000,1733789100000,0.049807122810750004,0.014944378499999997,0.3236335751546278,1733972100000,0.05233623943352626,3876.7584765575007,3876.1770500000002,0.10214336224427627,3689.4165045,0.5475622869558148,0.059938317040914,0.030642895552499997,3876.1770500000002,-5.100438290755881,1733774400000,-5.027590350000012,0.027,stop,3689.97,up,5.326553265824664,-1,1733788800000,3876.1770500000002,3317.555899999999
main,A_ACCEPT,base,81.58949999999997,1734998700000,1734566700000,1734566700000,0.0346128073,0.0103854,0.01642690823259231,1734998700000,0.032447366375,3415.51225,3415.0,0.067060173675,3643.4534,0.5378678592774309,0.08181213935255119,0.02011815,3916.15895,4.3456338156775445,1734552000000,4.351,0.019,time,3644.0,range,5.301051074370885,-1,1734566400000,3916.15895,3099.6821
main,A_ACCEPT,base,50.46099999999994,1736366700000,1735934700000,1735934700000,0.05785475691200001,0.017353824,0.26337833622955936,1736264100000,0.05527097051064,3454.435656915,3454.9539,0.11312572742264002,3615.9223070000003,0.5303973264739252,-0.128231971728192,0.03393760272,3454.9539,-5.408930501870841,1735920000000,-5.133635200000004,0.032,stop,3615.38,range,5.322779243449272,1,1735934400000,3454.9539,3936.2322000000004
main,A_ACCEPT,base,61.80900000000001,1736726700000,1736294700000,1736294700000,0.07263050878925002,0.0217924215,0.02545563680017445,1736726700000,0.07038091555400001,3273.530956,3273.04,0.14301142434325004,3378.1631995000002,0.5097436745298126,0.1846630012801782,0.042903529499999996,3497.0708999999997,4.540838047436937,1736280000000,4.542090000000005,0.043000000000000003,time,3378.67,range,5.295734590939918,-1,1736294400000,3497.0708999999997,3141.868200000001
main,A_ACCEPT,base,57.25100000000002,1737216300000,1736784300000,1736784300000,0.048805158128,0.014643743999999998,0.18079470727829147,1736846400000,0.05137930734024,3211.2067087650003,3210.7251,0.10018446546824,3050.322383,0.5558657644476627,0.0130025533664,0.030055224479999997,3210.7251,-5.235480336581843,1736769600000,-5.1182431999999976,0.032,stop,3050.78,range,5.318438781177106,-1,1736784000000,3210.7251,2730.8898000000004
main,A_ACCEPT,base,81.64900000000003,1737417900000,1736985900000,1736985900000,0.06718406609850001,0.020152197,0.07706711536824741,1737017100000,0.0646262740545825,3314.1679002349997,3314.6650999999997,0.13181034015308252,3445.3367230000003,0.5132165727772054,-0.010964037332824257,0.039542987834999994,3314.6650999999997,-5.258358465320931,1736971200000,-5.076041100000018,0.039,stop,3444.82,range,5.292261379494197,1,1736985600000,3314.6650999999997,3705.129800000001
main,A_ACCEPT,base,61.77449999999999,1738397100000,1737965100000,1737965100000,0.0381682739,0.0114522,0.08916251437332312,1738243500000,0.04074820443896877,3259.8563551175007,3259.36745,0.07891647833896877,3053.461912,0.5414885144302908,0.047635913026429125,0.023674827937499997,3259.36745,-5.191141643250052,1737950400000,-5.136186250000003,0.025,stop,3053.92,range,5.265969587167594,-1,1737964800000,3259.36745,2643.0251
main,A_ACCEPT,base,64.54949999999992,1738771500000,1738339500000,1738339500000,0.042854677237500007,0.012854475,0.02033388717461825,1738403100000,0.04031389013428126,3225.1112107425006,3225.5950500000004,0.08316856737178127,3428.3741790000004,0.5232419873316851,-0.014941350500000002,0.024950456437500004,3225.5950500000004,-5.179684124309276,1738324800000,-5.056623749999995,0.025,stop,3427.86,range,5.240013878951341,1,1738339200000,3225.5950500000004,3832.3898999999997
main,A_ACCEPT,base,67.21200000000002,1740888300000,1740456300000,1740456300000,0.034822155893,0.010448214,0.20352330224392015,1740710700000,0.029742527109960004,2124.4662221400004,2124.1476000000002,0.06456468300296,2487.2968495,0.5061143030100268,0.028230205735587172,0.019369633920000004,2669.4312,10.122923088812618,1740441600000,10.178627199999996,0.028,target,2487.67,range,5.214115458329794,-1,1740456000000,2669.4312,2124.1476000000002
main,A_ACCEPT,base,95.23599999999996,1741161900000,1740729900000,1740729900000,0.026449531975000003,0.00793605,0.23522457771556668,1740933300000,0.029038900181750003,2323.11201454,2322.7635999999998,0.055488432156750006,2115.962558,0.5164721570416058,0.01092118083682421,0.0166464135,2322.7635999999998,-5.223303664819923,1740715200000,-5.162089999999989,0.025,stop,2116.28,range,5.264730073773858,-1,1740729600000,2322.7635999999998,1703.312800000001
main,A_ACCEPT,base,83.47999999999999,1741392300000,1740960300000,1740960300000,0.021260753634750003,0.006377269499999999,0.05019771594709251,1741026300000,0.018725512751700004,2203.0015002,2203.332,0.03998626638645,2501.2651335,0.4874022073950194,-0.0014849406160000003,0.0119957661,2203.332,-5.111952973102451,1740945600000,-5.058486,0.017,stop,2500.89,range,5.238613555449758,1,1740960000000,2203.332,3096.006
main,A_ACCEPT,base,57.31000000000002,1741982700000,1741550700000,1741550700000,0.0458881657425,0.013768514999999999,0.28461230425527423,1741598400000,0.04842255979462501,2152.1137686500006,2151.791,0.09431072553712501,2039.474033,0.5162622213906334,-0.0014571961188385506,0.02829310425,2151.791,-5.164556025905991,1741536000000,-5.040495000000009,0.045,stop,2039.78,range,5.213053790584245,-1,1741550400000,2151.791,1815.7579999999996
main,A_ACCEPT,base,36.846000000000025,1742832300000,1742400300000,1742400300000,0.04394291544875001,0.0131808975,0.2297961278967437,1742832300000,0.044885696135499996,2087.706797,2088.02,0.08882861158425001,2043.8565325000002,0.5031888362770927,-0.026600208727399346,0.0266486265,1927.0454,1.7701325531883352,1742385600000,1.9122100000000013,0.043000000000000003,time,2043.55,range,5.187231010454715,1,1742400000000,1927.0454,2276.5591999999997
main,A_ACCEPT,base,34.56600000000001,1743595500000,1743163500000,1743163500000,0.041656690558999995,0.012498882,0.19403651036917785,1743595500000,0.0411021644,1868.2802000000001,1868.0,0.082758854959,1893.4859345,0.5212162108492067,0.015520879732191968,0.024827681999999997,2007.3366,1.0418143427731847,1743148800000,1.133879999999999,0.044,time,1893.77,range,5.196081673220657,-1,1743163200000,2007.3366,1666.6367999999998
main,A_ACCEPT,base,20.147000000000013,1745654700000,1745222700000,1745222700000,0.0634706091635,0.019038326999999997,0.2830020580347995,1745254800000,0.060946570692892506,1583.0278102050002,1583.2653,0.1244171798563925,1648.5872510000002,0.5356182876966132,-0.010015838525,0.03732504121499999,1583.2653,-5.182509959596392,1745208000000,-5.010751899999992,0.077,stop,1648.34,range,5.201290744934523,1,1745222400000,1583.2653,1778.4893999999997
main,A_ACCEPT,base,35.093499999999985,1747123500000,1746691500000,1746691500000,0.038585787,0.011574,0.4453239284211369,1746737400000,0.043565038263900006,2178.2519131950003,2178.5787,0.08215082526390001,1929.2893500000002,0.5234230158076398,-0.007151197076645104,0.024645472199999997,1804.21065,9.869200505459457,1746676800000,9.983148000000002,0.04,target,1929.0,up,5.175378195136541,1,1746691200000,1804.21065,2178.5787
main,A_ACCEPT,base,43.8165,1747181100000,1746749100000,1746749100000,0.034060933373750005,0.010216747499999998,0.6821678723159947,1746913500000,0.03918793707757751,2528.2540050050006,2528.6333000000004,0.07324887045132752,2197.4795725000004,0.5046442556415648,-0.0358128182992,0.021974892344999997,2031.40835,10.144945718904479,1746734400000,10.27598230000001,0.031,target,2197.15,up,5.224724197663838,1,1746748800000,2031.40835,2528.6333000000004
main,A_ACCEPT,base,84.63249999999996,1747353900000,1746921900000,1746921900000,0.038819972122500004,0.011644244999999998,0.8274596484861478,1747075500000,0.036282358079812504,2418.8238719875003,2419.1867500000003,0.07510233020231251,2587.9981415,0.5175154034215023,-0.02453241993349222,0.022530585374999995,2419.1867500000003,-5.174862835510802,1746907200000,-5.0526974999999945,0.03,stop,2587.61,up,5.275448926258361,1,1746921600000,2419.1867500000003,2924.4565
main,A_ACCEPT,base,82.45350000000005,1748333100000,1747901100000,1747901100000,0.06843160320100002,0.020526402000000003,0.511432651942469,1748001600000,0.06590335391386501,2534.7443813024997,2535.1246499999997,0.13433495711486504,2631.9847385000003,0.4848766997101531,-0.041502708000000006,0.04030037427,2535.1246499999997,-5.232336239384893,1747886400000,-5.016198200000021,0.052000000000000005,stop,2631.59,up,5.2495746120808064,1,1747900800000,2535.1246499999997,2824.520700000001
main,A_ACCEPT,base,42.650999999999996,1748779500000,1748347500000,1748347500000,0.066121416725,0.01983345,0.4640872048907781,1748622600000,0.063579584131625,2543.183365265,2543.5649,0.129701000856625,2644.8566690000002,0.5540587977578971,-0.12131117248561439,0.03891018675,2543.5649,-5.334677360092262,1748332800000,-5.044755000000009,0.05,stop,2644.46,up,5.223412930883882,1,1748347200000,2543.5649,2846.2502000000004
main,A_ACCEPT,base,36.67349999999995,1749960300000,1749528300000,1749528300000,0.056503724287500015,0.016948575,0.11123964088397766,1749773400000,0.0539802274011525,2570.4870191024997,2570.87265,0.11048395168865252,2690.6535375000003,0.49697940865133483,-0.08139058428024905,0.033145072695,2570.87265,-5.238868308663926,1749513600000,-5.013848700000009,0.042,stop,2690.25,range,5.196739544083418,1,1749528000000,2570.87265,2929.0047000000004
main,A_ACCEPT,base,47.04850000000003,1752537900000,1752105900000,1752105900000,0.05542471246000001,0.016624919999999998,0.3019251604300357,1752211800000,0.06039313367090001,3019.6566835450003,3020.1097000000004,0.11581784613090002,2771.2356230000005,0.5127352654585081,-0.018466550029344803,0.0347455782,2646.17515,9.802558025639748,1752091200000,9.971588000000011,0.04,target,2770.82,up,5.1705452025401,1,1752105600000,2646.17515,3020.1097000000004
main,A_ACCEPT,base,65.17450000000004,1753128300000,1752696300000,1752696300000,0.03394169049,0.01018098,0.6198395281854343,1753128300000,0.03724991167500001,3724.9911675000003,3725.55,0.071191602165,3394.169049,0.5247556637947669,-0.10790632736818002,0.02135763,3139.7425500000004,6.437344440466824,1752681600000,6.637800000000007,0.02,time,3393.66,up,5.219557992668298,1,1752696000000,3139.7425500000004,3901.494899999999
main,A_ACCEPT,base,71.75449999999994,1754107500000,1753675500000,1753675500000,0.12431144392000001,0.037287839999999996,0.8089105599011936,1753712100000,0.12181579049015999,3806.7434528174995,3807.3145499999996,0.24612723441016,3884.7326225000006,0.4951031319075187,-0.024910338058944003,0.07383805967999998,3807.3145499999996,-5.2623444321491775,1753660800000,-4.917468800000032,0.064,stop,3884.15,up,5.251744714870632,1,1753675200000,3807.3145499999996,4037.820900000001
main,A_ACCEPT,base,82.69500000000002,1754525100000,1754093100000,1754093100000,0.055752915808,0.016728384,0.32510568060831724,1754316000000,0.0582648904228,3641.555651425,3641.0094999999997,0.1140178062308,3484.557238,0.5439124119827381,0.030595689458054805,0.0342052296,3641.0094999999997,-5.107371346372755,1754078400000,-4.989743999999992,0.032,stop,3485.08,up,5.2254329927098855,-1,1754092800000,3641.0094999999997,3173.2210000000005
main,A_ACCEPT,base,73.98649999999998,1755014700000,1754582700000,1754582700000,0.06713971944750001,0.020138895,0.08362323963313671,1754715900000,0.0721062851845875,4120.359153405,4120.9773000000005,0.13924600463208753,3836.5553970000005,0.4769941705090987,-0.04739711519606035,0.041774025825000005,3693.48135,9.74648835434684,1754568000000,9.974905500000016,0.035,target,3835.98,range,5.199896135978021,1,1754582400000,3693.48135,4120.9773000000005
main,A_ACCEPT,base,82.13999999999999,1755216300000,1754784300000,1754784300000,0.132119494952,0.03962990399999999,0.2521104520517442,1754811300000,0.1296469160451,4182.1585821,4182.786,0.2617664109971,4261.919192,0.49937177708584757,0.0,0.07852981379999999,4182.786,-5.206924224797126,1754769600000,-4.866627999999981,0.062,stop,4261.28,range,5.248628577749754,1,1754784000000,4182.786,4418.267999999999
main,A_ACCEPT,base,96.08799999999997,1755461100000,1755029100000,1755029100000,0.04731537124125001,0.014192482499999999,0.3158281033932564,1755461100000,0.04678003694175001,4455.2416135,4455.91,0.09409540818300002,4506.2258325,0.46842965174986617,-0.10845722575871022,0.028228599,4266.4912,-1.273221232941709,1755014400000,-1.042440000000007,0.021,time,4505.55,up,5.2225939566257695,1,1755028800000,4266.4912,4983.6676
main,A_ACCEPT,base,94.88749999999996,1755936300000,1755504300000,1755504300000,0.046938318196,0.014083608,0.27584232011210624,1755871500000,0.04939178390643751,4490.162173312501,4489.48875,0.0963301021024375,4267.119836,0.5055017800352594,0.08057570839948444,0.028898920874999998,4489.48875,-4.922685814577982,1755489600000,-4.878032500000004,0.022,stop,4267.76,range,5.216227850461063,-1,1755504000000,4489.48875,3824.3025
main,A_ACCEPT,base,66.24600000000005,1758153900000,1757721900000,1757721900000,0.065809029874,0.019739747999999998,0.038452992086056154,1757925900000,0.06334239281566001,4524.45662969,4525.1354,0.12915142268966,4700.644991,0.5274060302005513,-0.06238018668010795,0.03874531668,4525.1354,-5.1248057260497655,1757707200000,-4.894528799999986,0.028,stop,4699.94,range,5.191614421388173,1,1757721600000,4525.1354,5049.549199999999
main,A_ACCEPT,base,65.369,1759766700000,1759334700000,1759334700000,0.056205869616000007,0.016859232000000002,0.1816221154457721,1759766700000,0.06077043306750002,4674.648697500001,4675.35,0.11697630268350002,4323.528432,0.5052284931265713,-0.10300799771923341,0.035093097000000004,4134.8331,8.909142602597283,1759320000000,9.164220000000007,0.026000000000000002,time,4322.88,range,5.1659903927579265,1,1759334400000,4134.8331,4698.973800000001
main,A_ACCEPT,base,68.65799999999999,1760213100000,1759781100000,1759781100000,0.073157331954,0.021943907999999998,0.0076676293208249304,1759849500000,0.07068697546298501,4560.45002987,4561.1342,0.143844307416985,4719.827868,0.49886026554831747,-0.029013675,0.04315318203,4561.1342,-5.113570964446982,1759766400000,-4.897559799999984,0.031,stop,4719.12,range,5.2105361057709105,1,1759780800000,4561.1342,5035.091599999999
main,A_ACCEPT,base,98.622,1760558700000,1760126700000,1760126700000,0.02610222907825,0.0078318435,0.0533816952628733,1760558700000,0.025944546098250004,3991.4686305000005,3990.87,0.052046775176500006,4015.7275505,0.5225454309007886,0.0064040352135995415,0.01561404,4398.2922,0.2697232200370906,1760112000000,0.3309800000000005,0.013000000000000001,time,4016.33,range,5.184968250948676,-1,1760126400000,4398.2922,3252.4056
main,A_ACCEPT,base,58.55499999999995,1761926700000,1761494700000,1761494700000,0.08332326661550002,0.024993230999999998,0.2952297777023038,1761685500000,0.0808190575726625,3942.393052325,3942.9845,0.16414232418816252,4064.5495910000004,0.5005406049729085,-0.06509926970062443,0.04924258567499999,3942.9845,-5.237659679563801,1761480000000,-4.9591755000000015,0.041,stop,4063.94,range,5.18631686704886,1,1761494400000,3942.9845,4305.851000000001
main,A_ACCEPT,base,83.23399999999997,1762286700000,1761854700000,1761854700000,0.044235443688000003,0.013272623999999998,0.04197670107722288,1761939000000,0.04670516552412001,3892.097127010001,3891.5134000000003,0.09094060921212002,3686.286974,0.5205172159153604,0.008897149512617086,0.027282072239999997,3891.5134000000003,-5.02148713193952,1761840000000,-4.912161600000003,0.024,stop,3686.84,range,5.160128568651041,-1,1761854400000,3891.5134000000003,3277.4932
main,A_ACCEPT,base,81.07049999999997,1763165100000,1762733100000,1762733100000,0.12462919157500003,0.037383150000000004,0.13945833573944688,1762872300000,0.12219792081201251,3491.3691660575,3491.89295,0.24682711238701255,3560.8340450000005,0.5065706907451757,-0.04326199197773924,0.074048025975,3491.89295,-5.152630630339786,1762718400000,-4.788493500000018,0.07,stop,3560.3,range,5.135021132991344,1,1762732800000,3491.89295,3697.1141000000007
main,A_ACCEPT,base,52.88399999999992,1765051500000,1764619500000,1764619500000,0.07294965091075001,0.021888178499999997,0.3335524153795597,1764683700000,0.07538441856689,2844.69504026,2844.2684,0.14833406947764,2752.8170155000003,0.45535869983612764,0.018555501150187732,0.04450011228,2844.2684,-4.99931388060744,1764604800000,-4.825035199999995,0.053,stop,2753.23,down,5.1092579798396445,-1,1764619200000,2844.2684,2571.1532
main,A_ACCEPT,base,66.20999999999997,1765742700000,1765310700000,1765310700000,0.0318132412705,0.009542541,0.06866789143471157,1765554000000,0.029354196709925,3089.91544315,3090.379,0.061167437980425,3348.7622390000006,0.5037522669761525,-0.02104725007603153,0.01835012115,3090.379,-5.000303809206466,1765296000000,-4.899739000000006,0.019,stop,3348.26,range,5.084261410436607,1,1765310400000,3090.379,3864.022000000001
main,A_ACCEPT,cost_x2,97.74300000000001,1641974700000,1641542700000,1641542700000,0.070700863376,0.021216623999999996,0.34501172830264026,1641974700000,0.070876436554,3221.656207,3220.69,0.14157729993,3213.675608,0.515272457047427,0.033699983987269505,0.042473177999999986,3425.1243,-0.28345049394273014,1641528000000,-0.133100000000004,0.022,time,3214.64,down,5.0,-1,1641542400000,3425.1243,2793.6713999999997
main,A_ACCEPT,cost_x2,78.29549999999992,1642449900000,1642017900000,1642017900000,0.128458005844,0.038525844,0.4539479831801903,1642094100000,0.12379612711687002,3257.7928188650003,3258.77045,0.25225413296087,3380.473838,0.513539512964809,-0.007915484835,0.07567582712999998,3258.77045,-4.922048344925855,1642003200000,-4.586202900000002,0.038,stop,3379.46,down,4.998582747530287,1,1642017600000,3258.77045,3620.8391
main,A_ACCEPT,cost_x2,84.47350000000002,1644451500000,1644019500000,1644019500000,0.11897288116,0.035681159999999996,0.17482385443270682,1644300600000,0.1280889497836,3202.2237445899996,3203.1846999999993,0.2470618309436,2974.322029,0.5084453967096209,-0.07387328530390612,0.07411937639999999,2858.55265,8.795133507352482,1644004800000,9.19018799999998,0.04,target,2973.43,range,4.9739725058056585,1,1644019200000,2858.55265,3203.1846999999993
main,A_ACCEPT,cost_x2,86.04849999999996,1645056300000,1644624300000,1644624300000,0.070160705472,0.021054527999999996,0.24829772923806168,1644933900000,0.07489585841892,3120.660767455,3119.72485,0.14505656389092,2923.362728,0.5195852240349218,0.04372473694127545,0.043516546919999996,3119.72485,-4.836484773869644,1644609600000,-4.691636400000006,0.024,stop,2924.24,range,5.017948173342421,-1,1644624000000,3119.72485,2533.270299999999
main,A_ACCEPT,cost_x2,81.12199999999993,1645646700000,1645214700000,1645214700000,0.10614888577800001,0.031854221999999995,0.15445643400314377,1645488300000,0.09702279090784001,2553.23133968,2552.4656,0.20317167668584002,2793.391731,0.4928577452383086,0.028862926430040653,0.060952329839999986,2915.1122,8.951786119904206,1645200000000,9.1870472,0.038,target,2794.23,range,4.993765749473073,-1,1645214400000,2915.1122,2552.4656
main,A_ACCEPT,cost_x2,84.54899999999991,1645934700000,1645502700000,1645502700000,0.07571947733999998,0.02272266,0.0581104684607419,1645601700000,0.08052779809409999,2684.25993647,2683.4549,0.15624727543409997,2523.9825779999996,0.5052148141396444,0.009217360163081398,0.0468737541,2683.4549,-4.955350669371028,1645488000000,-4.761447000000012,0.03,stop,2524.74,range,5.0385246800725945,-1,1645502400000,2683.4549,2207.310199999999
main,A_ACCEPT,cost_x2,100.04999999999998,1646121900000,1645689900000,1645689900000,0.049923228537000014,0.014981463,0.24125121168323843,1645732800000,0.05464757435550001,2602.2654455,2601.485,0.10457080289250002,2377.2965970000005,0.4880091065049299,-0.0031635350926958942,0.0313708185,2601.485,-4.83208015648519,1645675200000,-4.692974999999999,0.021,stop,2378.01,range,5.013747926725739,-1,1645689600000,2601.485,1931.0600000000004
main,A_ACCEPT,cost_x2,59.92650000000001,1647057900000,1646625900000,1646625900000,0.09074172931200002,0.027230688000000003,0.3207337297253568,1646661900000,0.09542835532062001,2650.787647795,2649.99265,0.18617008463262003,2520.6035920000004,0.5102669656292462,-0.0009070596000000002,0.055850608620000006,2649.99265,-4.8737031528526025,1646611200000,-4.630775400000001,0.036000000000000004,stop,2521.36,down,4.989587525943314,-1,1646625600000,2649.99265,2264.0947
main,A_ACCEPT,cost_x2,78.0325000000001,1647245100000,1646813100000,1646813100000,0.073809626247,0.022136246999999994,0.1723033710935153,1646919600000,0.069061657535325,2557.839167975,2558.60675,0.142871283782325,2733.689861,0.520071602851272,-0.018693916452,0.04286096167499999,2558.60675,-4.909533911909327,1646798400000,-4.705107749999999,0.027,stop,2732.87,range,4.965219010179052,1,1646812800000,2558.60675,3081.3965
main,A_ACCEPT,cost_x2,66.50950000000005,1647907500000,1647475500000,1647475500000,0.085979176017,0.025786016999999998,0.0034950948901930853,1647907500000,0.08949494346,2886.93366,2887.8,0.175474119477,2773.521807,0.5232253116594859,-0.12570043025800987,0.05264255699999999,2621.34905,3.214592893264992,1647460800000,3.568410000000004,0.031,time,2772.69,range,4.940671340619505,1,1647475200000,2621.34905,3075.3719000000006
main,A_ACCEPT,cost_x2,44.716499999999996,1648872300000,1648440300000,1648440300000,0.09930938388,0.02978388,0.5276156395741063,1648872300000,0.10403368053,3467.789351,3468.83,0.20334306441,3310.312796,0.5114360241079924,-0.14993355555446136,0.06100335,3157.68835,4.371020030035531,1648425600000,4.785299999999992,0.03,time,3309.32,up,4.956744305085829,1,1648440000000,3157.68835,3612.5833000000007
main,A_ACCEPT,cost_x2,55.676500000000075,1650125100000,1649693100000,1649693100000,0.08124993770399999,0.024382295999999994,0.1659185119955325,1650125100000,0.081378376191,3014.013933,3013.11,0.162628313895,3009.2569519999997,0.5150321795960107,-0.06025517672123146,0.04878848699999999,3185.91765,-0.3513219776162436,1649678400000,-0.07965000000000737,0.027,time,3010.16,range,4.9785994052360065,-1,1649692800000,3185.91765,2658.6447
main,A_ACCEPT,cost_x2,53.540000000000006,1650830700000,1650398700000,1650398700000,0.207693949498,0.062289498,0.21096229084096924,1650480000000,0.20315914596640003,3032.2260592000002,3033.136,0.4108530954644,3099.909694,0.5037492352110687,-0.034205326014750764,0.1232555316,3033.136,-4.979861953079132,1650384000000,-4.411548000000003,0.067,stop,3098.98,range,4.976842795347925,1,1650398400000,3033.136,3230.668
main,A_ACCEPT,cost_x2,59.41849999999997,1652213100000,1651781100000,1651781100000,0.05704807044300001,0.017119557,0.07242175493288067,1652115900000,0.047664687417689984,2269.747019889999,2269.066299999999,0.10471275786069,2716.574783,0.5143920171978698,0.0384501707229868,0.03141467468999999,2941.5518500000003,9.317120438172315,1651766400000,9.414797700000017,0.021,target,2717.39,range,4.95194348558253,-1,1651780800000,2941.5518500000003,2269.066299999999
main,A_ACCEPT,cost_x2,122.00150000000001,1652745900000,1652313900000,1652313900000,0.0479865997,0.014400299999999998,0.41530033929146826,1652745900000,0.04655147125299999,2023.9770109999997,2023.37,0.09453807095299999,2086.3739,0.5137721012867633,-0.029523162476111437,0.028361552999999998,2295.94015,1.3110672135708963,1652299200000,1.4634900000000024,0.023,time,2087.0,down,4.998529087773391,-1,1652313600000,2295.94015,1669.1197000000002
main,A_ACCEPT,cost_x2,33.827499999999986,1654934700000,1654502700000,1654502700000,0.09294902634499999,0.027876344999999997,0.21678129927107373,1654561500000,0.088180263232425,1799.597208825,1800.13725,0.181129289577425,1896.9189049999998,0.5050029033957718,-0.018352382224554,0.05433836257499999,1800.13725,-4.9682447843769655,1654488000000,-4.714424749999996,0.049,stop,1896.35,range,5.005084423841246,1,1654502400000,1800.13725,2088.7754999999997
main,A_ACCEPT,cost_x2,49.57400000000005,1655337900000,1654905900000,1654905900000,0.10806127189000002,0.032428109999999996,0.334516695957821,1654959000000,0.0987779625014,1519.6609615599998,1519.2051999999999,0.2068392343914,1662.4811060000002,0.5358355057633053,-0.02015046888966813,0.06205261139999999,1734.8674,9.056319685318957,1654891200000,9.345362000000009,0.065,target,1662.98,down,4.980243199919361,-1,1654905600000,1734.8674,1519.2051999999999
main,A_ACCEPT,cost_x2,69.39850000000003,1655553900000,1655121900000,1655121900000,0.032827278861,0.009851139,0.4220939882572851,1655553900000,0.027094796001,1003.510963,1003.21,0.059922074862000005,1215.825143,0.495610724223978,-0.033830812774386515,0.01797714,1394.93985,5.638729972363615,1655107200000,5.75046,0.027,time,1216.19,down,5.025524798345955,-1,1655121600000,1394.93985,858.6903000000002
main,A_ACCEPT,cost_x2,42.36999999999999,1656518700000,1656086700000,1656086700000,0.09129806120400001,0.027381203999999996,0.5000833472245374,1656459300000,0.08645544358360001,1137.5716261,1137.913,0.17775350478760002,1201.290279,0.5152811740267514,0.008259564969304078,0.053325620399999996,1137.913,-5.0121115602183,1656072000000,-4.789292000000004,0.076,stop,1200.93,down,5.053718448207773,1,1656086400000,1137.913,1326.9640000000002
main,A_ACCEPT,cost_x2,38.30150000000001,1656893100000,1656461100000,1656461100000,0.09694740705000003,0.029092950000000003,0.4639276177040071,1656579900000,0.08750141705235003,1029.4284359100002,1029.1197000000002,0.18444882410235006,1140.5577300000002,0.5135596669678728,-9.486290787816092e-05,0.05533550235000001,1196.79015,9.261446310639776,1656446400000,9.501325499999991,0.085,target,1140.9,down,5.028657890406681,-1,1656460800000,1196.79015,1029.1197000000002
main,A_ACCEPT,cost_x2,35.887000000000015,1657022700000,1656590700000,1656590700000,0.060045161046,0.018018954,0.43034595644757884,1656635100000,0.06494241017999,1100.71881661,1100.3887,0.12498757122599,1017.714594,0.5002925081814051,-0.0216218003634,0.03749583399,1100.3887,-5.043858505579387,1656576000000,-4.8597532999999995,0.059000000000000004,stop,1018.02,down,5.07496512195988,-1,1656590400000,1100.3887,853.2826
main,A_ACCEPT,cost_x2,30.14549999999999,1657425900000,1656993900000,1656993900000,0.139466497401,0.04182740099999999,0.09016787573432568,1657021800000,0.134700997024165,1113.231380365,1113.5654499999998,0.27416749442516497,1152.615681,0.5284353247709834,-0.0024679837116000003,0.08224982683499998,1113.5654499999998,-5.042135854971771,1656979200000,-4.683250550000018,0.121,stop,1152.27,range,5.049745829431983,1,1656993600000,1113.5654499999998,1229.6791000000003
main,A_ACCEPT,cost_x2,38.6155,1657656300000,1657224300000,1657224300000,0.090515026364,0.027146363999999996,0.11911429656350853,1657449900000,0.08570974620994498,1174.1061124649998,1174.4584499999999,0.17622477257394498,1239.931868,0.5201414516419542,-0.04554251053054031,0.052867004054999986,1174.4584499999999,-5.027047437159492,1657209600000,-4.752413150000006,0.073,stop,1239.56,range,5.024535150157123,1,1657224000000,1174.4584499999999,1369.7631000000001
main,A_ACCEPT,cost_x2,25.497000000000014,1658030700000,1657598700000,1657598700000,0.08587251051599999,0.025769484,0.06324986072801875,1657813800000,0.09064806256289,1147.44382991,1147.0997,0.17652057307889,1086.993804,0.5061207453293008,-0.06315442426176013,0.05295574689,1147.0997,-5.0152270442306515,1657584000000,-4.722596300000004,0.079,stop,1087.32,range,4.9993999129713265,-1,1657598400000,1147.0997,967.7605999999998
main,A_ACCEPT,cost_x2,54.01350000000001,1658577900000,1658145900000,1658145900000,0.079693880994,0.023900993999999995,0.23233094366180382,1658577900000,0.08168018859000001,1512.596085,1513.05,0.16137406958400002,1475.8126109999998,0.5034099140667219,-0.0893044346385288,0.04841240399999999,1387.59865,1.7356290917774748,1658131200000,2.0347200000000036,0.054,time,1475.37,range,4.974323777750174,1,1658145600000,1387.59865,1650.9126999999999
main,A_ACCEPT,cost_x2,55.78900000000003,1659240300000,1658808300000,1658808300000,0.06163490398,0.01849602,0.21059831043830796,1658944800000,0.06645574344381001,1545.48240567,1545.0189,0.12809064742381002,1433.36986,0.5046739275188363,0.017969104152027873,0.03842676381,1545.0189,-4.930961007081779,1658793600000,-4.782412700000004,0.043000000000000003,stop,1433.8,range,4.98300192320906,-1,1658808000000,1545.0189,1211.3621999999998
main,A_ACCEPT,cost_x2,48.39250000000003,1660795500000,1660363500000,1660363500000,0.11166893063200001,0.033490632,0.31236591361145144,1660500000000,0.1069928944994,1910.587401775,1911.16075,0.2186618251314,1994.088047,0.5197373926169502,-0.020704206749244204,0.0655981326,1911.16075,-4.915402164480642,1660348800000,-4.610438,0.056,stop,1993.49,up,4.958347118173651,1,1660363200000,1911.16075,2158.1485000000002
main,A_ACCEPT,cost_x2,44.25150000000001,1661861100000,1661429100000,1661429100000,0.157642358524,0.047278523999999995,0.07993638077285588,1661491200000,0.15304711828614,1663.555633545,1664.05485,0.31068947681014003,1713.503897,0.5062365387943767,-0.011314029094649118,0.09320643785999999,1664.05485,-4.917243743764785,1661414400000,-4.502033800000002,0.092,stop,1712.99,range,4.933770107351248,1,1661428800000,1664.05485,1810.8603
main,A_ACCEPT,cost_x2,39.55200000000002,1663977900000,1663545900000,1663545900000,0.069514059524,0.020860476000000003,0.17905759162303655,1663977900000,0.06903562447600001,1327.608163,1327.21,0.138549684,1336.808837,0.5144289781471294,-0.07928227344048418,0.041564952,1427.8752000000002,0.26060309055951253,1663531200000,0.52,0.052000000000000005,time,1337.21,range,4.909183888632424,-1,1663545600000,1427.8752000000002,1155.8795999999998
main,A_ACCEPT,cost_x2,14.218999999999994,1665893100000,1665461100000,1665461100000,0.164628126741,0.04940325899999999,0.11181211030879548,1665664200000,0.15580212641993996,1207.7684218599995,1207.4061999999997,0.32043025316094,1276.187029,0.5221389717442726,0.009444876603508338,0.09612987893999997,1311.1519,8.515014944502619,1665446400000,8.922130200000034,0.129,target,1276.57,range,4.9104869040852215,-1,1665460800000,1311.1519,1207.4061999999997
main,A_ACCEPT,cost_x2,15.006000000000006,1667001900000,1666569900000,1666569900000,0.11332400700600002,0.033987006,0.008086896839843772,1666717200000,0.12252113223012007,1476.1582196400007,1476.6012000000005,0.2358451392361201,1365.349482,0.5545543085450408,-0.008069417600562739,0.07075437588000001,1309.1093999999998,8.953210667283365,1666555200000,9.26787960000004,0.083,target,1364.94,range,4.953061978807734,1,1666569600000,1309.1093999999998,1476.6012000000005
main,A_ACCEPT,cost_x2,30.61650000000002,1668326700000,1667894700000,1667894700000,0.07581934737,0.02275263,0.3535237476739394,1667925000000,0.08057364899524501,1579.875470495,1579.40165,0.156392996365245,1486.6538699999999,0.5168402231481934,0.0058763153445000015,0.046917475245,1579.40165,-4.90481830626575,1667880000000,-4.7073841500000055,0.051000000000000004,stop,1487.1,up,4.997828032144151,-1,1667894400000,1579.40165,1302.4966999999997
main,A_ACCEPT,cost_x2,21.01149999999999,1669435500000,1669003500000,1669003500000,0.09271417740000001,0.0278226,0.36910049150233926,1669230300000,0.09745106085029001,1188.427571345,1188.07115,0.19016523825029003,1130.6607000000001,0.517856284527583,-0.007462417699658214,0.057049150289999996,1188.07115,-4.934511106239932,1668988800000,-4.6798343,0.082,stop,1131.0,down,4.973303940612821,-1,1669003200000,1188.07115,1016.8577
main,A_ACCEPT,cost_x2,24.284000000000013,1671638700000,1671206700000,1671206700000,0.07214215086,0.021649139999999997,0.11061883149629007,1671638700000,0.07294347647999999,1215.7246079999998,1215.36,0.14508562734,1202.369181,0.5175368606810989,0.044744763982388414,0.043525619999999994,1281.1084,-0.9016664833575956,1671192000000,-0.7577999999999929,0.06,time,1202.73,range,4.9486313850816215,-1,1671206400000,1281.1084,1045.9732
main,A_ACCEPT,cost_x2,10.862000000000023,1673251500000,1672819500000,1672819500000,0.13785044273,0.041342729999999994,0.18558944176921716,1673251500000,0.14415244129,1310.476739,1310.87,0.28200288401999996,1253.185843,0.5050938707280378,-0.16441651702917995,0.08460143999999999,1211.0738000000001,5.855579158950818,1672804800000,6.386599999999994,0.11,time,1252.81,range,4.944123052664834,1,1672819200000,1211.0738000000001,1336.2823999999996
main,A_ACCEPT,cost_x2,19.387499999999978,1673928300000,1673496300000,1673496300000,0.10230222146199999,0.030681461999999996,0.610779304885947,1673656500000,0.11163295756275,1529.2185967500002,1529.6775000000002,0.21393517902475,1401.400294,0.5241127560728293,-0.06191112826786499,0.06418139924999999,1336.63125,9.054889793457397,1673481600000,9.394917500000016,0.073,target,1400.98,up,4.973400948459588,1,1673496000000,1336.63125,1529.6775000000002
main,A_ACCEPT,cost_x2,26.71099999999999,1676909100000,1676477100000,1676477100000,0.18332570121600003,0.054981216,0.06939493682406293,1676493000000,0.19230534628344,1657.80470934,1658.3022,0.37563104749944004,1580.393976,0.5060198979072202,0.0,0.11269013256,1540.7289,8.604014019940557,1676462400000,9.092335200000003,0.116,target,1579.92,range,5.018675397426875,1,1676476800000,1540.7289,1658.3022
main,A_ACCEPT,cost_x2,30.28299999999998,1676937900000,1676505900000,1676505900000,0.07544622707999998,0.022627079999999997,0.10044861547981236,1676937900000,0.076620556935,1702.679043,1703.19,0.15206678401499998,1676.5828239999998,0.5287688144046709,-0.11720474913645,0.045620145,1569.4017000000001,0.9050583218485609,1676491200000,1.2199500000000056,0.045,time,1676.08,range,5.061695467526579,1,1676505600000,1569.4017000000001,1889.4365999999995
main,A_ACCEPT,cost_x2,42.312,1679112300000,1678680300000,1678680300000,0.09064065404100001,0.027184041,0.12940719396509853,1678798800000,0.10009231009596002,1756.0054402800001,1756.5324,0.19073296413696003,1590.186913,0.5077717373949014,-0.037693793798679,0.05722074503999999,1506.2988,9.22322929702437,1678665600000,9.508876800000001,0.057,target,1589.71,range,5.066220759135821,1,1678680000000,1506.2988,1756.5324
main,A_ACCEPT,cost_x2,45.693500000000014,1679544300000,1679112300000,1679112300000,0.10154781520799999,0.030455207999999998,0.18588605854560897,1679354100000,0.09666790732508002,1726.2126308050001,1726.73065,0.19821572253308,1813.3538429999999,0.5111142686929357,-0.07807798789611584,0.05946428292,1726.73065,-5.156201593349182,1679097600000,-4.820443599999999,0.056,stop,1812.81,range,5.112336905620944,1,1679112000000,1726.73065,1984.9687
main,A_ACCEPT,cost_x2,20.411000000000012,1681617900000,1681185900000,1681185900000,0.19210661470000004,0.0576147,0.28746904570575793,1681265400000,0.18742264633300001,1874.2264633300001,1874.7889,0.37952926103300005,1921.066147,0.5205594516958305,-0.03142495897,0.11385836699999999,1874.7889,-5.094922587002989,1681171200000,-4.57011,0.1,stop,1920.49,range,5.086555897654198,1,1681185600000,1874.7889,2011.8922
main,A_ACCEPT,cost_x2,28.90099999999999,1681833900000,1681401900000,1681401900000,0.11780523097,0.035330969999999996,0.32728440974317996,1681833900000,0.12367231717100002,2096.140969,2096.77,0.24147754814100003,1996.6988299999998,0.5106949643751555,-0.184703194080152,0.072443799,1915.8799,5.440905458778862,1681387200000,5.939530000000005,0.059000000000000004,time,1996.1,up,5.061081284719182,1,1681401600000,1915.8799,2156.5402
main,A_ACCEPT,cost_x2,31.94549999999998,1682957100000,1682525100000,1682525100000,0.099579824988,0.029864988000000002,0.00761633208749127,1682537700000,0.09471047628061502,1857.068162365,1857.62545,0.19429030126861502,1952.545588,0.5226792880342925,0.0,0.058286657385,1857.62545,-5.063639008653611,1682510400000,-4.811062050000002,0.051000000000000004,stop,1951.96,range,5.088285812013075,1,1682524800000,1857.62545,2140.6291
main,A_ACCEPT,cost_x2,29.626500000000032,1684310700000,1683878700000,1683878700000,0.18470887071,0.05542928999999999,0.12721616430963625,1683925800000,0.18936787157347498,1803.503538795,1802.96265,0.374076742283475,1759.132102,0.5069752419946583,-0.001699199166,0.11222261347499998,1802.96265,-5.034776804924464,1683864000000,-4.546778249999985,0.105,stop,1759.66,range,5.062967616969807,-1,1683878400000,1802.96265,1673.0547000000004
main,A_ACCEPT,cost_x2,17.314,1686427500000,1685995500000,1685995500000,0.124511775258,0.037364742,0.1636006744344065,1686072300000,0.12923169448098,1872.9231084199998,1872.3614,0.25374346973898,1804.518482,0.5158810335619711,0.00503830895966114,0.07612262298,1872.3614,-4.968624383759312,1685980800000,-4.643796600000004,0.069,stop,1805.06,range,5.037793732945185,-1,1685995200000,1872.3614,1670.4571999999998
main,A_ACCEPT,cost_x2,20.051999999999985,1687737900000,1687305900000,1687305900000,0.13233170760600002,0.039687606,0.1095183849123474,1687393800000,0.14148405164712002,1911.9466438800005,1912.5204000000003,0.2738157592531201,1788.266319,0.5190003423527495,-0.015018123393429575,0.08214555888,1725.3347999999999,8.86351015847348,1687291200000,9.234489600000023,0.074,target,1787.73,range,5.012950611026389,1,1687305600000,1725.3347999999999,1912.5204000000003
main,A_ACCEPT,cost_x2,33.616499999999995,1688601900000,1688169900000,1688169900000,0.100687117076,0.030197076,0.2700721243215112,1688601900000,0.09923821960000001,1908.4273,1909.0,0.19992533667600002,1936.2907129999999,0.5023375648802583,-0.15086798615751199,0.059977476,1844.52835,-1.799690798833502,1688155200000,-1.388920000000002,0.052000000000000005,time,1935.71,range,5.057268161818755,1,1688169600000,1844.52835,2118.0733
main,A_ACCEPT,cost_x2,23.456499999999984,1689725100000,1689293100000,1689293100000,0.12428093309800001,0.037273098,0.21480382459610933,1689359100000,0.11949607012109001,1927.355969695,1927.93435,0.24377700321909002,2004.531179,0.5232297917813078,-0.024736852003164,0.07313267691,1927.93435,-5.053376832132251,1689278400000,-4.711730300000005,0.062,stop,2003.93,range,5.048269707824589,1,1689292800000,1927.93435,2155.9213
main,A_ACCEPT,cost_x2,18.133000000000038,1695744300000,1695312300000,1695312300000,0.172396075657,0.051734342999999995,0.023479531121958608,1695744300000,0.172591131811,1583.404879,1582.93,0.344987207468,1581.6153729999999,0.5302287040026634,0.08621592817459962,0.10349615399999999,1623.9933,-0.4538274332934084,1695297600000,-0.09156000000001586,0.109,time,1582.09,range,5.023002823663927,-1,1695312000000,1623.9933,1498.2833999999996
main,A_ACCEPT,cost_x2,17.98800000000002,1696363500000,1695931500000,1695931500000,0.18751419738800001,0.056237388,0.12041951374543082,1696198500000,0.19642518356136004,1738.2759607200003,1738.7976000000003,0.3839393809493601,1659.417676,0.5028730200441188,-0.013092123830585646,0.11518262664000001,1618.9812,8.513954668580086,1695916800000,9.026168800000029,0.113,target,1658.92,range,5.02073368649746,1,1695931200000,1618.9812,1738.7976000000003
main,A_ACCEPT,cost_x2,15.522500000000003,1697299500000,1696867500000,1696867500000,0.172257687186,0.051692814,0.025953744329590307,1697299500000,0.16974646866799997,1557.3070519999999,1556.84,0.342004155854,1580.345754,0.5148048279043291,0.11486815397944064,0.102601482,1622.78225,2.284082516125447,1696852800000,2.613820000000002,0.109,time,1580.82,range,5.06330345984036,-1,1696867200000,1622.78225,1496.8954999999999
main,A_ACCEPT,cost_x2,19.020999999999994,1698465900000,1698033900000,1698033900000,0.12222425628000001,0.03665628,0.017522594925034576,1698115200000,0.13161928476528,1828.04562174,1828.5941999999998,0.25384354104528,1697.5591149999998,0.5184961624817737,-0.016911217166400004,0.07615391472,1631.2779,9.124273727068326,1698019200000,9.471182399999988,0.07200000000000001,target,1697.05,range,5.0747238724209875,1,1698033600000,1631.2779,1828.5941999999998
main,A_ACCEPT,cost_x2,38.34600000000004,1700021100000,1699589100000,1699589100000,0.09125143722099999,0.027367220999999997,0.7332305548555419,1699985400000,0.08632735622134001,2007.6129353800002,2008.2154,0.17757879344234,2122.1264469999996,0.4919924712294081,-0.24933922235622008,0.05327319965999999,2008.2154,-5.350999015458537,1699574400000,-4.870807799999989,0.043000000000000003,stop,2121.49,up,5.120345241056328,1,1699588800000,2008.2154,2348.0391999999993
main,A_ACCEPT,cost_x2,26.905999999999995,1700913900000,1700481900000,1700481900000,0.291124271088,0.087311088,0.23892430037030285,1700489400000,0.28664093551392006,1990.5620521800001,1991.1594,0.5777652066019201,2021.6963269999999,0.4844474547887279,0.0,0.17332917408,1991.1594,-5.061100780681884,1700467200000,-4.310006399999988,0.14400000000000002,stop,2021.09,range,5.093590245979034,1,1700481600000,1991.1594,2080.9511999999995
main,A_ACCEPT,cost_x2,26.36699999999994,1701533100000,1701101100000,1701101100000,0.18449203578,0.05536422,0.19611291687074203,1701189600000,0.18916334838492,2056.12335201,2055.5067,0.37365538416492,2005.3482150000002,0.5205586240710275,0.05592004401542,0.11209620492,2055.5067,-4.989047945069477,1701086400000,-4.559216399999987,0.092,stop,2005.95,range,5.068284742075625,-1,1701100800000,2055.5067,1906.8366000000003
main,A_ACCEPT,cost_x2,26.60699999999998,1701849900000,1701417900000,1701417900000,0.178125871735,0.053421735,0.003994211287988083,1701642000000,0.18707402994929997,2200.8709405799996,2201.5313999999994,0.36519990168429994,2095.5984909999997,0.5079063816684983,-0.12628062276180502,0.10956078569999998,2041.6893,8.456677689853882,1701403200000,9.057718999999967,0.085,target,2094.97,range,5.043339502350277,1,1701417600000,2041.6893,2201.5313999999994
main,A_ACCEPT,cost_x2,43.8085,1702411500000,1701979500000,1701979500000,0.100645454581,0.030184581,0.37579072401314917,1702260600000,0.095788118390965,2227.630660255,2228.29915,0.196433572971965,2340.591967,0.503229717811213,-0.2155207859218149,0.058929640034999994,2228.29915,-5.26929054892878,1701964800000,-4.798406550000002,0.043000000000000003,stop,2339.89,up,5.085622890799547,1,1701979200000,2228.29915,2563.0717
main,A_ACCEPT,cost_x2,32.468,1704139500000,1703707500000,1703707500000,0.14112032340000003,0.0423234,0.1660801876732775,1703888100000,0.13641065652240003,2273.5109420400004,2274.1932,0.27753097992240006,2352.0053900000003,0.47506214173202976,-0.3890945244250804,0.0832588776,2274.1932,-5.376292381947473,1703692800000,-4.626408000000001,0.06,stop,2351.3,range,5.059276438054903,1,1703707200000,2274.1932,2505.5136
main,A_ACCEPT,cost_x2,55.31449999999991,1705349100000,1704917100000,1704917100000,0.08637230392,0.025903919999999997,0.11600481618598583,1705349100000,0.08874736780000002,2535.6390800000004,2536.4,0.17511967172000004,2467.780112,0.5013838526226544,-0.13461889299621,0.05253612,2330.7485500000003,2.0653253152838063,1704902400000,2.427600000000005,0.035,time,2467.04,range,5.0323949761451665,1,1704916800000,2330.7485500000003,2739.6228999999994
main,A_ACCEPT,cost_x2,31.0,1706400300000,1705968300000,1705968300000,0.15066053827500003,0.045211725,0.08753579248778849,1706018700000,0.141537698575,2177.503055,2176.8500000000004,0.29219823685,2317.854435,0.512139969917834,0.0151026565625,0.0876603,2389.4,8.845744119712503,1705953600000,9.210499999999989,0.065,target,2318.55,range,5.042721602721586,-1,1705968000000,2389.4,2176.8500000000004
main,A_ACCEPT,cost_x2,26.584000000000014,1707077100000,1706645100000,1706645100000,0.133117203184,0.039923184,0.2887502144450167,1706698200000,0.12833821658112002,2291.7538675200003,2292.4416,0.26145541976512,2377.092914,0.5070206281300347,-0.026222010033352002,0.07843620288,2292.4416,-5.066664032678445,1706630400000,-4.7005504,0.056,stop,2376.38,range,5.086950323320147,1,1706644800000,2292.4416,2544.2568
main,A_ACCEPT,cost_x2,29.79450000000004,1707782700000,1707350700000,1707350700000,0.18432488087999996,0.05528088,0.10320941347288234,1707751800000,0.19337556632107997,2544.4153463299995,2545.1788999999994,0.3777004472010799,2425.3273799999997,0.5386698555220809,-0.21185358609344979,0.11331095891999998,2364.31055,8.461131407785452,1707336000000,9.163996399999963,0.076,target,2424.6,range,5.061617003156755,1,1707350400000,2364.31055,2545.1788999999994
main,A_ACCEPT,cost_x2,45.75999999999997,1708747500000,1708315500000,1708315500000,0.17903405410800002,0.053694108000000004,0.6561315097699558,1708470900000,0.18810189649680004,3033.9015564000006,3034.8120000000004,0.3671359506048001,2887.6460340000003,0.4971986492312643,-0.14888405416283934,0.11014161120000002,2812.764,8.551822384032377,1708300800000,9.17798400000001,0.062,target,2886.78,up,5.103922660195683,1,1708315200000,2812.764,3034.8120000000004
main,A_ACCEPT,cost_x2,45.647000000000006,1709337900000,1708905900000,1708905900000,0.17107380675,0.05130675,0.6995540166726258,1708999500000,0.1803727889249,3279.5052531799997,3280.4893999999995,0.3514465956749,3110.4328499999997,0.5290874504611746,-0.11586711825313963,0.10543482509999999,3024.0053000000003,8.831668460971962,1708891200000,9.404416999999972,0.055,target,3109.5,up,5.146681772115844,1,1708905600000,3024.0053000000003,3280.4893999999995
main,A_ACCEPT,cost_x2,57.3645,1710014700000,1709582700000,1709582700000,0.12229931879200001,0.036678791999999995,0.6919336477476004,1709667300000,0.11740972721179004,3453.2272709350004,3454.26355,0.23970904600379006,3597.038788,0.48603597910299173,-0.2811606770787446,0.07191228020999998,3454.26355,-5.410461303292514,1709568000000,-4.817679299999997,0.034,stop,3595.96,up,5.1908401144207055,1,1709582400000,3454.26355,3879.3529
main,A_ACCEPT,cost_x2,76.50649999999996,1710590700000,1710158700000,1710158700000,0.092944194896,0.027874895999999996,0.6301628631234995,1710430500000,0.08802837861148499,3827.320809195,3828.46935,0.180972573507485,4041.051952,0.512095722760899,-0.425424475867216,0.054291334515,3828.46935,-5.522213333889695,1710144000000,-4.861524950000007,0.023,stop,4039.84,up,5.163787807904243,1,1710158400000,3828.46935,4462.581300000001
main,A_ACCEPT,cost_x2,78.72999999999998,1711829100000,1711397100000,1711397100000,0.083559680386,0.025060386,0.04026980399870504,1711829100000,0.080680258659,3507.837333,3508.89,0.164239939045,3633.029582,0.5228709560892149,-0.3856438414152518,0.049271727,3422.537,-3.429305507460256,1711382400000,-2.830150000000004,0.023,time,3631.94,range,5.136176741234794,1,1711396800000,3422.537,4050.7460000000005
main,A_ACCEPT,cost_x2,84.39549999999997,1714089900000,1713657900000,1713657900000,0.207724038522,0.062298521999999995,0.18177173380125414,1713957900000,0.21666374197182,3282.78396927,3283.7691,0.42438778049382,3147.333917,0.4926447074491556,-0.05399687785627221,0.12731715018,3077.70045,8.461318791469909,1713643200000,9.067020600000008,0.066,target,3146.39,range,5.119030213697494,1,1713657600000,3077.70045,3283.7691
main,A_ACCEPT,cost_x2,66.423,1714925100000,1714493100000,1714493100000,0.08387095116400001,0.025168835999999997,0.2330474901661069,1714820100000,0.08871190999132,3168.28249969,3167.3323,0.17258286115532,2995.391113,0.5105666333875251,0.04489448962146274,0.05177442732,3167.3323,-4.9686471988538505,1714478400000,-4.789184400000002,0.028,stop,2996.29,range,5.161336807654845,-1,1714492800000,3167.3323,2654.2054
main,A_ACCEPT,cost_x2,51.133500000000005,1715803500000,1715371500000,1715371500000,0.09582337436100002,0.028755639,0.11803964931679961,1715803500000,0.09946278988799999,3014.0239359999996,3013.12,0.19528616424900003,2903.7386170000004,0.5296190540599095,0.12049349040793743,0.058585527,3048.17335,-3.714208200841035,1715356800000,-3.580829999999992,0.033,time,2904.61,range,5.136493571660574,-1,1715371200000,3048.17335,2617.4833000000003
main,A_ACCEPT,cost_x2,45.915499999999994,1716249900000,1715817900000,1715817900000,0.200232111618,0.060051617999999994,0.0828965379093915,1715869200000,0.19555267429269002,2962.919307465,2963.80845,0.39578478591069,3033.819873,0.5277737823107184,-0.012841348780393709,0.11873502530999999,2963.80845,-5.088063460001066,1715803200000,-4.560702299999991,0.066,stop,3032.91,range,5.117922530656368,1,1715817600000,2963.80845,3171.1130999999996
main,A_ACCEPT,cost_x2,70.47700000000009,1720598700000,1720166700000,1720166700000,0.05741656986,0.01723014,0.4420108468919486,1720514400000,0.0623252459662,3116.26229831,3115.3277000000003,0.1197418158262,2870.828493,0.5240873570995055,0.04429822952065508,0.0359221062,3115.3277000000003,-4.984119692505545,1720152000000,-4.872754000000005,0.02,stop,2871.69,down,5.092482213356362,-1,1720166400000,3115.3277000000003,2384.4145999999996
main,A_ACCEPT,cost_x2,44.23499999999994,1721462700000,1721030700000,1721030700000,0.12095307504000002,0.03627504,0.12126275489512185,1721462700000,0.12531115537200002,3480.865427,3481.91,0.24626423041200005,3359.80764,0.49857210715406913,-0.12348341278190492,0.07387966800000001,3226.6065000000003,3.9883326888061026,1721016000000,4.431959999999989,0.036000000000000004,time,3358.8,range,5.067561614893834,1,1721030400000,3226.6065000000003,3623.187
main,A_ACCEPT,cost_x2,63.934499999999936,1722297900000,1721865900000,1721865900000,0.15005606967000001,0.04503032999999999,0.27147866520367975,1721880300000,0.14092075304685,3131.57228993,3130.6331,0.29097682271685,3334.579326,0.5364928840536474,0.0,0.08729387684999998,3438.05345,8.844339800433156,1721851200000,9.222610499999996,0.045,target,3335.58,range,5.0875032783378655,-1,1721865600000,3438.05345,3130.6331
main,A_ACCEPT,cost_x2,50.66099999999992,1722672300000,1722240300000,1722240300000,0.151483481415,0.045431414999999996,0.16207130594482388,1722270600000,0.14666111396235,3259.13586583,3260.1139,0.29814459537735,3366.299587,0.5274243675037645,-0.014881786329555,0.08944295264999999,3260.1139,-5.135393834356901,1722225600000,-4.7329245000000055,0.045,stop,3365.29,range,5.131724977340032,1,1722240000000,3260.1139,3575.6422000000002
main,A_ACCEPT,cost_x2,57.67949999999998,1722931500000,1722499500000,1722499500000,0.18701753790200001,0.056122097999999995,0.07461303601537239,1722611100000,0.17805782322657,3017.9292072299995,3017.0240999999996,0.36507536112857,3169.788778,0.5084458978499741,0.04724251810475158,0.10952342456999999,3247.59795,8.641881832406215,1722484800000,9.069238100000009,0.059000000000000004,target,3170.74,range,5.106048008168247,-1,1722499200000,3247.59795,3017.0240999999996
main,A_ACCEPT,cost_x2,71.03599999999997,1723233900000,1722801900000,1722801900000,0.07717480061200001,0.023159388,0.44665670123745954,1722819900000,0.06743926411152,2408.54514684,2407.8228000000004,0.14461406472352,2756.2428790000004,0.5374064762239039,-0.0012792976,0.04338509952,2931.6936,9.589643138156486,1722787200000,9.778921599999995,0.028,target,2757.07,down,5.149257417330277,-1,1722801600000,2931.6936,2407.8228000000004
main,A_ACCEPT,cost_x2,48.53399999999997,1724889900000,1724457900000,1724457900000,0.12442721696999998,0.03731696999999999,0.046929713270743474,1724753100000,0.1195186306509,2655.96957002,2656.7666,0.2439458476209,2765.0492659999995,0.5122653117903287,-0.03992600529717432,0.07318331909999998,2656.7666,-5.192458172018053,1724443200000,-4.835402999999994,0.045,stop,2764.22,range,5.197205633021061,1,1724457600000,2656.7666,2979.1267999999995
main,A_ACCEPT,cost_x2,38.522000000000006,1725206700000,1724774700000,1724774700000,0.097564981722,0.029278277999999994,0.2725307347294376,1725206700000,0.09442906022200001,2484.975269,2484.23,0.191994041944,2567.499519,0.5148212019990428,0.04073953039003631,0.05759849999999999,2694.8522,2.9846669884460337,1724760000000,3.1935199999999986,0.038,time,2568.27,range,5.171243342160969,-1,1724774400000,2694.8522,2315.1056000000003
main,A_ACCEPT,cost_x2,58.32149999999994,1726085100000,1725653100000,1725653100000,0.05550159452500001,0.016655475,0.21994649200511834,1726085100000,0.05853180427500001,2341.272171,2340.57,0.11403339880000002,2220.0637810000003,0.5377464249421228,0.008982397145897094,0.03420975,2415.1721500000003,-3.1352607516540973,1725638400000,-2.996000000000004,0.025,time,2220.73,range,5.1861666771032,-1,1725652800000,2415.1721500000003,1831.8456999999994
main,A_ACCEPT,cost_x2,40.424499999999924,1726689900000,1726257900000,1726257900000,0.14734088900999998,0.044189009999999994,0.33945384093933345,1726434600000,0.142507985324835,2336.196480735,2336.89755,0.28984887433483497,2415.4244099999996,0.5074798324226337,-0.005580991466085695,0.08695423516499999,2336.89755,-5.128333550965896,1726243200000,-4.745949449999981,0.061,stop,2414.7,down,5.170490373344928,1,1726257600000,2336.89755,2570.304899999999
main,A_ACCEPT,cost_x2,46.52,1727251500000,1726819500000,1726819500000,0.10212582856000002,0.03062856,0.03983711792964767,1727251500000,0.10488372544000002,2622.0931360000004,2622.88,0.20700955400000004,2553.145714,0.5265869793410419,-0.08875194788026163,0.06210312,2431.458,2.4621353781197457,1726804800000,2.82,0.04,time,2552.38,range,5.144848705590099,1,1726819200000,2431.458,2794.224
main,A_ACCEPT,cost_x2,52.68449999999996,1728345900000,1727913900000,1727913900000,0.08949886228400002,0.026857716,0.06944765319607071,1728261900000,0.09439251036033,2484.0134305349998,2483.26845,0.18389137264433003,2355.2332180000003,0.5154579691562772,0.0600955432280945,0.05516697633,2483.26845,-5.017443905746215,1727899200000,-4.838481099999999,0.038,stop,2355.94,range,5.1571593824807,-1,1727913600000,2483.26845,2101.2831
main,A_ACCEPT,cost_x2,29.101,1729325100000,1728893100000,1728893100000,0.13409470634699996,0.04021634699999999,0.21911762956618935,1729325100000,0.13992835889499997,2640.157715,2640.95,0.27402306524199993,2530.0887989999997,0.5234355963160813,-0.208407242171479,0.08220745199999999,2439.0899,5.35122224058653,1728878400000,5.915859999999994,0.053,time,2529.33,range,5.132072162951967,1,1728892800000,2439.0899,2709.8102
main,A_ACCEPT,cost_x2,37.080999999999946,1730145900000,1729713900000,1729713900000,0.14803908494700002,0.04442505299999999,0.35551157521939586,1730149800000,0.14866086488400002,2519.675676,2518.92,0.296699949831,2509.137033,0.5329801574198061,0.22113410633852698,0.08900993699999998,2590.4480999999996,-0.6973457804924652,1729699200000,-0.5327700000000118,0.059000000000000004,time,2509.89,up,5.1588282741549,-1,1729713600000,2590.4480999999996,2348.7738000000004
main,A_ACCEPT,cost_x2,57.48700000000004,1731369900000,1730937900000,1730937900000,0.14407547968099998,0.043209681,0.06551174510151155,1731010500000,0.15349321041834002,2896.0983097800004,2896.9674000000005,0.29756869009934,2718.405277,0.5130769712862803,-0.03735484091860618,0.08927146266,2627.9013,9.082807206322082,1730923200000,9.507002200000017,0.053,target,2717.59,range,5.155341545252439,1,1730937600000,2627.9013,2896.9674000000005
main,A_ACCEPT,cost_x2,71.87450000000001,1731456300000,1731024300000,1731024300000,0.15412093241299998,0.046222413,0.17621261043891728,1731178800000,0.16353462459009,3085.55895453,3086.4849,0.31765555700309,2907.942121,0.5000727495994034,-0.078885962374843,0.09529752290999999,2817.3625500000003,9.01715065771206,1731009600000,9.508989699999987,0.053,target,2907.07,range,5.2007555812840485,1,1731024000000,2817.3625500000003,3086.4849
main,A_ACCEPT,cost_x2,91.18349999999995,1733169900000,1732737900000,1732737900000,0.10449745983600002,0.031339836,0.24589472484254343,1733169900000,0.10489110322600001,3616.9345940000003,3618.02,0.20938856306200004,3603.360684,0.5072732610281281,-0.2827916540010017,0.06281661,3434.39165,-0.09853682706299968,1732723200000,0.4564599999999937,0.029,time,3602.28,range,5.245841334572608,1,1732737600000,3434.39165,3938.0567000000005
main,A_ACCEPT,cost_x2,76.97599999999997,1733774700000,1733342700000,1733342700000,0.11905679632699999,0.035706326999999996,0.349929798714341,1733437500000,0.11413138470968001,3681.6575712800004,3682.7624,0.23318818103668,3840.541817,0.49181786245673365,-0.1248634003254,0.06995601732,3682.7624,-5.283463198682061,1733328000000,-4.855455599999994,0.031,stop,3839.39,up,5.2453486504372915,1,1733342400000,3682.7624,4152.645199999999
main,A_ACCEPT,cost_x2,103.50049999999999,1733947500000,1733515500000,1733515500000,0.08141081592,0.02441592,0.3641746234590985,1733758500000,0.0764772489403,3823.8624470150003,3825.00995,0.1578880648603,4070.5407960000002,0.5104900082171003,-0.1370642131448635,0.047365979700000005,3825.00995,-5.2285192577051625,1733500800000,-4.886201000000001,0.02,stop,4069.32,up,5.218931334443881,1,1733515200000,3825.00995,4557.9401
main,A_ACCEPT,cost_x2,67.29799999999997,1734206700000,1733774700000,1733774700000,0.11783438907499999,0.035360924999999994,0.5203393366247134,1733778300000,0.10846465203672,3498.85974312,3497.8104000000003,0.22629904111172,3801.109325,0.5135754893814557,0.0,0.06789056171999999,3954.4698,9.143437997168276,1733760000000,9.43762759999999,0.031,target,3802.25,up,5.192788738155356,-1,1733774400000,3954.4698,3497.8104000000003
main,A_ACCEPT,cost_x2,68.17049999999999,1734221100000,1733789100000,1733789100000,0.09591043823400001,0.028781766,0.3236335751546278,1733972100000,0.10081083748099003,3877.339903115,3876.1770500000002,0.19672127571499004,3688.863009,0.5475622869558148,0.05771837937273201,0.05901594699,3876.1770500000002,-5.039402143332261,1733774400000,-4.841383300000012,0.026000000000000002,stop,3689.97,up,5.238505928141198,-1,1733788800000,3876.1770500000002,3317.555899999999
main,A_ACCEPT,cost_x2,81.58949999999997,1734998700000,1734566700000,1734566700000,0.06557232240000001,0.019677600000000003,0.01642690823259231,1734998700000,0.06148844100000001,3416.0245,3415.0,0.12706076340000003,3642.9068,0.5378678592774309,0.07750623728136428,0.0381186,3916.15895,4.034326873881368,1734552000000,4.122000000000001,0.018000000000000002,time,3644.0,range,5.213308917424537,-1,1734566400000,3916.15895,3099.6821
main,A_ACCEPT,cost_x2,50.46099999999994,1736366700000,1735934700000,1735934700000,0.10849393841999999,0.03253842,0.26337833622955936,1736264100000,0.10361752241489999,3453.91741383,3454.9539,0.21211146083489998,3616.464614,0.5303973264739252,-0.12021747349518001,0.0636330051,3454.9539,-5.208744939430079,1735920000000,-4.812783000000004,0.03,stop,3615.38,range,5.233480551793941,1,1735934400000,3454.9539,3936.2322000000004
main,A_ACCEPT,cost_x2,61.80900000000001,1736726700000,1736294700000,1736294700000,0.13510625596,0.04054404,0.02545563680017445,1736726700000,0.13096087648,3274.0219119999997,3273.04,0.26606713244,3377.656399,0.5097436745298126,0.1717795360745844,0.07982052,3497.0708999999997,4.051091883634594,1736280000000,4.2252000000000045,0.04,time,3378.67,range,5.2074368270967915,-1,1736294400000,3497.0708999999997,3141.868200000001
main,A_ACCEPT,cost_x2,57.25100000000002,1737216300000,1736784300000,1736784300000,0.09454580774600001,0.028372254000000003,0.18079470727829147,1736846400000,0.09956233784343001,3211.68831753,3210.7251,0.19410814558943001,3049.864766,0.5558657644476627,0.0125962235737,0.05823199743,3210.7251,-5.198042019445724,1736769600000,-4.958298099999997,0.031,stop,3050.78,range,5.227692286514962,-1,1736784000000,3210.7251,2730.8898000000004
main,A_ACCEPT,cost_x2,81.64900000000003,1737417900000,1736985900000,1736985900000,0.127496577502,0.03823750199999999,0.07706711536824741,1737017100000,0.12260581591738999,3313.6707004699997,3314.6650999999997,0.25010239341939,3445.853446,0.5132165727772054,-0.010401779008064039,0.07503028460999998,3314.6650999999997,-5.151265757037467,1736971200000,-4.815731300000016,0.037,stop,3444.82,range,5.2017020764177335,1,1736985600000,3314.6650999999997,3705.129800000001
main,A_ACCEPT,cost_x2,61.77449999999999,1738397100000,1737965100000,1737965100000,0.07327209177600001,0.021988224,0.08916251437332312,1738243500000,0.07824828624564001,3260.3452602350003,3259.36745,0.15152037802164003,3053.0038240000003,0.5414885144302908,0.04573047650537197,0.04545566964,3259.36745,-5.081984371156267,1737950400000,-4.930738800000003,0.024,stop,3053.92,range,5.175945747632547,-1,1737964800000,3259.36745,2643.0251
main,A_ACCEPT,cost_x2,64.54949999999992,1738771500000,1738339500000,1738339500000,0.08229332059200001,0.024680591999999998,0.02033388717461825,1738403100000,0.07739105691564001,3224.6273714850004,3225.5950500000004,0.15968437750764003,3428.888358,0.5232419873316851,-0.014343696480000001,0.04790487636,3225.5950500000004,-5.076291750347635,1738324800000,-4.854358799999995,0.024,stop,3427.86,range,5.150535825776764,1,1738339200000,3225.5950500000004,3832.3898999999997
main,A_ACCEPT,cost_x2,67.21200000000002,1740888300000,1740456300000,1740456300000,0.067146939873,0.020150127,0.20352330224392015,1740710700000,0.05736919079556,2124.78484428,2124.1476000000002,0.12451613066855999,2486.923699,0.5061143030100268,0.02722198410217334,0.03735572256,2669.4312,9.68045493087361,1740441600000,9.815104799999995,0.027,target,2487.67,range,5.125154367025026,-1,1740456000000,2669.4312,2124.1476000000002
main,A_ACCEPT,cost_x2,95.23599999999996,1741161900000,1740729900000,1740729900000,0.05077548278400001,0.015237216000000001,0.23522457771556668,1740933300000,0.055763050297919996,2323.46042908,2322.7635999999998,0.10653853308192,2115.645116,0.5164721570416058,0.010484333603351242,0.03196111392,2322.7635999999998,-5.0836217133985615,1740715200000,-4.95560639999999,0.024,stop,2116.28,range,5.173556641679394,-1,1740729600000,2322.7635999999998,1703.312800000001
main,A_ACCEPT,cost_x2,83.47999999999999,1741392300000,1740960300000,1740960300000,0.040026244272,0.012004272,0.05019771594709251,1741026300000,0.0352427360064,2202.6710004,2203.332,0.07526898027840001,2501.6402669999998,0.4874022073950194,-0.0013975911680000003,0.0225802656,2203.332,-4.860174837046394,1740945600000,-4.760928,0.016,stop,2500.89,range,5.1481385331124,1,1740960000000,2203.332,3096.006
main,A_ACCEPT,cost_x2,57.31000000000002,1741982700000,1741550700000,1741550700000,0.087684226838,0.026313162,0.28461230425527423,1741598400000,0.09255477110390001,2152.4365373,2151.791,0.18023899794190001,2039.168066,0.5162622213906334,-0.0013924318468901704,0.0540712659,2151.791,-5.052175695688795,1741536000000,-4.816473000000009,0.043000000000000003,stop,2039.78,range,5.123837658927169,-1,1741550400000,2151.791,1815.7579999999996
main,A_ACCEPT,cost_x2,36.846000000000025,1742832300000,1742400300000,1742400300000,0.08381068566500001,0.025135664999999998,0.2297961278967437,1742832300000,0.085583137354,2087.393594,2088.02,0.16939382301900002,2044.163065,0.5031888362770927,-0.02536298971682263,0.050818311,1927.0454,1.577694876264184,1742385600000,1.8232700000000013,0.041,time,2043.55,range,5.098576780448725,1,1742400000000,1927.0454,2276.5591999999997
main,A_ACCEPT,cost_x2,34.56600000000001,1743595500000,1743163500000,1743163500000,0.08140768036700001,0.024429633,0.19403651036917785,1743595500000,0.0803480972,1868.5603999999998,1868.0,0.161755777567,1893.201869,0.5212162108492067,0.015168132465551239,0.048526833000000005,2007.3366,0.9129955218985575,1743148800000,1.1081099999999993,0.043000000000000003,time,1893.77,range,5.106465254830045,-1,1743163200000,2007.3366,1666.6367999999998
main,A_ACCEPT,cost_x2,20.147000000000013,1745654700000,1745222700000,1745222700000,0.12036491864599999,0.036098646,0.2830020580347995,1745254800000,0.11554369338993001,1582.79032041,1583.2653,0.23590861203593,1648.834502,0.5356182876966132,-0.009495535225,0.07077215607,1583.2653,-5.0666294033309205,1745208000000,-4.750453099999992,0.073,stop,1648.34,range,5.111030232439537,1,1745222400000,1583.2653,1778.4893999999997
main,A_ACCEPT,cost_x2,35.093499999999985,1747123500000,1746691500000,1746691500000,0.0752535693,0.022569299999999997,0.4453239284211369,1746737400000,0.08493907992921,2177.92512639,2178.5787,0.16019264922921,1929.5787,0.5234230158076398,-0.006972417149728976,0.048058670789999994,1804.21065,9.518345562831064,1746676800000,9.733569300000001,0.039,target,1929.0,up,5.085697085422882,1,1746691200000,1804.21065,2178.5787
main,A_ACCEPT,cost_x2,43.8165,1747181100000,1746749100000,1746749100000,0.06373646520500001,0.019115205,0.6821678723159947,1746913500000,0.07330836659029002,2527.8747100100004,2528.6333000000004,0.13704483179529003,2197.809145,0.5046442556415648,-0.0335023138928,0.04111431471,2031.40835,9.401354239601917,1746734400000,9.61301570000001,0.029,target,2197.15,up,5.133288813237037,1,1746748800000,2031.40835,2528.6333000000004
main,A_ACCEPT,cost_x2,84.63249999999996,1747353900000,1746921900000,1746921900000,0.07506320220700001,0.022512207000000003,0.8274596484861478,1747075500000,0.070135368825275,2418.4609939750003,2419.1867500000003,0.14519857103227501,2588.386283,0.5175154034215023,-0.023714672602375815,0.043559131725000005,2419.1867500000003,-5.0967466253596365,1746907200000,-4.884274249999995,0.029,stop,2587.61,up,5.180295584435048,1,1746921600000,2419.1867500000003,2924.4565
main,A_ACCEPT,cost_x2,82.45350000000005,1748333100000,1747901100000,1747901100000,0.128986594373,0.038684373,0.511432651942469,1748001600000,0.124183841517645,2534.3641126049997,2535.1246499999997,0.25317043589064503,2632.379477,0.4848766997101531,-0.039108321,0.075950705355,2535.1246499999997,-5.0950316122456565,1747886400000,-4.72680215000002,0.049,stop,2631.59,up,5.154811851308251,1,1747900800000,2535.1246499999997,2824.520700000001
main,A_ACCEPT,cost_x2,42.650999999999996,1748779500000,1748347500000,1748347500000,0.12432690688600001,0.037286886,0.4640872048907781,1748622600000,0.11951168603490998,2542.8018305299997,2543.5649,0.24383859292090998,2645.253338,0.5540587977578971,-0.11403250213647753,0.07315115108999999,2543.5649,-5.173091946147399,1748332800000,-4.742069700000009,0.047,stop,2644.46,up,5.129336693247023,1,1748347200000,2543.5649,2846.2502000000004
main,A_ACCEPT,cost_x2,36.67349999999995,1749960300000,1749528300000,1749528300000,0.10764228299999999,0.032283,0.11123964088397766,1749773400000,0.1028040555282,2570.1013882049997,2570.87265,0.2104463385282,2691.0570749999997,0.49697940865133483,-0.07751484217166575,0.0631334718,2570.87265,-5.126188652499866,1749513600000,-4.775094000000008,0.04,stop,2690.25,range,5.103471233516287,1,1749528000000,2570.87265,2929.0047000000004
main,A_ACCEPT,cost_x2,47.04850000000003,1752537900000,1752105900000,1752105900000,0.105322747348,0.031587348,0.3019251604300357,1752211800000,0.11472973934942002,3019.2036670900006,3020.1097000000004,0.22005248669742,2771.651246,0.5127352654585081,-0.01754322252787756,0.06601659858,2646.17515,9.169396292194731,1752091200000,9.47300860000001,0.038,target,2770.82,up,5.077840290253788,1,1752105600000,2646.17515,3020.1097000000004
main,A_ACCEPT,cost_x2,65.17450000000004,1753128300000,1752696300000,1752696300000,0.064498883862,0.019343862,0.6198395281854343,1753128300000,0.07076421436500001,3724.4323350000004,3725.55,0.135263098227,3394.678098,0.5247556637947669,-0.102511010999771,0.04057949699999999,3139.7425500000004,6.0275563937732395,1752681600000,6.305910000000006,0.019,time,3393.66,up,5.123687271714762,1,1752696000000,3139.7425500000004,3901.494899999999
main,A_ACCEPT,cost_x2,71.75449999999994,1754107500000,1753675500000,1753675500000,0.229233599455,0.068749455,0.8089105599011936,1753712100000,0.224564168982465,3806.172355635,3807.3145499999996,0.453797768437465,3885.315245,0.4951031319075187,-0.022964217898089,0.13613892253499998,3807.3145499999996,-5.146192458870553,1753660800000,-4.53329155000003,0.059000000000000004,stop,3884.15,up,5.153825053683628,1,1753675200000,3807.3145499999996,4037.820900000001
main,A_ACCEPT,cost_x2,82.69500000000002,1754525100000,1754093100000,1754093100000,0.10800506875600002,0.032411244,0.32510568060831724,1754316000000,0.11290515588834998,3642.1018028499993,3641.0094999999997,0.22091022464435,3484.0344760000003,0.5439124119827381,0.029639574162490592,0.06627263235,3641.0094999999997,-5.091357782831831,1754078400000,-4.833814499999992,0.031,stop,3485.08,up,5.128094091389275,-1,1754092800000,3641.0094999999997,3173.2210000000005
main,A_ACCEPT,cost_x2,73.98649999999998,1755014700000,1754582700000,1754582700000,0.126625316202,0.037976202,0.08362323963313671,1754715900000,0.13595145322473,4119.741006810001,4120.9773000000005,0.26257676942673003,3837.1307939999997,0.4769941705090987,-0.04468870861342833,0.07877387727,3693.48135,9.018871544689876,1754568000000,9.404910900000015,0.033,target,3835.98,range,5.102637302475115,1,1754582400000,3693.48135,4120.9773000000005
main,A_ACCEPT,cost_x2,82.13999999999999,1755216300000,1754784300000,1754784300000,0.242965827888,0.07286788799999999,0.2521104520517442,1754811300000,0.23834727635940003,4181.531164200001,4182.786,0.48131310424740004,4262.558384,0.49937177708584757,0.0,0.1443935286,4182.786,-5.099864632847362,1754769600000,-4.474157999999982,0.057,stop,4261.28,range,5.147731660198565,1,1754784000000,4182.786,4418.267999999999
main,A_ACCEPT,cost_x2,96.08799999999997,1755461100000,1755029100000,1755029100000,0.0901380333,0.0270333,0.3158281033932564,1755461100000,0.08909146454000001,4454.573227,4455.91,0.17922949784000003,4506.901665,0.46842965174986617,-0.1032925959606764,0.05376876,4266.4912,-1.3290908538006856,1755014400000,-0.9928000000000066,0.02,time,4505.55,up,5.122232337034328,1,1755028800000,4266.4912,4983.6676
main,A_ACCEPT,cost_x2,94.88749999999996,1755936300000,1755504300000,1755504300000,0.08959607311200002,0.026886888,0.27584232011210624,1755871500000,0.094307547529125,4490.835596625,4489.48875,0.18390362064112503,4266.479672,0.5055017800352594,0.07691317619950787,0.055170667125,4489.48875,-4.8184648615666115,1755489600000,-4.656303750000005,0.021,stop,4267.76,range,5.115586882765323,-1,1755504000000,4489.48875,3824.3025
main,A_ACCEPT,cost_x2,66.24600000000005,1758153900000,1757721900000,1757721900000,0.126936449514,0.03806951399999999,0.038452992086056154,1757925900000,0.12214200220326,4523.77785938,4525.1354,0.24907845171726,4701.349982,0.5274060302005513,-0.0601523228701041,0.07472311073999999,4525.1354,-5.103678085327348,1757707200000,-4.719724199999986,0.027,stop,4699.94,range,5.091494558457491,1,1757721600000,4525.1354,5049.549199999999
main,A_ACCEPT,cost_x2,65.369,1759766700000,1759334700000,1759334700000,0.10810442160000001,0.032421599999999995,0.1816221154457721,1759766700000,0.11684868487500001,4673.947395,4675.35,0.22495310647500003,4324.176864,0.5052284931265713,-0.09904615165310904,0.067486725,4134.8331,8.420264016871894,1759320000000,8.811750000000007,0.025,time,4322.88,range,5.065976168030854,1,1759334400000,4134.8331,4698.973800000001
main,A_ACCEPT,cost_x2,68.65799999999999,1760213100000,1759781100000,1759781100000,0.14161607208,0.042472079999999995,0.0076676293208249304,1759849500000,0.1367929757922,4559.76585974,4561.1342,0.2784090478722,4720.535736,0.49886026554831747,-0.02807775,0.08352228779999998,4561.1342,-5.12958308567218,1759766400000,-4.739573999999984,0.03,stop,4719.12,range,5.108077488115213,1,1759780800000,4561.1342,5035.091599999999
main,A_ACCEPT,cost_x2,98.622,1760558700000,1760126700000,1760126700000,0.048181501212,0.014458787999999998,0.0533816952628733,1760558700000,0.047904807131999995,3992.0672609999997,3990.87,0.096086308344,4015.125101,0.5225454309007886,0.005911417120245729,0.028825919999999998,4398.2922,0.18651918877625054,1760112000000,0.30552000000000046,0.012,time,4016.33,range,5.082429572686853,-1,1760126400000,4398.2922,3252.4056
main,A_ACCEPT,cost_x2,58.55499999999995,1761926700000,1761494700000,1761494700000,0.154476048916,0.046328916,0.2952297777023038,1761685500000,0.1497884609767,3941.80160465,3942.9845,0.30426450989270004,4065.159182,0.5005406049729085,-0.06033590850301776,0.09127893929999999,3942.9845,-5.052188357695707,1761480000000,-4.596309000000001,0.038,stop,4063.94,range,5.083362168630734,1,1761494400000,3942.9845,4305.851000000001
main,A_ACCEPT,cost_x2,83.23399999999997,1762286700000,1761854700000,1761854700000,0.08477188080400001,0.025439195999999997,0.04197670107722288,1761939000000,0.08953165964246,3892.68085402,3891.5134000000003,0.17430354044646001,3685.733948,0.5205172159153604,0.008526434949591374,0.05229063846,3891.5134000000003,-4.925555943956867,1761840000000,-4.707488200000003,0.023,stop,3686.84,range,5.058101226842257,-1,1761854400000,3891.5134000000003,3277.4932
main,A_ACCEPT,cost_x2,81.07049999999997,1763165100000,1762733100000,1762733100000,0.22792755776,0.06835776,0.13945833573944688,1762872300000,0.22341410445536003,3490.845382115,3491.89295,0.45134166221536004,3561.36809,0.5065706907451757,-0.03955382123679017,0.13540210464,3491.89295,-5.0043487880921385,1762718400000,-4.378051200000017,0.064,stop,3560.3,range,5.033473447122472,1,1762732800000,3491.89295,3697.1141000000007
main,A_ACCEPT,cost_x2,52.88399999999992,1765051500000,1764619500000,1764619500000,0.13762020155000002,0.04129845,0.3335524153795597,1764683700000,0.142256084026,2845.1216805199997,2844.2684,0.27987628557600003,2752.404031,0.45535869983612764,0.017505189764328053,0.08396247600000001,2844.2684,-4.898253571811656,1764604800000,-4.5519199999999955,0.05,stop,2753.23,down,5.008451703182011,-1,1764619200000,2844.2684,2571.1532
main,A_ACCEPT,cost_x2,66.20999999999997,1765742700000,1765310700000,1765310700000,0.06028676060400001,0.018080604,0.06866789143471157,1765554000000,0.055610133953400004,3089.4518863,3090.379,0.11589689455740002,3349.264478,0.5037522669761525,-0.019939500072029874,0.0347686506,3090.379,-4.812463045229435,1765296000000,-4.641858000000006,0.018000000000000002,stop,3348.26,range,4.9839604353229525,1,1765310400000,3090.379,3864.022000000001
main,A_ACCEPT,delay60,97.74300000000001,1641978300000,1641546300000,1641546300000,0.04210575318950001,0.012633621,0.34501172830264026,1641978300000,0.04220523983650001,3246.5569105000004,3246.07,0.08431099302600001,3238.9040915,0.515272457047427,0.0398272538031367,0.025293294,3425.1243,-0.24345703322287274,1641528000000,-0.17368000000000758,0.026000000000000002,time,3239.39,down,5.0,-1,1641542400000,3425.1243,2867.9213999999997
main,A_ACCEPT,delay60,78.29549999999992,1642453500000,1642021500000,1642021500000,0.06758833673,0.020273459999999997,0.4539479831801903,1642094100000,0.06516563268865001,3258.2816344325,3258.77045,0.13275396941865003,3379.4168365,0.513539512964809,-0.008332089300000001,0.039826082699999994,3258.77045,-4.986494141418646,1642003200000,-4.805581999999995,0.04,stop,3378.91,down,4.998782714833887,1,1642017600000,3258.77045,3619.1890999999996
main,A_ACCEPT,delay60,84.47350000000002,1644455100000,1644023100000,1644023100000,0.0567164761955,0.017012390999999998,0.17482385443270682,1644300600000,0.061489684463605004,3236.2991822950003,3236.7847,0.118206160659105,2985.0776945000002,0.5084453967096209,-0.0701796210387108,0.03546206379,2858.55265,9.358030754512184,1644004800000,9.581878600000001,0.038,target,2984.63,range,4.973850244126793,1,1644019200000,2858.55265,3236.7847
main,A_ACCEPT,delay60,86.04849999999996,1645059900000,1644627900000,1644627900000,0.03810495339950001,0.011433201,0.24829772923806168,1644933900000,0.04056250651345751,3120.1928087275005,3119.72485,0.07866745991295752,2931.1502615000004,0.5195852240349218,0.04736846501971507,0.023600127915,3119.72485,-4.946405222808246,1644609600000,-4.891506099999998,0.026000000000000002,stop,2931.59,range,5.020640397899355,-1,1644624000000,3119.72485,2555.3203000000003
main,A_ACCEPT,delay60,81.12199999999993,1645650300000,1645218300000,1645218300000,0.05588021671,0.016766579999999996,0.15445643400314377,1645488300000,0.05106897119679999,2553.4485598399997,2553.0655999999994,0.1069491879068,2794.0108354999998,0.4928577452383086,0.030382027821095434,0.03208497359999999,2915.1122,9.545923866314299,1645200000000,9.654576000000016,0.04,target,2794.43,range,4.995908371785313,-1,1645214400000,2915.1122,2553.0655999999994
main,A_ACCEPT,delay60,84.54899999999991,1645938300000,1645506300000,1645506300000,0.0364913154815,0.010949037,0.0581104684607419,1645601700000,0.03891593256440751,2683.8574182350003,2683.4549,0.07540724804590751,2516.642447,0.5052148141396444,0.00891011482431202,0.022622065815000002,2683.4549,-4.915731299036599,1645488000000,-4.826612100000006,0.029,stop,2517.02,range,5.043637991116885,-1,1645502400000,2683.4549,2184.1501999999996
main,A_ACCEPT,delay60,100.04999999999998,1646125500000,1645693500000,1645693500000,0.0261810222575,0.007855484999999999,0.24125121168323843,1645732800000,0.028620627450250003,2601.8752227500004,2601.485,0.054801649707750005,2380.0929324999997,0.4880091065049299,-0.003314179620919508,0.016440385499999998,2601.485,-4.937326214828683,1645675200000,-4.8627700000000065,0.022,stop,2380.45,range,5.019059334621702,-1,1645689600000,2601.485,1938.3799999999992
main,A_ACCEPT,delay60,59.92650000000001,1647061500000,1646629500000,1646629500000,0.0466303943915,0.013991216999999999,0.3207337297253568,1646661900000,0.04903221775460375,2650.3901488975002,2649.99265,0.09566261214610375,2520.561859,0.5102669656292462,-0.0009322557,0.028698676207499996,2649.99265,-4.900241594053616,1646611200000,-4.7749480500000026,0.037,stop,2520.94,down,4.994372703547559,-1,1646625600000,2649.99265,2262.8347
main,A_ACCEPT,delay60,78.0325000000001,1647248700000,1646816700000,1646816700000,0.033103244742,0.009929484,0.1723033710935153,1646919600000,0.030698675507850003,2558.2229589875,2558.60675,0.06380192024985,2758.6037285,0.520071602851272,-0.016616814624,0.019140468299999998,2558.60675,-4.889557203173853,1646798400000,-4.789998000000003,0.024,stop,2758.19,range,4.969871495577291,1,1646812800000,2558.60675,3157.3565000000003
main,A_ACCEPT,delay60,66.50950000000005,1647911100000,1647479100000,1647479100000,0.04693434909650001,0.014078192999999998,0.0034950948901930853,1647911100000,0.049370453321,2904.144313,2904.58,0.0963048024175,2760.8440645,0.5232253116594859,-0.13786498802491406,0.028891550999999998,2621.34905,4.638038658557576,1647460800000,4.901100000000003,0.034,time,2760.43,range,4.945423709561421,1,1647475200000,2621.34905,3038.5919
main,A_ACCEPT,delay60,44.716499999999996,1648875900000,1648443900000,1648443900000,0.045014941228500006,0.013502456999999999,0.5276156395741063,1648875900000,0.0468771173775,3472.379065,3472.9,0.091892058606,3334.4400910000004,0.5114360241079924,-0.13494019999901521,0.027567702,3157.68835,3.497520039394976,1648425600000,3.751920000000001,0.027,time,3333.94,up,4.968613902854209,1,1648440000000,3157.68835,3686.4433000000004
main,A_ACCEPT,delay60,55.676500000000075,1650128700000,1649696700000,1649696700000,0.04383373895275001,0.013152094499999998,0.1659185119955325,1650128700000,0.04387734561475001,3026.0238355000006,3025.57,0.08771108456750001,3023.0164795,0.5150321795960107,-0.06471852314502641,0.026313324,3185.91765,-0.23964293171254172,1649678400000,-0.06090000000001055,0.029,time,3023.47,range,4.986101503051184,-1,1649692800000,3185.91765,2698.5746999999997
main,A_ACCEPT,delay60,53.540000000000006,1650834300000,1650402300000,1650402300000,0.11759799705400001,0.03527410799999999,0.21096229084096924,1650480000000,0.1152418791248,3032.6810296,3033.136,0.2328398761788,3094.684133,0.5037492352110687,-0.03880007130031431,0.0698518584,3033.136,-4.983875805879139,1650384000000,-4.642383999999987,0.076,stop,3094.22,range,4.984903288392623,1,1650398400000,3033.136,3216.3879999999995
main,A_ACCEPT,delay60,59.41849999999997,1652216700000,1651784700000,1651784700000,0.03440196393125,0.0103221375,0.07242175493288067,1652093100000,0.02968703113681251,2374.9624909450004,2374.6063,0.06408899506806251,2752.1571145000003,0.5143920171978698,0.039957574587960475,0.019226911125,2941.5518500000003,9.405734168394895,1651766400000,9.449092500000006,0.025,target,2752.57,range,4.959983909363227,-1,1651780800000,2941.5518500000003,2374.6063
main,A_ACCEPT,delay60,122.00150000000001,1652749500000,1652317500000,1652317500000,0.037773333150000005,0.0113337,0.41530033929146826,1652329200000,0.03298404161421252,1884.802377955001,1884.5197000000007,0.07075737476421252,2158.47618,0.5137721012867633,0.0,0.021227428425000004,2295.94015,9.507825696810757,1652299200000,9.59981049999998,0.035,target,2158.8,down,5.007012580205201,-1,1652313600000,2295.94015,1884.5197000000007
main,A_ACCEPT,delay60,132.847,1652778300000,1652346300000,1652346300000,0.016286276692,0.004886616,0.41530033929146826,1652778300000,0.017747346702750005,2087.9231415000004,2087.61,0.03403362339475001,1916.032552,0.5091831616307454,0.0004875711269321072,0.0102100215,2206.9847,-2.9556860737678265,1652328000000,-2.9119300000000035,0.017,time,1916.32,down,5.054551708689255,-1,1652342400000,2206.9847,1334.9905999999999
main,A_ACCEPT,delay60,33.827499999999986,1654938300000,1654506300000,1654506300000,0.04652292239175001,0.0139547835,0.21678129927107373,1654561500000,0.04409674712060625,1799.8672294125001,1800.13725,0.09061966951235625,1898.8947915,0.5050029033957718,-0.018352382224554,0.0271857922875,1800.13725,-4.961322594024409,1654488000000,-4.8251647499999955,0.049,stop,1898.61,range,5.039773278320415,1,1654502400000,1800.13725,2095.5554999999995
main,A_ACCEPT,delay60,49.57400000000005,1655341500000,1654909500000,1654909500000,0.07219605896650001,0.021662067,0.334516695957821,1654938000000,0.06743218691104001,1568.19039328,1567.9551999999999,0.13962824587754002,1678.9781155,0.5358355057633053,-0.026660620377099372,0.04188868908,1734.8674,9.361455244665361,1654891200000,9.569632800000013,0.08600000000000001,target,1679.23,down,5.014966665350293,-1,1654905600000,1734.8674,1567.9551999999999
main,A_ACCEPT,delay60,69.39850000000003,1655557500000,1655125500000,1655125500000,0.016383032176499997,0.0049156469999999996,0.4220939882572851,1655557500000,0.013437080259750003,995.3392785000002,995.19,0.02982011243625,1213.557939,0.495610724223978,-0.033830812774386515,0.008946166499999998,1394.93985,5.828252908289359,1655107200000,5.900849999999998,0.027,time,1213.74,down,5.06177394157362,-1,1655121600000,1394.93985,851.3403000000001
main,A_ACCEPT,delay60,42.36999999999999,1656522300000,1656090300000,1656090300000,0.04289078765325001,0.012865306500000001,0.5000833472245374,1656459300000,0.04038985211327501,1137.7423130500001,1137.913,0.08328063976652503,1208.1912015,0.5152811740267514,0.007716172537113022,0.02498407995,1137.913,-5.077435547179407,1656072000000,-4.976886999999999,0.07100000000000001,stop,1208.01,down,5.090915206115066,1,1656086400000,1137.913,1348.204
main,A_ACCEPT,delay60,38.30150000000001,1656896700000,1656464700000,1656464700000,0.04959082526025001,0.0148794795,0.4639276177040071,1656580500000,0.04468075305779251,1027.1437484550001,1026.9897,0.09427157831804252,1140.0189715000001,0.5135596669678728,-9.709497629882373e-05,0.028281695085000003,1196.79015,9.72577573162066,1656446400000,9.848426099999998,0.08700000000000001,target,1140.19,down,5.065528028379168,-1,1656460800000,1196.79015,1026.9897
main,A_ACCEPT,delay60,35.887000000000015,1657026300000,1656594300000,1656594300000,0.039876552619750004,0.011964760500000001,0.43034595644757884,1656635100000,0.0423713196947425,1100.553758305,1100.3887,0.0822478723144925,1035.7546135,0.5002925081814051,-0.028218281830200004,0.024674249985,1100.3887,-5.100000304129691,1656576000000,-4.9648598999999916,0.077,stop,1035.91,down,5.1141569070372705,-1,1656590400000,1100.3887,906.9526000000003
main,A_ACCEPT,delay60,30.14549999999999,1657429500000,1656997500000,1656997500000,0.07149052197,0.02144394,0.09016787573432568,1657021800000,0.06903070174131498,1113.3984151824998,1113.5654499999998,0.14052122371131498,1153.0729350000001,0.5284353247709834,-0.0025291733903999997,0.04215625736999999,1113.5654499999998,-5.062690854471761,1656979200000,-4.8774842000000325,0.124,stop,1152.9,range,5.088656905516622,1,1656993600000,1113.5654499999998,1231.5691000000006
main,A_ACCEPT,delay60,38.6155,1657659900000,1657227900000,1657227900000,0.049450216420000005,0.014832839999999998,0.11911429656350853,1657449900000,0.046971291249299996,1174.2822812324998,1174.4584499999999,0.0964215076693,1236.2554105000002,0.5201414516419542,-0.04990960058141404,0.028926341399999993,1174.4584499999999,-5.104181449650741,1657209600000,-4.9289240000000065,0.08,stop,1236.07,range,5.063343451244264,1,1657224000000,1174.4584499999999,1359.2931
main,A_ACCEPT,delay60,25.497000000000014,1658034300000,1657602300000,1657602300000,0.044580811875,0.01337625,0.06324986072801875,1657813800000,0.047038142363155004,1147.271764955,1147.0997,0.091618954238155,1087.336875,0.5061207453293008,-0.06555269353752316,0.027485576309999996,1147.0997,-5.071832624085679,1657584000000,-4.8871753999999985,0.082,stop,1087.5,range,5.037822543996011,-1,1657598400000,1147.0997,968.3006
main,A_ACCEPT,delay60,54.01350000000001,1658581500000,1658149500000,1658149500000,0.03919646358775001,0.011757175499999998,0.23233094366180382,1658581500000,0.0403317193345,1521.951673,1522.18,0.07952818292225,1479.1118335000003,0.5034099140667219,-0.08765064881188937,0.023858506499999994,1387.59865,2.1033326617658443,1658131200000,2.294369999999998,0.053,time,1478.89,range,5.012463380875582,1,1658145600000,1387.59865,1661.4727000000005
main,A_ACCEPT,delay60,55.78900000000003,1659243900000,1658811900000,1658811900000,0.029222056034,0.008767932,0.21059831043830796,1658944800000,0.031677638383117504,1545.2506528350002,1545.0189,0.060899694417117504,1425.466148,0.5046739275188363,0.017133331865887044,0.018269798235000002,1545.0189,-4.95493106078624,1658793600000,-4.892894899999999,0.041,stop,1425.68,range,5.022980044184412,-1,1658808000000,1545.0189,1187.0022000000001
main,A_ACCEPT,delay60,48.39250000000003,1660799100000,1660367100000,1660367100000,0.05880054875950001,0.017637519,0.31236591361145144,1660500000000,0.05637078523868126,1910.8740758875,1911.16075,0.11517133399818127,1993.2389410000003,0.5197373926169502,-0.021813360682239432,0.0345512916375,1911.16075,-4.996511736317932,1660348800000,-4.824975750000003,0.059000000000000004,stop,1992.94,up,4.998205388880481,1,1660363200000,1911.16075,2156.4985
main,A_ACCEPT,delay60,44.25150000000001,1661864700000,1661432700000,1661432700000,0.10138059480850001,0.030409617,0.07993638077285588,1661491200000,0.09899641188546376,1663.8052417725,1664.05485,0.20037700669396377,1703.875543,0.5062365387943767,-0.014634450676774404,0.060112996072499994,1664.05485,-4.9833773034432465,1661414400000,-4.7082528499999885,0.11900000000000001,stop,1703.62,range,4.973222830198892,1,1661428800000,1664.05485,1782.7502999999997
main,A_ACCEPT,delay60,39.55200000000002,1663981500000,1663549500000,1663549500000,0.038269758675,0.011482649999999999,0.17905759162303655,1663981500000,0.03762478787175001,1320.1679955000002,1319.97,0.07589454654675001,1342.79855,0.5144289781471294,-0.08690556896360765,0.022768393499999998,1427.8752000000002,1.1271414909896305,1663531200000,1.3127099999999985,0.057,time,1343.0,range,4.948305943681675,-1,1663545600000,1427.8752000000002,1173.2495999999996
main,A_ACCEPT,delay60,14.218999999999994,1665896700000,1665464700000,1665464700000,0.084161793837,0.025252326,0.11181211030879548,1665664200000,0.07946312688137998,1203.9867709299997,1203.8061999999995,0.16362492071837997,1275.1786945,0.5221389717442726,0.009664524896613175,0.04908768875999999,1311.1519,9.24337351541826,1665446400000,9.446421600000047,0.132,target,1275.37,range,4.953941651136623,-1,1665460800000,1311.1519,1203.8061999999995
main,A_ACCEPT,delay60,15.006000000000006,1667005500000,1666573500000,1666573500000,0.06264851586800001,0.018791735999999996,0.008086896839843772,1666717200000,0.06746917330572003,1466.7211588200005,1466.9412000000004,0.13011768917372002,1361.9242580000002,0.5545543085450408,-0.008944414689780383,0.03903552456000001,1309.1093999999998,9.50225277157652,1666555200000,9.680350400000037,0.092,target,1361.72,range,5.0001585187137145,1,1666569600000,1309.1093999999998,1466.9412000000004
main,A_ACCEPT,delay60,30.61650000000002,1668330300000,1667898300000,1667898300000,0.037839638202750006,0.011353594500000001,0.3535237476739394,1667925000000,0.04028078328631125,1579.6385602475002,1579.40165,0.07812042148906126,1483.9073805,0.5168402231481934,0.0058763153445000015,0.0234360171225,1579.40165,-4.954534273267071,1667880000000,-4.8588541499999955,0.051000000000000004,stop,1484.13,up,5.047669782571598,-1,1667894400000,1579.40165,1293.5867000000003
main,A_ACCEPT,delay60,21.01149999999999,1669439100000,1669007100000,1669007100000,0.04806156468375001,0.014420632499999999,0.36910049150233926,1669230300000,0.05050059782858127,1188.2493606725002,1188.07115,0.09856216251233127,1130.8603455,0.517856284527583,-0.007735432981353029,0.029568539662499997,1188.07115,-4.984363885156201,1668988800000,-4.848497750000002,0.085,stop,1131.03,down,5.022897111205262,-1,1669003200000,1188.07115,1016.9476999999999
main,A_ACCEPT,delay60,24.284000000000013,1671642300000,1671210300000,1671210300000,0.0321686439795,0.009652040999999998,0.11061883149629007,1671642300000,0.0326422255995,1208.9713185,1208.79,0.06481086957900001,1191.4312585,0.5175368606810989,0.04027028758414957,0.019443239999999997,1281.1084,-0.9717038219948525,1671192000000,-0.9277200000000034,0.054,time,1191.61,range,4.997975291779481,-1,1671206400000,1281.1084,1012.6131999999996
main,A_ACCEPT,delay60,10.862000000000023,1673255100000,1672823100000,1672823100000,0.07445459151375002,0.022333027499999998,0.18558944176921716,1673255100000,0.07792557441025,1309.6735194999999,1309.87,0.152380165924,1251.3376725000003,0.5050938707280378,-0.17786877751338562,0.04571420699999999,1211.0738000000001,6.611716849562568,1672804800000,6.987679999999977,0.11900000000000001,time,1251.15,range,4.993116772669507,1,1672819200000,1211.0738000000001,1331.3024
main,A_ACCEPT,delay60,19.387499999999978,1673931900000,1673499900000,1673499900000,0.04987681540025001,0.014960800500000001,0.610779304885947,1673656500000,0.05469898017206251,1540.8163428750001,1541.0475000000001,0.10457579557231253,1404.9807155,0.5241127560728293,-0.06021493297285502,0.031372956375000004,1336.63125,9.479538815079838,1673481600000,9.67570250000001,0.07100000000000001,target,1404.77,up,5.026175356917319,1,1673496000000,1336.63125,1541.0475000000001
main,A_ACCEPT,delay60,26.71099999999999,1676912700000,1676480700000,1676480700000,0.10871614497600003,0.032609952,0.06939493682406293,1676492400000,0.11346190996022999,1644.3755066699996,1644.6221999999996,0.22217805493623002,1575.5963040000001,0.5060198979072202,0.0,0.06665363153999998,1540.7289,9.269351913523694,1676462400000,9.558183599999955,0.138,target,1575.36,range,5.073573050992717,1,1676476800000,1540.7289,1644.6221999999996
main,A_ACCEPT,delay60,32.26599999999998,1676955900000,1676523900000,1676523900000,0.05515102141250001,0.016542825,0.10044861547981236,1676955900000,0.05514000275875,1696.6154695,1696.87,0.11029102417125,1696.9545050000002,0.525248581524222,-0.16929574875264997,0.033087307499999996,1620.2334,-0.30162408042390887,1676505600000,0.01104999999998995,0.065,time,1696.7,range,5.119919810560336,1,1676520000000,1620.2334,1849.6332
main,A_ACCEPT,delay60,42.312,1679115900000,1678683900000,1678683900000,0.044659977992000006,0.013395984,0.12940719396509853,1678805700000,0.049599666133919994,1771.4166476399998,1771.6824,0.09425964412592,1594.9992140000002,0.5077717373949014,-0.037032499170632005,0.02827811616,1506.2988,9.74808414054343,1678665600000,9.907654399999997,0.056,target,1594.76,range,5.118411690158216,1,1678680000000,1506.2988,1771.6824
main,A_ACCEPT,delay60,45.693500000000014,1679547900000,1679115900000,1679115900000,0.057739219584,0.017319167999999996,0.18588605854560897,1679354100000,0.05524709249288,1726.4716404025,1726.73065,0.11298631207688001,1804.3506120000002,0.5111142686929357,-0.08923198616698952,0.03389578223999999,1726.73065,-5.186472480483878,1679097600000,-4.950358399999997,0.064,stop,1804.08,range,5.167152110860934,1,1679112000000,1726.73065,1958.7786999999998
main,A_ACCEPT,delay60,20.411000000000012,1681621500000,1681189500000,1681189500000,0.10743027212400001,0.032224248,0.28746904570575793,1681265400000,0.10497243017324,1874.507681665,1874.7889,0.21240270229724,1918.3977165000001,0.5205594516958305,-0.0351959540464,0.06372070152,1874.7889,-5.163282557863646,1681171200000,-4.851963199999988,0.112,stop,1918.11,range,5.141219748458515,1,1681185600000,1874.7889,2004.7521999999997
main,A_ACCEPT,delay60,28.90099999999999,1681837500000,1681405500000,1681405500000,0.05801015021750001,0.017400435,0.32728440974317996,1681837500000,0.06078010161700001,2095.865573,2096.18,0.11879025183450001,2000.3500075000002,0.5106949643751555,-0.18157263146862399,0.03563720099999999,1915.8799,5.239539915696868,1681387200000,5.575539999999993,0.058,time,2000.05,up,5.115403335669196,1,1681401600000,1915.8799,2168.3902
main,A_ACCEPT,delay60,31.94549999999998,1682960700000,1682528700000,1682528700000,0.05080719993700001,0.015239874,0.00761633208749127,1682537700000,0.048291016960745003,1857.3468061825001,1857.62545,0.099098216897745,1954.1230745,0.5226792880342925,0.0,0.02972935251,1857.62545,-5.13146416940774,1682510400000,-5.002636599999996,0.052000000000000005,stop,1953.83,range,5.141601035247681,1,1682524800000,1857.62545,2146.2391
main,A_ACCEPT,delay60,29.626500000000032,1684314300000,1683882300000,1683882300000,0.10664671059349999,0.031998812999999994,0.12721616430963625,1683925800000,0.10909560221104876,1803.2330943975,1802.96265,0.21574231280454875,1762.755547,0.5069752419946583,-0.0019581247532,0.06472258509749998,1802.96265,-5.115483672655258,1683864000000,-4.833060649999995,0.121,stop,1763.02,range,5.115943714400641,-1,1683878400000,1802.96265,1683.1347
main,A_ACCEPT,delay60,22.584500000000013,1687799100000,1687367100000,1687367100000,0.06470927993625002,0.019409872499999998,0.1095183849123474,1687799100000,0.0638844159,1851.7222,1852.0,0.12859369583625002,1875.6313025000002,0.4942365094021641,-0.1719070798485376,0.0385780725,1804.32155,-1.9502288481848047,1687348800000,-1.6111499999999939,0.069,time,1875.35,range,5.090366296037366,1,1687363200000,1804.32155,2017.4069
main,A_ACCEPT,delay60,33.616499999999995,1688605500000,1688173500000,1688173500000,0.053170149326250006,0.0159486525,0.2700721243215112,1688605500000,0.052359844844999996,1903.994358,1904.28,0.10552999417125,1933.4599755000002,0.5023375648802583,-0.15957190843583002,0.0316589625,1844.52835,-1.8857108651070928,1688155200000,-1.5889500000000054,0.055,time,1933.17,range,5.080615151796441,1,1688169600000,1844.52835,2110.4533
main,A_ACCEPT,delay60,23.456499999999984,1689728700000,1689296700000,1689296700000,0.0554664687225,0.016637445,0.21480382459610933,1689359100000,0.053010241895806255,1927.6451598475,1927.93435,0.10847671061830626,2016.9624990000002,0.5232297917813078,-0.02194398161571,0.0325429033875,1927.93435,-5.042874345621525,1689278400000,-4.879910750000005,0.055,stop,2016.66,range,5.071186597470906,1,1689292800000,1927.93435,2194.1113000000005
main,A_ACCEPT,delay60,18.133000000000038,1695747900000,1695315900000,1695315900000,0.10235839893675001,0.0307121265,0.023479531121958608,1695747900000,0.10262134589325002,1591.0286185000002,1590.79,0.20497974483000003,1586.9519215,0.5302287040026634,0.10203536453691149,0.061493913,1623.9933,-0.6288382932931136,1695297600000,-0.46439999999998827,0.129,time,1587.19,range,5.045972225742799,-1,1695312000000,1623.9933,1513.5834
main,A_ACCEPT,delay60,17.98800000000002,1696367100000,1695935100000,1695935100000,0.10924242390600003,0.032767812,0.12041951374543082,1696198500000,0.11395550570976003,1726.5985713600003,1726.8576000000003,0.22319792961576007,1655.1882410000003,0.5028730200441188,-0.015293454386170842,0.06695959248,1618.9812,9.187672223518069,1695916800000,9.49312320000003,0.132,target,1654.94,range,5.042828034276333,1,1695931200000,1618.9812,1726.8576000000003
main,A_ACCEPT,delay60,15.522500000000003,1697303100000,1696871100000,1696871100000,0.0665152712125,0.019957574999999998,0.025953744329590307,1697303100000,0.06610378908125002,1555.3832725000002,1555.15,0.13261906029375004,1565.0652049999999,0.5148048279043291,0.0895760833784629,0.0397857375,1622.78225,0.7799212855846853,1696852800000,0.8627499999999885,0.085,time,1565.3,range,5.0887663953939235,-1,1696867200000,1622.78225,1450.3355
main,A_ACCEPT,delay60,19.020999999999994,1698469500000,1698037500000,1698037500000,0.07096418303100001,0.021286061999999998,0.017522594925034576,1698113700000,0.07582190140853999,1805.2833668699996,1805.5541999999996,0.14678608443954,1689.6234055,0.5184961624817737,-0.019729753360800004,0.04403604491999999,1631.2779,9.548920917279624,1698019200000,9.759472799999974,0.084,target,1689.37,range,5.092666001821846,1,1698033600000,1631.2779,1805.5541999999996
main,A_ACCEPT,delay60,38.34600000000004,1700024700000,1699592700000,1699592700000,0.041639329962750014,0.012489925499999999,0.7332305548555419,1699985400000,0.039154326269955,2007.91416769,2008.2154,0.08079365623270501,2135.3502545000006,0.4919924712294081,-0.22614487609052517,0.024237985589999997,2008.2154,-5.276945917913248,1699574400000,-4.945769400000006,0.039,stop,2135.03,up,5.140410606408245,1,1699588800000,2008.2154,2388.6592000000005
main,A_ACCEPT,delay60,26.905999999999995,1700917500000,1700485500000,1700485500000,0.15469319549925,0.0464009985,0.23892430037030285,1700489400000,0.15230084554588502,1990.86072609,1991.1594,0.30699404104513506,2022.1332745000002,0.4844474547887279,0.0,0.09209810672999999,1991.1594,-5.091693947775154,1700467200000,-4.692601799999988,0.153,stop,2021.83,range,5.114025876818677,1,1700481600000,1991.1594,2083.1711999999998
main,A_ACCEPT,delay60,26.36699999999994,1701536700000,1701104700000,1701104700000,0.13843417175900002,0.041536482,0.19611291687074203,1701189600000,0.14082332928134253,2055.815026005,2055.5067,0.2792575010403425,2020.9368140000001,0.5205586240710275,0.083272239457745,0.083777144685,2055.5067,-4.974300306267601,1701086400000,-4.694537899999987,0.137,stop,2021.24,range,5.088567407079801,-1,1701100800000,2055.5067,1952.7066000000002
main,A_ACCEPT,delay60,26.60699999999998,1701853500000,1701421500000,1701421500000,0.092236953468,0.027666935999999996,0.003994211287988083,1701642000000,0.09698615149475999,2204.23071579,2204.5614,0.18922310496275999,2096.294397,0.5079063816684983,-0.130737585918104,0.05676714647999999,2041.6893,9.178435362639124,1701403200000,9.555163200000003,0.088,target,2095.98,range,5.063695905548464,1,1701417600000,2041.6893,2204.5614
main,A_ACCEPT,delay60,43.8085,1702415100000,1701983100000,1701983100000,0.04701505120000001,0.0141024,0.37579072401314917,1702260600000,0.04455929810255,2227.9649051275,2228.29915,0.09157434930255001,2350.7525600000004,0.503229717811213,-0.2004844520202929,0.027472194899999997,2228.29915,-5.2035649962228545,1701964800000,-4.88403400000001,0.04,stop,2350.4,up,5.109588082361658,1,1701979200000,2228.29915,2594.6017000000006
main,A_ACCEPT,delay60,32.468,1704143100000,1703711100000,1703711100000,0.07407800503425,0.0222200685,0.1660801876732775,1703888100000,0.07162634023712999,2273.85207102,2274.1932,0.14570434527138,2351.6826995,0.47506214173202976,-0.4085492506463345,0.04371119424,2274.1932,-5.457583190157721,1703692800000,-4.859618399999985,0.063,stop,2351.33,range,5.0835702573805435,1,1703707200000,2274.1932,2505.6035999999995
main,A_ACCEPT,delay60,55.31449999999991,1705352700000,1704920700000,1704920700000,0.03977140481600001,0.011929632,0.11600481618598583,1705352700000,0.040449131719999996,2528.0707325,2528.45,0.080220536536,2485.7128010000006,0.5013838526226544,-0.123080130739392,0.024066192,2330.7485500000003,1.1521531407245844,1704902400000,1.3795199999999896,0.032,time,2485.34,range,5.056282341429754,1,1704916800000,2330.7485500000003,2794.5229
main,A_ACCEPT,delay60,31.0,1706403900000,1705971900000,1705971900000,0.088393359007,0.026521985999999994,0.08753579248778849,1706013000000,0.08363800381899998,2201.0001004999995,2200.669999999999,0.17203136282599998,2326.1410265,0.512139969917834,0.01765849075,0.05160962399999998,2389.4,9.356337503924037,1705953600000,9.562320000000046,0.076,target,2326.49,range,5.062043107133378,-1,1705968000000,2389.4,2200.669999999999
main,A_ACCEPT,delay60,26.584000000000014,1707080700000,1706648700000,1706648700000,0.07237790005675,0.0217101135,0.2887502144450167,1706698200000,0.06990898087968,2292.09773376,2292.4416,0.14228688093643,2373.0459035000003,0.5070206281300347,-0.028563260929186998,0.042685954139999996,2292.4416,-5.108688496005626,1706630400000,-4.895152399999997,0.061,stop,2372.69,range,5.108824794652998,1,1706644800000,2292.4416,2533.1868
main,A_ACCEPT,delay60,29.79450000000004,1707786300000,1707354300000,1707354300000,0.08752804723800002,0.026254476,0.10320941347288234,1707758100000,0.09230055323993999,2563.904256664999,2564.288899999999,0.17982860047794003,2431.3346455,0.5386698555220809,-0.2191161733516893,0.05394879611999999,2364.31055,9.146067230050301,1707336000000,9.59896079999995,0.07200000000000001,target,2430.97,range,5.083281352172969,1,1707350400000,2364.31055,2564.288899999999
main,A_ACCEPT,delay60,45.75999999999997,1708751100000,1708319100000,1708319100000,0.09244202422400001,0.027728448,0.6561315097699558,1708633800000,0.09725299386240001,3039.1560582,3039.612,0.18969501808640002,2888.8132570000002,0.4971986492312643,-0.2911000408311151,0.0569087232,2812.764,9.14114421788248,1708300800000,9.678847999999999,0.064,target,2888.38,up,5.129011688323223,1,1708315200000,2812.764,3039.612
main,A_ACCEPT,delay60,45.647000000000006,1709341500000,1708909500000,1708909500000,0.0780729591875,0.023418374999999998,0.6995540166726258,1709108700000,0.08297103747724999,3318.841499089999,3319.339399999999,0.16104399666475,3122.9183675,0.5290874504611746,-0.36806995725198693,0.04831342049999999,3024.0053000000003,9.267042625583226,1708891200000,9.844469999999957,0.05,target,3122.45,up,5.1747174094126365,1,1708905600000,3024.0053000000003,3319.339399999999
main,A_ACCEPT,delay60,57.3645,1710018300000,1709586300000,1709586300000,0.06812635742100001,0.020434841999999998,0.6919336477476004,1709667300000,0.06562116279888251,3453.7454104675003,3454.26355,0.1337475202198825,3585.597759,0.48603597910299173,-0.31423840379389095,0.04012414423499999,3454.26355,-5.458375168248771,1709568000000,-4.9702650999999936,0.038,stop,3585.06,up,5.221052622540553,1,1709582400000,3454.26355,3846.6528999999996
main,A_ACCEPT,delay60,76.50649999999996,1710594300000,1710162300000,1710162300000,0.044610260535500004,0.013381070999999998,0.6301628631234995,1710430500000,0.0421068458755725,3827.8950795974997,3828.46935,0.0867171064110725,4055.4782305000003,0.512095722760899,-0.4069277595251632,0.026015019854999995,3828.46935,-5.50047418579125,1710144000000,-4.9808143000000005,0.022,stop,4054.87,up,5.193760746699309,1,1710158400000,3828.46935,4507.6713
main,A_ACCEPT,delay60,78.72999999999998,1711832700000,1711400700000,1711400700000,0.043529928509999996,0.013057019999999997,0.04026980399870504,1711832700000,0.042137438436000006,3511.453203,3511.98,0.085667366946,3627.4940425,0.5228709560892149,-0.40241096495504536,0.025700147999999996,3422.537,-3.273058479901044,1711382400000,-2.759279999999995,0.024,time,3626.95,range,5.166258375770354,1,1711396800000,3422.537,4035.776
main,A_ACCEPT,delay60,84.39549999999997,1714093500000,1713661500000,1713661500000,0.11323050202800002,0.033964056,0.18177173380125414,1713957900000,0.11802842068086006,3278.567241135001,3279.059100000001,0.23125892270886006,3145.2917230000003,0.4926447074491556,-0.058905684934115146,0.06937789428000002,3077.70045,9.305672698077082,1713643200000,9.66521520000005,0.07200000000000001,target,3144.82,range,5.1498930833708485,1,1713657600000,3077.70045,3279.059100000001
main,A_ACCEPT,delay60,66.423,1714928700000,1714496700000,1714496700000,0.04338459633425,0.013017331499999998,0.2330474901661069,1714820100000,0.045933207297752514,3167.8073998450004,3167.3323,0.08931780363200251,2992.0411265,0.5105666333875251,0.046497864250800706,0.026795227005,3167.3323,-5.140041866386221,1714478400000,-5.070426700000008,0.029,stop,2992.49,range,5.196421446861234,-1,1714492800000,3167.3323,2642.8053999999993
main,A_ACCEPT,delay60,51.133500000000005,1715807100000,1715375100000,1715375100000,0.044787660843,0.013438313999999998,0.11803964931679961,1715807100000,0.0467782656875,3017.9526250000004,3017.5,0.0915659265305,2889.526506,0.5296190540599095,0.11319085462563817,0.027469689,3048.17335,-3.9595847609048684,1715356800000,-3.953739999999999,0.031,time,2889.96,range,5.170721237529302,-1,1715371200000,3048.17335,2573.5333
main,A_ACCEPT,delay60,45.915499999999994,1716253500000,1715821500000,1715821500000,0.13132531584300003,0.039391685999999995,0.0828965379093915,1715869200000,0.12890632872486377,2963.3638787325,2963.80845,0.2602316445678638,3018.9727780000003,0.5277737823107184,-0.016927232483246252,0.07806938627249999,2963.80845,-5.115133113323647,1715803200000,-4.75990485,0.08700000000000001,stop,3018.52,range,5.150923313724778,1,1715817600000,2963.80845,3127.9431
main,A_ACCEPT,delay60,64.73949999999999,1716699900000,1716267900000,1716267900000,0.036544480850000005,0.0109617,0.41149954329232824,1716699900000,0.0374643795,3746.43795,3747.0,0.07400886035000001,3654.4480850000004,0.5183438151244294,-0.1251463356212774,0.0222027,3413.7260499999998,1.6406421040287138,1716249600000,1.8619999999999983,0.02,time,3653.9,up,5.12534764815816,1,1716264000000,3413.7260499999998,4134.2479
main,A_ACCEPT,delay60,70.47700000000009,1720602300000,1720170300000,1720170300000,0.025608088210500004,0.007683579,0.4420108468919486,1720514400000,0.028042154992395006,3115.7949991550004,3115.3277000000003,0.05365024320289501,2845.3431345,0.5240873570995055,0.03986840656858958,0.01609496379,3115.3277000000003,-4.881915400424314,1720152000000,-4.8520386000000055,0.018000000000000002,stop,2845.77,down,5.133550858678304,-1,1720166400000,3115.3277000000003,2306.6545999999994
main,A_ACCEPT,delay60,44.23499999999994,1721466300000,1721034300000,1721034300000,0.06858504121325003,0.0205724265,0.12126275489512185,1721466300000,0.07134303193975,3480.1478995,3480.67,0.13992807315300004,3345.6117665000006,0.49857210715406913,-0.1406338867793917,0.041978547,3226.6065000000003,5.235419493067592,1721016000000,5.557959999999998,0.041,time,3345.11,range,5.109141281676184,1,1721030400000,3226.6065000000003,3582.1169999999997
main,A_ACCEPT,delay60,63.934499999999936,1722301500000,1721869500000,1721869500000,0.06284200228549999,0.018855428999999996,0.27147866520367975,1722301500000,0.06321906143700001,3327.3190230000005,3326.82,0.1260610637225,3307.4738045,0.5364928840536474,0.11989034050010765,0.037818303,3438.05345,-0.7602890262224135,1721851200000,-0.7163000000000138,0.038,time,3307.97,range,5.1353183791415224,-1,1721865600000,3438.05345,3047.8030999999996
main,A_ACCEPT,delay60,57.67949999999998,1722935100000,1722503100000,1722503100000,0.114513580386,0.034359228,0.07461303601537239,1722610200000,0.10978169238414001,3049.491455115,3049.0341,0.22429527277014,3180.9327885,0.5084458978499741,0.05765188650071379,0.06728879628,3247.59795,9.297132617450561,1722484800000,9.531064800000001,0.07200000000000001,target,3181.41,range,5.131516934010411,-1,1722499200000,3247.59795,3049.0341
main,A_ACCEPT,delay60,71.03599999999997,1723237500000,1722805500000,1722805500000,0.037058960322000005,0.011119356,0.44665670123745954,1722819900000,0.03204263847492,2373.52877592,2373.1728,0.06910159879692,2745.108172,0.5374064762239039,-0.0012336083999999999,0.02073070584,2931.6936,9.962308486963085,1722787200000,10.053374400000004,0.027,target,2745.52,down,5.178002597097664,-1,1722801600000,2931.6936,2373.1728
main,A_ACCEPT,delay60,48.53399999999997,1724893500000,1724461500000,1724461500000,0.07292118153675,0.021873073499999996,0.046929713270743474,1724753100000,0.07039375425276499,2656.36808501,2656.7666,0.14331493578951499,2751.7426995,0.5122653117903287,-0.04702396179444975,0.042994367969999996,2656.7666,-5.245193465553971,1724443200000,-5.0118602,0.053,stop,2751.33,range,5.227814139532479,1,1724457600000,2656.7666,2940.4568
main,A_ACCEPT,delay60,38.522000000000006,1725210300000,1724778300000,1724778300000,0.05136129465,0.0154107,0.2725307347294376,1725210300000,0.04947562023,2473.7810115,2473.41,0.10083691488,2568.0647325,0.5148212019990428,0.042883716200038224,0.03025116,2694.8522,3.7133956413200297,1724760000000,3.8015999999999988,0.04,time,2568.45,range,5.201588172204711,-1,1724774400000,2694.8522,2315.6456
main,A_ACCEPT,delay60,40.424499999999924,1726693500000,1726261500000,1726261500000,0.06910490918175001,0.020728363499999996,0.33945384093933345,1726434600000,0.06659158993797375,2336.5470153675,2336.89755,0.13569649911972376,2424.7336555,0.5074798324226337,-0.005215024812571878,0.0407088375525,2336.89755,-5.167550011484801,1726243200000,-4.985929649999986,0.057,stop,2424.37,down,5.220155150411314,1,1726257600000,2336.89755,2599.3148999999994
main,A_ACCEPT,delay60,46.52,1727255100000,1726823100000,1726823100000,0.05475473697875001,0.0164239575,0.03983711792964767,1727255100000,0.056450531150000004,2625.6061,2626.0,0.11120526812875,2546.7319525000003,0.5265869793410419,-0.09540834397128127,0.0333616575,2431.458,3.1849747303999565,1726804800000,3.4249500000000044,0.043000000000000003,time,2546.35,range,5.19431740035389,1,1726819200000,2431.458,2776.1339999999996
main,A_ACCEPT,delay60,52.68449999999996,1728349500000,1727917500000,1727917500000,0.05956356412500001,0.01787175,0.06944765319607071,1728261900000,0.062091023506687514,2483.6409402675004,2483.26845,0.12165458763168752,2382.542565,0.5154579691562772,0.07907308319486117,0.036496263375,2483.26845,-5.097500267811835,1727899200000,-5.018422499999997,0.05,stop,2382.9,range,5.210242274005889,-1,1727913600000,2483.26845,2182.1631
main,A_ACCEPT,delay60,29.101,1729328700000,1728896700000,1728896700000,0.07444586020425001,0.0223304085,0.21911762956618935,1729328700000,0.07802582437050001,2644.9431990000003,2645.34,0.15247168457475002,2523.5884815000004,0.5234355963160813,-0.232000514870137,0.0457416675,2439.0899,6.775456133055107,1728878400000,7.205670000000007,0.059000000000000004,time,2523.21,range,5.184754772666829,1,1728892800000,2439.0899,2691.4502
main,A_ACCEPT,delay60,37.080999999999946,1730149500000,1729717500000,1729717500000,0.07523141359499999,0.02257281,0.35551157521939586,1730149800000,0.07557893514000001,2519.2978380000004,2518.92,0.150810348735,2507.7137865,0.5329801574198061,0.22488214203918003,0.04524309,2590.4480999999996,-0.6209712966958465,1729699200000,-0.6497999999999956,0.06,time,2508.09,up,5.2186320533321044,-1,1729713600000,2590.4480999999996,2343.373800000001
main,A_ACCEPT,delay60,57.48700000000004,1731373500000,1730941500000,1730941500000,0.05902463236700001,0.017704734,0.06551174510151155,1731095100000,0.064037976962385,2978.51055639,2978.9574000000002,0.12306260932938501,2745.3317380000003,0.5130769712862803,-0.06791312896829735,0.03691900923,2627.9013,9.835713452472309,1730923200000,10.063608200000008,0.043000000000000003,target,2744.92,range,5.215527196848627,1,1730937600000,2627.9013,2978.9574000000002
main,A_ACCEPT,delay60,91.18349999999995,1733173500000,1732741500000,1732741500000,0.043737799686,0.013119371999999999,0.24589472484254343,1733173500000,0.04332909966,3610.7583050000003,3611.3,0.08706689934600001,3644.8166405,0.5072732610281281,-0.23403447227669108,0.026120051999999998,3434.39165,-1.1385014236226882,1732723200000,-0.7912799999999952,0.024,time,3644.27,range,5.26470576411099,1,1732737600000,3434.39165,4064.0267
main,A_ACCEPT,delay60,76.97599999999997,1733778300000,1733346300000,1733346300000,0.048544405568750004,0.0145611375,0.349929798714341,1733437500000,0.046027624820500004,3682.20998564,3682.7624,0.09457203038925001,3883.5524455,0.49181786245673365,-0.10069629058499999,0.0283714965,3682.7624,-5.2288298174742485,1733328000000,-5.005189999999994,0.025,stop,3882.97,up,5.2590132569928745,1,1733342400000,3682.7624,4283.385199999999
main,A_ACCEPT,delay60,103.50049999999999,1733951100000,1733519100000,1733519100000,0.046484911691000004,0.013943381999999997,0.3641746234590985,1733758500000,0.04398101628283625,3824.4361985075,3825.00995,0.09046592797383626,4042.1662340000003,0.5104900082171003,-0.157623845116593,0.0271396663275,3825.00995,-5.255880589417931,1733500800000,-4.980651149999996,0.023,stop,4041.56,up,5.232869107905505,1,1733515200000,3825.00995,4474.660099999999
main,A_ACCEPT,delay60,68.17049999999999,1734224700000,1733792700000,1733792700000,0.082774242001,0.024835997999999998,0.3236335751546278,1733848500000,0.07781986102847002,3537.2664103850007,3536.7359,0.16059410302947003,3762.4655455,0.5475622869558148,0.032127865000000005,0.04817845493999999,3876.1770500000002,9.78029570703051,1733774400000,9.956940400000002,0.044,target,3763.03,up,5.2065897049584136,-1,1733788800000,3876.1770500000002,3536.7359
main,A_ACCEPT,delay60,81.58949999999997,1735002300000,1734570300000,1734570300000,0.0327199012785,0.009817443,0.01642690823259231,1735002300000,0.030774355461000005,3419.3728290000004,3418.86,0.06349425673950002,3635.5445865,0.5378678592774309,0.07750623728136428,0.019048365,3916.15895,3.905103615541861,1734552000000,3.9101400000000006,0.018000000000000002,time,3636.09,range,5.255491183493565,-1,1734566400000,3916.15895,3075.9521000000004
main,A_ACCEPT,delay60,50.46099999999994,1736370300000,1735938300000,1735938300000,0.06302695262500002,0.01890525,0.26337833622955936,1736264100000,0.060452623996012506,3454.435656915,3454.9539,0.12347957662101253,3601.5401500000003,0.5303973264739252,-0.14025371907771,0.037043757974999994,3454.9539,-5.412390553673733,1735920000000,-5.111613500000002,0.035,stop,3601.0,range,5.275016701571271,1,1735934400000,3454.9539,3893.0922
main,A_ACCEPT,delay60,61.80900000000001,1736730300000,1736298300000,1736298300000,0.08666634309825001,0.026003803500000002,0.02545563680017445,1736452500000,0.08169967221286503,3203.908714230001,3203.4282000000007,0.16836601531111506,3398.6801215,0.5097436745298126,0.07907222226951321,0.05051002923000001,3497.0708999999997,9.844047977728355,1736280000000,9.983851799999966,0.051000000000000004,target,3399.19,range,5.247954748802904,-1,1736294400000,3497.0708999999997,3203.4282000000007
main,A_ACCEPT,delay60,57.25100000000002,1737219900000,1736787900000,1736787900000,0.03915233626850001,0.011747463,0.18079470727829147,1736846400000,0.041745687213945004,3211.2067087650003,3210.7251,0.08089802348244501,3011.7181745000003,0.5558657644476627,0.010564574610200002,0.02426929089,3210.7251,-5.257035339762245,1736769600000,-5.162432600000002,0.026000000000000002,stop,3012.17,range,5.2971749886915465,-1,1736784000000,3210.7251,2615.0598
main,A_ACCEPT,delay60,81.64900000000003,1737421500000,1736989500000,1736989500000,0.09198740604149999,0.027592082999999996,0.07706711536824741,1737017100000,0.089482533306345,3314.1679002349997,3314.6650999999997,0.181469939347845,3406.9409645,0.5132165727772054,-0.015180974768525896,0.054440870309999986,3314.6650999999997,-5.20639638442639,1736971200000,-4.955304600000007,0.054,stop,3406.43,range,5.270889811992736,1,1736985600000,3314.6650999999997,3589.9598
main,A_ACCEPT,delay60,61.77449999999999,1738400700000,1737968700000,1737968700000,0.041489130696750004,0.012448606499999997,0.08916251437332312,1738243500000,0.044008060794086264,3259.8563551175007,3259.36745,0.08549719149083626,3073.2689405,0.5414885144302908,0.05144678606854346,0.025649044672499996,3259.36745,-5.071910600094809,1737950400000,-5.012211150000004,0.027,stop,3073.73,range,5.244857830070604,-1,1737964800000,3259.36745,2702.4550999999997
main,A_ACCEPT,delay60,64.54949999999992,1738775100000,1738343100000,1738343100000,0.0509177865225,0.015273044999999999,0.02033388717461825,1738403100000,0.04837666816113751,3225.1112107425006,3225.5950500000004,0.09929445468363751,3394.5191015000005,0.5232419873316851,-0.0179296206,0.029788222725,3225.5950500000004,-5.1994607980086345,1738324800000,-5.052448499999996,0.03,stop,3394.01,range,5.219498277070128,1,1738339200000,3225.5950500000004,3730.8399
main,A_ACCEPT,delay60,67.21200000000002,1740891900000,1740459900000,1740459900000,0.03489396512,0.01046976,0.20352330224392015,1740709800000,0.029958019428960016,2139.858530640001,2139.5376000000006,0.06485198454896002,2492.42608,0.5061143030100268,0.028230205735587172,0.01945581792,2669.4312,9.835269603266607,1740441600000,9.89134719999999,0.028,target,2492.8,range,5.193500973080084,-1,1740456000000,2669.4312,2139.5376000000006
main,A_ACCEPT,delay60,95.23599999999996,1741165500000,1740733500000,1740733500000,0.026492775487500002,0.007949024999999998,0.23522457771556668,1740933300000,0.029038900181750003,2323.11201454,2322.7635999999998,0.055531675669250005,2119.422039,0.5164721570416058,0.01092118083682421,0.016659388499999997,2322.7635999999998,-5.136859883332426,1740715200000,-5.07559,0.025,stop,2119.74,range,5.242677321096417,-1,1740729600000,2322.7635999999998,1713.6927999999998
main,A_ACCEPT,delay60,83.47999999999999,1741395900000,1740963900000,1740963900000,0.02345265237025,0.007034740499999999,0.05019771594709251,1741026300000,0.020928514251900003,2203.0015002,2203.332,0.044381166622150005,2468.7002495,0.4874022073950194,-0.0016596395120000002,0.013314236699999999,2203.332,-5.094317042834152,1740945600000,-5.034962000000001,0.019,stop,2468.33,range,5.216993021679754,1,1740960000000,2203.332,2998.326
main,A_ACCEPT,delay60,57.31000000000002,1741986300000,1741554300000,1741554300000,0.046967693789,0.014092422,0.28461230425527423,1741598400000,0.049498616678950016,2152.1137686500006,2151.791,0.09646631046795001,2042.0736430000002,0.5162622213906334,-0.0014895782548127404,0.0289397799,2151.791,-5.159801668622781,1741536000000,-5.032906000000002,0.046,stop,2042.38,range,5.1915214364655835,-1,1741550400000,2151.791,1823.558
main,A_ACCEPT,delay60,36.846000000000025,1742835900000,1742403900000,1742403900000,0.042955642380000006,0.01288476,0.2297961278967437,1742835900000,0.043635023764500014,2077.8582745000003,2078.17,0.08659066614450002,2045.5067800000002,0.5031888362770927,-0.025981599222110997,0.025977231,1927.0454,1.2461905036333962,1742385600000,1.3847400000000012,0.042,time,2045.2,range,5.16572242812247,1,1742400000000,1927.0454,2281.5092000000004
main,A_ACCEPT,delay60,34.56600000000001,1743599100000,1743167100000,1743167100000,0.03864100797925,0.011594041499999999,0.19403651036917785,1743599100000,0.03822798333750001,1864.7796750000002,1864.5,0.07686899131675001,1884.9272185,0.5212162108492067,0.014462637932269788,0.023060716499999998,2007.3366,0.7636429301155099,1743148800000,0.8491100000000015,0.041,time,1885.21,range,5.171953380640636,-1,1743163200000,2007.3366,1640.9568
main,A_ACCEPT,delay60,20.147000000000013,1745658300000,1745226300000,1745226300000,0.06108469132950001,0.018322658999999998,0.2830020580347995,1745254800000,0.058572028977585,1583.0278102050002,1583.2653,0.119656720307085,1650.9376035000003,0.5356182876966132,-0.00962561105,0.03589690382999999,1583.2653,-5.154607035187091,1745208000000,-4.989427800000002,0.074,stop,1650.69,range,5.175771595291212,1,1745222400000,1583.2653,1785.5394000000001
main,A_ACCEPT,delay60,35.093499999999985,1747127100000,1746695100000,1746695100000,0.03859058772,0.01157544,0.4453239284211369,1746737400000,0.043579436103900006,2178.9718051950003,2179.2987000000003,0.08217002382390001,1929.5293860000002,0.5234230158076398,-0.007151197076645104,0.024651232199999998,1804.21065,9.888375546899463,1746676800000,10.00234800000001,0.04,target,1929.24,up,5.149998560115277,1,1746691200000,1804.21065,2179.2987000000003
main,A_ACCEPT,delay60,43.8165,1747184700000,1746752700000,1746752700000,0.034041865514,0.010211027999999999,0.6821678723159947,1746913500000,0.03913075065682751,2524.5645585050006,2524.9433000000004,0.07317261617082751,2196.249388,0.5046442556415648,-0.0358128182992,0.021952014345,2031.40835,10.068784851184985,1746734400000,10.199722300000008,0.031,target,2195.92,up,5.199440437849774,1,1746748800000,2031.40835,2524.9433000000004
main,A_ACCEPT,delay60,84.63249999999996,1747357500000,1746925500000,1746925500000,0.05333455898400001,0.015997968,0.8274596484861478,1747075500000,0.05079530131173751,2418.8238719875003,2419.1867500000003,0.10412986029573752,2539.7409040000002,0.5175154034215023,-0.03434538790688911,0.031238844525000004,2419.1867500000003,-5.216990592727623,1746907200000,-5.047276499999993,0.042,stop,2539.36,up,5.249784362105699,1,1746921600000,2419.1867500000003,2779.7065
main,A_ACCEPT,delay60,82.45350000000005,1748336700000,1747904700000,1747904700000,0.0494516266315,0.014833262999999998,0.511432651942469,1748001600000,0.04689277105409625,2534.7443813024997,2535.1246499999997,0.09634439768559624,2673.060899,0.4848766997101531,-0.029530773000000003,0.028903204807499992,2535.1246499999997,-5.243586325493108,1747886400000,-5.088807950000004,0.037,stop,2672.66,up,5.223699409142061,1,1747900800000,2535.1246499999997,2947.7307
main,A_ACCEPT,delay60,42.650999999999996,1748783100000,1748351100000,1748351100000,0.06484309500550002,0.019450011,0.4640872048907781,1748622600000,0.0623079924489925,2543.183365265,2543.5649,0.12715108745449252,2646.6569390000004,0.5540587977578971,-0.11888494903590213,0.038145213015,2543.5649,-5.316241149505426,1748332800000,-5.032059900000018,0.049,stop,2646.26,up,5.1974814775145965,1,1748347200000,2543.5649,2851.650200000001
main,A_ACCEPT,delay60,36.67349999999995,1749963900000,1749531900000,1749531900000,0.057769919188250016,0.0173283765,0.11123964088397766,1749773400000,0.055265470910703746,2570.4870191024997,2570.87265,0.11303539009895376,2686.9729855000005,0.49697940865133483,-0.08332845533454068,0.0339105050925,2570.87265,-5.2052604005260275,1749513600000,-4.974986050000016,0.043000000000000003,stop,2686.57,range,5.170900271767068,1,1749528000000,2570.87265,2917.964700000001
main,A_ACCEPT,delay60,47.04850000000003,1752541500000,1752109500000,1752109500000,0.060712605525000005,0.01821105,0.3019251604300357,1752183600000,0.06566894158099,2984.951890045,2985.3997,0.12638154710599,2759.6638875000003,0.5127352654585081,-0.0073287877756552785,0.03791468801999999,2646.17515,9.778961777098331,1752091200000,9.950586799999996,0.044,target,2759.25,up,5.144873969764436,1,1752105600000,2646.17515,2985.3997
main,A_ACCEPT,delay60,65.17450000000004,1753131900000,1752699900000,1752699900000,0.035418556986750005,0.0106239735,0.6198395281854343,1753107300000,0.0402990956787825,3838.0091122649997,3838.5848999999994,0.07571765266553251,3373.1959035000004,0.5247556637947669,-0.105302953736589,0.022715515934999996,3139.7425500000004,9.580056777662863,1752681600000,9.783792899999986,0.021,target,3372.69,up,5.193768778649927,1,1752696000000,3139.7425500000004,3838.5848999999994
main,A_ACCEPT,delay60,71.75449999999994,1754111100000,1753679100000,1753679100000,0.1033787544875,0.031008974999999994,0.8089105599011936,1753712100000,0.10087870149966374,3806.7434528174995,3807.3145499999996,0.20425745598716374,3901.0850750000004,0.4951031319075187,-0.020628873705063,0.06127712567249999,3807.3145499999996,-5.224992305364776,1753660800000,-4.9388288500000215,0.053,stop,3900.5,up,5.2416690625382385,1,1753675200000,3807.3145499999996,4086.870900000001
main,A_ACCEPT,delay60,82.69500000000002,1754528700000,1754096700000,1754096700000,0.07030205311,0.02109378,0.32510568060831724,1754316000000,0.0728311130285,3641.555651425,3641.0094999999997,0.1431331661385,3515.1026555000003,0.5439124119827381,0.03824461182256851,0.042939836999999995,3641.0094999999997,-5.163008391315927,1754078400000,-5.015179999999982,0.04,stop,3515.63,up,5.215544101011415,-1,1754092800000,3641.0094999999997,3264.871000000001
main,A_ACCEPT,delay60,73.98649999999998,1755018300000,1754586300000,1754586300000,0.0800322930435,0.024006087,0.08362323963313671,1754676000000,0.08492191310200499,4043.9006239049995,4044.5072999999993,0.164954206145505,3811.0615735,0.4769941705090987,-0.04003857023527242,0.04948648299,3693.48135,9.574247340629197,1754568000000,9.82872659999998,0.042,target,3810.49,range,5.189729059054835,1,1754582400000,3693.48135,4044.5072999999993
main,A_ACCEPT,delay60,82.13999999999999,1755219900000,1754787900000,1754787900000,0.08823723860075,0.026467201499999995,0.2521104520517442,1754811300000,0.08573425093305001,4182.1585821,4182.786,0.1739714895338,4304.2555415,0.49937177708584757,0.0,0.0521913354,4182.786,-5.179946824933793,1754769600000,-4.953783999999985,0.041,stop,4303.61,range,5.2376002957579795,1,1754784000000,4182.786,4545.257999999999
main,A_ACCEPT,delay60,96.08799999999997,1755464700000,1755032700000,1755032700000,0.0345617334825,0.010366964999999999,0.3158281033932564,1755464700000,0.03352709518125,4470.2793575,4470.95,0.06808882866375,4608.2311310000005,0.46842965174986617,-0.0774694469705073,0.0204266025,4266.4912,-2.2148348781342704,1755014400000,-2.048850000000002,0.015,time,4607.54,up,5.211700561633311,1,1755028800000,4266.4912,5289.637599999999
main,A_ACCEPT,delay60,94.88749999999996,1755939900000,1755507900000,1755507900000,0.042418736235000004,0.012727529999999999,0.27584232011210624,1755871500000,0.044901621733125015,4490.162173312501,4489.48875,0.08732035796812501,4241.873623500001,0.5055017800352594,0.07325064399953132,0.02619599625,4489.48875,-4.979840710218605,1755489600000,-4.939575000000004,0.02,stop,4242.51,range,5.20062638724264,-1,1755504000000,4489.48875,3748.5525
main,A_ACCEPT,delay60,66.24600000000005,1758157500000,1757725500000,1757725500000,0.06125114629400002,0.018372588,0.038452992086056154,1757925900000,0.058817936185970005,4524.45662969,4525.1354,0.12006908247997003,4711.626638000001,0.5274060302005513,-0.05792445906010025,0.036020616059999996,4525.1354,-5.044413757600082,1757707200000,-4.830399599999999,0.026000000000000002,stop,4710.92,range,5.1757271836915475,1,1757721600000,4525.1354,5082.4892
main,A_ACCEPT,delay60,65.369,1759770300000,1759338300000,1759338300000,0.054108615075000005,0.01623015,0.1816221154457721,1759770300000,0.05847885185625001,4678.3081485,4679.01,0.11258746693125002,4328.689206,0.5052284931265713,-0.09904615165310904,0.0337764375,4134.8331,8.528839943915646,1759320000000,8.774250000000007,0.025,time,4328.04,range,5.150505114903547,1,1759334400000,4134.8331,4714.4538
main,A_ACCEPT,delay60,68.65799999999999,1760216700000,1759784700000,1759784700000,0.09141372000150001,0.027420003000000002,0.0076676293208249304,1759849500000,0.08892877558246501,4560.45002987,4561.1342,0.18034249558396503,4687.883077,0.49886026554831747,-0.036501075,0.05410263807,4561.1342,-5.186732408653965,1759766400000,-4.915786199999995,0.039,stop,4687.18,range,5.193149314623124,1,1759780800000,4561.1342,4939.2716
main,A_ACCEPT,delay60,58.55499999999995,1761930300000,1761498300000,1761498300000,0.08721213485825001,0.0261597165,0.2952297777023038,1761685500000,0.08476145062498751,3942.393052325,3942.9845,0.17197358548323752,4056.3783655,0.5005406049729085,-0.06827484383236221,0.051591966525,3942.9845,-5.141616895840604,1761480000000,-4.849776499999998,0.043000000000000003,stop,4055.77,range,5.167215652579853,1,1761494400000,3942.9845,4281.341
main,A_ACCEPT,delay60,83.23399999999997,1762290300000,1761858300000,1761858300000,0.063718680764,0.019118471999999997,0.04197670107722288,1761939000000,0.06616565115917003,3892.097127010001,3891.5134000000003,0.12988433192317003,3748.1576919999998,0.5205172159153604,0.012604295142874207,0.03896519034,3891.5134000000003,-5.011220827120331,1761840000000,-4.854975600000016,0.034,stop,3748.72,range,5.141507568100648,-1,1761854400000,3891.5134000000003,3463.133199999999
main,A_ACCEPT,delay60,81.07049999999997,1763168700000,1762736700000,1762736700000,0.06358843683500001,0.01907367,0.13945833573944688,1762872300000,0.06109896040600626,3491.3691660575,3491.89295,0.12468739724100628,3633.6249620000003,0.5065706907451757,-0.02163099598886962,0.0374061079875,3491.89295,-5.125271251217387,1762718400000,-4.9415467500000005,0.035,stop,3633.08,range,5.1164514639650465,1,1762732800000,3491.89295,3915.4541
main,A_ACCEPT,delay60,52.88399999999992,1765055100000,1764623100000,1764623100000,0.078624264591,0.023590818,0.3335524153795597,1764683700000,0.08107380864741001,2844.69504026,2844.2684,0.15969807323841,2758.746126,0.45535869983612764,0.019955916331333978,0.04790931282,2844.2684,-5.038830269727079,1764604800000,-4.851178800000004,0.057,stop,2759.16,down,5.090825107708959,-1,1764619200000,2844.2684,2588.9431999999997
main,A_ACCEPT,delay60,66.20999999999997,1765746300000,1765314300000,1765314300000,0.03486365376375,0.010457527500000001,0.06866789143471157,1765554000000,0.032444112153075,3089.91544315,3090.379,0.067307765916825,3320.3479775,0.5037522669761525,-0.02326275008403485,0.020192221349999998,3090.379,-4.9296537373508595,1765296000000,-4.818891000000001,0.021,stop,3319.85,range,5.065630956360324,1,1765310400000,3090.379,3778.792
main,A_ACCEPT,stop_5bp,97.74300000000001,1641974700000,1641542700000,1641542700000,0.036962814746,0.011090507999999999,0.34501172830264026,1641974700000,0.03704349069025,3221.1731035000003,3220.69,0.07400630543625,3214.157804,0.515272457047427,0.035231801441236305,0.022201888499999996,3425.1243,-0.20012639249502084,1641528000000,-0.1391500000000042,0.023,time,3214.64,down,5.0,-1,1641542400000,3425.1243,2793.6713999999997
main,A_ACCEPT,stop_5bp,78.29549999999992,1642449900000,1642017900000,1642017900000,0.06590935492050001,0.019769840999999996,0.4539479831801903,1642094100000,0.06350471885954626,3256.6522492075,3258.77045,0.12941407378004627,3379.9669190000004,0.513539512964809,-0.0081237870675,0.1023796719075,3258.77045,-4.94680998275506,1642003200000,-4.7068924500000024,0.039,stop,3379.46,down,4.998999368037524,1,1642017600000,3258.77045,3620.8391
main,A_ACCEPT,stop_5bp,84.47350000000002,1644451500000,1644019500000,1644019500000,0.06096445829725001,0.0182865945,0.17482385443270682,1644300600000,0.06565543655704749,3202.7042222949995,3203.1846999999993,0.1266198948542975,2973.8760145,0.5084453967096209,-0.07572011743650375,0.03798618040499999,2858.55265,9.179616507304173,1644004800000,9.41994269999998,0.041,target,2973.43,range,4.9742653181237495,1,1644019200000,2858.55265,3203.1846999999993
main,A_ACCEPT,stop_5bp,86.04849999999996,1645056300000,1644624300000,1644624300000,0.035085616368,0.010527263999999998,0.24829772923806168,1644933900000,0.03746103205383,3121.7526711525,3119.72485,0.07254664842183,2923.801364,0.5195852240349218,0.04372473694127545,0.05919497166,3119.72485,-4.7796532831405605,1644609600000,-4.691636400000006,0.024,stop,2924.24,range,5.0201634006602704,-1,1644624000000,3119.72485,2533.270299999999
main,A_ACCEPT,stop_5bp,81.12199999999993,1645646700000,1645214700000,1645214700000,0.054479311877250004,0.0163462455,0.15445643400314377,1645488300000,0.049780545161880005,2552.8484698400002,2552.4656,0.10425985703913002,2793.8108655,0.4928577452383086,0.02962247712556804,0.031278169259999995,2915.1122,9.322896050826431,1645200000000,9.428811600000001,0.039,target,2794.23,range,4.996265134244568,-1,1645214400000,2915.1122,2552.4656
main,A_ACCEPT,stop_5bp,84.54899999999991,1645934700000,1645502700000,1645502700000,0.037865419335,0.01136133,0.0581104684607419,1645601700000,0.040277987185275005,2685.199145685,2683.4549,0.078143406520275,2524.361289,0.5052148141396444,0.009217360163081398,0.06368870054999999,2683.4549,-4.894061746907198,1645488000000,-4.761447000000012,0.03,stop,2524.74,range,5.0428796144987,-1,1645502400000,2683.4549,2207.310199999999
main,A_ACCEPT,stop_5bp,100.04999999999998,1646121900000,1645689900000,1645689900000,0.026154186283500004,0.007847433,0.24125121168323843,1645732800000,0.028634935617750004,2603.1759652500004,2601.485,0.05478912190125001,2377.6532985000003,0.4880091065049299,-0.003314179620919508,0.0450486685,2601.485,-5.019601970022171,1645675200000,-4.9164499999999975,0.022,stop,2378.01,range,5.0184093057641626,-1,1645689600000,2601.485,1931.0600000000004
main,A_ACCEPT,stop_5bp,59.92650000000001,1647057900000,1646625900000,1646625900000,0.046638163226,0.013993547999999998,0.3207337297253568,1646661900000,0.04905673018661625,2651.7151452225003,2649.99265,0.09569489341261625,2520.981796,0.5102669656292462,-0.0009322557,0.0777258712325,2649.99265,-4.933761070345125,1646611200000,-4.75940805,0.037,stop,2521.36,down,4.993311295914052,-1,1646625600000,2649.99265,2264.0947
main,A_ACCEPT,stop_5bp,78.0325000000001,1647245100000,1646813100000,1646813100000,0.03689927906175,0.011068123499999997,0.1723033710935153,1646919600000,0.03451873935076875,2556.9436556124997,2558.60675,0.07141801841251874,2733.2799305000003,0.520071602851272,-0.018693916452,0.05597167196249999,2558.60675,-4.8511913568270355,1646798400000,-4.705107749999999,0.027,stop,2732.87,range,4.968642490562326,1,1646812800000,2558.60675,3081.3965
main,A_ACCEPT,stop_5bp,66.50950000000005,1647907500000,1647475500000,1647475500000,0.042983141504250005,0.012893008499999999,0.0034950948901930853,1647907500000,0.044754185865000004,2887.3668300000004,2887.8,0.08773732736925001,2773.1059035000003,0.5232253116594859,-0.12570043025800987,0.026321278499999996,2621.34905,3.328650963872743,1647460800000,3.568410000000004,0.031,time,2772.69,range,4.94438653377819,1,1647475200000,2621.34905,3075.3719000000006
main,A_ACCEPT,stop_5bp,44.716499999999996,1648872300000,1648440300000,1648440300000,0.051302154169000004,0.015388338,0.5276156395741063,1648872300000,0.05375879997025,3468.3096755,3468.83,0.10506095413925001,3309.8163980000004,0.5114360241079924,-0.1549313407396101,0.031518397499999996,3157.68835,4.653299307621132,1648425600000,4.944809999999992,0.031,time,3309.32,up,4.961029788597553,1,1648440000000,3157.68835,3612.5833000000007
main,A_ACCEPT,stop_5bp,55.676500000000075,1650125100000,1649693100000,1649693100000,0.040631064425999994,0.012191147999999997,0.1659185119955325,1650125100000,0.040683086547750005,3013.5619665000004,3013.11,0.08131415097375,3009.708476,0.5150321795960107,-0.06025517672123146,0.024394243499999996,3185.91765,-0.24561357119499735,1649678400000,-0.07965000000000737,0.027,time,3010.16,range,4.984296285135659,-1,1649692800000,3185.91765,2658.6447
main,A_ACCEPT,stop_5bp,53.540000000000006,1650830700000,1650398700000,1650398700000,0.10693084722150002,0.032074443,0.21096229084096924,1650480000000,0.10457517392520001,3031.1644616,3033.136,0.21150602114670003,3099.444847,0.5037492352110687,-0.03522638052265378,0.16811059260000003,3033.136,-4.958078994269378,1650384000000,-4.543236000000004,0.069,stop,3098.98,range,4.983068217279684,1,1650398400000,3033.136,3230.668
main,A_ACCEPT,stop_5bp,59.41849999999997,1652213100000,1651781100000,1651781100000,0.02852831511075,0.0085597785,0.07242175493288067,1652115900000,0.023828769929422497,2269.4066599449993,2269.066299999999,0.0523570850401725,2716.9823914999997,0.5143920171978698,0.0384501707229868,0.015707337344999996,2941.5518500000003,9.385183448337823,1651766400000,9.414797700000017,0.021,target,2717.39,range,4.958277822308337,-1,1651780800000,2941.5518500000003,2269.066299999999
main,A_ACCEPT,stop_5bp,122.00150000000001,1652745900000,1652313900000,1652313900000,0.023996899925000002,0.007200149999999999,0.41530033929146826,1652745900000,0.02327224531325,2023.6735055000001,2023.37,0.04726914523825,2086.6869500000003,0.5137721012867633,-0.029523162476111437,0.014180776499999999,2295.94015,1.3725169157856412,1652299200000,1.4634900000000024,0.023,time,2087.0,down,5.0052037395500255,-1,1652313600000,2295.94015,1669.1197000000002
main,A_ACCEPT,stop_5bp,33.827499999999986,1654934700000,1654502700000,1654502700000,0.04741586131250001,0.014222624999999997,0.21678129927107373,1654561500000,0.044974179019687505,1798.9671607875,1800.13725,0.0923900403321875,1896.6344525000002,0.5050029033957718,-0.0187269206373,0.07272708562500001,1800.13725,-4.994481546594497,1654488000000,-4.810637499999996,0.05,stop,1896.35,range,5.012066324128954,1,1654502400000,1800.13725,2088.7754999999997
main,A_ACCEPT,stop_5bp,49.57400000000005,1655337900000,1654905900000,1654905900000,0.05487010824900001,0.016463501999999998,0.334516695957821,1654959000000,0.05014129166574,1519.43308078,1519.2051999999999,0.10501139991474001,1662.730553,0.5358355057633053,-0.02046047610335533,0.031503633479999994,1734.8674,9.332161290501913,1654891200000,9.48913680000001,0.066,target,1662.98,down,4.987093916395982,-1,1654905600000,1734.8674,1519.2051999999999
main,A_ACCEPT,stop_5bp,69.39850000000003,1655553900000,1655121900000,1655121900000,0.01641610221525,0.0049255695,0.4220939882572851,1655553900000,0.01354536650025,1003.3604815000001,1003.21,0.0299614687155,1216.0075715,0.495610724223978,-0.033830812774386515,0.00898857,1394.93985,5.677679148510111,1655107200000,5.75046,0.027,time,1216.19,down,5.033754722848491,-1,1655121600000,1394.93985,858.6903000000002
main,A_ACCEPT,stop_5bp,42.36999999999999,1656518700000,1656086700000,1656086700000,0.04624274037075001,0.013870741499999999,0.5000833472245374,1656459300000,0.04378117422717499,1137.1733565499999,1137.913,0.090023914597925,1201.1101395000003,0.5152811740267514,0.008368243455742289,0.07082328715,1137.913,-5.004787958292214,1656072000000,-4.852309000000004,0.077,stop,1200.93,down,5.062143118591041,1,1656086400000,1137.913,1326.9640000000002
main,A_ACCEPT,stop_5bp,38.30150000000001,1656893100000,1656461100000,1656461100000,0.04905134119500001,0.01471761,0.4639276177040071,1656579900000,0.04425878492206501,1029.2740679550002,1029.1197000000002,0.09331012611706502,1140.728865,0.5135596669678728,-9.597894208849319e-05,0.027993254130000002,1196.79015,9.491706440810836,1656446400000,9.613105799999992,0.08600000000000001,target,1140.9,down,5.03711917879958,-1,1656460800000,1196.79015,1029.1197000000002
main,A_ACCEPT,stop_5bp,35.887000000000015,1657022700000,1656590700000,1656590700000,0.03053601891,0.009162179999999999,0.43034595644757884,1656635100000,0.03303311857965,1101.103952655,1100.3887,0.06356913748965,1017.867297,0.5002925081814051,-0.021988271556,0.05207733929999999,1100.3887,-5.079756748345653,1656576000000,-4.9421219999999995,0.06,stop,1018.02,down,5.084577711003635,-1,1656590400000,1100.3887,853.2826
main,A_ACCEPT,stop_5bp,30.14549999999999,1657425900000,1656993900000,1656993900000,0.071451456111,0.021432222,0.09016787573432568,1657021800000,0.06899618121236499,1112.8416324574998,1113.5654499999998,0.140447637323365,1152.4428405,0.5284353247709834,-0.0025291733903999997,0.11118559726999998,1113.5654499999998,-5.0535266079838,1656979200000,-4.799364200000019,0.124,stop,1152.27,range,5.0591789272619065,1,1656993600000,1113.5654499999998,1229.6791000000003
main,A_ACCEPT,stop_5bp,38.6155,1657656300000,1657224300000,1657224300000,0.045870599558000005,0.013759115999999997,0.11911429656350853,1657449900000,0.043426716924277485,1173.6950520074997,1174.4584499999999,0.08929731648227748,1239.745934,0.5201414516419542,-0.046166380537807986,0.07025056744499998,1174.4584499999999,-5.023228964465108,1657209600000,-4.8175147000000065,0.074,stop,1239.56,range,5.033911294221987,1,1657224000000,1174.4584499999999,1369.7631000000001
main,A_ACCEPT,stop_5bp,25.497000000000014,1658030700000,1657598700000,1657598700000,0.044029854531,0.013210937999999998,0.06324986072801875,1657813800000,0.0464877352496025,1147.845314805,1147.0997,0.09051758978060251,1087.156902,0.5061207453293008,-0.06475327044560214,0.073605737205,1147.0997,-5.071032297431213,1657584000000,-4.842155700000004,0.081,stop,1087.32,range,5.008795149399661,-1,1657598400000,1147.0997,967.7605999999998
main,A_ACCEPT,stop_5bp,54.01350000000001,1658577900000,1658145900000,1658145900000,0.040578760901250004,0.012171802499999999,0.23233094366180382,1658577900000,0.04160263366874999,1512.8230425,1513.05,0.08218139457,1475.5913055,0.5034099140667219,-0.09095822046516824,0.024654464999999997,1387.59865,1.874605919964823,1658131200000,2.0724000000000036,0.055,time,1475.37,range,4.983439987912505,1,1658145600000,1387.59865,1650.9126999999999
main,A_ACCEPT,stop_5bp,55.78900000000003,1659240300000,1658808300000,1658808300000,0.030822075995000003,0.00924801,0.21059831043830796,1658944800000,0.03323949798912751,1546.0231622850001,1545.0189,0.06406157398412751,1433.58493,0.5046739275188363,0.017969104152027873,0.05243128825500001,1545.0189,-4.880936458087105,1658793600000,-4.782412700000004,0.043000000000000003,stop,1433.8,range,4.99281301751233,-1,1658808000000,1545.0189,1211.3621999999998
main,A_ACCEPT,stop_5bp,48.39250000000003,1660795500000,1660363500000,1660363500000,0.05682298716975001,0.017044339500000002,0.31236591361145144,1660500000000,0.05443267712210625,1909.9184955125,1911.16075,0.11125566429185627,1993.7890235000002,0.5197373926169502,-0.02107392472690928,0.08785284528750001,1911.16075,-4.912949684306282,1660348800000,-4.69276725,0.057,stop,1993.49,up,4.968408335221895,1,1660363200000,1911.16075,2158.1485000000002
main,A_ACCEPT,stop_5bp,44.25150000000001,1661861100000,1661429100000,1661429100000,0.08137923005375002,0.024410107499999997,0.07993638077285588,1661491200000,0.07899122768150625,1662.9732143474998,1664.05485,0.16037045773525627,1713.2469485000001,0.5062365387943767,-0.011682964825996374,0.12716549448749997,1664.05485,-4.948058167048782,1661414400000,-4.648839250000002,0.095,stop,1712.99,range,4.943843586800363,1,1661428800000,1664.05485,1810.8603
main,A_ACCEPT,stop_5bp,39.55200000000002,1663977900000,1663545900000,1663545900000,0.034762244881,0.010430238000000001,0.17905759162303655,1663977900000,0.03451263611900001,1327.4090815000002,1327.21,0.06927488100000001,1337.0094185,0.5144289781471294,-0.07928227344048418,0.020782476,1427.8752000000002,0.3506603695595083,1663531200000,0.52,0.052000000000000005,time,1337.21,range,4.91910329596512,-1,1663545600000,1427.8752000000002,1155.8795999999998
main,A_ACCEPT,stop_5bp,14.218999999999994,1665893100000,1665461100000,1665461100000,0.08487917121425001,0.025467571499999998,0.11181211030879548,1665664200000,0.080304556176845,1207.5873109299998,1207.4061999999997,0.165183727391095,1276.3785145,0.5221389717442726,0.009737740994314792,0.04955532518999999,1311.1519,8.993784088413234,1665446400000,9.198785400000036,0.133,target,1276.57,range,4.920856597812917,-1,1665460800000,1311.1519,1207.4061999999997
main,A_ACCEPT,stop_5bp,15.006000000000006,1667001900000,1666569900000,1666569900000,0.05801865149250002,0.017402985,0.008086896839843772,1666717200000,0.06274613766735003,1476.3797098200005,1476.6012000000005,0.12076478915985005,1365.1447410000003,0.5545543085450408,-0.00826386139816666,0.036229650300000006,1309.1093999999998,9.325943699142,1666555200000,9.49120200000004,0.085,target,1364.94,range,4.965825518254984,1,1666569600000,1309.1093999999998,1476.6012000000005
main,A_ACCEPT,stop_5bp,30.61650000000002,1668326700000,1667894700000,1667894700000,0.038658800310000005,0.01159938,0.3535237476739394,1667925000000,0.04109113478788501,1580.4282610725002,1579.40165,0.07974993509788501,1486.876935,0.5168402231481934,0.005991537214000001,0.06498315577,1579.40165,-4.938427353653894,1667880000000,-4.799685800000006,0.052000000000000005,stop,1487.1,up,5.012455236750695,-1,1667894400000,1579.40165,1302.4966999999997
main,A_ACCEPT,stop_5bp,21.01149999999999,1669435500000,1669003500000,1669003500000,0.0474948747,0.014250599999999999,0.36910049150233926,1669230300000,0.04993142264239501,1188.8433962475,1188.07115,0.09742629734239501,1130.83035,0.517856284527583,-0.007644427887454758,0.07911928479,1188.07115,-4.978166610019861,1668988800000,-4.7939766,0.084,stop,1131.0,down,4.987763099982425,-1,1669003200000,1188.07115,1016.8577
main,A_ACCEPT,stop_5bp,24.284000000000013,1671638700000,1671206700000,1671206700000,0.03667776251025,0.011004979499999998,0.11061883149629007,1671638700000,0.037074040272,1215.542304,1215.36,0.07375180278224999,1202.5495905,0.5175368606810989,0.045490510048761555,0.022125523499999994,1281.1084,-0.8208168162334907,1671192000000,-0.7704299999999927,0.061,time,1202.73,range,4.962872266932326,-1,1671206400000,1281.1084,1045.9732
main,A_ACCEPT,stop_5bp,10.862000000000023,1673251500000,1672819500000,1672819500000,0.07016788360400002,0.021047207999999998,0.18558944176921716,1673251500000,0.07339770869199999,1310.6733694999998,1310.87,0.14356559229600002,1252.9979215,0.5050938707280378,-0.1674059082478923,0.04306982399999999,1211.0738000000001,6.148678675456077,1672804800000,6.502719999999994,0.112,time,1252.81,range,4.958768182851158,1,1672819200000,1211.0738000000001,1336.2823999999996
main,A_ACCEPT,stop_5bp,19.387499999999978,1673928300000,1673496300000,1673496300000,0.051844035439000014,0.015550877999999997,0.610779304885947,1673656500000,0.05658957778987501,1529.4480483750003,1529.6775000000002,0.10843361322887501,1401.1901470000003,0.5241127560728293,-0.06275922591536999,0.03253029825,1336.63125,9.31989186260576,1673481600000,9.523615000000015,0.074,target,1400.98,up,4.9895115762284385,1,1673496000000,1336.63125,1529.6775000000002
main,A_ACCEPT,stop_5bp,26.71099999999999,1676909100000,1676477100000,1676477100000,0.09401934078600002,0.028201572,0.06939493682406293,1676493000000,0.09865418055286501,1658.05345467,1658.3022,0.19267352133886503,1580.1569880000002,0.5060198979072202,0.0,0.05780226627,1540.7289,9.077006012391122,1676462400000,9.327481800000003,0.11900000000000001,target,1579.92,range,5.0361110355414676,1,1676476800000,1540.7289,1658.3022
main,A_ACCEPT,stop_5bp,30.28299999999998,1676937900000,1676505900000,1676505900000,0.038555622475999994,0.011564951999999998,0.10044861547981236,1676937900000,0.0391674939945,1702.9345215,1703.19,0.0777231164705,1676.331412,0.5287688144046709,-0.11980929911726,0.023316962999999996,1569.4017000000001,1.0262106214122435,1676491200000,1.2470600000000058,0.046,time,1676.08,range,5.081496065603424,1,1676505600000,1569.4017000000001,1889.4365999999995
main,A_ACCEPT,stop_5bp,42.312,1679112300000,1678680300000,1678680300000,0.04690347946675001,0.0140689335,0.12940719396509853,1678798800000,0.05180993314413001,1756.26892014,1756.5324,0.09871341261088001,1589.9484565000002,0.5077717373949014,-0.039016383054773,0.02961424524,1506.2988,9.675177559094339,1678665600000,9.842521600000001,0.059000000000000004,target,1589.71,range,5.086627118710486,1,1678680000000,1506.2988,1756.5324
main,A_ACCEPT,stop_5bp,45.693500000000014,1679544300000,1679112300000,1679112300000,0.05167283476275001,0.015499525499999998,0.18588605854560897,1679354100000,0.04917983583970875,1725.6082750775,1726.73065,0.10085267060245875,1813.0819215000001,0.5111142686929357,-0.07947223767997505,0.0794748960825,1726.73065,-5.1663227543649475,1679097600000,-4.9065229499999985,0.057,stop,1812.81,range,5.135003006505957,1,1679112000000,1726.73065,1984.9687
main,A_ACCEPT,stop_5bp,20.411000000000012,1681617900000,1681185900000,1681185900000,0.09988045982200003,0.029959644,0.28746904570575793,1681265400000,0.09742565493518,1873.570287215,1874.7889,0.19730611475718002,1920.7780735000001,0.5205594516958305,-0.0326819573288,0.15669537364000002,1874.7889,-5.1395978457259925,1681171200000,-4.7529144,0.10400000000000001,stop,1920.49,range,5.109171392734132,1,1681185600000,1874.7889,2011.8922
main,A_ACCEPT,stop_5bp,28.90099999999999,1681833900000,1681401900000,1681401900000,0.05989198245,0.017964899999999995,0.32728440974317996,1681833900000,0.062893664535,2096.4554845000002,2096.77,0.122785646985,1996.399415,0.5106949643751555,-0.18783375669167998,0.03683582999999999,1915.8799,5.692744766323329,1681387200000,6.040200000000004,0.06,time,1996.1,up,5.0834734035055025,1,1681401600000,1915.8799,2156.5402
main,A_ACCEPT,stop_5bp,31.94549999999998,1682957100000,1682525100000,1682525100000,0.050758572644000015,0.015225288,0.00761633208749127,1682537700000,0.048266867829895005,1856.4179934575,1857.62545,0.09902544047389503,1952.2527940000002,0.5226792880342925,0.0,0.07801302821,1857.62545,-5.082435068683909,1682510400000,-4.905396600000002,0.052000000000000005,stop,1951.96,range,5.111937127337121,1,1682524800000,1857.62545,2140.6291
main,A_ACCEPT,stop_5bp,29.626500000000032,1684310700000,1683878700000,1683878700000,0.09588708477950002,0.028770440999999997,0.12721616430963625,1683925800000,0.09832533437687624,1804.1345757225,1802.96265,0.19421241915637627,1759.3960510000002,0.5069752419946583,-0.0017639305628,0.1565103447525,1802.96265,-5.072475544471647,1683864000000,-4.719988849999985,0.109,stop,1759.66,range,5.086524951993701,-1,1683878400000,1802.96265,1673.0547000000004
main,A_ACCEPT,stop_5bp,17.314,1686427500000,1685995500000,1685995500000,0.0640700180555,0.019223889,0.1636006744344065,1686072300000,0.066512034439305,1873.5784349100002,1872.3614,0.130582052494805,1804.789241,0.5158810335619711,0.005184346900520884,0.10563336761,1872.3614,-5.009430473204301,1685980800000,-4.778399400000005,0.07100000000000001,stop,1805.06,range,5.061162574271342,-1,1685995200000,1872.3614,1670.4571999999998
main,A_ACCEPT,stop_5bp,20.051999999999985,1687737900000,1687305900000,1687305900000,0.06794393006100001,0.020380121999999997,0.1095183849123474,1687393800000,0.07266487383372001,1912.2335219400004,1912.5204000000003,0.14060880389472002,1787.9981595000002,0.5190003423527495,-0.015424018620279024,0.04218285456,1725.3347999999999,9.285854722925018,1687291200000,9.484070400000023,0.076,target,1787.73,range,5.03611542190532,1,1687305600000,1725.3347999999999,1912.5204000000003
main,A_ACCEPT,stop_5bp,33.616499999999995,1688601900000,1688169900000,1688169900000,0.051304009447250006,0.015388894499999998,0.2700721243215112,1688601900000,0.050580911725000004,1908.7136500000001,1909.0,0.10188492117225001,1936.0003565000002,0.5023375648802583,-0.153769293583618,0.030565444499999997,1844.52835,-1.7018496592558698,1688155200000,-1.415630000000002,0.053,time,1935.71,range,5.082544695519945,1,1688169600000,1844.52835,2118.0733
main,A_ACCEPT,stop_5bp,23.456499999999984,1689725100000,1689293100000,1689293100000,0.06313326356925,0.0189371385,0.21480382459610933,1689359100000,0.06069045756918375,1926.6811926725,1927.93435,0.12382372113843376,2004.2305895000002,0.5232297917813078,-0.025135833487086003,0.09788605013250001,1927.93435,-5.034571554758034,1689278400000,-4.787725950000004,0.063,stop,2003.93,range,5.074035447223666,1,1689292800000,1927.93435,2155.9213
main,A_ACCEPT,stop_5bp,18.133000000000038,1695744300000,1695312300000,1695312300000,0.08858375044399999,0.026579111999999995,0.023479531121958608,1695744300000,0.08865737661200003,1583.1674395000002,1582.93,0.17724112705600004,1581.8526865,0.5302287040026634,0.08858884362894641,0.053172335999999994,1623.9933,-0.23590461942709134,1695297600000,-0.0940800000000163,0.112,time,1582.09,range,5.048862589449875,-1,1695312000000,1623.9933,1498.2833999999996
main,A_ACCEPT,stop_5bp,17.98800000000002,1696363500000,1695931500000,1695931500000,0.09706137702300002,0.029114046,0.12041951374543082,1696198500000,0.10170440165106003,1738.5367803600004,1738.7976000000003,0.19876577867406003,1659.1688380000003,0.5028730200441188,-0.013555561842287794,0.05962994388000001,1618.9812,9.07372791560367,1695916800000,9.345679200000031,0.117,target,1658.92,range,5.047683066352741,1,1695931200000,1618.9812,1738.7976000000003
main,A_ACCEPT,stop_5bp,15.522500000000003,1697299500000,1696867500000,1696867500000,0.08930293255050001,0.026794898999999997,0.025953744329590307,1697299500000,0.08797465421900001,1557.0735260000001,1556.84,0.1772775867695,1580.582877,0.5148048279043291,0.11908349907960362,0.053183337,1622.78225,2.5983625753100954,1696852800000,2.7097400000000023,0.113,time,1580.82,range,5.093051705930759,-1,1696867200000,1622.78225,1496.8954999999999
main,A_ACCEPT,stop_5bp,19.020999999999994,1698465900000,1698033900000,1698033900000,0.0628002686275,0.018837254999999997,0.017522594925034576,1698115200000,0.06764783670218999,1828.3199108699998,1828.5941999999998,0.13044810532968998,1697.3045575,0.5184961624817737,-0.017380973198799998,0.03913465061999999,1631.2779,9.54730707085149,1698019200000,9.734270799999987,0.074,target,1697.05,range,5.10604351880731,1,1698033600000,1631.2779,1828.5941999999998
main,A_ACCEPT,stop_5bp,38.34600000000004,1700021100000,1699589100000,1699589100000,0.046679780917,0.014001833999999998,0.7332305548555419,1699985400000,0.04415202131978,2006.91005999,2008.2154,0.09083180223678,2121.8082235,0.4919924712294081,-0.25513780892264376,0.07143679443999999,2008.2154,-5.4014888055994295,1699574400000,-4.984082399999988,0.044,stop,2121.49,up,5.153780054161567,1,1699588800000,2008.2154,2348.0391999999993
main,A_ACCEPT,stop_5bp,26.905999999999995,1700913900000,1700481900000,1700481900000,0.153625880426,0.04608085199999999,0.23892430037030285,1700489400000,0.15122975112564,1989.8651463899998,1991.1594,0.30485563155163997,2021.3931635000001,0.4844474547887279,0.0,0.24280740072,1991.1594,-5.097114232271683,1700467200000,-4.549451199999987,0.152,stop,2021.09,range,5.12677261013357,1,1700481600000,1991.1594,2080.9511999999995
main,A_ACCEPT,stop_5bp,26.36699999999994,1701533100000,1701101100000,1701101100000,0.09526833260625002,0.0285847875,0.19611291687074203,1701189600000,0.0977000320193625,2056.842779355,2055.5067,0.1929683646256125,2005.6491075000001,0.5205586240710275,0.057743523711575,0.155512326225,2055.5067,-4.998623667139021,1701086400000,-4.707886499999987,0.095,stop,2005.95,range,5.101287038972211,-1,1701100800000,2055.5067,1906.8366000000003
main,A_ACCEPT,stop_5bp,26.60699999999998,1701849900000,1701417900000,1701417900000,0.09324014892475001,0.027967849499999992,0.003994211287988083,1701642000000,0.09795345207790497,2201.2011702899995,2201.5313999999994,0.19119360100265498,2095.2842455,0.5079063816684983,-0.132223240303537,0.05735829368999998,2041.6893,9.103189465003762,1701403200000,9.483964599999963,0.089,target,2094.97,range,5.076293920636517,1,1701417600000,2041.6893,2201.5313999999994
main,A_ACCEPT,stop_5bp,43.8085,1702411500000,1701979500000,1701979500000,0.051485301637000006,0.015443273999999998,0.37579072401314917,1702260600000,0.04899071662215499,2226.8507555525,2228.29915,0.100476018259155,2340.2409835000003,0.503229717811213,-0.22053289722232217,0.07917262968999998,2228.29915,-5.310178945171501,1701964800000,-4.909997400000002,0.044,stop,2339.89,up,5.121809867961535,1,1701979200000,2228.29915,2563.0717
main,A_ACCEPT,stop_5bp,32.468,1704139500000,1703707500000,1703707500000,0.07290123354500001,0.021867090000000002,0.1660801876732775,1703888100000,0.07045416420702,2272.71497442,2274.1932,0.14335539775202,2351.652695,0.47506214173202976,-0.4020643419059165,0.11351707596,2274.1932,-5.439558415617944,1703692800000,-4.780621600000002,0.062,stop,2351.3,range,5.095258973235679,1,1703707200000,2274.1932,2505.5136
main,A_ACCEPT,stop_5bp,55.31449999999991,1705349100000,1704917100000,1704917100000,0.04441338100800001,0.013322016,0.11600481618598583,1705349100000,0.04564835172000001,2536.0195400000002,2536.4,0.09006173272800003,2467.410056,0.5013838526226544,-0.138465147081816,0.027018576000000002,2330.7485500000003,2.2414145441901865,1704902400000,2.496960000000005,0.036000000000000004,time,2467.04,range,5.0680611811575895,1,1704916800000,2330.7485500000003,2739.6228999999994
main,A_ACCEPT,stop_5bp,31.0,1706400300000,1705968300000,1705968300000,0.07765977428625001,0.023301427500000003,0.08753579248778849,1706018700000,0.07293541367125003,2177.1765275000007,2176.8500000000004,0.15059518795750004,2318.2022175,0.512139969917834,0.0155673536875,0.04517877000000001,2389.4,9.313693395729967,1705953600000,9.493899999999988,0.067,target,2318.55,range,5.07926825387854,-1,1705968000000,2389.4,2176.8500000000004
main,A_ACCEPT,stop_5bp,26.584000000000014,1707077100000,1706645100000,1706645100000,0.06892535725300002,0.020674506000000002,0.2887502144450167,1706698200000,0.06643759387584001,2290.95151296,2292.4416,0.13536295112884003,2376.7364570000004,0.5070206281300347,-0.027158510391686,0.10709955432000001,2292.4416,-5.138048215840554,1706630400000,-4.8684272,0.058,stop,2376.38,range,5.1258367208571896,1,1706644800000,2292.4416,2544.2568
main,A_ACCEPT,stop_5bp,29.79450000000004,1707782700000,1707350700000,1707350700000,0.09457358391,0.028367819999999995,0.10320941347288234,1707751800000,0.09924708780343498,2544.7971231649994,2545.1788999999994,0.19382067171343498,2424.96369,0.5386698555220809,-0.21742868046433003,0.05814641312999999,2364.31055,8.935758434692188,1707336000000,9.405154199999963,0.078,target,2424.6,range,5.100146479777987,1,1707350400000,2364.31055,2545.1788999999994
main,A_ACCEPT,stop_5bp,45.75999999999997,1708747500000,1708315500000,1708315500000,0.09383442305250002,0.028146104999999998,0.6561315097699558,1708470900000,0.09861659529150002,3034.3567782000005,3034.8120000000004,0.19245101834400002,2887.2130170000005,0.4971986492312643,-0.15608812129975091,0.057735522,2812.764,9.215805338356247,1708300800000,9.622080000000011,0.065,target,2886.78,up,5.144825271951447,1,1708315200000,2812.764,3034.8120000000004
main,A_ACCEPT,stop_5bp,45.647000000000006,1709337900000,1708905900000,1708905900000,0.0886340431125,0.026586224999999998,0.6995540166726258,1708999500000,0.09347992380781499,3279.9973265899994,3280.4893999999995,0.182113966920315,3109.966425,0.5290874504611746,-0.12008046800779926,0.05463440937,3024.0053000000003,9.389566955701847,1708891200000,9.74639579999997,0.057,target,3109.5,up,5.190904298643229,1,1708905600000,3024.0053000000003,3280.4893999999995
main,A_ACCEPT,stop_5bp,57.3645,1710014700000,1709582700000,1709582700000,0.06293873939500001,0.01887879,0.6919336477476004,1709667300000,0.060410319877118764,3452.0182786925,3454.26355,0.12334905927211878,3596.4993940000004,0.48603597910299173,-0.28943010875753117,0.09746328576250002,3454.26355,-5.469618203792158,1709568000000,-4.959375749999998,0.035,stop,3595.96,up,5.237852133421739,1,1709582400000,3454.26355,3879.3529
main,A_ACCEPT,stop_5bp,76.50649999999996,1710590700000,1710158700000,1710158700000,0.04646512872400001,0.013937447999999998,0.6301628631234995,1710430500000,0.043998779716608746,3825.9808449224997,3828.46935,0.09046390844060875,4040.4459760000004,0.512095722760899,-0.425424475867216,0.07117306478249999,3828.46935,-5.448586399090341,1710144000000,-4.861524950000007,0.023,stop,4039.84,up,5.210504042402779,1,1710158400000,3828.46935,4462.581300000001
main,A_ACCEPT,stop_5bp,78.72999999999998,1711829100000,1711397100000,1711397100000,0.043589817492,0.013074984,0.04026980399870504,1711829100000,0.042100363998,3508.3636665,3508.89,0.08569018148999999,3632.4847910000003,0.5228709560892149,-0.40241096495504536,0.025706988,3422.537,-3.4670081344450554,1711382400000,-2.9532000000000043,0.024,time,3631.94,range,5.183261110407328,1,1711396800000,3422.537,4050.7460000000005
main,A_ACCEPT,stop_5bp,84.39549999999997,1714089900000,1713657900000,1713657900000,0.10856673756825003,0.032565136499999994,0.18177173380125414,1713957900000,0.11327304044490752,3283.276534635,3283.7691,0.22183977801315755,3146.8619585,0.4926447074491556,-0.05645128139519368,0.066552146685,3077.70045,9.134314693906653,1713643200000,9.479157900000008,0.069,target,3146.39,range,5.165926069735102,1,1713657600000,3077.70045,3283.7691
main,A_ACCEPT,stop_5bp,66.423,1714925100000,1714493100000,1714493100000,0.04343968806925,0.013033861499999999,0.2330474901661069,1714820100000,0.0459561704569275,3169.391065995,3167.3323,0.0893958585261775,2995.8405565,0.5105666333875251,0.046497864250800706,0.072738075355,3167.3323,-5.075862769630388,1714478400000,-4.960226700000002,0.029,stop,2996.29,range,5.2115976432046365,-1,1714492800000,3167.3323,2654.2054
main,A_ACCEPT,stop_5bp,51.133500000000005,1715803500000,1715371500000,1715371500000,0.049370963244500014,0.014813511,0.11803964931679961,1715803500000,0.05123072345600001,3013.571968,3013.12,0.10060168670050001,2904.1743085000003,0.5296190540599095,0.12414480829908706,0.030180422999999998,3048.17335,-3.69597730140141,1715356800000,-3.689339999999992,0.034,time,2904.61,range,5.186218329356485,-1,1715371200000,3048.17335,2617.4833000000003
main,A_ACCEPT,stop_5bp,45.915499999999994,1716249900000,1715817900000,1715817900000,0.10465109030925002,0.031390618499999995,0.0828965379093915,1715869200000,0.10218492812050875,2961.8819745074998,2963.80845,0.20683601842975877,3033.3649365,0.5277737823107184,-0.013425046452229786,0.1643174274825,2963.80845,-5.152585442364513,1715803200000,-4.76800694999999,0.069,stop,3032.91,range,5.16773844284948,1,1715817600000,2963.80845,3171.1130999999996
main,A_ACCEPT,stop_5bp,70.47700000000009,1720598700000,1720166700000,1720166700000,0.028712592465000006,0.00861507,0.4420108468919486,1720514400000,0.031173526630050005,3117.3526630050005,3115.3277000000003,0.05988611909505001,2871.2592465000002,0.5240873570995055,0.04429822952065508,0.049114330100000006,3115.3277000000003,-4.9374562196744005,1720152000000,-4.872754000000005,0.02,stop,2871.69,down,5.1419755156376565,-1,1720166400000,3115.3277000000003,2384.4145999999996
main,A_ACCEPT,stop_5bp,44.23499999999994,1721462700000,1721030700000,1721030700000,0.06214712067000001,0.01864134,0.12126275489512185,1721462700000,0.06440567269975,3481.3877135,3481.91,0.12655279336975,3359.3038200000005,0.49857210715406913,-0.12691350758140224,0.037965940499999996,3226.6065000000003,4.26363775854882,1721016000000,4.555069999999987,0.037,time,3358.8,range,5.117288234539283,1,1721030400000,3226.6065000000003,3623.187
main,A_ACCEPT,stop_5bp,63.934499999999936,1722297900000,1721865900000,1721865900000,0.0783743720805,0.023515838999999997,0.27147866520367975,1721880300000,0.0735809133316775,3131.1026949650004,3130.6331,0.1519552854121775,3335.079663,0.5364928840536474,0.0,0.045586802355,3438.05345,9.434962212232803,1721851200000,9.632504299999995,0.047,target,3335.58,range,5.138606423332027,-1,1721865600000,3438.05345,3130.6331
main,A_ACCEPT,stop_5bp,50.66099999999992,1722672300000,1722240300000,1722240300000,0.07741328025050001,0.023220500999999998,0.16207130594482388,1722270600000,0.07493388099719499,3257.9948259649996,3260.1139,0.15234716124769498,3365.7947935,0.5274243675037645,-0.015212492692434,0.12069790660999999,3260.1139,-5.126358160550159,1722225600000,-4.838100600000006,0.046,stop,3365.29,range,5.185781234393191,1,1722240000000,3260.1139,3575.6422000000002
main,A_ACCEPT,stop_5bp,57.67949999999998,1722931500000,1722499500000,1722499500000,0.098278196059,0.029487881999999993,0.07461303601537239,1722611100000,0.093541776262065,3017.476653615,3017.0240999999996,0.191819972321065,3170.264389,0.5084458978499741,0.049644680042281314,0.057546206129999986,3247.59795,9.33066430159121,1722484800000,9.530385800000008,0.062,target,3170.74,range,5.16014944359044,-1,1722499200000,3247.59795,3017.0240999999996
main,A_ACCEPT,stop_5bp,71.03599999999997,1723233900000,1722801900000,1722801900000,0.038593190153,0.011579694,0.44665670123745954,1722819900000,0.03371457562788001,2408.1839734200007,2407.8228000000004,0.07230776578088001,2756.6564395,0.5374064762239039,-0.0012792976,0.02169254976,2931.6936,9.683641986859103,1722787200000,9.778921599999995,0.028,target,2757.07,down,5.206802765098396,-1,1722801600000,2931.6936,2407.8228000000004
main,A_ACCEPT,stop_5bp,48.53399999999997,1724889900000,1724457900000,1724457900000,0.06358659655900001,0.019073117999999997,0.046929713270743474,1724753100000,0.06106591313933,2655.03970171,2656.7666,0.12465250969833,2764.634633,0.5122653117903287,-0.040813249859333746,0.09851043933999999,2656.7666,-5.206832598897673,1724443200000,-4.942856399999994,0.046,stop,2764.22,range,5.2552209750326915,1,1724457600000,2656.7666,2979.1267999999995
main,A_ACCEPT,stop_5bp,38.522000000000006,1725206700000,1724774700000,1724774700000,0.050073752810250005,0.015024379499999999,0.2725307347294376,1725206700000,0.04844975137275001,2484.6026345000005,2484.23,0.09852350418300002,2567.8847595,0.5148212019990428,0.041811623295037265,0.029557124999999997,2694.8522,3.191290994112027,1724760000000,3.2775599999999985,0.039,time,2568.27,range,5.229186812038205,-1,1724774400000,2694.8522,2315.1056000000003
main,A_ACCEPT,stop_5bp,58.32149999999994,1726085100000,1725653100000,1725653100000,0.028865159576500005,0.008660847,0.21994649200511834,1726085100000,0.03043197411150001,2340.9210855000006,2340.57,0.05929713368800002,2220.3968905,0.5377464249421228,0.009341693031732975,0.01778907,2415.1721500000003,-3.1835845106562783,1725638400000,-3.115840000000004,0.026000000000000002,time,2220.73,range,5.245143267008766,-1,1725652800000,2415.1721500000003,1831.8456999999994
main,A_ACCEPT,stop_5bp,40.424499999999924,1726689900000,1726257900000,1726257900000,0.07607445945750001,0.022818914999999995,0.33945384093933345,1726434600000,0.07356442484766376,2335.3785665925,2336.89755,0.14963888430516376,2415.062205,0.5074798324226337,-0.005763974792842603,0.1185148696725,2336.89755,-5.175472078770506,1726243200000,-4.90155434999998,0.063,stop,2414.7,down,5.229225344455485,1,1726257600000,2336.89755,2570.304899999999
main,A_ACCEPT,stop_5bp,46.52,1727251500000,1726819500000,1726819500000,0.052331638568500004,0.015697137,0.03983711792964767,1727251500000,0.05376097464400001,2622.4865680000003,2622.88,0.10609261321250002,2552.762857,0.5265869793410419,-0.09097074657726818,0.031827849,2431.458,2.6616087912102357,1726804800000,2.8905000000000003,0.041,time,2552.38,range,5.203347984061633,1,1726819200000,2431.458,2794.224
main,A_ACCEPT,stop_5bp,52.68449999999996,1728345900000,1727913900000,1727913900000,0.0459339388755,0.013782248999999998,0.06944765319607071,1728261900000,0.04845521020260375,2484.8825744925,2483.26845,0.09438914907810375,2355.586609,0.5154579691562772,0.06167700489199172,0.0767331042075,2483.26845,-5.075254798393622,1727899200000,-4.9658095499999995,0.039,stop,2355.94,range,5.216656028017686,-1,1727913600000,2483.26845,2101.2831
main,A_ACCEPT,stop_5bp,29.101,1729325100000,1728893100000,1728893100000,0.0683021537865,0.020487573,0.21911762956618935,1729325100000,0.07129495415249999,2640.5538575,2640.95,0.139597107939,2529.7093995,0.5234355963160813,-0.21233945428792195,0.041879268,2439.0899,5.63366416977308,1728878400000,6.027479999999994,0.054,time,2529.33,range,5.191279754025719,1,1728892800000,2439.0899,2709.8102
main,A_ACCEPT,stop_5bp,37.080999999999946,1730145900000,1729713900000,1729713900000,0.07654016225324999,0.022965493499999996,0.35551157521939586,1730149800000,0.07683858405900001,2519.2978380000004,2518.92,0.15337874631225,2509.5135164999997,0.5329801574198061,0.228630177739833,0.046013611499999996,2590.4480999999996,-0.5215921800724607,1729699200000,-0.5508300000000121,0.061,time,2509.89,up,5.219448074874584,-1,1729713600000,2590.4480999999996,2348.7738000000004
main,A_ACCEPT,stop_5bp,57.48700000000004,1731369900000,1730937900000,1730937900000,0.07474493505875002,0.0224201175,0.06551174510151155,1731010500000,0.07965465350947501,2896.5328548900006,2896.9674000000005,0.15439958856822503,2717.9976385000004,0.5130769712862803,-0.03876445755704415,0.04632009855,2627.9013,9.626272855324743,1730923200000,9.865757000000016,0.055,target,2717.59,range,5.216840113974221,1,1730937600000,2627.9013,2896.9674000000005
main,A_ACCEPT,stop_5bp,71.87450000000001,1731456300000,1731024300000,1731024300000,0.07995641666375,0.023983327500000002,0.17621261043891728,1731178800000,0.0848656029997875,3086.021927265,3086.4849,0.1648220196635375,2907.5060605000003,0.5000727495994034,-0.08186279114370501,0.049446827925,2817.3625500000003,9.57168786126775,1731009600000,9.867819499999987,0.055,target,2907.07,range,5.264971478250845,1,1731024000000,2817.3625500000003,3086.4849
main,A_ACCEPT,stop_5bp,91.18349999999995,1733169900000,1732737900000,1732737900000,0.05404230513,0.016210259999999997,0.24589472484254343,1733169900000,0.05426215945499999,3617.477297,3618.02,0.108304464585,3602.8203420000004,0.5072732610281281,-0.2925430903458638,0.032491349999999995,3434.39165,0.03886109506912028,1732723200000,0.47219999999999346,0.03,time,3602.28,range,5.312829917557184,1,1732737600000,3434.39165,3938.0567000000005
main,A_ACCEPT,stop_5bp,76.97599999999997,1733774700000,1733342700000,1733342700000,0.061439454536000006,0.018429071999999998,0.349929798714341,1733437500000,0.05888589767104001,3680.36860444,3682.7624,0.12032535220704002,3839.9659085000003,0.49181786245673365,-0.1288912519488,0.09503052992,3682.7624,-5.356330334075845,1733328000000,-5.012083199999994,0.032,stop,3839.39,up,5.313024223032529,1,1733342400000,3682.7624,4152.645199999999
main,A_ACCEPT,stop_5bp,103.50049999999999,1733947500000,1733515500000,1733515500000,0.04273426917900001,0.012818358,0.3641746234590985,1733758500000,0.04013649878209125,3822.5236935325,3825.00995,0.08287076796109126,4069.9303980000004,0.5104900082171003,-0.14391742380210668,0.0650297438175,3825.00995,-5.422328985580704,1733500800000,-5.130511050000002,0.021,stop,4069.32,up,5.28624257136215,1,1733515200000,3825.00995,4557.9401
main,A_ACCEPT,stop_5bp,67.29799999999997,1734206700000,1733774700000,1733774700000,0.06272771443125001,0.0188211375,0.5203393366247134,1733778300000,0.057722528680740015,3498.3350715600004,3497.8104000000003,0.12045024311199003,3801.6796625,0.5135754893814557,0.0,0.03613529898,3954.4698,9.889921257908002,1733760000000,10.04650679999999,0.033,target,3802.25,up,5.259130926434246,-1,1733774400000,3954.4698,3497.8104000000003
main,A_ACCEPT,stop_5bp,68.17049999999999,1734221100000,1733789100000,1733789100000,0.049807122810750004,0.014944378499999997,0.3236335751546278,1733972100000,0.05236240362861375,3878.6965650825005,3876.1770500000002,0.10216952643936375,3689.4165045,0.5475622869558148,0.059938317040914,0.0829712857275,3876.1770500000002,-5.152792845125963,1733774400000,-5.027590350000012,0.027,stop,3689.97,up,5.308580532723785,-1,1733788800000,3876.1770500000002,3317.555899999999
main,A_ACCEPT,stop_5bp,81.58949999999997,1734998700000,1734566700000,1734566700000,0.0327910806,0.009838800000000002,0.01642690823259231,1734998700000,0.030739610250000007,3415.51225,3415.0,0.06353069085000002,3643.4534,0.5378678592774309,0.07750623728136428,0.0190593,3916.15895,4.116916246431358,1734552000000,4.122000000000001,0.018000000000000002,time,3644.0,range,5.282816568498155,-1,1734566400000,3916.15895,3099.6821
main,A_ACCEPT,stop_5bp,50.46099999999994,1736366700000,1735934700000,1735934700000,0.0560467957585,0.016811516999999998,0.26337833622955936,1736264100000,0.0535169767894575,3452.708179965,3454.9539,0.1095637725479575,3615.9223070000003,0.5303973264739252,-0.124224722611686,0.08642883808499999,3454.9539,-5.293426433244652,1735920000000,-4.9732091000000045,0.031,stop,3615.38,range,5.30340114973031,1,1735934400000,3454.9539,3936.2322000000004
main,A_ACCEPT,stop_5bp,61.80900000000001,1736726700000,1736294700000,1736294700000,0.0709414271895,0.021285621,0.02545563680017445,1736726700000,0.06874415007600002,3273.530956,3273.04,0.13968557726550002,3378.1631995000002,0.5097436745298126,0.1803685128783136,0.041905773,3497.0708999999997,4.435237162612822,1736280000000,4.436460000000005,0.042,time,3378.67,range,5.276934017564086,-1,1736294400000,3497.0708999999997,3141.868200000001
main,A_ACCEPT,stop_5bp,57.25100000000002,1737216300000,1736784300000,1736784300000,0.04727999693650001,0.014186127000000001,0.18079470727829147,1736846400000,0.04979858710538251,3212.812071315,3210.7251,0.09707858404188252,3050.322383,0.5558657644476627,0.0125962235737,0.078882237765,3210.7251,-5.121662698233181,1736769600000,-4.958298099999997,0.031,stop,3050.78,range,5.299110203377149,-1,1736784000000,3210.7251,2730.8898000000004
main,A_ACCEPT,stop_5bp,81.64900000000003,1737417900000,1736985900000,1736985900000,0.065461397737,0.019635474,0.07706711536824741,1737017100000,0.06293770078601499,3312.5105676849994,3314.6650999999997,0.12839909852301498,3445.3367230000003,0.5132165727772054,-0.010682908170444148,0.10150770196999999,3314.6650999999997,-5.186475908663494,1736971200000,-4.945886200000017,0.038,stop,3444.82,range,5.273501889885982,1,1736985600000,3314.6650999999997,3705.129800000001
main,A_ACCEPT,stop_5bp,61.77449999999999,1738397100000,1737965100000,1737965100000,0.036641542944,0.010994112,0.08916251437332312,1738243500000,0.03913783246611001,3261.4860388425004,3259.36745,0.07577937541011001,3053.461912,0.5414885144302908,0.04573047650537197,0.06184024422000001,3259.36745,-5.022627943124744,1737950400000,-4.930738800000003,0.024,stop,3053.92,range,5.247569510342665,-1,1737964800000,3259.36745,2643.0251
main,A_ACCEPT,stop_5bp,64.54949999999992,1738771500000,1738339500000,1738339500000,0.042854677237500007,0.012854475,0.02033388717461825,1738403100000,0.040293730165218755,3223.4984132175,3225.5950500000004,0.08314840740271875,3428.3741790000004,0.5232419873316851,-0.014941350500000002,0.06527039456250001,3225.5950500000004,-5.219983902465229,1738324800000,-5.056623749999995,0.025,stop,3427.86,range,5.222456370627042,1,1738339200000,3225.5950500000004,3832.3898999999997
main,A_ACCEPT,stop_5bp,67.21200000000002,1740888300000,1740456300000,1740456300000,0.03357850746825,0.0100750635,0.20352330224392015,1740710700000,0.028680293998890004,2124.4662221400004,2124.1476000000002,0.06225880146714001,2487.2968495,0.5061143030100268,0.02722198410217334,0.01867786128,2669.4312,9.761390121355022,1740441600000,9.815104799999995,0.027,target,2487.67,range,5.196356451114715,-1,1740456000000,2669.4312,2124.1476000000002
main,A_ACCEPT,stop_5bp,95.23599999999996,1741161900000,1740729900000,1740729900000,0.025391550696000003,0.007618608000000001,0.23522457771556668,1740933300000,0.027891280756079998,2324.2733963399996,2322.7635999999998,0.05328283145208,2115.962558,0.5164721570416058,0.010484333603351242,0.04385372015999999,2322.7635999999998,-5.042258618008716,1740715200000,-4.95560639999999,0.024,stop,2116.28,range,5.24516340172149,-1,1740729600000,2322.7635999999998,1703.312800000001
main,A_ACCEPT,stop_5bp,83.47999999999999,1741392300000,1740960300000,1740960300000,0.021260753634750003,0.006377269499999999,0.05019771594709251,1741026300000,0.0187161485907,2201.8998342,2203.332,0.03997690222545,2501.2651335,0.4874022073950194,-0.0014849406160000003,0.030724088099999998,2203.332,-5.1306719309414515,1740945600000,-5.058486,0.017,stop,2500.89,range,5.219952108631445,1,1740960000000,2203.332,3096.006
main,A_ACCEPT,stop_5bp,57.31000000000002,1741982700000,1741550700000,1741550700000,0.044868428726,0.013462547999999998,0.28461230425527423,1741598400000,0.0473701726113,2153.18966415,2151.791,0.0922386013373,2039.474033,0.5162622213906334,-0.0014248139828643598,0.07500377059999999,2151.791,-5.0971511859201755,1741536000000,-4.928484000000008,0.044,stop,2039.78,range,5.194298748976737,-1,1741550400000,2151.791,1815.7579999999996
main,A_ACCEPT,stop_5bp,36.846000000000025,1742832300000,1742400300000,1742400300000,0.04394291544875001,0.0131808975,0.2297961278967437,1742832300000,0.044885696135499996,2087.706797,2088.02,0.08882861158425001,2043.8565325000002,0.5031888362770927,-0.026600208727399346,0.0266486265,1927.0454,1.7701325531883352,1742385600000,1.9122100000000013,0.043000000000000003,time,2043.55,range,5.168812993047137,1,1742400000000,1927.0454,2276.5591999999997
main,A_ACCEPT,stop_5bp,34.56600000000001,1743595500000,1743163500000,1743163500000,0.041656690558999995,0.012498882,0.19403651036917785,1743595500000,0.0411021644,1868.2802000000001,1868.0,0.082758854959,1893.4859345,0.5212162108492067,0.015520879732191968,0.024827681999999997,2007.3366,1.0418143427731847,1743148800000,1.133879999999999,0.044,time,1893.77,range,5.177663655813079,-1,1743163200000,2007.3366,1666.6367999999998
main,A_ACCEPT,stop_5bp,20.147000000000013,1745654700000,1745222700000,1745222700000,0.062646315538,0.018791075999999997,0.2830020580347995,1745254800000,0.06012497474709,1582.236177555,1583.2653,0.12277129028509,1648.5872510000002,0.5356182876966132,-0.009885762699999998,0.09700438181999999,1583.2653,-5.175338634805098,1745208000000,-4.945677199999992,0.076,stop,1648.34,range,5.182872727526946,1,1745222400000,1583.2653,1778.4893999999997
main,A_ACCEPT,stop_5bp,35.093499999999985,1747123500000,1746691500000,1746691500000,0.038585787,0.011574,0.4453239284211369,1746737400000,0.043565038263900006,2178.2519131950003,2178.5787,0.08215082526390001,1929.2893500000002,0.5234230158076398,-0.007151197076645104,0.024645472199999997,1804.21065,9.869200505459457,1746676800000,9.983148000000002,0.04,target,1929.0,up,5.156996034352921,1,1746691200000,1804.21065,2178.5787
main,A_ACCEPT,stop_5bp,43.8165,1747181100000,1746749100000,1746749100000,0.0329621935875,0.009887175,0.6821678723159947,1746913500000,0.03792381007507501,2528.2540050050006,2528.6333000000004,0.07088600366257501,2197.4795725000004,0.5046442556415648,-0.034657566096,0.021266024850000002,2031.40835,9.817689405391434,1746734400000,9.94449900000001,0.03,target,2197.15,up,5.206342036880218,1,1746748800000,2031.40835,2528.6333000000004
main,A_ACCEPT,stop_5bp,84.63249999999996,1747353900000,1746921900000,1746921900000,0.038819972122500004,0.011644244999999998,0.8274596484861478,1747075500000,0.0362642141791875,2417.6142786125,2419.1867500000003,0.0750841863016875,2587.9981415,0.5175154034215023,-0.02453241993349222,0.058818386624999996,2419.1867500000003,-5.211132492860181,1746907200000,-5.0526974999999945,0.03,stop,2587.61,up,5.255430483907175,1,1746921600000,2419.1867500000003,2924.4565
main,A_ACCEPT,stop_5bp,82.45350000000005,1748333100000,1747901100000,1747901100000,0.06711561083175002,0.0201316635,0.511432651942469,1748001600000,0.06460365888392625,2533.4768189774995,2535.1246499999997,0.13171926971567627,2631.9847385000003,0.4848766997101531,-0.040704579000000005,0.10417104564750002,2535.1246499999997,-5.196327744363214,1747886400000,-4.91973285000002,0.051000000000000004,stop,2631.59,up,5.2293748214428755,1,1747900800000,2535.1246499999997,2824.520700000001
main,A_ACCEPT,stop_5bp,42.650999999999996,1748779500000,1748347500000,1748347500000,0.06479898839050001,0.019436781,0.4640872048907781,1748622600000,0.06227683377896749,2541.9115828149997,2543.5649,0.1270758221694675,2644.8566690000002,0.5540587977578971,-0.11888494903590213,0.100449323065,2543.5649,-5.2902699942703935,1748332800000,-4.943859900000009,0.049,stop,2644.46,up,5.203393182721061,1,1748347200000,2543.5649,2846.2502000000004
main,A_ACCEPT,stop_5bp,36.67349999999995,1749960300000,1749528300000,1749528300000,0.055158397518750006,0.0165450375,0.11123964088397766,1749773400000,0.05266863244693875,2569.2015827775,2570.87265,0.10782702996568876,2690.6535375000003,0.49697940865133483,-0.0794527132259574,0.08505879362249999,2570.87265,-5.166809886814164,1749513600000,-4.894471350000009,0.041,stop,2690.25,range,5.176941832749708,1,1749528000000,2570.87265,2929.0047000000004
main,A_ACCEPT,stop_5bp,47.04850000000003,1752537900000,1752105900000,1752105900000,0.05403909464850001,0.016209297,0.3019251604300357,1752211800000,0.058883305329127514,3019.6566835450003,3020.1097000000004,0.11292239997762753,2771.2356230000005,0.5127352654585081,-0.01800488627861118,0.033876938745,2646.17515,9.557494074998754,1752091200000,9.722298300000011,0.039,target,2770.82,up,5.151107783315638,1,1752105600000,2646.17515,3020.1097000000004
main,A_ACCEPT,stop_5bp,65.17450000000004,1753128300000,1752696300000,1752696300000,0.03394169049,0.01018098,0.6198395281854343,1753128300000,0.03724991167500001,3724.9911675000003,3725.55,0.071191602165,3394.169049,0.5247556637947669,-0.10790632736818002,0.02135763,3139.7425500000004,6.437344440466824,1752681600000,6.637800000000007,0.02,time,3393.66,up,5.198895253690632,1,1752696000000,3139.7425500000004,3901.494899999999
main,A_ACCEPT,stop_5bp,71.75449999999994,1754107500000,1753675500000,1753675500000,0.12042671129750002,0.036122595,0.8089105599011936,1753712100000,0.11795003366181749,3804.8397955424994,3807.3145499999996,0.2383767449593175,3884.7326225000006,0.4951031319075187,-0.024131889994601998,0.18955737136499998,3807.3145499999996,-5.215863906318998,1753660800000,-4.76379790000003,0.062,stop,3884.15,up,5.231081975892967,1,1753675200000,3807.3145499999996,4037.820900000001
main,A_ACCEPT,stop_5bp,82.69500000000002,1754525100000,1754093100000,1754093100000,0.055752915808,0.016728384,0.32510568060831724,1754316000000,0.058294018498800004,3643.376156175,3641.0094999999997,0.1140469343068,3484.557238,0.5439124119827381,0.030595689458054805,0.09246138159999999,3641.0094999999997,-5.165656626448742,1754078400000,-4.989743999999992,0.032,stop,3485.08,up,5.205002656361371,-1,1754092800000,3641.0094999999997,3173.2210000000005
main,A_ACCEPT,stop_5bp,73.98649999999998,1755014700000,1754582700000,1754582700000,0.065221441749,0.019563498000000002,0.08362323963313671,1754715900000,0.07004610560788502,4120.359153405,4120.9773000000005,0.135267547356885,3836.5553970000005,0.4769941705090987,-0.04604291190474435,0.040580482230000006,3693.48135,9.46801725850836,1754568000000,9.689908200000016,0.034,target,3835.98,range,5.179174373229126,1,1754582400000,3693.48135,4120.9773000000005
main,A_ACCEPT,stop_5bp,82.13999999999999,1755216300000,1754784300000,1754784300000,0.12785757576,0.03835151999999999,0.2521104520517442,1754811300000,0.125402015673,4180.0671891,4182.786,0.25325959143300003,4261.919192,0.49937177708584757,0.0,0.20148017399999998,4182.786,-5.164379765433007,1754769600000,-4.709639999999981,0.06,stop,4261.28,range,5.226514459521668,1,1754784000000,4182.786,4418.267999999999
main,A_ACCEPT,stop_5bp,96.08799999999997,1755461100000,1755029100000,1755029100000,0.04731537124125001,0.014192482499999999,0.3158281033932564,1755461100000,0.04678003694175001,4455.2416135,4455.91,0.09409540818300002,4506.2258325,0.46842965174986617,-0.10845722575871022,0.028228599,4266.4912,-1.273221232941709,1755014400000,-1.042440000000007,0.021,time,4505.55,up,5.200692560694504,1,1755028800000,4266.4912,4983.6676
main,A_ACCEPT,stop_5bp,94.88749999999996,1755936300000,1755504300000,1755504300000,0.046938318196,0.014083608,0.27584232011210624,1755871500000,0.049416476094562505,4492.406917687501,4489.48875,0.09635479429056251,4267.119836,0.5055017800352594,0.08057570839948444,0.078283297125,4489.48875,-4.972094883016102,1755489600000,-4.878032500000004,0.022,stop,4267.76,range,5.194326454529797,-1,1755504000000,4489.48875,3824.3025
main,A_ACCEPT,stop_5bp,66.24600000000005,1758153900000,1757721900000,1757721900000,0.065809029874,0.019739747999999998,0.038452992086056154,1757925900000,0.06331071686786,4522.19406199,4525.1354,0.12911974674186,4700.644991,0.5274060302005513,-0.06238018668010795,0.10209721228,4525.1354,-5.18812594570198,1757707200000,-4.894528799999986,0.028,stop,4699.94,range,5.169465980114717,1,1757721600000,4525.1354,5049.549199999999
main,A_ACCEPT,stop_5bp,65.369,1759766700000,1759334700000,1759334700000,0.056205869616000007,0.016859232000000002,0.1816221154457721,1759766700000,0.06077043306750002,4674.648697500001,4675.35,0.11697630268350002,4323.528432,0.5052284931265713,-0.10300799771923341,0.035093097000000004,4134.8331,8.909142602597283,1759320000000,9.164220000000007,0.026000000000000002,time,4322.88,range,5.143525350386209,1,1759334400000,4134.8331,4698.973800000001
main,A_ACCEPT,stop_5bp,68.65799999999999,1760213100000,1759781100000,1759781100000,0.073157331954,0.021943907999999998,0.0076676293208249304,1759849500000,0.070651626672935,4558.16946277,4561.1342,0.143808958626935,4719.827868,0.49886026554831747,-0.029013675,0.11385076213,4561.1342,-5.184233195756948,1759766400000,-4.897559799999984,0.031,stop,4719.12,range,5.188071063399193,1,1759780800000,4561.1342,5035.091599999999
main,A_ACCEPT,stop_5bp,98.622,1760558700000,1760126700000,1760126700000,0.02610222907825,0.0078318435,0.0533816952628733,1760558700000,0.025944546098250004,3991.4686305000005,3990.87,0.052046775176500006,4015.7275505,0.5225454309007886,0.0064040352135995415,0.01561404,4398.2922,0.2697232200370906,1760112000000,0.3309800000000005,0.013000000000000001,time,4016.33,range,5.1621498974204085,-1,1760126400000,4398.2922,3252.4056
main,A_ACCEPT,stop_5bp,58.55499999999995,1761926700000,1761494700000,1761494700000,0.08129099182000002,0.024383639999999998,0.2952297777023038,1761685500000,0.0788084312015,3940.421560075,3942.9845,0.16009942302150001,4064.5495910000004,0.5005406049729085,-0.06351148263475555,0.126901237,3942.9845,-5.188732142656277,1761480000000,-4.8382200000000015,0.04,stop,4063.94,range,5.163498513520593,1,1761494400000,3942.9845,4305.851000000001
main,A_ACCEPT,stop_5bp,83.23399999999997,1762286700000,1761854700000,1761854700000,0.044235443688000003,0.013272623999999998,0.04197670107722288,1761939000000,0.04672851460452001,3894.0428837100003,3891.5134000000003,0.09096395829252002,3686.286974,0.5205172159153604,0.008897149512617086,0.07398023304,3891.5134000000003,-5.068208641819908,1761840000000,-4.912161600000003,0.024,stop,3686.84,range,5.1375548528073125,-1,1761854400000,3891.5134000000003,3277.4932
main,A_ACCEPT,stop_5bp,81.07049999999997,1763165100000,1762733100000,1762733100000,0.12106835753000003,0.03631506,0.13945833573944688,1762872300000,0.118647189465805,3489.6232195824996,3491.89295,0.23971554699580505,3560.8340450000005,0.5065706907451757,-0.04202593506408955,0.19065672839,3491.89295,-5.124077610449959,1762718400000,-4.651679400000018,0.068,stop,3560.3,range,5.112213809598213,1,1762732800000,3491.89295,3697.1141000000007
main,A_ACCEPT,stop_5bp,52.88399999999992,1765051500000,1764619500000,1764619500000,0.071573242403,0.021475194000000003,0.3335524153795597,1764683700000,0.07399904653596001,2846.11717446,2844.2684,0.14557228893896001,2752.8170155000003,0.45535869983612764,0.018205397354901176,0.11761146592000002,2844.2684,-4.978975157504052,1764604800000,-4.7339967999999955,0.052000000000000005,stop,2753.23,down,5.086593421545964,-1,1764619200000,2844.2684,2571.1532
main,A_ACCEPT,stop_5bp,66.20999999999997,1765742700000,1765310700000,1765310700000,0.0318132412705,0.009542541,0.06866789143471157,1765554000000,0.029339517409675,3088.37025365,3090.379,0.061152758680175,3348.7622390000006,0.5037522669761525,-0.02104725007603153,0.047708721649999994,3090.379,-5.029647730406218,1765296000000,-4.899739000000006,0.019,stop,3348.26,range,5.061698545758444,1,1765310400000,3090.379,3864.022000000001
main,A_ACCEPT,risk_half,97.74300000000001,1641974700000,1641542700000,1641542700000,0.017677867921999997,0.005304155999999999,0.34501172830264026,1641974700000,0.01771645206925,3221.1731035000003,3220.69,0.03539431999124999,3214.157804,0.515272457047427,0.016849991993634753,0.010618294499999997,3425.1243,-0.09571262249761867,1641528000000,-0.066550000000002,0.011,time,3214.64,down,2.5,-1,1641542400000,3425.1243,2793.6713999999997
main,A_ACCEPT,risk_half,78.29549999999992,1642449900000,1642017900000,1642017900000,0.03210968573050001,0.009631461,0.4539479831801903,1642094100000,0.03095367552710875,3258.2816344325,3258.77045,0.06306336125760875,3379.9669190000004,0.513539512964809,-0.0039577424175,0.018918956782499996,3258.77045,-2.379041510457614,1642003200000,-2.293101450000001,0.019,stop,3379.46,down,2.499760718443756,1,1642017600000,3258.77045,3620.8391
main,A_ACCEPT,risk_half,84.47350000000002,1644451500000,1644019500000,1644019500000,0.031225698152250004,0.0093663045,0.17482385443270682,1644300600000,0.03362839433409749,3202.7042222949995,3203.1846999999993,0.06485409248634749,2973.8760145,0.5084453967096209,-0.03878347478455071,0.019456336305,2858.55265,4.701754796424089,1644004800000,4.82484869999999,0.021,target,2973.43,range,2.4938131146676117,1,1644019200000,2858.55265,3203.1846999999993
main,A_ACCEPT,risk_half,86.04849999999996,1645056300000,1644624300000,1644624300000,0.017542808184,0.005263631999999999,0.24829772923806168,1644933900000,0.018721156852365004,3120.1928087275005,3119.72485,0.036263965036365,2923.801364,0.5195852240349218,0.021862368470637723,0.010879136729999999,3119.72485,-2.3710989332957344,1644609600000,-2.345818200000003,0.012,stop,2924.24,range,2.5055675016586716,-1,1644624000000,3119.72485,2533.270299999999
main,A_ACCEPT,risk_half,81.12199999999993,1645646700000,1645214700000,1645214700000,0.027938108655000002,0.00838269,0.15445643400314377,1645488300000,0.025528484698400005,2552.8484698400002,2552.4656,0.05346659335340001,2793.8108655,0.4928577452383086,0.015191013910547717,0.0160400868,2915.1122,4.780972333757145,1645200000000,4.835288,0.02,target,2794.23,range,2.499639754325432,-1,1645214400000,2915.1122,2552.4656
main,A_ACCEPT,risk_half,84.54899999999991,1645934700000,1645502700000,1645502700000,0.0189327096675,0.005680665,0.0581104684607419,1645601700000,0.0201289306367625,2683.8574182350003,2683.4549,0.0390616403042625,2524.361289,0.5052148141396444,0.004608680081540699,0.011718438525,2683.4549,-2.426894898747727,1645488000000,-2.380723500000006,0.015,stop,2524.74,range,2.511592185159825,-1,1645502400000,2683.4549,2207.310199999999
main,A_ACCEPT,risk_half,100.04999999999998,1646121900000,1645689900000,1645689900000,0.013077093141750002,0.0039237165,0.24125121168323843,1645732800000,0.014310313725125002,2601.8752227500004,2601.485,0.027387406866875005,2377.6532985000003,0.4880091065049299,-0.001657089810459754,0.00821616675,2601.485,-2.495485663427335,1645675200000,-2.4582249999999988,0.011,stop,2378.01,range,2.505524947912956,-1,1645689600000,2601.485,1931.0600000000004
main,A_ACCEPT,risk_half,59.92650000000001,1647057900000,1646625900000,1646625900000,0.022688836164,0.006807672000000001,0.3207337297253568,1646661900000,0.023853511340077505,2650.3901488975002,2649.99265,0.04654234750407751,2520.981796,0.5102669656292462,-0.0004535298000000001,0.013962652155000001,2649.99265,-2.3763462294590814,1646611200000,-2.3153877000000005,0.018000000000000002,stop,2521.36,down,2.4992862337543875,-1,1646625600000,2649.99265,2264.0947
main,A_ACCEPT,risk_half,78.0325000000001,1647245100000,1646813100000,1646813100000,0.0191329595135,0.005739026999999999,0.1723033710935153,1646919600000,0.017907560712912503,2558.2229589875,2558.60675,0.03704052022641251,2733.2799305000003,0.520071602851272,-0.009693141864,0.011112101175,2558.60675,-2.497531263265416,1646798400000,-2.4396854999999995,0.014,stop,2732.87,range,2.49334536818074,1,1646812800000,2558.60675,3081.3965
main,A_ACCEPT,risk_half,66.50950000000005,1647907500000,1647475500000,1647475500000,0.022184847228,0.006654456,0.0034950948901930853,1647907500000,0.023098934640000002,2887.3668300000004,2887.8,0.045283781868,2773.1059035000003,0.5232253116594859,-0.06487764142348895,0.013585176000000001,2621.34905,1.7180134007085126,1647460800000,1.841760000000002,0.016,time,2772.69,range,2.4871015400225764,1,1647475200000,2621.34905,3075.3719000000006
main,A_ACCEPT,risk_half,44.716499999999996,1648872300000,1648440300000,1648440300000,0.024823622985000005,0.00744597,0.5276156395741063,1648872300000,0.02601232256625,3468.3096755,3468.83,0.050835945551250004,3309.8163980000004,0.5114360241079924,-0.07496677777723068,0.0152508375,3157.68835,2.2515964391715158,1648425600000,2.392649999999996,0.015,time,3309.32,up,2.4913965735243475,1,1648440000000,3157.68835,3612.5833000000007
main,A_ACCEPT,risk_half,55.676500000000075,1650125100000,1649693100000,1649693100000,0.019563105094000003,0.005869811999999999,0.1659185119955325,1650125100000,0.019588152782250002,3013.5619665000004,3013.11,0.039151257876250005,3009.708476,0.5150321795960107,-0.029011751754667008,0.0117453765,3185.91765,-0.11825838613092468,1649678400000,-0.03835000000000355,0.013000000000000001,time,3010.16,range,2.4970255646222763,-1,1649692800000,3185.91765,2658.6447
main,A_ACCEPT,risk_half,53.540000000000006,1650830700000,1650398700000,1650398700000,0.05424028482250001,0.016269645,0.21096229084096924,1650480000000,0.05307191801800001,3032.6810296,3033.136,0.10731220284050003,3099.444847,0.5037492352110687,-0.017868453888302643,0.032193609,3033.136,-2.461914265728814,1650384000000,-2.304540000000002,0.035,stop,3098.98,range,2.4967299186569494,1,1650398400000,3033.136,3230.668
main,A_ACCEPT,risk_half,59.41849999999997,1652213100000,1651781100000,1651781100000,0.0135849119575,0.004076084999999999,0.07242175493288067,1652115900000,0.011347033299724996,2269.4066599449993,2269.066299999999,0.024931945257224995,2716.9823914999997,0.5143920171978698,0.01830960510618419,0.007479684449999998,2941.5518500000003,4.469134975398964,1651766400000,4.483237000000009,0.01,target,2717.39,range,2.490575132992628,-1,1651780800000,2941.5518500000003,2269.066299999999
main,A_ACCEPT,risk_half,122.00150000000001,1652745900000,1652313900000,1652313900000,0.011476778225000001,0.003443549999999999,0.41530033929146826,1652745900000,0.01113020428025,2023.6735055000001,2023.37,0.02260698250525,2086.6869500000003,0.5137721012867633,-0.01411977335814025,0.006782110499999999,2295.94015,0.6564211336366108,1652299200000,0.6999300000000012,0.011,time,2087.0,down,2.501747970431125,-1,1652313600000,2295.94015,1669.1197000000002
main,A_ACCEPT,risk_half,33.827499999999986,1654934700000,1654502700000,1654502700000,0.023707930656250004,0.007111312499999999,0.21678129927107373,1654561500000,0.022498340367656255,1799.8672294125001,1800.13725,0.04620627102390626,1896.6344525000002,0.5050029033957718,-0.00936346031865,0.013861827187499998,1800.13725,-2.4747503085300577,1654488000000,-2.405318749999998,0.025,stop,1896.35,range,2.5033890232652163,1,1654502400000,1800.13725,2088.7754999999997
main,A_ACCEPT,risk_half,49.57400000000005,1655337900000,1654905900000,1654905900000,0.027435054124500004,0.008231750999999999,0.334516695957821,1654959000000,0.02507064583287,1519.43308078,1519.2051999999999,0.052505699957370006,1662.730553,0.5358355057633053,-0.010230238051677665,0.015751816739999997,1734.8674,4.666080645250957,1654891200000,4.744568400000005,0.033,target,1662.98,down,2.4972021474938915,-1,1654905600000,1734.8674,1519.2051999999999
main,A_ACCEPT,risk_half,42.36999999999999,1656518700000,1656086700000,1656086700000,0.022821092650500006,0.006845300999999999,0.5000833472245374,1656459300000,0.021617103947950002,1137.7423130500001,1137.913,0.04443819659845001,1201.1101395000003,0.5152811740267514,0.004129782484652039,0.013331405099999999,1137.913,-2.448285819213804,1656072000000,-2.394646000000002,0.038,stop,1200.93,down,2.508867349107019,1,1656086400000,1137.913,1326.9640000000002
main,A_ACCEPT,risk_half,38.30150000000001,1656893100000,1656461100000,1656461100000,0.024525670597500004,0.007358805,0.4639276177040071,1656579900000,0.022129392461032505,1029.2740679550002,1029.1197000000002,0.04665506305853251,1140.728865,0.5135596669678728,-4.7989471044246595e-05,0.013996627065000001,1196.79015,4.745853220405418,1656446400000,4.806552899999996,0.043000000000000003,target,1140.9,down,2.5027466345589837,-1,1656460800000,1196.79015,1029.1197000000002
main,A_ACCEPT,risk_half,35.887000000000015,1657022700000,1656590700000,1656590700000,0.015268009455,0.0045810899999999995,0.43034595644757884,1656635100000,0.016508306374575,1100.553758305,1100.3887,0.031776315829575,1017.867297,0.5002925081814051,-0.010994135778,0.00953283915,1100.3887,-2.5233642907575744,1656576000000,-2.4710609999999997,0.03,stop,1018.02,down,2.5146112676099968,-1,1656590400000,1100.3887,853.2826
main,A_ACCEPT,risk_half,30.14549999999999,1657425900000,1656993900000,1656993900000,0.0357257280555,0.010716111,0.09016787573432568,1657021800000,0.03451535087065749,1113.3984151824998,1113.5654499999998,0.0702410789261575,1152.4428405,0.5284353247709834,-0.0012645866951999998,0.021072269685,1113.5654499999998,-2.492260035306378,1656979200000,-2.3996821000000095,0.062,stop,1152.27,range,2.508302856883103,1,1656993600000,1113.5654499999998,1229.6791000000003
main,A_ACCEPT,risk_half,38.6155,1657656300000,1657224300000,1657224300000,0.022935299779000003,0.006879557999999998,0.11911429656350853,1657449900000,0.021724222202801246,1174.2822812324998,1174.4584499999999,0.044659521981801245,1239.745934,0.5201414516419542,-0.023083190268903993,0.013397802397499997,1174.4584499999999,-2.489897864648213,1657209600000,-2.4087573500000032,0.037,stop,1239.56,range,2.5020722067948373,1,1657224000000,1174.4584499999999,1369.7631000000001
main,A_ACCEPT,risk_half,25.497000000000014,1658030700000,1657598700000,1657598700000,0.02174313804,0.006523919999999999,0.06324986072801875,1657813800000,0.022945435299100002,1147.271764955,1147.0997,0.0446885733391,1087.156902,0.5061207453293008,-0.03197692367684057,0.013406518199999998,1147.0997,-2.481260015215942,1657584000000,-2.391188000000002,0.04,stop,1087.32,range,2.4958474621332165,-1,1657598400000,1147.0997,967.7605999999998
main,A_ACCEPT,risk_half,54.01350000000001,1658577900000,1658145900000,1658145900000,0.019920482624250002,0.005975248499999999,0.23233094366180382,1658577900000,0.02042311107375,1512.8230425,1513.05,0.040343593698,1475.5913055,0.5034099140667219,-0.0446522173192644,0.012103100999999998,1387.59865,0.9202610879827312,1658131200000,1.0173600000000018,0.027,time,1475.37,range,2.4896443120951766,1,1658145600000,1387.59865,1650.9126999999999
main,A_ACCEPT,risk_half,55.78900000000003,1659240300000,1658808300000,1658808300000,0.015769434229999997,0.004731539999999999,0.21059831043830796,1658944800000,0.016997757181185003,1545.2506528350002,1545.0189,0.032767191411185004,1433.58493,0.5046739275188363,0.009193495147549146,0.00983010237,1545.0189,-2.480219598633641,1658793600000,-2.4468158000000013,0.022,stop,1433.8,range,2.4919449648151337,-1,1658808000000,1545.0189,1211.3621999999998
main,A_ACCEPT,risk_half,48.39250000000003,1660795500000,1660363500000,1660363500000,0.028909940840750003,0.0086716815,0.31236591361145144,1660500000000,0.027707674100368753,1910.8740758875,1911.16075,0.056617614941118756,1993.7890235000002,0.5197373926169502,-0.010721821352287176,0.016985230762499998,1911.16075,-2.471872917055909,1660348800000,-2.38754825,0.029,stop,1993.49,up,2.4857444158185498,1,1660363200000,1911.16075,2158.1485000000002
main,A_ACCEPT,risk_half,44.25150000000001,1661861100000,1661429100000,1661429100000,0.041117926764,0.012333528,0.07993638077285588,1661491200000,0.03993132580254,1663.8052417725,1664.05485,0.08104925256654,1713.2469485000001,0.5062365387943767,-0.005902971701556062,0.024314722919999997,1664.05485,-2.4601541471881014,1661414400000,-2.348887200000001,0.048,stop,1712.99,range,2.4795647335259097,1,1661428800000,1664.05485,1810.8603
main,A_ACCEPT,risk_half,39.55200000000002,1663977900000,1663545900000,1663545900000,0.0173811224405,0.005215119000000001,0.17905759162303655,1663977900000,0.017256318059500005,1327.4090815000002,1327.21,0.034637440500000005,1337.0094185,0.5144289781471294,-0.03964113672024209,0.010391238,1427.8752000000002,0.17533018477975415,1663531200000,0.26,0.026000000000000002,time,1337.21,range,2.4734143481579394,-1,1663545600000,1427.8752000000002,1155.8795999999998
main,A_ACCEPT,risk_half,14.218999999999994,1665893100000,1665461100000,1665461100000,0.043396869493000007,0.013021014,0.11181211030879548,1665664200000,0.041057968571619995,1207.5873109299998,1207.4061999999997,0.08445483806462001,1276.3785145,0.5221389717442726,0.0049786946437098195,0.025336557239999995,1311.1519,4.598325699339098,1665446400000,4.703138400000018,0.068,target,1276.57,range,2.473852673619889,-1,1665460800000,1311.1519,1207.4061999999997
main,A_ACCEPT,risk_half,15.006000000000006,1667001900000,1666569900000,1666569900000,0.029350611931500008,0.008803863,0.008086896839843772,1666717200000,0.03174216376113001,1476.3797098200005,1476.6012000000005,0.06109277569263002,1365.1447410000003,0.5545543085450408,-0.004180541648484311,0.018327940740000003,1309.1093999999998,4.717830341918893,1666555200000,4.80143160000002,0.043000000000000003,target,1364.94,range,2.485348487868237,1,1666569600000,1309.1093999999998,1476.6012000000005
main,A_ACCEPT,risk_half,30.61650000000002,1668326700000,1667894700000,1667894700000,0.019329400155000002,0.00579969,0.3535237476739394,1667925000000,0.020535301283217504,1579.6385602475002,1579.40165,0.039864701438217506,1486.876935,0.5168402231481934,0.0029957686070000004,0.011959356434999999,1579.40165,-2.448671189266223,1667880000000,-2.399842900000003,0.026000000000000002,stop,1487.1,up,2.4971430637230343,-1,1667894400000,1579.40165,1302.4966999999997
main,A_ACCEPT,risk_half,21.01149999999999,1669435500000,1669003500000,1669003500000,0.02374743735,0.007125299999999999,0.36910049150233926,1669230300000,0.024953236574122507,1188.2493606725002,1188.07115,0.04870067392412251,1130.83035,0.517856284527583,-0.003822213943727379,0.014610148245,1188.07115,-2.4641213361128598,1668988800000,-2.3969883,0.042,stop,1131.0,down,2.4910213857498684,-1,1669003200000,1188.07115,1016.8577
main,A_ACCEPT,risk_half,24.284000000000013,1671638700000,1671206700000,1671206700000,0.01863951865275,0.005592694499999999,0.11061883149629007,1671638700000,0.018840905712000002,1215.542304,1215.36,0.037480424364750006,1202.5495905,0.5175368606810989,0.023118128057567345,0.011244118499999997,1281.1084,-0.4171364148071837,1671192000000,-0.3915299999999963,0.031,time,1202.73,range,2.4848610824095863,-1,1671206400000,1281.1084,1045.9732
main,A_ACCEPT,risk_half,10.862000000000023,1673251500000,1672819500000,1672819500000,0.035710440762750005,0.010711525499999998,0.18558944176921716,1673251500000,0.037354191030749995,1310.6733694999998,1310.87,0.0730646317935,1252.9979215,0.5050938707280378,-0.08519764973330234,0.021919463999999996,1211.0738000000001,3.1292382544731825,1672804800000,3.309419999999997,0.057,time,1252.81,range,2.483818241372568,1,1672819200000,1211.0738000000001,1336.2823999999996
main,A_ACCEPT,risk_half,19.387499999999978,1673928300000,1673496300000,1673496300000,0.025922017719500007,0.007775438999999999,0.610779304885947,1673656500000,0.028294788894937504,1529.4480483750003,1529.6775000000002,0.05421680661443751,1401.1901470000003,0.5241127560728293,-0.031379612957684995,0.016265149125,1336.63125,4.65994593130288,1673481600000,4.761807500000008,0.037,target,1400.98,up,2.4916413370087516,1,1673496000000,1336.63125,1529.6775000000002
main,A_ACCEPT,risk_half,26.71099999999999,1676909100000,1676477100000,1676477100000,0.04740470964000001,0.014219279999999997,0.06939493682406293,1676493000000,0.0497416036401,1658.05345467,1658.3022,0.09714631328010001,1580.1569880000002,0.5060198979072202,0.0,0.029143999799999994,1540.7289,4.576641686919893,1676462400000,4.702932000000001,0.06,target,1579.92,range,2.503291201837009,1,1676476800000,1540.7289,1658.3022
main,A_ACCEPT,risk_half,30.28299999999998,1676937900000,1676505900000,1676505900000,0.019277811237999997,0.005782475999999999,0.10044861547981236,1676937900000,0.01958374699725,1702.9345215,1703.19,0.03886155823525,1676.331412,0.5287688144046709,-0.05990464955863,0.011658481499999998,1569.4017000000001,0.5131053107061218,1676491200000,0.6235300000000029,0.023,time,1676.08,range,2.5147328060543086,1,1676505600000,1569.4017000000001,1889.4365999999995
main,A_ACCEPT,risk_half,42.312,1679112300000,1678680300000,1678680300000,0.023054252619250006,0.0069152384999999995,0.12940719396509853,1678798800000,0.02546589934203,1756.26892014,1756.5324,0.04852015196128001,1589.9484565000002,0.5077717373949014,-0.019177544213363002,0.01455615444,1506.2988,4.7555957493853525,1678665600000,4.837849600000001,0.029,target,1589.71,range,2.5160155693310733,1,1678680000000,1506.2988,1756.5324
main,A_ACCEPT,risk_half,45.693500000000014,1679544300000,1679112300000,1679112300000,0.025383146901000003,0.007613801999999999,0.18588605854560897,1679354100000,0.024170602965635002,1726.4716404025,1726.73065,0.04955374986663501,1813.0819215000001,0.5111142686929357,-0.03903899394805792,0.01486607073,1726.73065,-2.5136806145446955,1679097600000,-2.4102217999999995,0.028,stop,1812.81,range,2.527904558704537,1,1679112000000,1726.73065,1984.9687
main,A_ACCEPT,risk_half,20.411000000000012,1681617900000,1681185900000,1681185900000,0.049940229911000014,0.014979822,0.28746904570575793,1681265400000,0.048737199723290006,1874.507681665,1874.7889,0.09867742963429002,1920.7780735000001,0.5205594516958305,-0.0163409786644,0.029603175420000002,1874.7889,-2.521078783718693,1681171200000,-2.3764572,0.052000000000000005,stop,1920.49,range,2.521620357168175,1,1681185600000,1874.7889,2011.8922
main,A_ACCEPT,risk_half,28.90099999999999,1681833900000,1681401900000,1681401900000,0.029945991225,0.008982449999999998,0.32728440974317996,1681833900000,0.0314468322675,2096.4554845000002,2096.77,0.0613928234925,1996.399415,0.5106949643751555,-0.09391687834583999,0.018417914999999997,1915.8799,2.8463723831616643,1681387200000,3.020100000000002,0.03,time,1996.1,up,2.5153176602088783,1,1681401600000,1915.8799,2156.5402
main,A_ACCEPT,risk_half,31.94549999999998,1682957100000,1682525100000,1682525100000,0.025379286322000007,0.007612644,0.00761633208749127,1682537700000,0.024145508480372502,1857.3468061825001,1857.62545,0.04952479480237251,1952.2527940000002,0.5226792880342925,0.0,0.014857383255,1857.62545,-2.517080478057375,1682510400000,-2.452698300000001,0.026000000000000002,stop,1951.96,range,2.5224335911667826,1,1682524800000,1857.62545,2140.6291
main,A_ACCEPT,risk_half,29.626500000000032,1684310700000,1683878700000,1683878700000,0.0483833914025,0.014517194999999998,0.12721616430963625,1683925800000,0.049588910095931256,1803.2330943975,1802.96265,0.09797230149843125,1759.3960510000002,0.5069752419946583,-0.000890056706,0.029391636862499994,1802.96265,-2.509899745066925,1683864000000,-2.381645749999992,0.055,stop,1759.66,range,2.516140889971639,-1,1683878400000,1802.96265,1673.0547000000004
main,A_ACCEPT,risk_half,17.314,1686427500000,1685995500000,1685995500000,0.032486206338,0.009747324,0.1636006744344065,1686072300000,0.03370756057578001,1872.6422542100001,1872.3614,0.06619376691378001,1804.789241,0.5158810335619711,0.0026286829354753775,0.01985807556,1872.3614,-2.5062735595383123,1685980800000,-2.4228504000000024,0.036000000000000004,stop,1805.06,range,2.5098661406089717,-1,1685995200000,1872.3614,1670.4571999999998
main,A_ACCEPT,risk_half,20.051999999999985,1687737900000,1687305900000,1687305900000,0.033971965030500005,0.010190060999999999,0.1095183849123474,1687393800000,0.03633243691686001,1912.2335219400004,1912.5204000000003,0.07030440194736001,1787.9981595000002,0.5190003423527495,-0.007712009310139512,0.02109142728,1725.3347999999999,4.642927361462509,1687291200000,4.742035200000012,0.038,target,1787.73,range,2.5036004567101258,1,1687305600000,1725.3347999999999,1912.5204000000003
main,A_ACCEPT,risk_half,33.616499999999995,1688601900000,1688169900000,1688169900000,0.025168004634500005,0.007549269,0.2700721243215112,1688601900000,0.024813277450000004,1908.7136500000001,1909.0,0.049981282084500006,1936.0003565000002,0.5023375648802583,-0.07543399307875599,0.014994369,1844.52835,-0.834869644163257,1688155200000,-0.694460000000001,0.026000000000000002,time,1935.71,range,2.5152077751137822,1,1688169600000,1844.52835,2118.0733
main,A_ACCEPT,risk_half,23.456499999999984,1689725100000,1689293100000,1689293100000,0.031065574137250005,0.0093182745,0.21480382459610933,1689359100000,0.02987849997763625,1927.6451598475,1927.93435,0.060944074114886254,2004.2305895000002,0.5232297917813078,-0.012368426001582,0.0182831692275,1927.93435,-2.447460819343972,1689278400000,-2.3558651500000023,0.031,stop,2003.93,range,2.513120601003374,1,1689292800000,1927.93435,2155.9213
main,A_ACCEPT,risk_half,18.133000000000038,1695744300000,1695312300000,1695312300000,0.044291875221999996,0.013289555999999998,0.023479531121958608,1695744300000,0.044328688306000015,1583.1674395000002,1582.93,0.08862056352800002,1581.8526865,0.5302287040026634,0.044294421814473205,0.026586167999999997,1623.9933,-0.11795230971354567,1695297600000,-0.04704000000000815,0.056,time,1582.09,range,2.507001948955014,-1,1695312000000,1623.9933,1498.2833999999996
main,A_ACCEPT,risk_half,17.98800000000002,1696363500000,1695931500000,1695931500000,0.04894548072100001,0.014681442,0.12041951374543082,1696198500000,0.051286835020620015,1738.5367803600004,1738.7976000000003,0.10023231574162003,1659.1688380000003,0.5028730200441188,-0.006835710672606665,0.03006980076,1618.9812,4.575640572825782,1695916800000,4.7127784000000155,0.059000000000000004,target,1658.92,range,2.50670706818073,1,1695931200000,1618.9812,1738.7976000000003
main,A_ACCEPT,risk_half,15.522500000000003,1697299500000,1696867500000,1696867500000,0.045046611994500003,0.013516011,0.025953744329590307,1697299500000,0.044376595491,1557.0735260000001,1556.84,0.0894232074855,1580.582877,0.5148048279043291,0.06006866767732218,0.026826993,1622.78225,1.3106784671918177,1696852800000,1.366860000000001,0.057,time,1580.82,range,2.5181461696127942,-1,1696867200000,1622.78225,1496.8954999999999
main,A_ACCEPT,risk_half,19.020999999999994,1698465900000,1698033900000,1698033900000,0.03140013431375,0.009418627499999999,0.017522594925034576,1698115200000,0.033823918351094995,1828.3199108699998,1828.5941999999998,0.06522405266484499,1697.3045575,0.5184961624817737,-0.008690486599399999,0.019567325309999994,1631.2779,4.773653535425745,1698019200000,4.867135399999993,0.037,target,1697.05,range,2.521422865780774,1,1698033600000,1631.2779,1828.5941999999998
main,A_ACCEPT,risk_half,38.34600000000004,1700021100000,1699589100000,1699589100000,0.022278986346750004,0.0066826935,0.7332305548555419,1699985400000,0.021083098760745003,2007.91416769,2008.2154,0.04336208510749501,2121.8082235,0.4919924712294081,-0.12177031789489817,0.01300857201,2008.2154,-2.5569075750123944,1699574400000,-2.3787665999999947,0.021,stop,2121.49,up,2.5333569996193384,1,1699588800000,2008.2154,2348.0391999999993
main,A_ACCEPT,risk_half,26.905999999999995,1700913900000,1700481900000,1700481900000,0.07782363679475,0.023343589499999998,0.23892430037030285,1700489400000,0.076648137954465,1990.86072609,1991.1594,0.154471774749215,2021.3931635000001,0.4844474547887279,0.0,0.046341480569999996,1991.1594,-2.505469455319219,1700467200000,-2.3046561999999935,0.077,stop,2021.09,range,2.5269647306818066,1,1700481600000,1991.1594,2080.9511999999995
main,A_ACCEPT,risk_half,26.36699999999994,1701533100000,1701101100000,1701101100000,0.048135578580000005,0.014442839999999998,0.19611291687074203,1701189600000,0.04933956062412,2055.815026005,2055.5067,0.09747513920412001,2005.6491075000001,0.5205586240710275,0.029175675138480003,0.029242488239999996,2055.5067,-2.4762635523056415,1701086400000,-2.3787215999999933,0.048,stop,2005.95,range,2.5207010570435084,-1,1701100800000,2055.5067,1906.8366000000003
main,A_ACCEPT,risk_half,26.60699999999998,1701849900000,1701417900000,1701417900000,0.046096253401,0.013826801999999997,0.003994211287988083,1701642000000,0.04842642574637999,2201.2011702899995,2201.5313999999994,0.09452267914738,2095.2842455,0.5079063816684983,-0.065368792959052,0.02835690923999999,2041.6893,4.500453218653546,1701403200000,4.688701599999982,0.044,target,2094.97,range,2.5145103981627446,1,1701417600000,2041.6893,2201.5313999999994
main,A_ACCEPT,risk_half,43.8085,1702411500000,1701979500000,1701979500000,0.025742650818500003,0.007721636999999999,0.37579072401314917,1702260600000,0.0245076139564025,2227.9649051275,2228.29915,0.050250264774902506,2340.2409835000003,0.503229717811213,-0.11026644861116108,0.015075024194999998,2228.29915,-2.630590437581069,1701964800000,-2.454998700000001,0.022,stop,2339.89,up,2.525761531209379,1,1701979200000,2228.29915,2563.0717
main,A_ACCEPT,risk_half,32.468,1704139500000,1703707500000,1703707500000,0.03645061677250001,0.010933545000000001,0.1660801876732775,1703888100000,0.035244707100810006,2273.85207102,2274.1932,0.07169532387331001,2351.652695,0.47506214173202976,-0.20103217095295825,0.02150854338,2274.1932,-2.684546838206274,1703692800000,-2.390310800000001,0.031,stop,2351.3,range,2.5191850551154262,1,1703707200000,2274.1932,2505.5136
main,A_ACCEPT,risk_half,55.31449999999991,1705349100000,1704917100000,1704917100000,0.022206690504000006,0.006661008,0.11600481618598583,1705349100000,0.022824175860000004,2536.0195400000002,2536.4,0.04503086636400001,2467.410056,0.5013838526226544,-0.069232573540908,0.013509288000000001,2330.7485500000003,1.1207072720950932,1704902400000,1.2484800000000025,0.018000000000000002,time,2467.04,range,2.512473688019911,1,1704916800000,2330.7485500000003,2739.6228999999994
main,A_ACCEPT,risk_half,31.0,1706400300000,1705968300000,1705968300000,0.0394094376975,0.011824605,0.08753579248778849,1706018700000,0.037012000967500014,2177.1765275000007,2176.8500000000004,0.07642143866500001,2318.2022175,0.512139969917834,0.007899851125000001,0.022926540000000002,2389.4,4.726351872459984,1705953600000,4.817799999999994,0.034,target,2318.55,range,2.5152754562001487,-1,1705968000000,2389.4,2176.8500000000004
main,A_ACCEPT,risk_half,26.584000000000014,1707077100000,1706645100000,1706645100000,0.03446267862650001,0.010337253000000001,0.2887502144450167,1706698200000,0.03323541713952,2292.09773376,2292.4416,0.06769809576602001,2376.7364570000004,0.5070206281300347,-0.013579255195843,0.02030937396,2292.4416,-2.5358003249218695,1706630400000,-2.4342136,0.029,stop,2376.38,range,2.5270913358812983,1,1706644800000,2292.4416,2544.2568
main,A_ACCEPT,risk_half,29.79450000000004,1707782700000,1707350700000,1707350700000,0.047286791955,0.014183909999999997,0.10320941347288234,1707751800000,0.04962354390171749,2544.7971231649994,2545.1788999999994,0.09691033585671749,2424.96369,0.5386698555220809,-0.10871434023216502,0.029073206564999995,2364.31055,4.467879217346094,1707336000000,4.702577099999981,0.039,target,2424.6,range,2.5207518350689937,1,1707350400000,2364.31055,2545.1788999999994
main,A_ACCEPT,risk_half,45.75999999999997,1708747500000,1708315500000,1708315500000,0.04619540827200001,0.013856544,0.6561315097699558,1708470900000,0.04854970845120001,3034.3567782000005,3034.8120000000004,0.09474511672320002,2887.2130170000005,0.4971986492312643,-0.07684338279372355,0.0284236416,2812.764,4.5370118588830755,1708300800000,4.737024000000005,0.032,target,2886.78,up,2.5319215331123592,1,1708315200000,2812.764,3034.8120000000004
main,A_ACCEPT,risk_half,45.647000000000006,1709337900000,1708905900000,1708905900000,0.04353952995,0.0130599,0.6995540166726258,1708999500000,0.04591996257225999,3279.9973265899994,3280.4893999999995,0.08945949252225999,3109.966425,0.5290874504611746,-0.05898689656523472,0.026837955479999995,3024.0053000000003,4.612418855432486,1708891200000,4.787703199999985,0.028,target,3109.5,up,2.543264062759567,1,1708905600000,3024.0053000000003,3280.4893999999995
main,A_ACCEPT,risk_half,57.3645,1710014700000,1709582700000,1709582700000,0.030570244849000006,0.009169697999999999,0.6919336477476004,1709667300000,0.029356835988973755,3453.7454104675003,3454.26355,0.05992708083797376,3596.4993940000004,0.48603597910299173,-0.1405803385393723,0.017978070052499996,3454.26355,-2.6273251394298485,1709568000000,-2.4088396499999987,0.017,stop,3595.96,up,2.5547951098981487,1,1709582400000,3454.26355,3879.3529
main,A_ACCEPT,risk_half,76.50649999999996,1710590700000,1710158700000,1710158700000,0.022222452868000002,0.006665735999999999,0.6301628631234995,1710430500000,0.02105342293778625,3827.8950795974997,3828.46935,0.04327587580578625,4040.4459760000004,0.512095722760899,-0.2034638797625816,0.012982710427499999,3828.46935,-2.584799615995876,1710144000000,-2.325077150000003,0.011,stop,4039.84,up,2.5482267970495744,1,1710158400000,3828.46935,4462.581300000001
main,A_ACCEPT,risk_half,78.72999999999998,1711829100000,1711397100000,1711397100000,0.0199786663505,0.005992700999999999,0.04026980399870504,1711829100000,0.019296000165749998,3508.3636665,3508.89,0.03927466651625,3632.4847910000003,0.5228709560892149,-0.1844383589377291,0.011782369499999997,3422.537,-1.5890453949539836,1711382400000,-1.353550000000002,0.011,time,3631.94,range,2.541764798009585,1,1711396800000,3422.537,4050.7460000000005
main,A_ACCEPT,risk_half,84.39549999999997,1714089900000,1713657900000,1713657900000,0.053496653294500006,0.016046589,0.18177173380125414,1713957900000,0.05581570108879501,3283.276534635,3283.7691,0.10931235438329501,3146.8619585,0.4926447074491556,-0.02781657344110993,0.03279381141,3077.70045,4.500966660765597,1713643200000,4.670889400000004,0.034,target,3146.39,range,2.5377921845222002,1,1713657600000,3077.70045,3283.7691
main,A_ACCEPT,risk_half,66.423,1714925100000,1714493100000,1714493100000,0.0209708838955,0.006292208999999999,0.2330474901661069,1714820100000,0.022174651798915004,3167.8073998450004,3167.3323,0.043145535694415,2995.8405565,0.5105666333875251,0.02244724481073137,0.01294360683,3167.3323,-2.428234097713692,1714478400000,-2.394592200000001,0.014,stop,2996.29,range,2.549044601174114,-1,1714492800000,3167.3323,2654.2054
main,A_ACCEPT,risk_half,51.133500000000005,1715803500000,1715371500000,1715371500000,0.024685481622250007,0.0074067555,0.11803964931679961,1715803500000,0.025615361728000004,3013.571968,3013.12,0.05030084335025001,2904.1743085000003,0.5296190540599095,0.06207240414954353,0.015090211499999999,3048.17335,-1.847988650700705,1715356800000,-1.844669999999996,0.017,time,2904.61,range,2.5429740159298295,-1,1715371200000,3048.17335,2617.4833000000003
main,A_ACCEPT,risk_half,45.915499999999994,1716249900000,1715817900000,1715817900000,0.05156720392050001,0.015467841,0.0828965379093915,1715869200000,0.0503771859384525,2963.3638787325,2963.80845,0.10194438985895252,3033.3649365,0.5277737823107184,-0.00661524028080888,0.030583264095,2963.80845,-2.48859559423477,1715803200000,-2.3494526999999956,0.034,stop,3032.91,range,2.538354044303078,1,1715817600000,2963.80845,3171.1130999999996
main,A_ACCEPT,risk_half,70.47700000000009,1720598700000,1720166700000,1720166700000,0.014356296232500003,0.004307535,0.4420108468919486,1720514400000,0.015578974995775003,3115.7949991550004,3115.3277000000003,0.029935271228275006,2871.2592465000002,0.5240873570995055,0.02214911476032754,0.00898052655,3115.3277000000003,-2.4531436830179487,1720152000000,-2.4363770000000025,0.01,stop,2871.69,down,2.532132555317491,-1,1720166400000,3115.3277000000003,2384.4145999999996
main,A_ACCEPT,risk_half,44.23499999999994,1721462700000,1721030700000,1721030700000,0.03023373438000001,0.00906876,0.12126275489512185,1721462700000,0.0313324894215,3481.3877135,3481.91,0.06156622380150001,3359.3038200000005,0.49857210715406913,-0.06174170639095246,0.018469917000000002,3226.6065000000003,2.0742021528075343,1721016000000,2.2159799999999943,0.018000000000000002,time,3358.8,range,2.525999696109946,1,1721030400000,3226.6065000000003,3623.187
main,A_ACCEPT,risk_half,63.934499999999936,1722297900000,1721865900000,1721865900000,0.0383534161245,0.011507750999999998,0.27147866520367975,1721880300000,0.03600768099209751,3131.1026949650004,3130.6331,0.07436109711659751,3335.079663,0.5364928840536474,0.0,0.022308435194999997,3438.05345,4.617109167688392,1721851200000,4.713778699999998,0.023,target,3335.58,range,2.5311852014919647,-1,1721865600000,3438.05345,3130.6331
main,A_ACCEPT,risk_half,50.66099999999992,1722672300000,1722240300000,1722240300000,0.038706640125250005,0.011610250499999999,0.16207130594482388,1722270600000,0.037485686153522504,3259.624882915,3260.1139,0.07619232627877251,3365.7947935,0.5274243675037645,-0.007606246346217,0.022857643455,3260.1139,-2.5257065160799956,1722225600000,-2.419050300000003,0.023,stop,3365.29,range,2.5427279744111857,1,1722240000000,3260.1139,3575.6422000000002
main,A_ACCEPT,risk_half,57.67949999999998,1722931500000,1722499500000,1722499500000,0.0491390980295,0.014743940999999997,0.07461303601537239,1722611100000,0.0467708881310325,3017.476653615,3017.0240999999996,0.0959099861605325,3170.264389,0.5084458978499741,0.024822340021140657,0.028773103064999993,3247.59795,4.665332150795605,1722484800000,4.765192900000004,0.031,target,3170.74,range,2.5364137081209854,-1,1722499200000,3247.59795,3017.0240999999996
main,A_ACCEPT,risk_half,71.03599999999997,1723233900000,1722801900000,1722801900000,0.0192965950765,0.005789847,0.44665670123745954,1722819900000,0.016857287813940004,2408.1839734200007,2407.8228000000004,0.036153882890440005,2756.6564395,0.5374064762239039,-0.0006396488,0.01084627488,2931.6936,4.841820993429551,1722787200000,4.8894607999999975,0.014,target,2757.07,down,2.5480770384979747,-1,1722801600000,2931.6936,2407.8228000000004
main,A_ACCEPT,risk_half,48.53399999999997,1724889900000,1724457900000,1724457900000,0.031793298279500004,0.009536558999999998,0.046929713270743474,1724753100000,0.030548232977614997,2656.36808501,2656.7666,0.062341531257115,2764.634633,0.5122653117903287,-0.020406624929666873,0.018702403769999997,2656.7666,-2.5728787599567857,1724443200000,-2.471428199999997,0.023,stop,2764.22,range,2.5601815909815486,1,1724457600000,2656.7666,2979.1267999999995
main,A_ACCEPT,risk_half,38.522000000000006,1725206700000,1724774700000,1724774700000,0.024394905215250003,0.007319569499999999,0.2725307347294376,1725206700000,0.023603725027750006,2484.6026345000005,2484.23,0.04799863024300001,2567.8847595,0.5148212019990428,0.020369765195018156,0.014399624999999997,2694.8522,1.5547315099520127,1724760000000,1.5967599999999993,0.019,time,2568.27,range,2.5537493940816556,-1,1724774400000,2694.8522,2315.1056000000003
main,A_ACCEPT,risk_half,58.32149999999994,1726085100000,1725653100000,1725653100000,0.013322381343000003,0.003997313999999999,0.21994649200511834,1726085100000,0.014045526513000004,2340.9210855000006,2340.57,0.027367907856000007,2220.3968905,0.5377464249421228,0.004311550630030604,0.00821034,2415.1721500000003,-1.4693466972259743,1725638400000,-1.4380800000000018,0.012,time,2220.73,range,2.5576362228565355,-1,1725652800000,2415.1721500000003,1831.8456999999994
main,A_ACCEPT,risk_half,40.424499999999924,1726689900000,1726257900000,1726257900000,0.0374334641775,0.011228354999999999,0.33945384093933345,1726434600000,0.03621647873819625,2336.5470153675,2336.89755,0.07364994291569625,2415.062205,0.5074798324226337,-0.0028362415647320742,0.022094928607499998,2336.89755,-2.5104570630879315,1726243200000,-2.41187594999999,0.031,stop,2414.7,down,2.553962856113471,1,1726257600000,2336.89755,2570.304899999999
main,A_ACCEPT,risk_half,46.52,1727251500000,1726819500000,1726819500000,0.025527628570000002,0.00765714,0.03983711792964767,1727251500000,0.026224865680000004,2622.4865680000003,2622.88,0.05175249425,2552.762857,0.5265869793410419,-0.04437597394013081,0.01552578,2431.458,1.2983457518098713,1726804800000,1.41,0.02,time,2552.38,range,2.5476867134557515,1,1726819200000,2431.458,2794.224
main,A_ACCEPT,risk_half,52.68449999999996,1728345900000,1727913900000,1727913900000,0.0223780727855,0.006714429,0.06944765319607071,1728261900000,0.023594588932541252,2483.6409402675004,2483.26845,0.04597266171804125,2355.586609,0.5154579691562772,0.03004777161404725,0.0137917440825,2483.26845,-2.4489571841865017,1727899200000,-2.4192405499999996,0.019,stop,2355.94,range,2.5509325778352765,-1,1727913600000,2483.26845,2101.2831
main,A_ACCEPT,risk_half,29.101,1729325100000,1728893100000,1728893100000,0.03415107689325,0.0102437865,0.21911762956618935,1729325100000,0.035647477076249996,2640.5538575,2640.95,0.0697985539695,2529.7093995,0.5234355963160813,-0.10616972714396097,0.020939634,2439.0899,2.81683208488654,1728878400000,3.013739999999997,0.027,time,2529.33,range,2.54481018487481,1,1728892800000,2439.0899,2709.8102
main,A_ACCEPT,risk_half,37.080999999999946,1730145900000,1729713900000,1729713900000,0.0376427027475,0.011294504999999996,0.35551157521939586,1730149800000,0.037789467570000006,2519.2978380000004,2518.92,0.0754321703175,2509.5135164999997,0.5329801574198061,0.11244107101959001,0.022629644999999997,2590.4480999999996,-0.2565207442979314,1729699200000,-0.27090000000000597,0.03,time,2509.89,up,2.5518522650870263,-1,1729713600000,2590.4480999999996,2348.7738000000004
main,A_ACCEPT,risk_half,57.48700000000004,1731369900000,1730937900000,1730937900000,0.03669296811975001,0.0110062395,0.06551174510151155,1731010500000,0.03910319354101501,2896.5328548900006,2896.9674000000005,0.07579616166076503,2717.9976385000004,0.5130769712862803,-0.01902982461891258,0.02273895747,2627.9013,4.725624856250327,1730923200000,4.843189800000008,0.027,target,2717.59,range,2.551210963226282,1,1730937600000,2627.9013,2896.9674000000005
main,A_ACCEPT,risk_half,71.87450000000001,1731456300000,1731024300000,1731024300000,0.03925133181675,0.0117736335,0.17621261043891728,1731178800000,0.0416612960180775,3086.021927265,3086.4849,0.0809126278348275,2907.5060605000003,0.5000727495994034,-0.040187188379636994,0.024273897344999996,2817.3625500000003,4.6988285864405315,1731009600000,4.844202299999994,0.027,target,2907.07,range,2.563025025366908,1,1731024000000,2817.3625500000003,3086.4849
main,A_ACCEPT,risk_half,91.18349999999995,1733169900000,1732737900000,1732737900000,0.025219742394000006,0.007564788,0.24589472484254343,1733169900000,0.025322341079000003,3617.477297,3618.02,0.05054208347300001,3602.8203420000004,0.5072732610281281,-0.1365201088280698,0.01516263,3434.39165,0.018135177698922755,1732723200000,0.22035999999999695,0.014,time,3602.28,range,2.57477209683301,1,1732737600000,3434.39165,3938.0567000000005
main,A_ACCEPT,risk_half,76.97599999999997,1733774700000,1733342700000,1733342700000,0.02879974431375,0.0086386275,0.349929798714341,1733437500000,0.0276165748923,3682.20998564,3682.7624,0.05641631920605,3839.9659085000003,0.49181786245673365,-0.060417774351,0.0169248429,3682.7624,-2.4831729364570543,1733328000000,-2.349413999999997,0.015,stop,3839.39,up,2.574817434777257,1,1733342400000,3682.7624,4152.645199999999
main,A_ACCEPT,risk_half,103.50049999999999,1733947500000,1733515500000,1733515500000,0.020349651990000002,0.00610398,0.3641746234590985,1733758500000,0.019122180992537503,3824.4361985075,3825.00995,0.03947183298253751,4069.9303980000004,0.5104900082171003,-0.06853210657243175,0.011841494925000001,3825.00995,-2.5629459344799717,1733500800000,-2.4431005000000003,0.01,stop,4069.32,up,2.5686095024361144,1,1733515200000,3825.00995,4557.9401
main,A_ACCEPT,risk_half,67.29799999999997,1734206700000,1733774700000,1733774700000,0.030413437300000002,0.009125399999999999,0.5203393366247134,1733778300000,0.027986680572480004,3498.3350715600004,3497.8104000000003,0.058400117872480006,3801.6796625,0.5135754893814557,0.0,0.017520144959999998,3954.4698,4.795113337167516,1733760000000,4.871033599999995,0.016,target,3802.25,up,2.562202137599915,-1,1733774400000,3954.4698,3497.8104000000003
main,A_ACCEPT,risk_half,68.17049999999999,1734221100000,1733789100000,1733789100000,0.023981207279250003,0.0071954415,0.3236335751546278,1733972100000,0.025198930097623754,3876.7584765575007,3876.1770500000002,0.04918013737687375,3689.4165045,0.5475622869558148,0.028859189686366006,0.0147539867475,3876.1770500000002,-2.455766584438017,1733774400000,-2.420691650000006,0.013000000000000001,stop,3689.97,up,2.574189920942834,-1,1733788800000,3876.1770500000002,3317.555899999999
main,A_ACCEPT,risk_half,81.58949999999997,1734998700000,1734566700000,1734566700000,0.0163955403,0.004919400000000001,0.01642690823259231,1734998700000,0.015369805125000004,3415.51225,3415.0,0.03176534542500001,3643.4534,0.5378678592774309,0.03875311864068214,0.00952965,3916.15895,2.058458123215679,1734552000000,2.0610000000000004,0.009000000000000001,time,3644.0,range,2.5680505044817385,-1,1734566400000,3916.15895,3099.6821
main,A_ACCEPT,risk_half,50.46099999999994,1736366700000,1735934700000,1735934700000,0.0271194173025,0.008134605,0.26337833622955936,1736264100000,0.0259082674268625,3454.435656915,3454.9539,0.0530276847293625,3615.9223070000003,0.5303973264739252,-0.06010873674759001,0.015908251275,3454.9539,-2.535436172751957,1735920000000,-2.406391500000002,0.015,stop,3615.38,range,2.5731966497897782,1,1735934400000,3454.9539,3936.2322000000004
main,A_ACCEPT,risk_half,61.80900000000001,1736726700000,1736294700000,1736294700000,0.033781631995000005,0.01013601,0.02545563680017445,1736726700000,0.03273530956,3273.530956,3273.04,0.06651694155500001,3378.1631995000002,0.5097436745298126,0.0858897680372922,0.01995513,3497.0708999999997,2.1120176964822956,1736280000000,2.1126000000000023,0.02,time,3378.67,range,2.5668580593578985,-1,1736294400000,3497.0708999999997,3141.868200000001
main,A_ACCEPT,risk_half,57.25100000000002,1737216300000,1736784300000,1736784300000,0.0228774178725,0.0068642550000000005,0.18079470727829147,1736846400000,0.0240840503157375,3211.2067087650003,3210.7251,0.0469614681882375,3050.322383,0.5558657644476627,0.0060949468905,0.014088386474999999,3210.7251,-2.454131407772739,1736769600000,-2.3991764999999985,0.015,stop,3050.78,range,2.5721381035991038,-1,1736784000000,3210.7251,2730.8898000000004
main,A_ACCEPT,risk_half,81.64900000000003,1737417900000,1736985900000,1736985900000,0.0327306988685,0.009817737,0.07706711536824741,1737017100000,0.0314845950522325,3314.1679002349997,3314.6650999999997,0.0642152939207325,3445.3367230000003,0.5132165727772054,-0.005341454085222074,0.019264532534999997,3314.6650999999997,-2.5617643805409664,1736971200000,-2.4729431000000086,0.019,stop,3444.82,range,2.5660027750796717,1,1736985600000,3314.6650999999997,3705.129800000001
main,A_ACCEPT,risk_half,61.77449999999999,1738397100000,1737965100000,1737965100000,0.018320771472,0.005497056,0.08916251437332312,1738243500000,0.019559138130705006,3259.8563551175007,3259.36745,0.03787990960270501,3053.461912,0.5414885144302908,0.022865238252685986,0.01136391741,3259.36745,-2.491747988760025,1737950400000,-2.4653694000000015,0.012,stop,3053.92,range,2.559598364128319,-1,1737964800000,3259.36745,2643.0251
main,A_ACCEPT,risk_half,64.54949999999992,1738771500000,1738339500000,1738339500000,0.020570245074,0.006170147999999999,0.02033388717461825,1738403100000,0.019350667264455005,3225.1112107425006,3225.5950500000004,0.039920912338455,3428.3741790000004,0.5232419873316851,-0.0071718482400000005,0.01197621909,3225.5950500000004,-2.4862483796684525,1738324800000,-2.4271793999999973,0.012,stop,3427.86,range,2.553368994156419,1,1738339200000,3225.5950500000004,3832.3898999999997
main,A_ACCEPT,risk_half,67.21200000000002,1740888300000,1740456300000,1740456300000,0.01616742952175,0.0048509565,0.20352330224392015,1740710700000,0.013809030443910004,2124.4662221400004,2124.1476000000002,0.029976459965660007,2487.2968495,0.5061143030100268,0.01310688123437976,0.00899304432,2669.4312,4.699928576948716,1740441600000,4.725791199999998,0.013000000000000001,target,2487.67,range,2.5471533732072476,-1,1740456000000,2669.4312,2124.1476000000002
main,A_ACCEPT,risk_half,95.23599999999996,1741161900000,1740729900000,1740729900000,0.012695775348000002,0.0038093040000000003,0.23522457771556668,1740933300000,0.01393867208724,2323.11201454,2322.7635999999998,0.026634447435240002,2115.962558,0.5164721570416058,0.005242166801675621,0.00799027848,2322.7635999999998,-2.507185759113563,1740715200000,-2.477803199999995,0.012,stop,2116.28,range,2.5589031946496195,-1,1740729600000,2322.7635999999998,1703.312800000001
main,A_ACCEPT,risk_half,83.47999999999999,1741392300000,1740960300000,1740960300000,0.010005060534,0.003001068,0.05019771594709251,1741026300000,0.0088120060008,2203.0015002,2203.332,0.0188170665348,2501.2651335,0.4874022073950194,-0.0006987955840000002,0.0056450664,2203.332,-2.4056249285188005,1740945600000,-2.380464,0.008,stop,2500.89,range,2.5526352302518354,1,1740960000000,2203.332,3096.006
main,A_ACCEPT,risk_half,57.31000000000002,1741982700000,1741550700000,1741550700000,0.022434214363,0.006731273999999999,0.28461230425527423,1741598400000,0.023673251455150007,2152.1137686500006,2151.791,0.046107465818150006,2039.474033,0.5162622213906334,-0.0007124069914321799,0.013832184299999998,2151.791,-2.524894057109595,1741536000000,-2.464242000000004,0.022,stop,2039.78,range,2.5466211679305384,-1,1741550400000,2151.791,1815.7579999999996
main,A_ACCEPT,risk_half,36.846000000000025,1742832300000,1742400300000,1742400300000,0.021460493591250004,0.006437182499999999,0.2297961278967437,1742832300000,0.0219209213685,2087.706797,2088.02,0.04338141495975001,2043.8565325000002,0.5031888362770927,-0.012990799611055499,0.0130144455,1927.0454,0.8644833399291869,1742385600000,0.9338700000000006,0.021,time,2043.55,range,2.5403089327877644,1,1742400000000,1927.0454,2276.5591999999997
main,A_ACCEPT,risk_half,34.56600000000001,1743595500000,1743163500000,1743163500000,0.019881602312250002,0.0059653755,0.19403651036917785,1743595500000,0.019616942100000003,1868.2802000000001,1868.0,0.03949854441225001,1893.4859345,0.5212162108492067,0.007407692599455258,0.0118495755,2007.3366,0.4972295726872019,1743148800000,0.5411699999999997,0.021,time,1893.77,range,2.542470141137587,-1,1743163200000,2007.3366,1666.6367999999998
main,A_ACCEPT,risk_half,20.147000000000013,1745654700000,1745222700000,1745222700000,0.0304988641435,0.009148286999999998,0.2830020580347995,1745254800000,0.0292860144887925,1583.0278102050002,1583.2653,0.059784878632292496,1648.5872510000002,0.5356182876966132,-0.004812805525,0.017935409415,1583.2653,-2.4902969935722923,1745208000000,-2.407763899999996,0.037,stop,1648.34,range,2.5437132150693054,1,1745222400000,1583.2653,1778.4893999999997
main,A_ACCEPT,risk_half,35.093499999999985,1747123500000,1746691500000,1746691500000,0.018328248825000004,0.005497649999999999,0.4453239284211369,1746737400000,0.0206933931753525,2178.2519131950003,2178.5787,0.039021642000352505,1929.2893500000002,0.5234230158076398,-0.0033968186114064244,0.011706599294999998,1804.21065,4.6878702400932415,1746676800000,4.7419953,0.019,target,1929.0,up,2.5374874725853744,1,1746691200000,1804.21065,2178.5787
main,A_ACCEPT,risk_half,43.8165,1747181100000,1746749100000,1746749100000,0.01648109679375,0.0049435875,0.6821678723159947,1746913500000,0.018961905037537505,2528.2540050050006,2528.6333000000004,0.035443001831287506,2197.4795725000004,0.5046442556415648,-0.017328783048,0.010633012425000001,2031.40835,4.908844702695717,1746734400000,4.972249500000005,0.015,target,2197.15,up,2.549207148185608,1,1746748800000,2031.40835,2528.6333000000004
main,A_ACCEPT,risk_half,84.63249999999996,1747353900000,1746921900000,1746921900000,0.018115986990500002,0.005433980999999999,0.8274596484861478,1747075500000,0.016931767103912504,2418.8238719875003,2419.1867500000003,0.035047754094412506,2587.9981415,0.5175154034215023,-0.011448462635629705,0.010514273175,2419.1867500000003,-2.4149359899050404,1746907200000,-2.3579254999999977,0.014,stop,2587.61,up,2.561479259942347,1,1746921600000,2419.1867500000003,2924.4565
main,A_ACCEPT,risk_half,82.45350000000005,1748333100000,1747901100000,1747901100000,0.03289980923125001,0.009868462500000001,0.511432651942469,1748001600000,0.03168430476628125,2534.7443813024997,2535.1246499999997,0.06458411399753125,2631.9847385000003,0.4848766997101531,-0.019953225,0.0193751799375,2535.1246499999997,-2.5155462689350454,1747886400000,-2.4116337500000102,0.025,stop,2631.59,up,2.5554419199675844,1,1747900800000,2535.1246499999997,2824.520700000001
main,A_ACCEPT,risk_half,42.650999999999996,1748779500000,1748347500000,1748347500000,0.031738280028000006,0.009520055999999999,0.4640872048907781,1748622600000,0.03051820038318,2543.183365265,2543.5649,0.06225648041118001,2644.8566690000002,0.5540587977578971,-0.05822936279309492,0.01867688964,2543.5649,-2.560645132844286,1748332800000,-2.4214824000000044,0.024,stop,2644.46,up,2.5491530542952465,1,1748347200000,2543.5649,2846.2502000000004
main,A_ACCEPT,risk_half,36.67349999999995,1749960300000,1749528300000,1749528300000,0.026906535375000006,0.00807075,0.11123964088397766,1749773400000,0.025704870191025,2570.4870191024997,2570.87265,0.052611405566025005,2690.6535375000003,0.49697940865133483,-0.038757421085832876,0.01578336795,2570.87265,-2.4946991946018695,1749513600000,-2.387547000000004,0.02,stop,2690.25,range,2.542751441463136,1,1749528000000,2570.87265,2929.0047000000004
main,A_ACCEPT,risk_half,47.04850000000003,1752537900000,1752105900000,1752105900000,0.026326738418500004,0.007896837,0.3019251604300357,1752211800000,0.0286867384936775,3019.6566835450003,3020.1097000000004,0.055013476912177506,2771.2356230000005,0.5127352654585081,-0.00877161126393878,0.016504149645,2646.17515,4.656215062178881,1752091200000,4.736504300000005,0.019,target,2770.82,up,2.536514693476631,1,1752105600000,2646.17515,3020.1097000000004
main,A_ACCEPT,risk_half,65.17450000000004,1753128300000,1752696300000,1752696300000,0.015273760720500002,0.0045814409999999995,0.6198395281854343,1753128300000,0.016762460253750004,3724.9911675000003,3725.55,0.032036220974250004,3394.169049,0.5247556637947669,-0.04855784731568101,0.0096109335,3139.7425500000004,2.896804998210071,1752681600000,2.9870100000000033,0.009000000000000001,time,3393.66,up,2.5481552311320783,1,1752696000000,3139.7425500000004,3901.494899999999
main,A_ACCEPT,risk_half,71.75449999999994,1754107500000,1753675500000,1753675500000,0.06021335564875001,0.0180612975,0.8089105599011936,1753712100000,0.05900452351867124,3806.7434528174995,3807.3145499999996,0.11921787916742124,3884.7326225000006,0.4951031319075187,-0.012065944997300999,0.035765310157499994,3807.3145499999996,-2.548948084322258,1753660800000,-2.381898950000015,0.031,stop,3884.15,up,2.555397243627604,1,1753675200000,3807.3145499999996,4037.820900000001
main,A_ACCEPT,risk_half,82.69500000000002,1754525100000,1754093100000,1754093100000,0.026134179285,0.007841429999999998,0.32510568060831724,1754316000000,0.0273116673856875,3641.555651425,3641.0094999999997,0.0534458466706875,3484.557238,0.5439124119827381,0.014341729433463192,0.016033701374999994,3641.0094999999997,-2.394080318612229,1754078400000,-2.338942499999996,0.015,stop,3485.08,up,2.549024873416798,-1,1754092800000,3641.0094999999997,3173.2210000000005
main,A_ACCEPT,risk_half,73.98649999999998,1755014700000,1754582700000,1754582700000,0.0326107208745,0.009781749000000001,0.08362323963313671,1754715900000,0.03502305280394251,4120.359153405,4120.9773000000005,0.0676337736784425,3836.5553970000005,0.4769941705090987,-0.023021455952372174,0.020290241115000003,3693.48135,4.73400862925418,1754568000000,4.844954100000008,0.017,target,3835.98,range,2.5430396726202678,1,1754582400000,3693.48135,4120.9773000000005
main,A_ACCEPT,risk_half,82.13999999999999,1755216300000,1754784300000,1754784300000,0.06392878788,0.019175759999999997,0.2521104520517442,1754811300000,0.0627323787315,4182.1585821,4182.786,0.1266611666115,4261.919192,0.49937177708584757,0.0,0.037998297,4182.786,-2.5194794636115123,1754769600000,-2.3548199999999904,0.03,stop,4261.28,range,2.554874694193403,1,1754784000000,4182.786,4418.267999999999
main,A_ACCEPT,risk_half,96.08799999999997,1755461100000,1755029100000,1755029100000,0.0225311291625,0.006758325,0.3158281033932564,1755461100000,0.0222762080675,4455.2416135,4455.91,0.04480733723,4506.2258325,0.46842965174986617,-0.0516462979803382,0.01344219,4266.4912,-0.6062958252103375,1755014400000,-0.4964000000000033,0.01,time,4505.55,up,2.5485759955343745,1,1755028800000,4266.4912,4983.6676
main,A_ACCEPT,risk_half,94.88749999999996,1755936300000,1755504300000,1755504300000,0.023469159098,0.007041804,0.27584232011210624,1755871500000,0.024695891953218755,4490.162173312501,4489.48875,0.04816505105121875,4267.119836,0.5055017800352594,0.04028785419974222,0.014449460437499999,4489.48875,-2.461342907288991,1755489600000,-2.439016250000002,0.011,stop,4267.76,range,2.547060255971348,-1,1755504000000,4489.48875,3824.3025
main,A_ACCEPT,risk_half,66.24600000000005,1758153900000,1757721900000,1757721900000,0.032904514937,0.009869873999999999,0.038452992086056154,1757925900000,0.031671196407830005,4524.45662969,4525.1354,0.06457571134483,4700.644991,0.5274060302005513,-0.031190093340053977,0.01937265834,4525.1354,-2.5624028630248827,1757707200000,-2.447264399999993,0.014,stop,4699.94,range,2.540906898703126,1,1757721600000,4525.1354,5049.549199999999
main,A_ACCEPT,risk_half,65.369,1759766700000,1759334700000,1759334700000,0.028102934808000003,0.008429616000000001,0.1816221154457721,1759766700000,0.03038521653375001,4674.648697500001,4675.35,0.05848815134175001,4323.528432,0.5052284931265713,-0.051503998859616706,0.017546548500000002,4134.8331,4.454571301298642,1759320000000,4.582110000000004,0.013000000000000001,time,4322.88,range,2.534500891545564,1,1759334400000,4134.8331,4698.973800000001
main,A_ACCEPT,risk_half,68.65799999999999,1760213100000,1759781100000,1759781100000,0.03539870901,0.010618019999999999,0.0076676293208249304,1759849500000,0.034203375224025,4560.45002987,4561.1342,0.069602084234025,4719.827868,0.49886026554831747,-0.014038875,0.020880571949999996,4561.1342,-2.4743085311840227,1759766400000,-2.369786999999992,0.015,stop,4719.12,range,2.5456373197988102,1,1759780800000,4561.1342,5035.091599999999
main,A_ACCEPT,risk_half,98.622,1760558700000,1760126700000,1760126700000,0.0120471826515,0.0036146969999999996,0.0533816952628733,1760558700000,0.011974405891500003,3991.4686305000005,3990.87,0.024021588543000003,4015.7275505,0.5225454309007886,0.0029557085601228644,0.0072064799999999995,4398.2922,0.1244876400171187,1760112000000,0.15276000000000023,0.006,time,4016.33,range,2.5394515484708498,-1,1760126400000,4398.2922,3252.4056
main,A_ACCEPT,risk_half,58.55499999999995,1761926700000,1761494700000,1761494700000,0.04064549591000001,0.012191819999999999,0.2952297777023038,1761685500000,0.03942393052325,3942.393052325,3942.9845,0.08006942643325002,4064.5495910000004,0.5005406049729085,-0.031755741317377774,0.0240207735,3942.9845,-2.5549559412506344,1761480000000,-2.4191100000000008,0.02,stop,4063.94,range,2.5397627675708923,1,1761494400000,3942.9845,4305.851000000001
main,A_ACCEPT,risk_half,83.23399999999997,1762286700000,1761854700000,1761854700000,0.022117721844000002,0.006636311999999999,0.04197670107722288,1761939000000,0.023352582762060006,3892.097127010001,3891.5134000000003,0.04547030460606001,3686.286974,0.5205172159153604,0.004448574756308543,0.013641036119999998,3891.5134000000003,-2.51074356596976,1761840000000,-2.4560808000000014,0.012,stop,3686.84,range,2.533375377717766,-1,1761854400000,3891.5134000000003,3277.4932
main,A_ACCEPT,risk_half,81.07049999999997,1763165100000,1762733100000,1762733100000,0.060534178765000016,0.01815753,0.13945833573944688,1762872300000,0.0593532758229775,3491.3691660575,3491.89295,0.11988745458797752,3560.8340450000005,0.5065706907451757,-0.021012967532044773,0.035966184045,3491.89295,-2.5027063061650394,1762718400000,-2.325839700000009,0.034,stop,3560.3,range,2.527098518802841,1,1762732800000,3491.89295,3697.1141000000007
main,A_ACCEPT,risk_half,52.88399999999992,1765051500000,1764619500000,1764619500000,0.0357866212015,0.010737597000000002,0.3335524153795597,1764683700000,0.03698103552338,2844.69504026,2844.2684,0.07276765672488,2752.8170155000003,0.45535869983612764,0.009102698677450588,0.02183024376,2844.2684,-2.4524936018074244,1764604800000,-2.3669983999999977,0.026000000000000002,stop,2753.23,down,2.5208417530374287,-1,1764619200000,2844.2684,2571.1532
main,A_ACCEPT,risk_half,66.20999999999997,1765742700000,1765310700000,1765310700000,0.015069430075500006,0.004520151,0.06866789143471157,1765554000000,0.013904619494175001,3089.91544315,3090.379,0.028974049569675007,3348.7622390000006,0.5037522669761525,-0.009969750036014937,0.00869216265,3090.379,-2.368564962255695,1765296000000,-2.320929000000003,0.009000000000000001,stop,3348.26,range,2.51471051903291,1,1765310400000,3090.379,3864.022000000001
main,A_ACCEPT,risk_double,97.74300000000001,1641974700000,1641542700000,1641542700000,0.073925629492,0.022181015999999998,0.34501172830264026,1641974700000,0.0740869813805,3221.1731035000003,3220.69,0.1480126108725,3214.157804,0.515272457047427,0.07046360288247261,0.04440377699999999,3425.1243,-0.4002527849900417,1641528000000,-0.2783000000000084,0.046,time,3214.64,down,10.0,-1,1641542400000,3425.1243,2793.6713999999997
main,A_ACCEPT,risk_double,78.29549999999992,1642449900000,1642017900000,1642017900000,0.13350869330050003,0.040046601,0.4539479831801903,1642094100000,0.12870212456008376,3258.2816344325,3258.77045,0.26221081786058376,3379.9669190000004,0.513539512964809,-0.0164558763675,0.07866303083250001,3258.77045,-9.891804175060606,1642003200000,-9.534474450000005,0.079,stop,3379.46,down,9.995997472150101,1,1642017600000,3258.77045,3620.8391
main,A_ACCEPT,risk_double,84.47350000000002,1644451500000,1644019500000,1644019500000,0.12341585460175002,0.0370192035,0.17482385443270682,1644300600000,0.1329122252252425,3202.7042222949995,3203.1846999999993,0.2563280798269925,2973.8760145,0.5084453967096209,-0.15328706700560518,0.07689885301499999,2858.55265,18.58312610015235,1644004800000,19.06964009999996,0.083,target,2973.43,range,9.897079430399495,1,1644019200000,2858.55265,3203.1846999999993
main,A_ACCEPT,risk_double,86.04849999999996,1645056300000,1644624300000,1644624300000,0.07309503410000001,0.021931799999999998,0.24829772923806168,1644933900000,0.07800482021818753,3120.1928087275005,3119.72485,0.15109985431818754,2923.801364,0.5195852240349218,0.09109320196099051,0.045329736375,3119.72485,-9.879578888732226,1644609600000,-9.774242500000014,0.05,stop,2924.24,range,10.08291069140102,-1,1644624000000,3119.72485,2533.270299999999
main,A_ACCEPT,risk_double,81.12199999999993,1645646700000,1645214700000,1645214700000,0.11175243462000001,0.03353076,0.15445643400314377,1645488300000,0.10211393879360002,2552.8484698400002,2552.4656,0.21386637341360004,2793.8108655,0.4928577452383086,0.06076405564219087,0.0641603472,2915.1122,19.12388933502858,1645200000000,19.341152,0.08,target,2794.23,range,9.984114902513696,-1,1645214400000,2915.1122,2552.4656
main,A_ACCEPT,risk_double,84.54899999999991,1645934700000,1645502700000,1645502700000,0.078255199959,0.023480081999999996,0.0581104684607419,1645601700000,0.08319957996528501,2683.8574182350003,2683.4549,0.16145477992428503,2524.361289,0.5052148141396444,0.019049211003701556,0.04843621257,2683.4549,-10.031165581490605,1645488000000,-9.840323800000025,0.062,stop,2524.74,range,10.17535379586398,-1,1645502400000,2683.4549,2207.310199999999
main,A_ACCEPT,risk_double,100.04999999999998,1646121900000,1645689900000,1645689900000,0.05230837256700001,0.015694866,0.24125121168323843,1645732800000,0.057241254900500006,2601.8752227500004,2601.485,0.10954962746750002,2377.6532985000003,0.4880091065049299,-0.006628359241839016,0.032864667,2601.485,-9.98194265370934,1645675200000,-9.832899999999995,0.044,stop,2378.01,range,10.075042140049074,-1,1645689600000,2601.485,1931.0600000000004
main,A_ACCEPT,risk_double,59.92650000000001,1647057900000,1646625900000,1646625900000,0.09453681735,0.0283653,0.3207337297253568,1646661900000,0.09938963058365625,2650.3901488975002,2649.99265,0.19392644793365627,2520.981796,0.5102669656292462,-0.0018897075000000002,0.0581777173125,2649.99265,-9.901442622746172,1646611200000,-9.64744875,0.075,stop,2521.36,down,9.975222713511979,-1,1646625600000,2649.99265,2264.0947
main,A_ACCEPT,risk_double,78.0325000000001,1647245100000,1646813100000,1646813100000,0.07516519808875001,0.022546177499999997,0.1723033710935153,1646919600000,0.07035113137215625,2558.2229589875,2558.60675,0.14551632946090626,2733.2799305000003,0.520071602851272,-0.03808020018,0.043654683187499994,2558.60675,-9.81172996282842,1646798400000,-9.584478749999999,0.055,stop,2732.87,range,9.876208287284516,1,1646812800000,2558.60675,3081.3965
main,A_ACCEPT,risk_double,66.50950000000005,1647907500000,1647475500000,1647475500000,0.08735283596025001,0.0262019205,0.0034950948901930853,1647907500000,0.09095205514500002,2887.3668300000004,2887.8,0.17830489110525002,2773.1059035000003,0.5232253116594859,-0.2554557131049877,0.0534916305,2621.34905,6.764677765289767,1647460800000,7.251930000000008,0.063,time,2772.69,range,9.778090987656235,1,1647475200000,2621.34905,3075.3719000000006
main,A_ACCEPT,risk_double,44.716499999999996,1648872300000,1648440300000,1648440300000,0.10425921653700002,0.031273074,0.5276156395741063,1648872300000,0.10925175477825,3468.3096755,3468.83,0.21351097131525001,3309.8163980000004,0.5114360241079924,-0.3148604666643689,0.06405351749999999,3157.68835,9.456705044520366,1648425600000,10.049129999999986,0.063,time,3309.32,up,9.845737765309131,1,1648440000000,3157.68835,3612.5833000000007
main,A_ACCEPT,risk_double,55.676500000000075,1650125100000,1649693100000,1649693100000,0.08276698309,0.024833819999999996,0.1659185119955325,1650125100000,0.08287295407875002,3013.5619665000004,3013.11,0.16563993716875003,3009.708476,0.5150321795960107,-0.12274202665436044,0.0496919775,3185.91765,-0.5003239413231428,1649678400000,-0.16225000000001502,0.055,time,3010.16,range,9.940304815754335,-1,1649692800000,3185.91765,2658.6447
main,A_ACCEPT,risk_double,53.540000000000006,1650830700000,1650398700000,1650398700000,0.22006058413700003,0.066008274,0.21096229084096924,1650480000000,0.2153203531016,3032.6810296,3033.136,0.43538093723860005,3099.444847,0.5037492352110687,-0.07249487006111356,0.1306140708,3033.136,-9.988337878099761,1650384000000,-9.349848000000009,0.14200000000000002,stop,3098.98,range,9.935301576341104,1,1650398400000,3033.136,3230.668
main,A_ACCEPT,risk_double,59.41849999999997,1652213100000,1651781100000,1651781100000,0.05841512141725,0.017527165499999997,0.07242175493288067,1652115900000,0.04879224318881749,2269.4066599449993,2269.066299999999,0.10720736460606749,2716.9823914999997,0.5143920171978698,0.07873130195659202,0.03216264313499999,2941.5518500000003,19.217280394215543,1651766400000,19.277919100000037,0.043000000000000003,target,2717.39,range,9.835418197560108,-1,1651780800000,2941.5518500000003,2269.066299999999
main,A_ACCEPT,risk_double,122.00150000000001,1652745900000,1652313900000,1652313900000,0.04903714332500001,0.014713349999999998,0.41530033929146826,1652745900000,0.04755632737925001,2023.6735055000001,2023.37,0.09659347070425002,2086.6869500000003,0.5137721012867633,-0.06032994071205379,0.028978108499999995,2295.94015,2.804708480083701,1652299200000,2.990610000000005,0.047,time,2087.0,down,10.027591001502264,-1,1652313600000,2295.94015,1669.1197000000002
main,A_ACCEPT,risk_double,33.827499999999986,1654934700000,1654502700000,1654502700000,0.09578003985125001,0.0287297025,0.21678129927107373,1654561500000,0.09089329508533127,1799.8672294125001,1800.13725,0.18667333493658128,1896.6344525000002,0.5050029033957718,-0.03782837968734601,0.0560017818375,1800.13725,-9.997991246461433,1654488000000,-9.717487749999991,0.101,stop,1896.35,range,10.055638086303098,1,1654502400000,1800.13725,2088.7754999999997
main,A_ACCEPT,risk_double,49.57400000000005,1655337900000,1654905900000,1654905900000,0.11140294705100001,0.033425898,0.334516695957821,1654959000000,0.10180201641226,1519.43308078,1519.2051999999999,0.21320496346326,1662.730553,0.5358355057633053,-0.04154096663408507,0.06396192251999999,1734.8674,18.947115347382674,1654891200000,19.26582320000002,0.134,target,1662.98,down,9.955658173838483,-1,1654905600000,1734.8674,1519.2051999999999
main,A_ACCEPT,risk_double,69.39850000000003,1655553900000,1655121900000,1655121900000,0.034048212002,0.010215996,0.4220939882572851,1655553900000,0.028094093482000006,1003.3604815000001,1003.21,0.062142305484,1216.0075715,0.495610724223978,-0.07016761168020906,0.01864296,1394.93985,11.775927122835787,1655107200000,11.92688,0.056,time,1216.19,down,10.14512932731231,-1,1655121600000,1394.93985,858.6903000000002
main,A_ACCEPT,risk_double,42.36999999999999,1656518700000,1656086700000,1656086700000,0.09548825609025002,0.0286421805,0.5000833472245374,1656459300000,0.09045051388747502,1137.7423130500001,1137.913,0.18593876997772504,1201.1101395000003,0.5152811740267514,0.01727987934367564,0.055781405549999996,1137.913,-10.244143296184077,1656072000000,-10.019703000000009,0.159,stop,1200.93,down,10.262888598540664,1,1656086400000,1137.913,1326.9640000000002
main,A_ACCEPT,risk_double,38.30150000000001,1656893100000,1656461100000,1656461100000,0.10038414012,0.03011976,0.4639276177040071,1656579900000,0.09057611798004,1029.2740679550002,1029.1197000000002,0.19096025810004003,1140.728865,0.5135596669678728,-0.00019642202101831027,0.05728852008,1196.79015,19.424887599798915,1656446400000,19.67333279999998,0.176,target,1140.9,down,10.160447165578823,-1,1656460800000,1196.79015,1029.1197000000002
main,A_ACCEPT,risk_double,35.887000000000015,1657022700000,1656590700000,1656590700000,0.0625988387655,0.018782469,0.43034595644757884,1656635100000,0.06768405613575751,1100.553758305,1100.3887,0.1302828949012575,1017.867297,0.5002925081814051,-0.0450759566898,0.039084640515,1100.3887,-10.345793592106052,1656576000000,-10.131350099999999,0.123,stop,1018.02,down,10.35469604157681,-1,1656590400000,1100.3887,853.2826
main,A_ACCEPT,risk_double,30.14549999999999,1657425900000,1656993900000,1656993900000,0.14693646216375,0.044074327499999996,0.09016787573432568,1657021800000,0.14195829793576872,1113.3984151824998,1113.5654499999998,0.28889476009951875,1152.4428405,0.5284353247709834,-0.005201122698,0.0866682059625,1113.5654499999998,-10.250424338760103,1656979200000,-9.86966025000004,0.255,stop,1152.27,range,10.251238105655748,1,1656993600000,1113.5654499999998,1229.6791000000003
main,A_ACCEPT,risk_double,38.6155,1657656300000,1657224300000,1657224300000,0.094220690984,0.028261967999999995,0.11911429656350853,1657449900000,0.08924545337366999,1174.2822812324998,1174.4584499999999,0.18346614435767,1239.745934,0.5201414516419542,-0.09482824110468666,0.05503962065999999,1174.4584499999999,-10.228769606122388,1657209600000,-9.895435600000013,0.152,stop,1239.56,range,10.148733862268147,1,1657224000000,1174.4584499999999,1369.7631000000001
main,A_ACCEPT,risk_double,25.497000000000014,1658030700000,1657598700000,1657598700000,0.089146865964,0.026748071999999998,0.06324986072801875,1657813800000,0.09407628472631001,1147.271764955,1147.0997,0.18322315069031,1087.156902,0.5061207453293008,-0.13110538707504632,0.05496672461999999,1147.0997,-10.173166062385361,1657584000000,-9.803870800000007,0.164,stop,1087.32,range,10.046446166206922,-1,1657598400000,1147.0997,967.7605999999998
main,A_ACCEPT,risk_double,54.01350000000001,1658577900000,1658145900000,1658145900000,0.08115752180250001,0.024343604999999997,0.23233094366180382,1658577900000,0.08320526733749999,1512.8230425,1513.05,0.16436278914,1475.5913055,0.5034099140667219,-0.1819164409303365,0.049308929999999994,1387.59865,3.749211839929646,1658131200000,4.144800000000007,0.11,time,1475.37,range,9.944714505583066,1,1658145600000,1387.59865,1650.9126999999999
main,A_ACCEPT,risk_double,55.78900000000003,1659240300000,1658808300000,1658808300000,0.06307773691999999,0.018926159999999997,0.21059831043830796,1658944800000,0.06799102872474001,1545.2506528350002,1545.0189,0.13106876564474002,1433.58493,0.5046739275188363,0.036773980590196584,0.03932040948,1545.0189,-9.920878394534563,1658793600000,-9.787263200000005,0.088,stop,1433.8,range,9.982206623982362,-1,1658808000000,1545.0189,1211.3621999999998
main,A_ACCEPT,risk_double,48.39250000000003,1660795500000,1660363500000,1660363500000,0.11563976336300001,0.034686726,0.31236591361145144,1660500000000,0.11083069640147501,1910.8740758875,1911.16075,0.22647045976447502,1993.7890235000002,0.5197373926169502,-0.042887285409148705,0.06794092304999999,1911.16075,-9.887491668223635,1660348800000,-9.550193,0.116,stop,1993.49,up,9.882997840037016,1,1660363200000,1911.16075,2158.1485000000002
main,A_ACCEPT,risk_double,44.25150000000001,1661861100000,1661429100000,1661429100000,0.16361508358175,0.04907716349999999,0.07993638077285588,1661491200000,0.15889340058927376,1663.8052417725,1664.05485,0.32250848417102373,1713.2469485000001,0.5062365387943767,-0.0234889082291085,0.09675233495249999,1664.05485,-9.789363377352652,1661414400000,-9.346613650000004,0.191,stop,1712.99,range,9.784122923354781,1,1661428800000,1664.05485,1810.8603
main,A_ACCEPT,risk_double,39.55200000000002,1663977900000,1663545900000,1663545900000,0.069524489762,0.020860476000000003,0.17905759162303655,1663977900000,0.06902527223800002,1327.4090815000002,1327.21,0.13854976200000002,1337.0094185,0.5144289781471294,-0.15856454688096835,0.041564952,1427.8752000000002,0.7013207391190166,1663531200000,1.04,0.10400000000000001,time,1337.21,range,9.686229289581256,-1,1663545600000,1427.8752000000002,1155.8795999999998
main,A_ACCEPT,risk_double,14.218999999999994,1665893100000,1665461100000,1665461100000,0.17039653168575,0.0511266285,0.11181211030879548,1665664200000,0.16121290600915497,1207.5873109299998,1207.4061999999997,0.331609437694905,1276.3785145,0.5221389717442726,0.0195486980863312,0.09948324680999998,1311.1519,18.055190613581455,1665446400000,18.466734600000073,0.267,target,1276.57,range,9.693242496972447,-1,1665460800000,1311.1519,1207.4061999999997
main,A_ACCEPT,risk_double,15.006000000000006,1667001900000,1666569900000,1666569900000,0.11671987535550003,0.035010711,0.008086896839843772,1666717200000,0.12623046518961004,1476.3797098200005,1476.6012000000005,0.24295034054511006,1365.1447410000003,0.5545543085450408,-0.016624944695135282,0.07288553178000001,1309.1093999999998,18.761604382979787,1666555200000,19.09406520000008,0.171,target,1364.94,range,9.87379440310826,1,1666569600000,1309.1093999999998,1476.6012000000005
main,A_ACCEPT,risk_double,30.61650000000002,1668326700000,1667894700000,1667894700000,0.07880447755499999,0.02364489,0.3535237476739394,1667925000000,0.08372084369311751,1579.6385602475002,1579.40165,0.1625253212481175,1486.876935,0.5168402231481934,0.012213518167,0.048757376235,1579.40165,-9.983044079316137,1667880000000,-9.783974900000011,0.106,stop,1487.1,up,10.061410446938057,-1,1667894400000,1579.40165,1302.4966999999997
main,A_ACCEPT,risk_double,21.01149999999999,1669435500000,1669003500000,1669003500000,0.09612057975,0.028840499999999998,0.36910049150233926,1669230300000,0.10100119565716253,1188.2493606725002,1188.07115,0.19712177540716252,1130.83035,0.517856284527583,-0.015470865962706058,0.059136314324999995,1188.07115,-9.973824455694908,1668988800000,-9.702095499999999,0.17,stop,1131.0,down,9.961580006144896,-1,1669003200000,1188.07115,1016.8577
main,A_ACCEPT,risk_double,24.284000000000013,1671638700000,1671206700000,1671206700000,0.07395679981575,0.022190368499999998,0.11061883149629007,1671638700000,0.074755851696,1215.542304,1215.36,0.14871265151175,1202.5495905,0.5175368606810989,0.09172676616389623,0.04461376049999999,1281.1084,-1.6550896458478581,1671192000000,-1.5534899999999854,0.123,time,1202.73,range,9.861841761587947,-1,1671206400000,1281.1084,1045.9732
main,A_ACCEPT,risk_double,10.862000000000023,1673251500000,1672819500000,1672819500000,0.14221526409025,0.0426581805,0.18558944176921716,1673251500000,0.14876142743825,1310.6733694999998,1310.87,0.29097669152850003,1252.9979215,0.5050938707280378,-0.3392959033238532,0.08729330399999999,1211.0738000000001,12.462054101147586,1672804800000,13.179619999999987,0.227,time,1252.81,range,9.845290865129469,1,1672819200000,1211.0738000000001,1336.2823999999996
main,A_ACCEPT,risk_double,19.387499999999978,1673928300000,1673496300000,1673496300000,0.10508926102500002,0.031522049999999996,0.610779304885947,1673656500000,0.11470860362812502,1529.4480483750003,1529.6775000000002,0.21979786465312504,1401.1901470000003,0.5241127560728293,-0.12721464712574998,0.06593979375,1336.63125,18.891672694471136,1673481600000,19.304625000000033,0.15,target,1400.98,up,9.969911406140943,1,1673496000000,1336.63125,1529.6775000000002
main,A_ACCEPT,risk_double,26.71099999999999,1676909100000,1676477100000,1676477100000,0.19435930952400002,0.058299048,0.06939493682406293,1676493000000,0.20394057492441,1658.05345467,1658.3022,0.39829988444841,1580.1569880000002,0.5060198979072202,0.0,0.11949039917999998,1540.7289,18.76423091637156,1676462400000,19.282021200000003,0.246,target,1579.92,range,10.158828133085654,1,1676476800000,1540.7289,1658.3022
main,A_ACCEPT,risk_double,30.28299999999998,1676937900000,1676505900000,1676505900000,0.07962574207,0.023884139999999998,0.10044861547981236,1676937900000,0.08088938977125001,1702.9345215,1703.19,0.16051513184125002,1676.331412,0.5287688144046709,-0.24743224817694998,0.04815459749999999,1569.4017000000001,2.119348022481807,1676491200000,2.575450000000012,0.095,time,1676.08,range,10.34647044224937,1,1676505600000,1569.4017000000001,1889.4365999999995
main,A_ACCEPT,risk_double,42.312,1679112300000,1678680300000,1678680300000,0.09619188161825001,0.028853236499999997,0.12940719396509853,1678798800000,0.10625426966847,1756.26892014,1756.5324,0.20244615128672,1589.9484565000002,0.5077717373949014,-0.08001664999368702,0.06073429955999999,1506.2988,19.842313299159574,1678665600000,20.185510400000002,0.121,target,1589.71,range,10.36766392247419,1,1678680000000,1506.2988,1756.5324
main,A_ACCEPT,risk_double,45.693500000000014,1679544300000,1679112300000,1679112300000,0.10787837432925003,0.0323586585,0.18588605854560897,1679354100000,0.10272506260394876,1726.4716404025,1726.73065,0.21060343693319877,1813.0819215000001,0.5111142686929357,-0.16591572427924614,0.0631808006025,1726.73065,-10.683142611814956,1679097600000,-10.243442649999999,0.11900000000000001,stop,1812.81,range,10.566087055465784,1,1679112000000,1726.73065,1984.9687
main,A_ACCEPT,risk_double,20.411000000000012,1681617900000,1681185900000,1681185900000,0.20840442097475004,0.0625119495,0.28746904570575793,1681265400000,0.2033840834606525,1874.507681665,1874.7889,0.41178850443540255,1920.7780735000001,0.5205594516958305,-0.0681921609649,0.12353632819499999,1874.7889,-10.520655693595314,1681171200000,-9.917138699999999,0.217,stop,1920.49,range,10.459255629347636,1,1681185600000,1874.7889,2011.8922
main,A_ACCEPT,risk_double,28.90099999999999,1681833900000,1681401900000,1681401900000,0.12477496343750001,0.037426875,0.32728440974317996,1681833900000,0.13102846778125002,2096.4554845000002,2096.77,0.25580343121875004,1996.399415,0.5106949643751555,-0.39132032644100007,0.07674131249999999,1915.8799,11.859884929840266,1681387200000,12.583750000000009,0.125,time,1996.1,up,10.354049072411684,1,1681401600000,1915.8799,2156.5402
main,A_ACCEPT,risk_double,31.94549999999998,1682957100000,1682525100000,1682525100000,0.10542165087600001,0.031621751999999996,0.00761633208749127,1682537700000,0.100296727533855,1857.3468061825001,1857.62545,0.20571837840985502,1952.2527940000002,0.5226792880342925,0.0,0.06171528428999999,1857.62545,-10.455565062699865,1682510400000,-10.188131400000003,0.108,stop,1951.96,range,10.472647921710086,1,1682524800000,1857.62545,2140.6291
main,A_ACCEPT,risk_double,29.626500000000032,1684310700000,1683878700000,1683878700000,0.19969145178850004,0.059916423,0.12721616430963625,1683925800000,0.20466695621411626,1803.2330943975,1802.96265,0.4043584080026163,1759.3960510000002,0.5069752419946583,-0.0036735067684000003,0.1213073012325,1802.96265,-10.35904076600349,1683864000000,-9.829701549999967,0.227,stop,1759.66,range,10.368092271083087,-1,1683878400000,1802.96265,1673.0547000000004
main,A_ACCEPT,risk_double,17.314,1686427500000,1685995500000,1685995500000,0.13265200921349998,0.03980157299999999,0.1636006744344065,1686072300000,0.13763920568443502,1872.6422542100001,1872.3614,0.270291214897935,1804.789241,0.5158810335619711,0.010733788653191122,0.08108714186999999,1872.3614,-10.233950368114773,1685980800000,-9.893305800000007,0.147,stop,1805.06,range,10.264501863423051,-1,1685995200000,1872.3614,1670.4571999999998
main,A_ACCEPT,risk_double,20.051999999999985,1687737900000,1687305900000,1687305900000,0.14035785552075,0.0421010415,0.1095183849123474,1687393800000,0.15011033147229003,1912.2335219400004,1912.5204000000003,0.29046818699304,1787.9981595000002,0.5190003423527495,-0.03186277530768167,0.08714089692,1725.3347999999999,19.182620940779312,1687291200000,19.59209280000005,0.157,target,1787.73,range,10.162162359741904,1,1687305600000,1725.3347999999999,1912.5204000000003
main,A_ACCEPT,risk_double,33.616499999999995,1688601900000,1688169900000,1688169900000,0.10648001960750002,0.031939215,0.2700721243215112,1688601900000,0.10497925075,1908.7136500000001,1909.0,0.2114592703575,1936.0003565000002,0.5023375648802583,-0.31914381687166005,0.063437715,1844.52835,-3.532140802229164,1688155200000,-2.938100000000004,0.11,time,1935.71,range,10.3539885691497,1,1688169600000,1844.52835,2118.0733
main,A_ACCEPT,risk_double,23.456499999999984,1689725100000,1689293100000,1689293100000,0.13127710361225,0.0393772245,0.21480382459610933,1689359100000,0.12626075797001127,1927.6451598475,1927.93435,0.2575378615822613,2004.2305895000002,0.5232297917813078,-0.05226657439378201,0.0772611344775,1927.93435,-10.34249572045356,1689278400000,-9.955430150000009,0.131,stop,2003.93,range,10.318667161127408,1,1689292800000,1927.93435,2155.9213
main,A_ACCEPT,risk_double,18.133000000000038,1695744300000,1695312300000,1695312300000,0.183494911634,0.05505673199999999,0.023479531121958608,1695744300000,0.183647422982,1583.1674395000002,1582.93,0.367142334616,1581.8526865,0.5302287040026634,0.1835054618028176,0.11014269599999998,1623.9933,-0.48865956881326067,1695297600000,-0.19488000000003378,0.232,time,1582.09,range,10.215242203922871,-1,1695312000000,1623.9933,1498.2833999999996
main,A_ACCEPT,risk_double,17.98800000000002,1696363500000,1695931500000,1695931500000,0.20075942939800004,0.060218796,0.12041951374543082,1696198500000,0.21036295042356007,1738.5367803600004,1738.7976000000003,0.4111223798215601,1659.1688380000003,0.5028730200441188,-0.028037999707979877,0.12333714888,1618.9812,18.767881671590494,1695916800000,19.33037920000006,0.242,target,1658.92,range,10.210355608234737,1,1695931200000,1618.9812,1738.7976000000003
main,A_ACCEPT,risk_double,15.522500000000003,1697299500000,1696867500000,1696867500000,0.186508779486,0.055961028,0.025953744329590307,1697299500000,0.18373467606800004,1557.0735260000001,1556.84,0.37024345555400007,1580.582877,0.5148048279043291,0.2487053609096146,0.111073164,1622.78225,5.426668741355597,1696852800000,5.659280000000004,0.23600000000000002,time,1580.82,range,10.398034424950643,-1,1696867200000,1622.78225,1496.8954999999999
main,A_ACCEPT,risk_double,19.020999999999994,1698465900000,1698033900000,1698033900000,0.12984379864875,0.03894729749999999,0.017522594925034576,1698115200000,0.13986647318155498,1828.3199108699998,1828.5941999999998,0.269710271830305,1697.3045575,0.5184961624817737,-0.0359363364786,0.08091353438999999,1631.2779,19.739702457301053,1698019200000,20.126262599999972,0.153,target,1697.05,range,10.452301112364196,1,1698033600000,1631.2779,1828.5941999999998
main,A_ACCEPT,risk_double,38.34600000000004,1700021100000,1699589100000,1699589100000,0.09654227416925001,0.028958338499999993,0.7332305548555419,1699985400000,0.091360094629895,2007.91416769,2008.2154,0.18790236879914501,2121.8082235,0.4919924712294081,-0.5276713775445586,0.05637047870999999,2008.2154,-11.079932825053708,1699574400000,-10.307988599999975,0.091,stop,2121.49,up,10.649698136937204,1,1699588800000,2008.2154,2348.0391999999993
main,A_ACCEPT,risk_double,26.905999999999995,1700913900000,1700481900000,1700481900000,0.32645499590525,0.09792181049999998,0.23892430037030285,1700489400000,0.321524007263535,1990.86072609,1991.1594,0.6479790031687851,2021.3931635000001,0.4844474547887279,0.0,0.19439348342999999,1991.1594,-10.509956286598804,1700467200000,-9.667583799999973,0.323,stop,2021.09,range,10.538898808686668,1,1700481600000,1991.1594,2080.9511999999995
main,A_ACCEPT,risk_double,26.36699999999994,1701533100000,1701101100000,1701101100000,0.19956208619625002,0.0598776075,0.19611291687074203,1701189600000,0.20455359508749751,2055.815026005,2055.5067,0.40411568128374753,2005.6491075000001,0.5205586240710275,0.12095748651161502,0.12123448249499999,2055.5067,-10.26617597726714,1701086400000,-9.861783299999974,0.199,stop,2005.95,range,10.433799245820678,-1,1701100800000,2055.5067,1906.8366000000003
main,A_ACCEPT,risk_double,26.60699999999998,1701849900000,1701417900000,1701417900000,0.19276615058600002,0.05782117199999999,0.003994211287988083,1701642000000,0.20251050766667997,2201.2011702899995,2201.5313999999994,0.39527665825268,2095.2842455,0.5079063816684983,-0.273360406919672,0.11858343863999997,2041.6893,18.820077096187553,1701403200000,19.607297599999924,0.184,target,2094.97,range,10.331137486048005,1,1701417600000,2041.6893,2201.5313999999994
main,A_ACCEPT,risk_double,43.8085,1702411500000,1701979500000,1701979500000,0.10648096474925,0.031939498499999996,0.37579072401314917,1702260600000,0.10137240318330125,2227.9649051275,2228.29915,0.20785336793255127,2340.2409835000003,0.503229717811213,-0.45610212834616637,0.06235578189749999,2228.29915,-10.881078628176242,1701964800000,-10.154767350000004,0.091,stop,2339.89,up,10.519338257009881,1,1701979200000,2228.29915,2563.0717
main,A_ACCEPT,risk_double,32.468,1704139500000,1703707500000,1703707500000,0.1516815988275,0.045497655000000005,0.1660801876732775,1703888100000,0.14666345858079,2273.85207102,2274.1932,0.29834505740829,2351.652695,0.47506214173202976,-0.836553227513923,0.08950329342,2274.1932,-11.171178778342236,1703692800000,-9.946777200000003,0.129,stop,2351.3,range,10.410527470728118,1,1703707200000,2274.1932,2505.5136
main,A_ACCEPT,risk_double,55.31449999999991,1705349100000,1704917100000,1704917100000,0.090060467044,0.027014088,0.11600481618598583,1705349100000,0.09256471321000001,2536.0195400000002,2536.4,0.182625180254,2467.410056,0.5013838526226544,-0.280776548249238,0.054787668,2330.7485500000003,4.545090603496766,1704902400000,5.063280000000009,0.073,time,2467.04,range,10.298815682944696,1,1704916800000,2330.7485500000003,2739.6228999999994
main,A_ACCEPT,risk_double,31.0,1706400300000,1705968300000,1705968300000,0.16111505411625004,0.04834176750000001,0.08753579248778849,1706018700000,0.15131376866125007,2177.1765275000007,2176.8500000000004,0.3124288227775001,2318.2022175,0.512139969917834,0.032296450187500006,0.09372909000000001,2389.4,19.322438537409926,1705953600000,19.696299999999976,0.139,target,2318.55,range,10.344266588979663,-1,1705968000000,2389.4,2176.8500000000004
main,A_ACCEPT,risk_double,26.584000000000014,1707077100000,1706645100000,1706645100000,0.14379255564850002,0.043131297,0.2887502144450167,1706698200000,0.13867191289248001,2292.09773376,2292.4416,0.28246446854098006,2376.7364570000004,0.5070206281300347,-0.056658271679207006,0.08473911204,2292.4416,-10.580408252260213,1706630400000,-10.1565464,0.121,stop,2376.38,range,10.537490974353762,1,1706644800000,2292.4416,2544.2568
main,A_ACCEPT,risk_double,29.79450000000004,1707782700000,1707350700000,1707350700000,0.19884702258000003,0.059645159999999996,0.10320941347288234,1707751800000,0.20867336409952997,2544.7971231649994,2545.1788999999994,0.40752038667953,2424.96369,0.5386698555220809,-0.4571577384121811,0.12225656093999998,2364.31055,18.78800491396819,1707336000000,19.77493959999992,0.164,target,2424.6,range,10.43168689183116,1,1707350400000,2364.31055,2545.1788999999994
main,A_ACCEPT,risk_double,45.75999999999997,1708747500000,1708315500000,1708315500000,0.19633048515600005,0.058890312,0.6561315097699558,1708470900000,0.20633626091760005,3034.3567782000005,3034.8120000000004,0.4026667460736001,2887.2130170000005,0.4971986492312643,-0.32658437687332503,0.1208004768,2812.764,19.282300400253074,1708300800000,20.132352000000022,0.136,target,2886.78,up,10.61956694097084,1,1708315200000,2812.764,3034.8120000000004
main,A_ACCEPT,risk_double,45.647000000000006,1709337900000,1708905900000,1708905900000,0.1865979855,0.05597099999999999,0.6995540166726258,1708999500000,0.19679983959539996,3279.9973265899994,3280.4893999999995,0.3833978250954,3109.966425,0.5290874504611746,-0.25280098527957734,0.11501980919999998,3024.0053000000003,19.767509380424936,1708891200000,20.518727999999935,0.12,target,3109.5,up,10.812389944973372,1,1708905600000,3024.0053000000003,3280.4893999999995
main,A_ACCEPT,risk_double,57.3645,1710014700000,1709582700000,1709582700000,0.134868727275,0.04045455,0.6919336477476004,1709667300000,0.12951545289253125,3453.7454104675003,3454.26355,0.26438418016753124,3596.4993940000004,0.48603597910299173,-0.6202073759089953,0.07931501493749998,3454.26355,-11.591140321014036,1709568000000,-10.627233749999993,0.075,stop,3595.96,up,11.010065038777624,1,1709582400000,3454.26355,3879.3529
main,A_ACCEPT,risk_double,76.50649999999996,1710590700000,1710158700000,1710158700000,0.10101114940000003,0.0302988,0.6301628631234995,1710430500000,0.0956973769899375,3827.8950795974997,3828.46935,0.19670852638993752,4040.4459760000004,0.512095722760899,-0.9248358171026436,0.059012320125,3828.46935,-11.749089163617617,1710144000000,-10.568532500000016,0.05,stop,4039.84,up,10.894153635567484,1,1710158400000,3828.46935,4462.581300000001
main,A_ACCEPT,risk_double,78.72999999999998,1711829100000,1711397100000,1711397100000,0.09081211977500002,0.027239549999999998,0.04026980399870504,1711829100000,0.0877090916625,3508.3636665,3508.89,0.17852121143750002,3632.4847910000003,0.5228709560892149,-0.8383561769896777,0.053556225,3422.537,-7.222933613427198,1711382400000,-6.15250000000001,0.05,time,3631.94,range,10.77666274393131,1,1711396800000,3422.537,4050.7460000000005
main,A_ACCEPT,risk_double,84.39549999999997,1714089900000,1713657900000,1713657900000,0.23129435394974998,0.06937789949999999,0.18177173380125414,1713957900000,0.2413208252956725,3283.276534635,3283.7691,0.4726151792454225,3146.8619585,0.4926447074491556,-0.12026577340715174,0.14178500815499998,3077.70045,19.460061739192433,1713643200000,20.194727700000016,0.147,target,3146.39,range,10.70443340779703,1,1713657600000,3077.70045,3283.7691
main,A_ACCEPT,risk_double,66.423,1714925100000,1714493100000,1714493100000,0.0928710572515,0.027865497,0.2330474901661069,1714820100000,0.09820202939519501,3167.8073998450004,3167.3323,0.191073086646695,2995.8405565,0.5105666333875251,0.09940922701895322,0.05732168739,3167.3323,-10.75360814701778,1714478400000,-10.604622600000004,0.062,stop,2996.29,range,10.899034025188953,-1,1714492800000,3167.3323,2654.2054
main,A_ACCEPT,risk_double,51.133500000000005,1715803500000,1715371500000,1715371500000,0.10600236226025002,0.0318054795,0.11803964931679961,1715803500000,0.109995376832,3013.571968,3013.12,0.21599773909225,2904.1743085000003,0.5296190540599095,0.26654620605392215,0.06479914349999999,3048.17335,-7.935480676538321,1715356800000,-7.921229999999983,0.073,time,2904.61,range,10.791497943718774,-1,1715371200000,3048.17335,2617.4833000000003
main,A_ACCEPT,risk_double,45.915499999999994,1716249900000,1715817900000,1715817900000,0.2214356403645,0.06642072899999998,0.0828965379093915,1715869200000,0.21632556314747248,2963.3638787325,2963.80845,0.43776120351197245,3033.3649365,0.5277737823107184,-0.028406620029355775,0.131328134055,2963.80845,-10.686322257596364,1715803200000,-10.08882629999998,0.146,stop,3032.91,range,10.712143136953395,1,1715817600000,2963.80845,3171.1130999999996
main,A_ACCEPT,risk_double,70.47700000000009,1720598700000,1720166700000,1720166700000,0.060296444176500014,0.018091647,0.4420108468919486,1720514400000,0.06543169498225501,3115.7949991550004,3115.3277000000003,0.12572813915875503,2871.2592465000002,0.5240873570995055,0.09302628199337568,0.03771821151,3115.3277000000003,-10.303203468675385,1720152000000,-10.23278340000001,0.042,stop,2871.69,down,10.605279914377434,-1,1720166400000,3115.3277000000003,2384.4145999999996
main,A_ACCEPT,risk_double,44.23499999999994,1721462700000,1721030700000,1721030700000,0.12765354516000002,0.038290319999999996,0.12126275489512185,1721462700000,0.132292733113,3481.3877135,3481.91,0.259946278273,3359.3038200000005,0.49857210715406913,-0.2606872047617992,0.07798409399999999,3226.6065000000003,8.757742422965144,1721016000000,9.356359999999976,0.076,time,3358.8,range,10.502247879690682,1,1721030400000,3226.6065000000003,3623.187
main,A_ACCEPT,risk_double,63.934499999999936,1722297900000,1721865900000,1721865900000,0.16508644331850003,0.049533363,0.27147866520367975,1721880300000,0.15498958340076752,3131.1026949650004,3130.6331,0.32007602671926755,3335.079663,0.5364928840536474,0.0,0.09602326453499999,3438.05345,19.87364380874569,1721851200000,20.289743099999992,0.099,target,3335.58,range,10.58982530392033,-1,1721865600000,3438.05345,3130.6331
main,A_ACCEPT,risk_double,50.66099999999992,1722672300000,1722240300000,1722240300000,0.1649239448815,0.049469763,0.16207130594482388,1722270600000,0.15972161926283499,3259.624882915,3260.1139,0.324645564144335,3365.7947935,0.5274243675037645,-0.03240922356214201,0.09739343733,3260.1139,-10.761706025036501,1722225600000,-10.307257800000013,0.098,stop,3365.29,range,10.788561742007786,1,1722240000000,3260.1139,3575.6422000000002
main,A_ACCEPT,risk_double,57.67949999999998,1722931500000,1722499500000,1722499500000,0.2076523174795,0.06230504099999999,0.07461303601537239,1722611100000,0.19764472081178253,3017.476653615,3017.0240999999996,0.4052970382912825,3170.264389,0.5084458978499741,0.10489440460546537,0.12158956456499997,3247.59795,19.71479070174917,1722484800000,20.13678290000002,0.131,target,3170.74,range,10.680944681757422,-1,1722499200000,3247.59795,3017.0240999999996
main,A_ACCEPT,risk_double,71.03599999999997,1723233900000,1722801900000,1722801900000,0.08407802140475,0.0252271905,0.44665670123745954,1722819900000,0.07344961118931002,2408.1839734200007,2407.8228000000004,0.15752763259406002,2756.6564395,0.5374064762239039,-0.0027870411999999997,0.04725876912,2931.6936,21.096505757085897,1722787200000,21.304079199999986,0.061,target,2757.07,down,10.878092588774912,-1,1722801600000,2931.6936,2407.8228000000004
main,A_ACCEPT,risk_double,48.53399999999997,1724889900000,1724457900000,1724457900000,0.13684941433350004,0.041048667,0.046929713270743474,1724753100000,0.131490220207995,2656.36808501,2656.7666,0.268339634541495,2764.634633,0.5122653117903287,-0.08783721165378353,0.08050165101,2656.7666,-11.074565097205296,1724443200000,-10.637886599999987,0.099,stop,2764.22,range,11.08905764634577,1,1724457600000,2656.7666,2979.1267999999995
main,A_ACCEPT,risk_double,38.522000000000006,1725206700000,1724774700000,1724774700000,0.10785115989900002,0.032360202,0.2725307347294376,1725206700000,0.10435331064900003,2484.6026345000005,2484.23,0.21220447054800004,2567.8847595,0.5148212019990428,0.09005580402008026,0.0636615,2694.8522,6.873549833472057,1724760000000,7.059359999999997,0.084,time,2568.27,range,10.978311995373717,-1,1724774400000,2694.8522,2315.1056000000003
main,A_ACCEPT,risk_double,58.32149999999994,1726085100000,1725653100000,1725653100000,0.06106091448875001,0.0183210225,0.21994649200511834,1726085100000,0.06437532985125001,2340.9210855000006,2340.57,0.12543624434,2220.3968905,0.5377464249421228,0.019761273720973603,0.037630725000000004,2415.1721500000003,-6.73450569561905,1725638400000,-6.591200000000008,0.055,time,2220.73,range,11.047047493708437,-1,1725652800000,2415.1721500000003,1831.8456999999994
main,A_ACCEPT,risk_double,40.424499999999924,1726689900000,1726257900000,1726257900000,0.16301669883750003,0.04889767499999999,0.33945384093933345,1726434600000,0.15771692353730626,2336.5470153675,2336.89755,0.3207336223748063,2415.062205,0.5074798324226337,-0.012351374556091293,0.0962198503875,2336.89755,-10.932635597318411,1726243200000,-10.503330749999957,0.135,stop,2414.7,down,10.979702436752248,1,1726257600000,2336.89755,2570.304899999999
main,A_ACCEPT,risk_double,46.52,1727251500000,1726819500000,1726819500000,0.11104518427950003,0.033308559,0.03983711792964767,1727251500000,0.11407816570800003,2622.4865680000003,2622.88,0.22512334998750005,2552.762857,0.5265869793410419,-0.19303548663956907,0.067537143,2431.458,5.64780402037294,1726804800000,6.133500000000001,0.08700000000000001,time,2552.38,range,10.870376080779065,1,1726819200000,2431.458,2794.224
main,A_ACCEPT,risk_double,52.68449999999996,1728345900000,1727913900000,1727913900000,0.09775684427350001,0.029331453,0.06944765319607071,1728261900000,0.10307109902110127,2483.6409402675004,2483.26845,0.2008279432946013,2355.586609,0.5154579691562772,0.13126131810346958,0.0602481452025,2483.26845,-10.698076120393665,1727899200000,-10.568261349999998,0.083,stop,2355.94,range,10.926854120982796,-1,1727913600000,2483.26845,2101.2831
main,A_ACCEPT,risk_double,29.101,1729325100000,1728893100000,1728893100000,0.14545829047125,0.0436309425,0.21911762956618935,1729325100000,0.15183184680625,2640.5538575,2640.95,0.2972901372775,2529.7093995,0.5234355963160813,-0.4522043933909451,0.08918733,2439.0899,11.997618139331559,1728878400000,12.836299999999987,0.115,time,2529.33,range,10.819873359778855,1,1728892800000,2439.0899,2709.8102
main,A_ACCEPT,risk_double,37.080999999999946,1730145900000,1729713900000,1729713900000,0.16311837857249997,0.048942855,0.35551157521939586,1730149800000,0.16375435947000003,2519.2978380000004,2518.92,0.3268727380425,2509.5135164999997,0.5329801574198061,0.4872446410848901,0.09806179500000001,2590.4480999999996,-1.1115898919577027,1729699200000,-1.1739000000000261,0.13,time,2509.89,up,10.939849541172173,-1,1729713600000,2590.4480999999996,2348.7738000000004
main,A_ACCEPT,risk_double,57.48700000000004,1731369900000,1730937900000,1730937900000,0.15900286185225004,0.047693704499999996,0.06551174510151155,1731010500000,0.16944717201106504,2896.5328548900006,2896.9674000000005,0.32845003386331506,2717.9976385000004,0.5130769712862803,-0.0824625733486212,0.09853548237,2627.9013,20.477707710418084,1730923200000,20.987155800000036,0.117,target,2717.59,range,10.928733642252599,1,1730937600000,2627.9013,2896.9674000000005
main,A_ACCEPT,risk_double,71.87450000000001,1731456300000,1731024300000,1731024300000,0.17299661059975002,0.051891199500000006,0.17621261043891728,1731178800000,0.18361830467226753,3086.021927265,3086.4849,0.35661491527201755,2907.5060605000003,0.5000727495994034,-0.17712131174728904,0.106984954965,2817.3625500000003,20.709651918015673,1731009600000,21.350373099999974,0.11900000000000001,target,2907.07,range,11.133510719356778,1,1731024000000,2817.3625500000003,3086.4849
main,A_ACCEPT,risk_double,91.18349999999995,1733169900000,1732737900000,1732737900000,0.11709166111500002,0.035122230000000004,0.24589472484254343,1733169900000,0.11756801215250001,3617.477297,3618.02,0.23465967326750004,3602.8203420000004,0.5072732610281281,-0.6338433624160382,0.070397925,3434.39165,0.08419903931642736,1732723200000,1.023099999999986,0.065,time,3602.28,range,11.340607238536931,1,1732737600000,3434.39165,3938.0567000000005
main,A_ACCEPT,risk_double,76.97599999999997,1733774700000,1733342700000,1733342700000,0.13439880679750002,0.040313595,0.349929798714341,1733437500000,0.1288773494974,3682.20998564,3682.7624,0.26327615629490003,3839.9659085000003,0.49181786245673365,-0.28194961363800003,0.0789826002,3682.7624,-11.58814037013292,1733328000000,-10.963931999999987,0.07,stop,3839.39,up,11.341449228930097,1,1733342400000,3682.7624,4152.645199999999
main,A_ACCEPT,risk_double,103.50049999999999,1733947500000,1733515500000,1733515500000,0.09157343395500002,0.027467909999999998,0.3641746234590985,1733758500000,0.08604981446641875,3824.4361985075,3825.00995,0.17762324842141877,4069.9303980000004,0.5104900082171003,-0.30839447957594285,0.0532867271625,3825.00995,-11.533256705159872,1733500800000,-10.993952250000001,0.045,stop,4069.32,up,11.225567825228769,1,1733515200000,3825.00995,4557.9401
main,A_ACCEPT,risk_double,67.29799999999997,1734206700000,1733774700000,1733774700000,0.13305878818750003,0.039923625,0.5203393366247134,1733778300000,0.12244172750460003,3498.3350715600004,3497.8104000000003,0.2555005156921001,3801.6796625,0.5135754893814557,0.0,0.0766506342,3954.4698,20.978620850107884,1733760000000,21.310771999999982,0.07,target,3802.25,up,11.11023525817717,-1,1733774400000,3954.4698,3497.8104000000003
main,A_ACCEPT,risk_double,68.17049999999999,1734221100000,1733789100000,1733789100000,0.10883778688275002,0.0326562345,0.3236335751546278,1733972100000,0.11436437505844628,3876.7584765575007,3876.1770500000002,0.2232021619411963,3689.4165045,0.5475622869558148,0.13097632242273802,0.06696040139250001,3876.1770500000002,-11.145402190911001,1733774400000,-10.986215950000027,0.059000000000000004,stop,3689.97,up,11.320021466678247,-1,1733788800000,3876.1770500000002,3317.555899999999
main,A_ACCEPT,risk_double,81.58949999999997,1734998700000,1734566700000,1734566700000,0.072869068,0.021863999999999998,0.01642690823259231,1734998700000,0.068310245,3415.51225,3415.0,0.141179313,3643.4534,0.5378678592774309,0.1722360828474762,0.042353999999999996,3916.15895,9.148702769847464,1734552000000,9.16,0.04,time,3644.0,range,11.208567444769136,-1,1734566400000,3916.15895,3099.6821
main,A_ACCEPT,risk_double,50.46099999999994,1736366700000,1735934700000,1735934700000,0.12294135843800003,0.036876876,0.26337833622955936,1736264100000,0.11745081233511,3454.435656915,3454.9539,0.24039217077311004,3615.9223070000003,0.5303973264739252,-0.27249293992240803,0.07211740578,3454.9539,-11.493977316475538,1735920000000,-10.90897480000001,0.068,stop,3615.38,range,11.300054472467606,1,1735934400000,3454.9539,3936.2322000000004
main,A_ACCEPT,risk_double,61.80900000000001,1736726700000,1736294700000,1736294700000,0.15370642557725,0.0461188455,0.02545563680017445,1736726700000,0.148945658498,3273.530956,3273.04,0.30265208407525,3378.1631995000002,0.5097436745298126,0.3907984445696793,0.09079584149999999,3497.0708999999997,9.609680518994447,1736280000000,9.612330000000009,0.091,time,3378.67,range,11.185114699302849,-1,1736294400000,3497.0708999999997,3141.868200000001
main,A_ACCEPT,risk_double,57.25100000000002,1737216300000,1736784300000,1736784300000,0.103710961022,0.031117956,0.18079470727829147,1736846400000,0.10918102809801002,3211.2067087650003,3210.7251,0.21289198912001,3050.322383,0.5558657644476627,0.0276304259036,0.06386735202,3210.7251,-11.125395715236415,1736769600000,-10.876266799999994,0.068,stop,3050.78,range,11.281211504492795,-1,1736784000000,3210.7251,2730.8898000000004
main,A_ACCEPT,risk_double,81.64900000000003,1737417900000,1736985900000,1736985900000,0.14298147400450004,0.042888009000000005,0.07706711536824741,1737017100000,0.13753796785975247,3314.1679002349997,3314.6650999999997,0.2805194418642525,3445.3367230000003,0.5132165727772054,-0.02333372047754906,0.08415558949499999,3314.6650999999997,-11.190865451836856,1736971200000,-10.802856700000039,0.083,stop,3444.82,range,11.169957547340427,1,1736985600000,3314.6650999999997,3705.129800000001
main,A_ACCEPT,risk_double,61.77449999999999,1738397100000,1737965100000,1737965100000,0.07939000971200001,0.023820576,0.08916251437332312,1738243500000,0.08475626523305503,3259.8563551175007,3259.36745,0.16414627494505504,3053.461912,0.5414885144302908,0.09908269909497261,0.04924364211,3259.36745,-10.797574617960109,1737950400000,-10.683267400000007,0.052000000000000005,stop,3053.92,range,11.05804889282206,-1,1737964800000,3259.36745,2643.0251
main,A_ACCEPT,risk_double,64.54949999999992,1738771500000,1738339500000,1738339500000,0.0908519157435,0.027251486999999998,0.02033388717461825,1738403100000,0.08546544708467625,3225.1112107425006,3225.5950500000004,0.17631736282817626,3428.3741790000004,0.5232419873316851,-0.031675663060000005,0.0528949676475,3225.5950500000004,-10.980930343535663,1738324800000,-10.720042349999988,0.053,stop,3427.86,range,10.95007314664246,1,1738339200000,3225.5950500000004,3832.3898999999997
main,A_ACCEPT,risk_double,67.21200000000002,1740888300000,1740456300000,1740456300000,0.0721316086355,0.021642729,0.20352330224392015,1740710700000,0.06160952044206002,2124.4662221400004,2124.1476000000002,0.13374112907756003,2487.2968495,0.5061143030100268,0.058476854738002,0.04012281312,2669.4312,20.968912112540423,1740441600000,21.084299199999993,0.058,target,2487.67,range,10.840263843207104,-1,1740456000000,2669.4312,2124.1476000000002
main,A_ACCEPT,risk_double,95.23599999999996,1741161900000,1740729900000,1740729900000,0.05501502650800001,0.016506984000000002,0.23522457771556668,1740933300000,0.06040091237804,2323.11201454,2322.7635999999998,0.11541593888604001,2115.962558,0.5164721570416058,0.022716056140594357,0.03462454008,2322.7635999999998,-10.864471622825437,1740715200000,-10.737147199999978,0.052000000000000005,stop,2116.28,range,11.04995296433251,-1,1740729600000,2322.7635999999998,1703.312800000001
main,A_ACCEPT,risk_double,83.47999999999999,1741392300000,1740960300000,1740960300000,0.045022772403000004,0.013504806,0.05019771594709251,1741026300000,0.03965402700360001,2203.0015002,2203.332,0.08467679940660001,2501.2651335,0.4874022073950194,-0.0031445801280000005,0.0254027988,2203.332,-10.825312178334602,1740945600000,-10.712088000000001,0.036000000000000004,stop,2500.89,range,10.941308248104258,1,1740960000000,2203.332,3096.006
main,A_ACCEPT,risk_double,57.31000000000002,1741982700000,1741550700000,1741550700000,0.095855279551,0.028760897999999997,0.28461230425527423,1741598400000,0.10114934712655003,2152.1137686500006,2151.791,0.19700462667755003,2039.474033,0.5162622213906334,-0.0030439207815738606,0.0591011511,2151.791,-10.788183698559179,1741536000000,-10.529034000000019,0.094,stop,2039.78,range,10.833055126320913,-1,1741550400000,2151.791,1815.7579999999996
main,A_ACCEPT,risk_double,36.846000000000025,1742832300000,1742400300000,1742400300000,0.0919735439625,0.027587924999999996,0.2297961278967437,1742832300000,0.09394680586499998,2087.706797,2088.02,0.1859203498275,2043.8565325000002,0.5031888362770927,-0.05567485547595213,0.05577619499999999,1927.0454,3.704928599696516,1742385600000,4.002300000000003,0.09,time,2043.55,range,10.725173289335322,1,1742400000000,1927.0454,2276.5591999999997
main,A_ACCEPT,risk_double,34.56600000000001,1743595500000,1743163500000,1743163500000,0.087100352987,0.026134025999999994,0.19403651036917785,1743595500000,0.08594088920000001,1868.2802000000001,1868.0,0.173041242187,1893.4859345,0.5212162108492067,0.03245274853094684,0.05191242599999999,2007.3366,2.1783390803439313,1743148800000,2.3708399999999985,0.092,time,1893.77,range,10.762222575332284,-1,1743163200000,2007.3366,1666.6367999999998
main,A_ACCEPT,risk_double,20.147000000000013,1745654700000,1745222700000,1745222700000,0.13188698008,0.03956016,0.2830020580347995,1745254800000,0.12664222481640003,1583.0278102050002,1583.2653,0.2585292048964,1648.5872510000002,0.5356182876966132,-0.020812132,0.0775585272,1583.2653,-10.768851864096401,1745208000000,-10.411951999999983,0.16,stop,1648.34,range,10.784005966135727,1,1745222400000,1583.2653,1778.4893999999997
main,A_ACCEPT,risk_double,35.093499999999985,1747123500000,1746691500000,1746691500000,0.08006550802500001,0.024016049999999997,0.4453239284211369,1746737400000,0.09039745439759252,2178.2519131950003,2178.5787,0.1704629624225925,1929.2893500000002,0.5234230158076398,-0.014838733934038593,0.051139354814999996,1804.21065,20.47859104882837,1746676800000,20.715032100000002,0.083,target,1929.0,up,10.676317447494762,1,1746691200000,1804.21065,2178.5787
main,A_ACCEPT,risk_double,43.8165,1747181100000,1746749100000,1746749100000,0.07031934632,0.02109264,0.6821678723159947,1746913500000,0.08090412816016003,2528.2540050050006,2528.6333000000004,0.15122347448016005,2197.4795725000004,0.5046442556415648,-0.0739361410048,0.04536751968,2031.40835,20.944404064835055,1746734400000,21.21493120000002,0.064,target,2197.15,up,10.881103357983045,1,1746748800000,2031.40835,2528.6333000000004
main,A_ACCEPT,risk_double,84.63249999999996,1747353900000,1746921900000,1746921900000,0.08281594052800001,0.024841056,0.8274596484861478,1747075500000,0.0774023639036,2418.8238719875003,2419.1867500000003,0.1602183044316,2587.9981415,0.5175154034215023,-0.05233582919145008,0.0480652488,2419.1867500000003,-11.039707382423046,1746907200000,-10.77908799999999,0.064,stop,2587.61,up,11.090547398631397,1,1746921600000,2419.1867500000003,2924.4565
main,A_ACCEPT,risk_double,82.45350000000005,1748333100000,1747901100000,1747901100000,0.14344316824825,0.043026496500000004,0.511432651942469,1748001600000,0.13814356878098624,2534.7443813024997,2535.1246499999997,0.28158673702923626,2631.9847385000003,0.4848766997101531,-0.08699606100000001,0.08447578452749999,2535.1246499999997,-10.967781732556796,1747886400000,-10.514723150000043,0.109,stop,2631.59,up,10.980150324807166,1,1747900800000,2535.1246499999997,2824.520700000001
main,A_ACCEPT,risk_double,42.650999999999996,1748779500000,1748347500000,1748347500000,0.13753254678800003,0.041253576,0.4640872048907781,1748622600000,0.13224553499378003,2543.183365265,2543.5649,0.2697780817817801,2644.8566690000002,0.5540587977578971,-0.25232723877007796,0.08093318844,2543.5649,-11.096128908991906,1748332800000,-10.49309040000002,0.10400000000000001,stop,2644.46,up,10.870472507481598,1,1748347200000,2543.5649,2846.2502000000004
main,A_ACCEPT,risk_double,36.67349999999995,1749960300000,1749528300000,1749528300000,0.11704342888125002,0.0351077625,0.11123964088397766,1749773400000,0.11181618533095875,2570.4870191024997,2570.87265,0.22885961421220877,2690.6535375000003,0.49697940865133483,-0.168594781723373,0.06865765058250001,2570.87265,-10.851941496518132,1749513600000,-10.385829450000019,0.08700000000000001,stop,2690.25,range,10.759511218391681,1,1749528000000,2570.87265,2929.0047000000004
main,A_ACCEPT,risk_double,47.04850000000003,1752537900000,1752105900000,1752105900000,0.11500627835450003,0.034496709,0.3019251604300357,1752211800000,0.12531575236711753,3019.6566835450003,3020.1097000000004,0.24032203072161756,2771.2356230000005,0.5127352654585081,-0.03831809131089046,0.072097074765,2646.17515,20.340307903202476,1752091200000,20.69104510000002,0.083,target,2770.82,up,10.650991803426496,1,1752105600000,2646.17515,3020.1097000000004
main,A_ACCEPT,risk_double,65.17450000000004,1753128300000,1752696300000,1752696300000,0.071277550029,0.021380058,0.6198395281854343,1753128300000,0.0782248145175,3724.9911675000003,3725.55,0.1495023645465,3394.169049,0.5247556637947669,-0.226603287473178,0.044851023000000004,3139.7425500000004,13.518423324980331,1752681600000,13.939380000000014,0.042,time,3393.66,up,10.854394882458521,1,1752696000000,3139.7425500000004,3901.494899999999
main,A_ACCEPT,risk_double,71.75449999999994,1754107500000,1753675500000,1753675500000,0.2602770857075001,0.078071415,0.8089105599011936,1753712100000,0.25505181133877247,3806.7434528174995,3807.3145499999996,0.5153288970462726,3884.7326225000006,0.4951031319075187,-0.05215602031091401,0.154598437455,3807.3145499999996,-11.01803365481234,1753660800000,-10.295950300000067,0.134,stop,3884.15,up,10.989579115708327,1,1753675200000,3807.3145499999996,4037.820900000001
main,A_ACCEPT,risk_double,82.69500000000002,1754525100000,1754093100000,1754093100000,0.11673266747300001,0.035025054,0.32510568060831724,1754316000000,0.12199211432273752,3641.555651425,3641.0094999999997,0.23872478179573753,3484.557238,0.5439124119827381,0.06405972480280227,0.071617199475,3641.0094999999997,-10.693558756467954,1754078400000,-10.447276499999983,0.067,stop,3485.08,up,10.879398779160207,-1,1754092800000,3641.0094999999997,3173.2210000000005
main,A_ACCEPT,risk_double,73.98649999999998,1755014700000,1754582700000,1754582700000,0.1400342719905,0.042003980999999996,0.08362323963313671,1754715900000,0.1503931090992825,4120.359153405,4120.9773000000005,0.2904273810897825,3836.5553970000005,0.4769941705090987,-0.09885684026606872,0.087128682435,3693.48135,20.328389996209115,1754568000000,20.80480290000003,0.073,target,3835.98,range,10.772463191595527,1,1754582400000,3693.48135,4120.9773000000005
main,A_ACCEPT,risk_double,82.13999999999999,1755216300000,1754784300000,1754784300000,0.27702474748000006,0.08309496,0.2521104520517442,1754811300000,0.27184030783650004,4182.1585821,4182.786,0.5488650553165001,4261.919192,0.49937177708584757,0.0,0.164659287,4182.786,-10.917744342316556,1754769600000,-10.20421999999996,0.13,stop,4261.28,range,10.975747091557619,1,1754784000000,4182.786,4418.267999999999
main,A_ACCEPT,risk_double,96.08799999999997,1755461100000,1755029100000,1755029100000,0.099136968315,0.02973663,0.3158281033932564,1755461100000,0.098015315497,4455.2416135,4455.91,0.197152283812,4506.2258325,0.46842965174986617,-0.22724371111348807,0.059145635999999994,4266.4912,-2.667701630925485,1755014400000,-2.184160000000014,0.044,time,4505.55,up,10.866569648134453,1,1755028800000,4266.4912,4983.6676
main,A_ACCEPT,risk_double,94.88749999999996,1755936300000,1755504300000,1755504300000,0.100277316146,0.030087707999999998,0.27584232011210624,1755871500000,0.10551881107284378,4490.162173312501,4489.48875,0.20579612721884377,4267.119836,0.5055017800352594,0.17213901339889853,0.0617386036875,4489.48875,-10.516646967507508,1755489600000,-10.42125125000001,0.047,stop,4267.76,range,10.8398926318252,-1,1755504000000,4489.48875,3824.3025
main,A_ACCEPT,risk_double,66.24600000000005,1758153900000,1757721900000,1757721900000,0.13866902723450003,0.04159446899999999,0.038452992086056154,1757925900000,0.13347147057585504,4524.45662969,4525.1354,0.2721404978103551,4700.644991,0.5274060302005513,-0.1314439647902275,0.08164191728999998,4525.1354,-10.798697779890576,1757707200000,-10.31347139999997,0.059000000000000004,stop,4699.94,range,10.734726162150123,1,1757721600000,4525.1354,5049.549199999999
main,A_ACCEPT,risk_double,65.369,1759766700000,1759334700000,1759334700000,0.11673526766400001,0.035015328,0.1816221154457721,1759766700000,0.12621551483250001,4674.648697500001,4675.35,0.24295078249650004,4323.528432,0.5052284931265713,-0.21393968757071552,0.07288566299999999,4134.8331,18.50360386693282,1759320000000,19.033380000000015,0.054,time,4322.88,range,10.626739184351218,1,1759334400000,4134.8331,4698.973800000001
main,A_ACCEPT,risk_double,68.65799999999999,1760213100000,1759781100000,1759781100000,0.15339440571000004,0.04601142,0.0076676293208249304,1759849500000,0.14821462597077503,4560.45002987,4561.1342,0.3016090316807751,4719.827868,0.49886026554831747,-0.060835125000000004,0.09048247845,4561.1342,-10.722003635130767,1759766400000,-10.269076999999966,0.065,stop,4719.12,range,10.811775223020547,1,1759780800000,4561.1342,5035.091599999999
main,A_ACCEPT,risk_double,98.622,1760558700000,1760126700000,1760126700000,0.05421232193175,0.0162661365,0.0533816952628733,1760558700000,0.05388482651175001,3991.4686305000005,3990.87,0.1080971484435,4015.7275505,0.5225454309007886,0.013300688520552889,0.03242916,4398.2922,0.5601943800770343,1760112000000,0.6874200000000009,0.027,time,4016.33,range,10.704555186669241,-1,1760126400000,4398.2922,3252.4056
main,A_ACCEPT,risk_double,58.55499999999995,1761926700000,1761494700000,1761494700000,0.17071108282200004,0.051205644,0.2952297777023038,1761685500000,0.16558050819765,3942.393052325,3942.9845,0.33629159101965,4064.5495910000004,0.5005406049729085,-0.13337411353298664,0.1008872487,3942.9845,-10.730814953252665,1761480000000,-10.160262000000003,0.084,stop,4063.94,range,10.71015713047001,1,1761494400000,3942.9845,4305.851000000001
main,A_ACCEPT,risk_double,83.23399999999997,1762286700000,1761854700000,1761854700000,0.09215717435000001,0.0276513,0.04197670107722288,1761939000000,0.09730242817525003,3892.097127010001,3891.5134000000003,0.18945960252525004,3686.286974,0.5205172159153604,0.0185357281512856,0.0568376505,3891.5134000000003,-10.461431524874001,1761840000000,-10.233670000000007,0.05,stop,3686.84,range,10.602848980937484,-1,1761854400000,3891.5134000000003,3277.4932
main,A_ACCEPT,risk_double,81.07049999999997,1763165100000,1762733100000,1762733100000,0.2545996342175001,0.076368435,0.13945833573944688,1762872300000,0.24963289537311129,3491.3691660575,3491.89295,0.5042325295906114,3560.8340450000005,0.5065706907451757,-0.08837806932595302,0.1512695387775,3491.89295,-10.526088287694137,1762718400000,-9.782208150000038,0.14300000000000002,stop,3560.3,range,10.498234665688745,1,1762732800000,3491.89295,3697.1141000000007
main,A_ACCEPT,risk_double,52.88399999999992,1765051500000,1764619500000,1764619500000,0.15002852734475003,0.0450153105,0.3335524153795597,1764683700000,0.15503587969417001,2844.69504026,2844.2684,0.30506440703892,2752.8170155000003,0.45535869983612764,0.03816131368623515,0.09151909884,2844.2684,-10.281607792192661,1764604800000,-9.92318559999999,0.109,stop,2753.23,down,10.3929737828118,-1,1764619200000,2844.2684,2571.1532
main,A_ACCEPT,risk_double,66.20999999999997,1765742700000,1765310700000,1765310700000,0.06530086366050002,0.019587321,0.06866789143471157,1765554000000,0.060253351141425,3089.91544315,3090.379,0.12555421480192502,3348.7622390000006,0.5037522669761525,-0.04320225015606471,0.03766603815,3090.379,-10.263781503108008,1765296000000,-10.057359000000012,0.039,stop,3348.26,range,10.290157704889872,1,1765310400000,3090.379,3864.022000000001
main,A_ACCEPT,flow55,15.006000000000006,1667001900000,1666569900000,1666569900000,0.058701223863000015,0.017607726,0.008086896839843772,1666717200000,0.06348432752226002,1476.3797098200005,1476.6012000000005,0.12218555138526004,1365.1447410000003,0.5545543085450408,-0.008361083296968622,0.036655881480000006,1309.1093999999998,9.435660683837787,1666555200000,9.60286320000004,0.08600000000000001,target,1364.94,range,5.0,1,1666569600000,1309.1093999999998,1476.6012000000005
main,A_ACCEPT,flow55,57.25100000000002,1737216300000,1736784300000,1736784300000,0.045754835745,0.013728510000000001,0.18079470727829147,1736846400000,0.048168100631475,3211.2067087650003,3210.7251,0.093922936376475,3050.322383,0.5558657644476627,0.012189893781,0.028176772949999998,3210.7251,-4.908262815545478,1736769600000,-4.798352999999997,0.03,stop,3050.78,range,5.047178303419189,-1,1736784000000,3210.7251,2730.8898000000004
main,A_ACCEPT,flow55,42.650999999999996,1748779500000,1748347500000,1748347500000,0.06347656005600001,0.019040111999999998,0.4640872048907781,1748622600000,0.06103640076636,2543.183365265,2543.5649,0.12451296082236002,2644.8566690000002,0.5540587977578971,-0.11645872558618985,0.03735377928,2543.5649,-5.121290265688572,1748332800000,-4.842964800000009,0.048,stop,2644.46,up,5.0226369893414615,1,1748347200000,2543.5649,2846.2502000000004
main,A_ACCEPT,min50,97.74300000000001,1641974700000,1641542700000,1641542700000,0.036962814746,0.011090507999999999,0.34501172830264026,1641974700000,0.03704349069025,3221.1731035000003,3220.69,0.07400630543625,3214.157804,0.515272457047427,0.035231801441236305,0.022201888499999996,3425.1243,-0.20012639249502084,1641528000000,-0.1391500000000042,0.023,time,3214.64,down,5.0,-1,1641542400000,3425.1243,2793.6713999999997
main,A_ACCEPT,min50,78.29549999999992,1642449900000,1642017900000,1642017900000,0.06590935492050001,0.019769840999999996,0.4539479831801903,1642094100000,0.06353649187143376,3258.2816344325,3258.77045,0.12944584679193377,3379.9669190000004,0.513539512964809,-0.0081237870675,0.038833648132499995,3258.77045,-4.883295731991944,1642003200000,-4.7068924500000024,0.039,stop,3379.46,down,4.998999368037524,1,1642017600000,3258.77045,3620.8391
main,A_ACCEPT,min50,84.47350000000002,1644451500000,1644019500000,1644019500000,0.06096445829725001,0.0182865945,0.17482385443270682,1644300600000,0.06565543655704749,3202.7042222949995,3203.1846999999993,0.1266198948542975,2973.8760145,0.5084453967096209,-0.07572011743650375,0.03798618040499999,2858.55265,9.179616507304173,1644004800000,9.41994269999998,0.041,target,2973.43,range,4.974582889377565,1,1644019200000,2858.55265,3203.1846999999993
main,A_ACCEPT,min50,86.04849999999996,1645056300000,1644624300000,1644624300000,0.036547517050000006,0.010965899999999999,0.24829772923806168,1644933900000,0.03900241010909376,3120.1928087275005,3119.72485,0.07554992715909377,2923.801364,0.5195852240349218,0.045546600980495254,0.0226648681875,3119.72485,-4.939789444366113,1644609600000,-4.887121250000007,0.025,stop,2924.24,range,5.020480971914086,-1,1644624000000,3119.72485,2533.270299999999
main,A_ACCEPT,min50,81.12199999999993,1645646700000,1645214700000,1645214700000,0.055876217310000004,0.01676538,0.15445643400314377,1645488300000,0.05105696939680001,2552.8484698400002,2552.4656,0.10693318670680002,2793.8108655,0.4928577452383086,0.030382027821095434,0.0320801736,2915.1122,9.56194466751429,1645200000000,9.670576,0.04,target,2794.23,range,4.995782024692256,-1,1645214400000,2915.1122,2552.4656
main,A_ACCEPT,min50,84.54899999999991,1645934700000,1645502700000,1645502700000,0.0391275999795,0.011740040999999998,0.0581104684607419,1645601700000,0.04159978998264251,2683.8574182350003,2683.4549,0.08072738996214252,2524.361289,0.5052148141396444,0.009524605501850778,0.024218106285,2683.4549,-5.015582790745302,1645488000000,-4.9201619000000125,0.031,stop,2524.74,range,5.0435917480298285,-1,1645502400000,2683.4549,2207.310199999999
main,A_ACCEPT,min50,100.04999999999998,1646121900000,1645689900000,1645689900000,0.026154186283500004,0.007847433,0.24125121168323843,1645732800000,0.028620627450250003,2601.8752227500004,2601.485,0.05477481373375001,2377.6532985000003,0.4880091065049299,-0.003314179620919508,0.0164323335,2601.485,-4.99097132685467,1645675200000,-4.9164499999999975,0.022,stop,2378.01,range,5.018513834076102,-1,1645689600000,2601.485,1931.0600000000004
main,A_ACCEPT,min50,59.92650000000001,1647057900000,1646625900000,1646625900000,0.046638163226,0.013993547999999998,0.3207337297253568,1646661900000,0.04903221775460375,2650.3901488975002,2649.99265,0.09567038098060375,2520.981796,0.5102669656292462,-0.0009322557,0.028701007207499997,2649.99265,-4.884711693888112,1646611200000,-4.75940805,0.037,stop,2521.36,down,4.993558977441828,-1,1646625600000,2649.99265,2264.0947
main,A_ACCEPT,min50,78.0325000000001,1647245100000,1646813100000,1646813100000,0.03689927906175,0.011068123499999997,0.1723033710935153,1646919600000,0.03453600994633125,2558.2229589875,2558.60675,0.07143528900808124,2733.2799305000003,0.520071602851272,-0.018693916452,0.021430480837499995,2558.60675,-4.816667436297587,1646798400000,-4.705107749999999,0.027,stop,2732.87,range,4.969135418972387,1,1646812800000,2558.60675,3081.3965
main,A_ACCEPT,min50,66.50950000000005,1647907500000,1647475500000,1647475500000,0.042983141504250005,0.012893008499999999,0.0034950948901930853,1647907500000,0.044754185865000004,2887.3668300000004,2887.8,0.08773732736925001,2773.1059035000003,0.5232253116594859,-0.12570043025800987,0.026321278499999996,2621.34905,3.328650963872743,1647460800000,3.568410000000004,0.031,time,2772.69,range,4.945052081790899,1,1647475200000,2621.34905,3075.3719000000006
main,A_ACCEPT,min50,44.716499999999996,1648872300000,1648440300000,1648440300000,0.051302154169000004,0.015388338,0.5276156395741063,1648872300000,0.05375879997025,3468.3096755,3468.83,0.10506095413925001,3309.8163980000004,0.5114360241079924,-0.1549313407396101,0.031518397499999996,3157.68835,4.653299307621132,1648425600000,4.944809999999992,0.031,time,3309.32,up,4.961695336610261,1,1648440000000,3157.68835,3612.5833000000007
main,A_ACCEPT,min50,55.676500000000075,1650125100000,1649693100000,1649693100000,0.040631064425999994,0.012191147999999997,0.1659185119955325,1650125100000,0.040683086547750005,3013.5619665000004,3013.11,0.08131415097375,3009.708476,0.5150321795960107,-0.06025517672123146,0.024394243499999996,3185.91765,-0.24561357119499735,1649678400000,-0.07965000000000737,0.027,time,3010.16,range,4.984961833148367,-1,1649692800000,3185.91765,2658.6447
main,A_ACCEPT,min50,53.540000000000006,1650830700000,1650398700000,1650398700000,0.11003029206850001,0.033004137,0.21096229084096924,1650480000000,0.1076601765508,3032.6810296,3033.136,0.21769046861930003,3099.444847,0.5037492352110687,-0.03624743503055678,0.0653070354,3033.136,-4.994168939049881,1650384000000,-4.674924000000004,0.07100000000000001,stop,3098.98,range,4.983733765292392,1,1650398400000,3033.136,3230.668
main,A_ACCEPT,min50,59.41849999999997,1652213100000,1651781100000,1651781100000,0.02852831511075,0.0085597785,0.07242175493288067,1652115900000,0.023828769929422497,2269.4066599449993,2269.066299999999,0.0523570850401725,2716.9823914999997,0.5143920171978698,0.0384501707229868,0.015707337344999996,2941.5518500000003,9.385183448337823,1651766400000,9.414797700000017,0.021,target,2717.39,range,4.958762920597143,-1,1651780800000,2941.5518500000003,2269.066299999999
main,A_ACCEPT,min50,33.827499999999986,1654934700000,1654502700000,1654502700000,0.04741586131250001,0.014222624999999997,0.21678129927107373,1654561500000,0.04499668073531251,1799.8672294125001,1800.13725,0.09241254204781252,1896.6344525000002,0.5050029033957718,-0.0187269206373,0.027723654374999997,1800.13725,-4.9495006170601155,1654488000000,-4.810637499999996,0.05,stop,1896.35,range,5.005688837838831,1,1654502400000,1800.13725,2088.7754999999997
main,A_ACCEPT,min50,49.57400000000005,1655337900000,1654905900000,1654905900000,0.055701473525500006,0.016712949,0.334516695957821,1654959000000,0.05090100820613,1519.43308078,1519.2051999999999,0.10660248173163,1662.730553,0.5358355057633053,-0.020770483317042534,0.031980961259999996,1734.8674,9.473557673691337,1654891200000,9.63291160000001,0.067,target,1662.98,down,4.98094133475353,-1,1654905600000,1734.8674,1519.2051999999999
main,A_ACCEPT,min50,42.36999999999999,1656518700000,1656086700000,1656086700000,0.04624274037075001,0.013870741499999999,0.5000833472245374,1656459300000,0.043803079052425004,1137.7423130500001,1137.913,0.09004581942317502,1201.1101395000003,0.5152811740267514,0.008368243455742289,0.02701363665,1137.913,-4.961000212617445,1656072000000,-4.852309000000004,0.077,stop,1200.93,down,5.028309123121987,1,1656086400000,1137.913,1326.9640000000002
main,A_ACCEPT,min50,38.30150000000001,1656893100000,1656461100000,1656461100000,0.049621705627500005,0.014888745000000002,0.4639276177040071,1656579900000,0.04477342195604251,1029.2740679550002,1029.1197000000002,0.09439512758354252,1140.728865,0.5135596669678728,-9.709497629882373e-05,0.028318757085000007,1196.79015,9.602075120355146,1656446400000,9.724886099999992,0.08700000000000001,target,1140.9,down,5.0035041220589,-1,1656460800000,1196.79015,1029.1197000000002
main,A_ACCEPT,min50,35.887000000000015,1657022700000,1656590700000,1656590700000,0.03053601891,0.009162179999999999,0.43034595644757884,1656635100000,0.03301661274915,1100.553758305,1100.3887,0.06355263165915,1017.867297,0.5002925081814051,-0.021988271556,0.0190656783,1100.3887,-5.046728581515149,1656576000000,-4.9421219999999995,0.06,stop,1018.02,down,5.051514497660676,-1,1656590400000,1100.3887,853.2826
main,A_ACCEPT,min50,30.14549999999999,1657425900000,1656993900000,1656993900000,0.07202767753125001,0.021605062499999998,0.09016787573432568,1657021800000,0.06958740094890624,1113.3984151824998,1113.5654499999998,0.14161507848015625,1152.4428405,0.5284353247709834,-0.00254956995,0.04248441468749999,1113.5654499999998,-5.0247178131176975,1656979200000,-4.838068750000019,0.125,stop,1152.27,range,5.026280854753101,1,1656993600000,1113.5654499999998,1229.6791000000003
main,A_ACCEPT,min50,38.6155,1657656300000,1657224300000,1657224300000,0.046490472525,0.013945049999999999,0.11911429656350853,1657449900000,0.04403558554621874,1174.2822812324998,1174.4584499999999,0.09052605807121875,1239.745934,0.5201414516419542,-0.046790250545075664,0.027157707562499994,1174.4584499999999,-5.0470902661788095,1657209600000,-4.882616250000006,0.075,stop,1239.56,range,5.001157265687512,1,1657224000000,1174.4584499999999,1369.7631000000001
main,A_ACCEPT,min50,25.497000000000014,1658030700000,1657598700000,1657598700000,0.044029854531,0.013210937999999998,0.06324986072801875,1657813800000,0.0464645064806775,1147.271764955,1147.0997,0.0904943610116775,1087.156902,0.5061207453293008,-0.06475327044560214,0.027148199355,1147.0997,-5.024551530812283,1657584000000,-4.842155700000004,0.081,stop,1087.32,range,4.975921814356619,-1,1657598400000,1147.0997,967.7605999999998
main,A_ACCEPT,min50,54.01350000000001,1658577900000,1658145900000,1658145900000,0.040578760901250004,0.012171802499999999,0.23233094366180382,1658577900000,0.04160263366874999,1512.8230425,1513.05,0.08218139457,1475.5913055,0.5034099140667219,-0.09095822046516824,0.024654464999999997,1387.59865,1.874605919964823,1658131200000,2.0724000000000036,0.055,time,1475.37,range,4.950799056702557,1,1658145600000,1387.59865,1650.9126999999999
main,A_ACCEPT,min50,55.78900000000003,1659240300000,1658808300000,1658808300000,0.030822075995000003,0.00924801,0.21059831043830796,1658944800000,0.0332228890359525,1545.2506528350002,1545.0189,0.0640449650309525,1433.58493,0.5046739275188363,0.017969104152027873,0.019213381905,1545.0189,-4.847701942783934,1658793600000,-4.782412700000004,0.043000000000000003,stop,1433.8,range,4.960172086302382,-1,1658808000000,1545.0189,1211.3621999999998
main,A_ACCEPT,min50,48.39250000000003,1660795500000,1660363500000,1660363500000,0.057819881681500006,0.017343363,0.31236591361145144,1660500000000,0.055415348200737506,1910.8740758875,1911.16075,0.11323522988223751,1993.7890235000002,0.5197373926169502,-0.021443642704574353,0.033970461524999995,1911.16075,-4.943745834111818,1660348800000,-4.7750965,0.058,stop,1993.49,up,4.935933576588463,1,1660363200000,1911.16075,2158.1485000000002
main,A_ACCEPT,min50,44.25150000000001,1661861100000,1661429100000,1661429100000,0.082235853528,0.024667056,0.07993638077285588,1661491200000,0.07986265160508,1663.8052417725,1664.05485,0.16209850513308,1713.2469485000001,0.5062365387943767,-0.011805943403112125,0.048629445839999993,1664.05485,-4.920308294376203,1661414400000,-4.697774400000002,0.096,stop,1712.99,range,4.911214847417904,1,1661428800000,1664.05485,1810.8603
main,A_ACCEPT,min50,39.55200000000002,1663977900000,1663545900000,1663545900000,0.034762244881,0.010430238000000001,0.17905759162303655,1663977900000,0.03451263611900001,1327.4090815000002,1327.21,0.06927488100000001,1337.0094185,0.5144289781471294,-0.07928227344048418,0.020782476,1427.8752000000002,0.3506603695595083,1663531200000,0.52,0.052000000000000005,time,1337.21,range,4.886613305946023,-1,1663545600000,1427.8752000000002,1155.8795999999998
main,A_ACCEPT,min50,14.218999999999994,1665893100000,1665461100000,1665461100000,0.0855173604715,0.025659057,0.11181211030879548,1665664200000,0.08090834983231,1207.5873109299998,1207.4061999999997,0.16642571030381,1276.3785145,0.5221389717442726,0.009810957092016405,0.049927921619999996,1311.1519,9.061406525168222,1665446400000,9.267949200000036,0.134,target,1276.57,range,4.88836660779382,-1,1665460800000,1311.1519,1207.4061999999997
main,A_ACCEPT,min50,15.006000000000006,1667001900000,1666569900000,1666569900000,0.05801865149250002,0.017402985,0.008086896839843772,1666717200000,0.06274613766735003,1476.3797098200005,1476.6012000000005,0.12076478915985005,1365.1447410000003,0.5545543085450408,-0.00826386139816666,0.036229650300000006,1309.1093999999998,9.325943699142,1666555200000,9.49120200000004,0.085,target,1364.94,range,4.933673640419662,1,1666569600000,1309.1093999999998,1476.6012000000005
main,A_ACCEPT,min50,30.61650000000002,1668326700000,1667894700000,1667894700000,0.038658800310000005,0.01159938,0.3535237476739394,1667925000000,0.04107060256643501,1579.6385602475002,1579.40165,0.07972940287643501,1486.876935,0.5168402231481934,0.005991537214000001,0.023918712869999997,1579.40165,-4.897342378532446,1667880000000,-4.799685800000006,0.052000000000000005,stop,1487.1,up,4.980303358915372,-1,1667894400000,1579.40165,1302.4966999999997
main,A_ACCEPT,min50,21.01149999999999,1669435500000,1669003500000,1669003500000,0.0474948747,0.014250599999999999,0.36910049150233926,1669230300000,0.04990647314824501,1188.2493606725002,1188.07115,0.09740134784824502,1130.83035,0.517856284527583,-0.007644427887454758,0.02922029649,1188.07115,-4.9282426722257195,1668988800000,-4.7939766,0.084,stop,1131.0,down,4.95581664702271,-1,1669003200000,1188.07115,1016.8577
main,A_ACCEPT,min50,24.284000000000013,1671638700000,1671206700000,1671206700000,0.03667776251025,0.011004979499999998,0.11061883149629007,1671638700000,0.037074040272,1215.542304,1215.36,0.07375180278224999,1202.5495905,0.5175368606810989,0.045490510048761555,0.022125523499999994,1281.1084,-0.8208168162334907,1671192000000,-0.7704299999999927,0.061,time,1202.73,range,4.931175433661582,-1,1671206400000,1281.1084,1045.9732
main,A_ACCEPT,min50,10.862000000000023,1673251500000,1672819500000,1672819500000,0.07079438256475001,0.021235129499999998,0.18558944176921716,1673251500000,0.07405304537674999,1310.6733694999998,1310.87,0.14484742794150002,1252.9979215,0.5050938707280378,-0.16890060385724853,0.043454375999999996,1211.0738000000001,6.203577592201222,1672804800000,6.560779999999994,0.113,time,1252.81,range,4.927071349580415,1,1672819200000,1211.0738000000001,1336.2823999999996
main,A_ACCEPT,min50,19.387499999999978,1673928300000,1673496300000,1673496300000,0.051844035439000014,0.015550877999999997,0.610779304885947,1673656500000,0.05658957778987501,1529.4480483750003,1529.6775000000002,0.10843361322887501,1401.1901470000003,0.5241127560728293,-0.06275922591536999,0.03253029825,1336.63125,9.31989186260576,1673481600000,9.523615000000015,0.074,target,1400.98,up,4.958089237541421,1,1673496000000,1336.63125,1529.6775000000002
main,A_ACCEPT,min50,26.71099999999999,1676909100000,1676477100000,1676477100000,0.09559949777400002,0.028675548,0.06939493682406293,1676493000000,0.100312234007535,1658.05345467,1658.3022,0.19591173178153504,1580.1569880000002,0.5060198979072202,0.0,0.058773732929999996,1540.7289,9.22956073528845,1676462400000,9.484246200000001,0.121,target,1579.92,range,5.00468869685445,1,1676476800000,1540.7289,1658.3022
main,A_ACCEPT,min50,30.28299999999998,1676937900000,1676505900000,1676505900000,0.038555622475999994,0.011564951999999998,0.10044861547981236,1676937900000,0.0391674939945,1702.9345215,1703.19,0.0777231164705,1676.331412,0.5287688144046709,-0.11980929911726,0.023316962999999996,1569.4017000000001,1.0262106214122435,1676491200000,1.2470600000000058,0.046,time,1676.08,range,5.050836500530893,1,1676505600000,1569.4017000000001,1889.4365999999995
main,A_ACCEPT,min50,42.312,1679112300000,1678680300000,1678680300000,0.04690347946675001,0.0140689335,0.12940719396509853,1678798800000,0.05180993314413001,1756.26892014,1756.5324,0.09871341261088001,1589.9484565000002,0.5077717373949014,-0.039016383054773,0.02961424524,1506.2988,9.675177559094339,1678665600000,9.842521600000001,0.059000000000000004,target,1589.71,range,5.055967553637955,1,1678680000000,1506.2988,1756.5324
main,A_ACCEPT,min50,45.693500000000014,1679544300000,1679112300000,1679112300000,0.05167283476275001,0.015499525499999998,0.18588605854560897,1679354100000,0.049204441751471255,1726.4716404025,1726.73065,0.10087727651422126,1813.0819215000001,0.5111142686929357,-0.07947223767997505,0.030263072557499996,1726.73065,-5.117135536751703,1679097600000,-4.9065229499999985,0.057,stop,1812.81,range,5.104343441433428,1,1679112000000,1726.73065,1984.9687
main,A_ACCEPT,min50,20.411000000000012,1681617900000,1681185900000,1681185900000,0.10084084885875001,0.030247717499999993,0.28746904570575793,1681265400000,0.09841165328741251,1874.507681665,1874.7889,0.19925250214616252,1920.7780735000001,0.5205594516958305,-0.0329962069185,0.05977564267499999,1874.7889,-5.090639851739668,1681171200000,-4.7986154999999995,0.105,stop,1920.49,range,5.078757763749668,1,1681185600000,1874.7889,2011.8922
main,A_ACCEPT,min50,28.90099999999999,1681833900000,1681401900000,1681401900000,0.0608901821575,0.018264314999999996,0.32728440974317996,1681833900000,0.06394189227725,2096.4554845000002,2096.77,0.12483207443475,1996.399415,0.5106949643751555,-0.190964319303208,0.0374497605,1915.8799,5.787623845762051,1681387200000,6.140870000000004,0.061,time,1996.1,up,5.05330456449097,1,1681401600000,1915.8799,2156.5402
main,A_ACCEPT,min50,31.94549999999998,1682957100000,1682525100000,1682525100000,0.050758572644000015,0.015225288,0.00761633208749127,1682537700000,0.048291016960745003,1857.3468061825001,1857.62545,0.09904958960474503,1952.2527940000002,0.5226792880342925,0.0,0.02971476651,1857.62545,-5.03416095611475,1682510400000,-4.905396600000002,0.052000000000000005,stop,1951.96,range,5.08224268371978,1,1682524800000,1857.62545,2140.6291
main,A_ACCEPT,min50,29.626500000000032,1684310700000,1683878700000,1683878700000,0.096766782805,0.029034389999999997,0.12721616430963625,1683925800000,0.09917782019186251,1803.2330943975,1802.96265,0.1959446029968625,1759.3960510000002,0.5069752419946583,-0.001780113412,0.05878327372499999,1802.96265,-5.01979949013385,1683864000000,-4.763291499999984,0.11,stop,1759.66,range,5.057071878939206,-1,1683878400000,1802.96265,1673.0547000000004
main,A_ACCEPT,min50,17.314,1686427500000,1685995500000,1685995500000,0.064972412676,0.019494648,0.1636006744344065,1686072300000,0.06741512115156002,1872.6422542100001,1872.3614,0.13238753382756002,1804.789241,0.5158810335619711,0.005257365870950755,0.03971615112,1872.3614,-5.012547119076625,1685980800000,-4.845700800000005,0.07200000000000001,stop,1805.06,range,5.031972881488537,-1,1685995200000,1872.3614,1670.4571999999998
main,A_ACCEPT,min50,20.051999999999985,1687737900000,1687305900000,1687305900000,0.06883792914075,0.0206482815,0.1095183849123474,1687393800000,0.07362099059469002,1912.2335219400004,1912.5204000000003,0.14245891973544,1787.9981595000002,0.5190003423527495,-0.01562696623370375,0.042737892119999996,1725.3347999999999,9.408037021910873,1687291200000,9.608860800000024,0.077,target,1787.73,range,5.006910145893154,1,1687305600000,1725.3347999999999,1912.5204000000003
main,A_ACCEPT,min50,33.616499999999995,1688601900000,1688169900000,1688169900000,0.051304009447250006,0.015388894499999998,0.2700721243215112,1688601900000,0.050580911725000004,1908.7136500000001,1909.0,0.10188492117225001,1936.0003565000002,0.5023375648802583,-0.153769293583618,0.030565444499999997,1844.52835,-1.7018496592558698,1688155200000,-1.415630000000002,0.053,time,1935.71,range,5.053950331002709,1,1688169600000,1844.52835,2118.0733
main,A_ACCEPT,min50,23.456499999999984,1689725100000,1689293100000,1689293100000,0.064135378864,0.019237728,0.21480382459610933,1689359100000,0.06168464511512001,1927.6451598475,1927.93435,0.12582002397912,2004.2305895000002,0.5232297917813078,-0.025534814971008003,0.037745897759999994,1927.93435,-5.052822336710136,1689278400000,-4.863721600000004,0.064,stop,2003.93,range,5.04544108270643,1,1689292800000,1927.93435,2155.9213
main,A_ACCEPT,min50,18.133000000000038,1695744300000,1695312300000,1695312300000,0.09016560313050001,0.027053738999999997,0.023479531121958608,1695744300000,0.0902405440515,1583.1674395000002,1582.93,0.18040614718200002,1581.8526865,0.5302287040026634,0.0901707872651776,0.054121841999999996,1623.9933,-0.24011720191686084,1695297600000,-0.0957600000000166,0.114,time,1582.09,range,5.020176971022879,-1,1695312000000,1623.9933,1498.2833999999996
main,A_ACCEPT,min50,17.98800000000002,1696363500000,1695931500000,1695931500000,0.09872054586100003,0.029611722,0.12041951374543082,1696198500000,0.10344293843142004,1738.5367803600004,1738.7976000000003,0.20216348429242006,1659.1688380000003,0.5028730200441188,-0.013787280848138865,0.06064925916000001,1618.9812,9.22883437569946,1695916800000,9.50543440000003,0.11900000000000001,target,1658.92,range,5.018976385013295,1,1695931200000,1618.9812,1738.7976000000003
main,A_ACCEPT,min50,15.522500000000003,1697299500000,1696867500000,1696867500000,0.09009322398900001,0.027032022,0.025953744329590307,1697299500000,0.088753190982,1557.0735260000001,1556.84,0.178846414971,1580.582877,0.5148048279043291,0.12013733535464435,0.053653986,1622.78225,2.6213569343836354,1696852800000,2.733720000000002,0.114,time,1580.82,range,5.065120556891792,-1,1696867200000,1622.78225,1496.8954999999999
main,A_ACCEPT,min50,19.020999999999994,1698465900000,1698033900000,1698033900000,0.0628002686275,0.018837254999999997,0.017522594925034576,1698115200000,0.06764783670218999,1828.3199108699998,1828.5941999999998,0.13044810532968998,1697.3045575,0.5184961624817737,-0.017380973198799998,0.03913465061999999,1631.2779,9.54730707085149,1698019200000,9.734270799999987,0.074,target,1697.05,range,5.078227341563711,1,1698033600000,1631.2779,1828.5941999999998
main,A_ACCEPT,min50,38.34600000000004,1700021100000,1699589100000,1699589100000,0.046679780917,0.014001833999999998,0.7332305548555419,1699985400000,0.04417411168918,2007.91416769,2008.2154,0.09085389260618,2121.8082235,0.4919924712294081,-0.25513780892264376,0.02725605564,2008.2154,-5.357330157168826,1699574400000,-4.984082399999988,0.044,stop,2121.49,up,5.125963876917969,1,1699588800000,2008.2154,2348.0391999999993
main,A_ACCEPT,min50,26.905999999999995,1700913900000,1700481900000,1700481900000,0.157668666753,0.04729350599999999,0.23892430037030285,1700489400000,0.15528713663502,1990.86072609,1991.1594,0.31295580338802,2021.3931635000001,0.4844474547887279,0.0,0.09388663595999999,1991.1594,-5.076016039348029,1700467200000,-4.669173599999986,0.156,stop,2021.09,range,5.099177226132125,1,1700481600000,1991.1594,2080.9511999999995
main,A_ACCEPT,min50,26.36699999999994,1701533100000,1701101100000,1701101100000,0.09727398171375001,0.0291865725,0.19611291687074203,1701189600000,0.09970702876124252,2055.815026005,2055.5067,0.19698101047499253,2005.6491075000001,0.5205586240710275,0.058959176842345,0.059094194985,2055.5067,-5.004115928617651,1701086400000,-4.806999899999987,0.097,stop,2005.95,range,5.073797145935385,-1,1701100800000,2055.5067,1906.8366000000003
main,A_ACCEPT,min50,26.60699999999998,1701849900000,1701417900000,1701417900000,0.0942877910475,0.028282094999999993,0.003994211287988083,1701642000000,0.09905405266304998,2201.2011702899995,2201.5313999999994,0.19334184371054997,2095.2842455,0.5079063816684983,-0.13370889468897,0.05800276889999998,2041.6893,9.205472492700432,1701403200000,9.590525999999963,0.09,target,2094.97,range,5.048776566292296,1,1701417600000,2041.6893,2201.5313999999994
main,A_ACCEPT,min50,43.8085,1702411500000,1701979500000,1701979500000,0.051485301637000006,0.015443273999999998,0.37579072401314917,1702260600000,0.049015227912805,2227.9649051275,2228.29915,0.10050052954980501,2340.2409835000003,0.503229717811213,-0.22053289722232217,0.030150048389999996,2228.29915,-5.261180875162138,1701964800000,-4.909997400000002,0.044,stop,2339.89,up,5.094803928755799,1,1701979200000,2228.29915,2563.0717
main,A_ACCEPT,min50,32.468,1704139500000,1703707500000,1703707500000,0.0740770598925,0.022219785,0.1660801876732775,1703888100000,0.07162634023712999,2273.85207102,2274.1932,0.14570340012963,2351.652695,0.47506214173202976,-0.4085492506463345,0.04371091074,2274.1932,-5.455691961515976,1703692800000,-4.857728400000001,0.063,stop,2351.3,range,5.068498024379988,1,1703707200000,2274.1932,2505.5136
main,A_ACCEPT,min50,55.31449999999991,1705349100000,1704917100000,1704917100000,0.04441338100800001,0.013322016,0.11600481618598583,1705349100000,0.04564835172000001,2536.0195400000002,2536.4,0.09006173272800003,2467.410056,0.5013838526226544,-0.138465147081816,0.027018576000000002,2330.7485500000003,2.2414145441901865,1704902400000,2.496960000000005,0.036000000000000004,time,2467.04,range,5.041219564572408,1,1704916800000,2330.7485500000003,2739.6228999999994
main,A_ACCEPT,min50,31.0,1706400300000,1705968300000,1705968300000,0.078818875395,0.02364921,0.08753579248778849,1706018700000,0.07402400193500003,2177.1765275000007,2176.8500000000004,0.15284287733000002,2318.2022175,0.512139969917834,0.015799702250000002,0.045853080000000004,2389.4,9.452703744919967,1705953600000,9.635599999999988,0.068,target,2318.55,range,5.052426637293359,-1,1705968000000,2389.4,2176.8500000000004
main,A_ACCEPT,min50,26.584000000000014,1707077100000,1706645100000,1706645100000,0.06892535725300002,0.020674506000000002,0.2887502144450167,1706698200000,0.06647083427904,2292.09773376,2292.4416,0.13539619153204002,2376.7364570000004,0.5070206281300347,-0.027158510391686,0.04061874792,2292.4416,-5.071600649843739,1706630400000,-4.8684272,0.058,stop,2376.38,range,5.099690156017959,1,1706644800000,2292.4416,2544.2568
main,A_ACCEPT,min50,29.79450000000004,1707782700000,1707350700000,1707350700000,0.09699854760000001,0.029095199999999995,0.10320941347288234,1707751800000,0.10179188492659998,2544.7971231649994,2545.1788999999994,0.1987904325266,2424.96369,0.5386698555220809,-0.22300377483521036,0.059637346799999984,2364.31055,9.164880445838143,1707336000000,9.646311999999963,0.08,target,2424.6,range,5.07433215276874,1,1707350400000,2364.31055,2545.1788999999994
main,A_ACCEPT,min50,45.75999999999997,1708747500000,1708315500000,1708315500000,0.09383442305250002,0.028146104999999998,0.6561315097699558,1708470900000,0.09861659529150002,3034.3567782000005,3034.8120000000004,0.19245101834400002,2887.2130170000005,0.4971986492312643,-0.15608812129975091,0.057735522,2812.764,9.215805338356247,1708300800000,9.622080000000011,0.065,target,2886.78,up,5.120156554997932,1,1708315200000,2812.764,3034.8120000000004
main,A_ACCEPT,min50,45.647000000000006,1709337900000,1708905900000,1708905900000,0.0886340431125,0.026586224999999998,0.6995540166726258,1708999500000,0.09347992380781499,3279.9973265899994,3280.4893999999995,0.182113966920315,3109.966425,0.5290874504611746,-0.12008046800779926,0.05463440937,3024.0053000000003,9.389566955701847,1708891200000,9.74639579999997,0.057,target,3109.5,up,5.166235581689713,1,1708905600000,3024.0053000000003,3280.4893999999995
main,A_ACCEPT,min50,57.3645,1710014700000,1709582700000,1709582700000,0.06293873939500001,0.01887879,0.6919336477476004,1709667300000,0.06044054468318126,3453.7454104675003,3454.26355,0.12337928407818127,3596.4993940000004,0.48603597910299173,-0.28943010875753117,0.0370136736375,3454.26355,-5.409198816473217,1709568000000,-4.959375749999998,0.035,stop,3595.96,up,5.2131834164682225,1,1709582400000,3454.26355,3879.3529
main,A_ACCEPT,min50,76.50649999999996,1710590700000,1710158700000,1710158700000,0.04646512872400001,0.013937447999999998,0.6301628631234995,1710430500000,0.04402079341537125,3827.8950795974997,3828.46935,0.09048592213937126,4040.4459760000004,0.512095722760899,-0.425424475867216,0.0271456672575,3828.46935,-5.404581015264104,1710144000000,-4.861524950000007,0.023,stop,4039.84,up,5.186137422385857,1,1710158400000,3828.46935,4462.581300000001
main,A_ACCEPT,min50,78.72999999999998,1711829100000,1711397100000,1711397100000,0.043589817492,0.013074984,0.04026980399870504,1711829100000,0.042100363998,3508.3636665,3508.89,0.08569018148999999,3632.4847910000003,0.5228709560892149,-0.40241096495504536,0.025706988,3422.537,-3.4670081344450554,1711382400000,-2.9532000000000043,0.024,time,3631.94,range,5.159114517309535,1,1711396800000,3422.537,4050.7460000000005
main,A_ACCEPT,min50,84.39549999999997,1714089900000,1713657900000,1713657900000,0.11014016854750001,0.033037095,0.18177173380125414,1713957900000,0.11491467871222501,3283.276534635,3283.7691,0.22505484725972502,3146.8619585,0.4926447074491556,-0.057269415908167504,0.06751667055,3077.70045,9.266696066282112,1713643200000,9.616537000000008,0.07,target,3146.39,range,5.141779476637311,1,1713657600000,3077.70045,3283.7691
main,A_ACCEPT,min50,66.423,1714925100000,1714493100000,1714493100000,0.04343968806925,0.013033861499999999,0.2330474901661069,1714820100000,0.045933207297752514,3167.8073998450004,3167.3323,0.08937289536700252,2995.8405565,0.5105666333875251,0.046497864250800706,0.026811757005,3167.3323,-5.0299134881212195,1714478400000,-4.960226700000002,0.029,stop,2996.29,range,5.188112956968721,-1,1714492800000,3167.3323,2654.2054
main,A_ACCEPT,min50,51.133500000000005,1715803500000,1715371500000,1715371500000,0.050823050398750014,0.015249202500000001,0.11803964931679961,1715803500000,0.05273750944000001,3013.571968,3013.12,0.10356055983875002,2904.1743085000003,0.5296190540599095,0.12779612619023664,0.031068082500000004,3048.17335,-3.8046825161485107,1715356800000,-3.797849999999992,0.035,time,2904.61,range,5.162963389528115,-1,1715371200000,3048.17335,2617.4833000000003
main,A_ACCEPT,min50,45.915499999999994,1716249900000,1715817900000,1715817900000,0.10616777277750002,0.031845555,0.0828965379093915,1715869200000,0.1037177357556375,2963.3638787325,2963.80845,0.20988550853313753,3033.3649365,0.5277737823107184,-0.013619612342841814,0.06296554372499999,2963.80845,-5.123579164600996,1715803200000,-4.8371084999999905,0.07,stop,3032.91,range,5.143939976947372,1,1715817600000,2963.80845,3171.1130999999996
main,A_ACCEPT,min50,70.47700000000009,1720598700000,1720166700000,1720166700000,0.028712592465000006,0.00861507,0.4420108468919486,1720514400000,0.031157949991550006,3115.7949991550004,3115.3277000000003,0.05987054245655001,2871.2592465000002,0.5240873570995055,0.04429822952065508,0.0179610531,3115.3277000000003,-4.906287366035897,1720152000000,-4.872754000000005,0.02,stop,2871.69,down,5.118322081124367,-1,1720166400000,3115.3277000000003,2384.4145999999996
main,A_ACCEPT,min50,44.23499999999994,1721462700000,1721030700000,1721030700000,0.06214712067000001,0.01864134,0.12126275489512185,1721462700000,0.06440567269975,3481.3877135,3481.91,0.12655279336975,3359.3038200000005,0.49857210715406913,-0.12691350758140224,0.037965940499999996,3226.6065000000003,4.26363775854882,1721016000000,4.555069999999987,0.037,time,3358.8,range,5.093790644294187,1,1721030400000,3226.6065000000003,3623.187
main,A_ACCEPT,min50,63.934499999999936,1722297900000,1721865900000,1721865900000,0.0783743720805,0.023515838999999997,0.27147866520367975,1721880300000,0.0735809133316775,3131.1026949650004,3130.6331,0.1519552854121775,3335.079663,0.5364928840536474,0.0,0.045586802355,3438.05345,9.434962212232803,1721851200000,9.632504299999995,0.047,target,3335.58,range,5.11510883308693,-1,1721865600000,3438.05345,3130.6331
main,A_ACCEPT,min50,50.66099999999992,1722672300000,1722240300000,1722240300000,0.07909617764725001,0.0237252945,0.16207130594482388,1722270600000,0.07660118474850251,3259.624882915,3260.1139,0.15569736239575252,3365.7947935,0.5274243675037645,-0.015543199055313,0.046709097495,3260.1139,-5.161226358946077,1722225600000,-4.943276700000006,0.047,stop,3365.29,range,5.162283644148094,1,1722240000000,3260.1139,3575.6422000000002
main,A_ACCEPT,min50,57.67949999999998,1722931500000,1722499500000,1722499500000,0.0998633282535,0.029963492999999997,0.07461303601537239,1722611100000,0.09505051458887251,3017.476653615,3017.0240999999996,0.1949138428423725,3170.264389,0.5084458978499741,0.05044540068812456,0.05847437074499999,3247.59795,9.481158887100746,1722484800000,9.68410170000001,0.063,target,3170.74,range,5.136477512353364,-1,1722499200000,3247.59795,3017.0240999999996
main,A_ACCEPT,min50,71.03599999999997,1723233900000,1722801900000,1722801900000,0.03997151837275001,0.0119932545,0.44665670123745954,1722819900000,0.03491866761459001,2408.1839734200007,2407.8228000000004,0.07489018598734001,2756.6564395,0.5374064762239039,-0.0013249867999999998,0.02246728368,2931.6936,10.02948634353264,1722787200000,10.128168799999994,0.029,target,2757.07,down,5.183883306788866,-1,1722801600000,2931.6936,2407.8228000000004
main,A_ACCEPT,min50,48.53399999999997,1724889900000,1724457900000,1724457900000,0.06496891387550001,0.019487750999999998,0.046929713270743474,1724753100000,0.062424649997735004,2656.36808501,2656.7666,0.12739356387323503,2764.634633,0.5122653117903287,-0.04170049442149318,0.03821795552999999,2656.7666,-5.257621813824736,1724443200000,-5.050309799999994,0.047,stop,2764.22,range,5.2340307385065294,1,1724457600000,2656.7666,2979.1267999999995
main,A_ACCEPT,min50,38.522000000000006,1725206700000,1724774700000,1724774700000,0.05135769519000001,0.015409619999999999,0.2725307347294376,1725206700000,0.04969205269000001,2484.6026345000005,2484.23,0.10104974788000001,2567.8847595,0.5148212019990428,0.042883716200038224,0.030314999999999998,2694.8522,3.273118968320027,1724760000000,3.361599999999999,0.04,time,2568.27,range,5.207742629437405,-1,1724774400000,2694.8522,2315.1056000000003
main,A_ACCEPT,min50,58.32149999999994,1726085100000,1725653100000,1725653100000,0.028865159576500005,0.008660847,0.21994649200511834,1726085100000,0.03043197411150001,2340.9210855000006,2340.57,0.05929713368800002,2220.3968905,0.5377464249421228,0.009341693031732975,0.01778907,2415.1721500000003,-3.1835845106562783,1725638400000,-3.115840000000004,0.026000000000000002,time,2220.73,range,5.224108224279007,-1,1725652800000,2415.1721500000003,1831.8456999999994
main,A_ACCEPT,min50,40.424499999999924,1726689900000,1726257900000,1726257900000,0.07728199056000001,0.023181119999999996,0.33945384093933345,1726434600000,0.07476950449176001,2336.5470153675,2336.89755,0.15205149505176002,2415.062205,0.5074798324226337,-0.005855466456221056,0.04561533648,2336.89755,-5.182879097987987,1726243200000,-4.979356799999979,0.064,stop,2414.7,down,5.208190301725726,1,1726257600000,2336.89755,2570.304899999999
main,A_ACCEPT,min50,46.52,1727251500000,1726819500000,1726819500000,0.052331638568500004,0.015697137,0.03983711792964767,1727251500000,0.05376097464400001,2622.4865680000003,2622.88,0.10609261321250002,2552.762857,0.5265869793410419,-0.09097074657726818,0.031827849,2431.458,2.6616087912102357,1726804800000,2.8905000000000003,0.041,time,2552.38,range,5.182275906235787,1,1726819200000,2431.458,2794.224
main,A_ACCEPT,min50,52.68449999999996,1728345900000,1727913900000,1727913900000,0.0459339388755,0.013782248999999998,0.06944765319607071,1728261900000,0.04843099833521626,2483.6409402675004,2483.26845,0.09436493721071626,2355.586609,0.5154579691562772,0.06167700489199172,0.028309369432499995,2483.26845,-5.026806851751239,1727899200000,-4.9658095499999995,0.039,stop,2355.94,range,5.19558395019184,-1,1727913600000,2483.26845,2101.2831
main,A_ACCEPT,min50,29.101,1729325100000,1728893100000,1728893100000,0.06956700848625,0.020866972499999997,0.21911762956618935,1729325100000,0.07261523108125001,2640.5538575,2640.95,0.1421822395675,2529.7093995,0.5234355963160813,-0.21627166640436504,0.042654809999999994,2439.0899,5.737991284028136,1728878400000,6.139099999999994,0.055,time,2529.33,range,5.1704499159330854,1,1728892800000,2439.0899,2709.8102
main,A_ACCEPT,min50,37.080999999999946,1730145900000,1729713900000,1729713900000,0.07654016225324999,0.022965493499999996,0.35551157521939586,1730149800000,0.07683858405900001,2519.2978380000004,2518.92,0.15337874631225,2509.5135164999997,0.5329801574198061,0.228630177739833,0.046013611499999996,2590.4480999999996,-0.5215921800724607,1729699200000,-0.5508300000000121,0.061,time,2509.89,up,5.199139872353227,-1,1729713600000,2590.4480999999996,2348.7738000000004
main,A_ACCEPT,min50,57.48700000000004,1731369900000,1730937900000,1730937900000,0.07474493505875002,0.0224201175,0.06551174510151155,1731010500000,0.07965465350947501,2896.5328548900006,2896.9674000000005,0.15439958856822503,2717.9976385000004,0.5130769712862803,-0.03876445755704415,0.04632009855,2627.9013,9.626272855324743,1730923200000,9.865757000000016,0.055,target,2717.59,range,5.1965319114528645,1,1730937600000,2627.9013,2896.9674000000005
main,A_ACCEPT,min50,71.87450000000001,1731456300000,1731024300000,1731024300000,0.081410169694,0.024419388,0.17621261043891728,1731178800000,0.08640861396342,3086.021927265,3086.4849,0.16781878365742,2907.5060605000003,0.5000727495994034,-0.083351205528136,0.05034586116,2817.3625500000003,9.745718549654436,1731009600000,10.047234399999986,0.056,target,2907.07,range,5.244663275729489,1,1731024000000,2817.3625500000003,3086.4849
main,A_ACCEPT,min50,91.18349999999995,1733169900000,1732737900000,1732737900000,0.05404230513,0.016210259999999997,0.24589472484254343,1733169900000,0.05426215945499999,3617.477297,3618.02,0.108304464585,3602.8203420000004,0.5072732610281281,-0.2925430903458638,0.032491349999999995,3434.39165,0.03886109506912028,1732723200000,0.47219999999999346,0.03,time,3602.28,range,5.293391868477762,1,1732737600000,3434.39165,3938.0567000000005
main,A_ACCEPT,min50,76.97599999999997,1733774700000,1733342700000,1733342700000,0.061439454536000006,0.018429071999999998,0.349929798714341,1733437500000,0.058915359770240004,3682.20998564,3682.7624,0.12035481430624001,3839.9659085000003,0.49181786245673365,-0.1288912519488,0.03610633151999999,3682.7624,-5.297435597775049,1733328000000,-5.012083199999994,0.032,stop,3839.39,up,5.293586173953107,1,1733342400000,3682.7624,4152.645199999999
main,A_ACCEPT,min50,103.50049999999999,1733947500000,1733515500000,1733515500000,0.04273426917900001,0.012818358,0.3641746234590985,1733758500000,0.04015658008432875,3824.4361985075,3825.00995,0.08289084926332876,4069.9303980000004,0.5104900082171003,-0.14391742380210668,0.0248671393425,3825.00995,-5.38218646240794,1733500800000,-5.130511050000002,0.021,stop,4069.32,up,5.267098995964232,1,1733515200000,3825.00995,4557.9401
main,A_ACCEPT,min50,67.29799999999997,1734206700000,1733774700000,1733774700000,0.06272771443125001,0.0188211375,0.5203393366247134,1733778300000,0.057722528680740015,3498.3350715600004,3497.8104000000003,0.12045024311199003,3801.6796625,0.5135754893814557,0.0,0.03613529898,3954.4698,9.889921257908002,1733760000000,10.04650679999999,0.033,target,3802.25,up,5.240188063652191,-1,1733774400000,3954.4698,3497.8104000000003
main,A_ACCEPT,min50,68.17049999999999,1734221100000,1733789100000,1733789100000,0.049807122810750004,0.014944378499999997,0.3236335751546278,1733972100000,0.05233623943352626,3876.7584765575007,3876.1770500000002,0.10214336224427627,3689.4165045,0.5475622869558148,0.059938317040914,0.030642895552499997,3876.1770500000002,-5.100438290755881,1733774400000,-5.027590350000012,0.027,stop,3689.97,up,5.2896376699417305,-1,1733788800000,3876.1770500000002,3317.555899999999
main,A_ACCEPT,min50,81.58949999999997,1734998700000,1734566700000,1734566700000,0.0327910806,0.009838800000000002,0.01642690823259231,1734998700000,0.030739610250000007,3415.51225,3415.0,0.06353069085000002,3643.4534,0.5378678592774309,0.07750623728136428,0.0190593,3916.15895,4.116916246431358,1734552000000,4.122000000000001,0.018000000000000002,time,3644.0,range,5.264135478487951,-1,1734566400000,3916.15895,3099.6821
main,A_ACCEPT,min50,50.46099999999994,1736366700000,1735934700000,1735934700000,0.05785475691200001,0.017353824,0.26337833622955936,1736264100000,0.05527097051064,3454.435656915,3454.9539,0.11312572742264002,3615.9223070000003,0.5303973264739252,-0.128231971728192,0.03393760272,3454.9539,-5.408930501870841,1735920000000,-5.133635200000004,0.032,stop,3615.38,range,5.284720059720106,1,1735934400000,3454.9539,3936.2322000000004
main,A_ACCEPT,min50,61.80900000000001,1736726700000,1736294700000,1736294700000,0.0709414271895,0.021285621,0.02545563680017445,1736726700000,0.06874415007600002,3273.530956,3273.04,0.13968557726550002,3378.1631995000002,0.5097436745298126,0.1803685128783136,0.041905773,3497.0708999999997,4.435237162612822,1736280000000,4.436460000000005,0.042,time,3378.67,range,5.257675407210752,-1,1736294400000,3497.0708999999997,3141.868200000001
main,A_ACCEPT,min50,57.25100000000002,1737216300000,1736784300000,1736784300000,0.048805158128,0.014643743999999998,0.18079470727829147,1736846400000,0.05137930734024,3211.2067087650003,3210.7251,0.10018446546824,3050.322383,0.5558657644476627,0.0130025533664,0.030055224479999997,3210.7251,-5.235480336581843,1736769600000,-5.1182431999999976,0.032,stop,3050.78,range,5.279851593023815,-1,1736784000000,3210.7251,2730.8898000000004
main,A_ACCEPT,min50,81.64900000000003,1737417900000,1736985900000,1736985900000,0.06718406609850001,0.020152197,0.07706711536824741,1737017100000,0.0646262740545825,3314.1679002349997,3314.6650999999997,0.13181034015308252,3445.3367230000003,0.5132165727772054,-0.010964037332824257,0.039542987834999994,3314.6650999999997,-5.258358465320931,1736971200000,-5.076041100000018,0.039,stop,3444.82,range,5.253674191340906,1,1736985600000,3314.6650999999997,3705.129800000001
main,A_ACCEPT,min50,61.77449999999999,1738397100000,1737965100000,1737965100000,0.036641542944,0.010994112,0.08916251437332312,1738243500000,0.03911827626141001,3259.8563551175007,3259.36745,0.07575981920541001,3053.461912,0.5414885144302908,0.04573047650537197,0.02272783482,3259.36745,-4.98349597752005,1737950400000,-4.930738800000003,0.024,stop,3053.92,range,5.227382399014302,-1,1737964800000,3259.36745,2643.0251
main,A_ACCEPT,min50,64.54949999999992,1738771500000,1738339500000,1738339500000,0.042854677237500007,0.012854475,0.02033388717461825,1738403100000,0.04031389013428126,3225.1112107425006,3225.5950500000004,0.08316856737178127,3428.3741790000004,0.5232419873316851,-0.014941350500000002,0.024950456437500004,3225.5950500000004,-5.179684124309276,1738324800000,-5.056623749999995,0.025,stop,3427.86,range,5.202464919126702,1,1738339200000,3225.5950500000004,3832.3898999999997
main,A_ACCEPT,min50,67.21200000000002,1740888300000,1740456300000,1740456300000,0.03357850746825,0.0100750635,0.20352330224392015,1740710700000,0.028680293998890004,2124.4662221400004,2124.1476000000002,0.06225880146714001,2487.2968495,0.5061143030100268,0.02722198410217334,0.01867786128,2669.4312,9.761390121355022,1740441600000,9.815104799999995,0.027,target,2487.67,range,5.176566498505155,-1,1740456000000,2669.4312,2124.1476000000002
main,A_ACCEPT,min50,95.23599999999996,1741161900000,1740729900000,1740729900000,0.025391550696000003,0.007618608000000001,0.23522457771556668,1740933300000,0.02787734417448,2323.11201454,2322.7635999999998,0.053268894870480005,2115.962558,0.5164721570416058,0.010484333603351242,0.01598055696,2322.7635999999998,-5.014371518227126,1740715200000,-4.95560639999999,0.024,stop,2116.28,range,5.225373449111929,-1,1740729600000,2322.7635999999998,1703.312800000001
main,A_ACCEPT,min50,57.31000000000002,1741982700000,1741550700000,1741550700000,0.0458881657425,0.013768514999999999,0.28461230425527423,1741598400000,0.04842255979462501,2152.1137686500006,2151.791,0.09431072553712501,2039.474033,0.5162622213906334,-0.0014571961188385506,0.02829310425,2151.791,-5.164556025905991,1741536000000,-5.040495000000009,0.045,stop,2039.78,range,5.200301591520794,-1,1741550400000,2151.791,1815.7579999999996
main,A_ACCEPT,min50,36.846000000000025,1742832300000,1742400300000,1742400300000,0.04394291544875001,0.0131808975,0.2297961278967437,1742832300000,0.044885696135499996,2087.706797,2088.02,0.08882861158425001,2043.8565325000002,0.5031888362770927,-0.026600208727399346,0.0266486265,1927.0454,1.7701325531883352,1742385600000,1.9122100000000013,0.043000000000000003,time,2043.55,range,5.174478811391264,1,1742400000000,1927.0454,2276.5591999999997
main,A_ACCEPT,min50,34.56600000000001,1743595500000,1743163500000,1743163500000,0.041656690558999995,0.012498882,0.19403651036917785,1743595500000,0.0411021644,1868.2802000000001,1868.0,0.082758854959,1893.4859345,0.5212162108492067,0.015520879732191968,0.024827681999999997,2007.3366,1.0418143427731847,1743148800000,1.133879999999999,0.044,time,1893.77,range,5.183329474157206,-1,1743163200000,2007.3366,1666.6367999999998
main,A_ACCEPT,min50,20.147000000000013,1745654700000,1745222700000,1745222700000,0.0634706091635,0.019038326999999997,0.2830020580347995,1745254800000,0.060946570692892506,1583.0278102050002,1583.2653,0.1244171798563925,1648.5872510000002,0.5356182876966132,-0.010015838525,0.03732504121499999,1583.2653,-5.182509959596392,1745208000000,-5.010751899999992,0.077,stop,1648.34,range,5.188538545871072,1,1745222400000,1583.2653,1778.4893999999997
main,A_ACCEPT,min50,35.093499999999985,1747123500000,1746691500000,1746691500000,0.038585787,0.011574,0.4453239284211369,1746737400000,0.043565038263900006,2178.2519131950003,2178.5787,0.08215082526390001,1929.2893500000002,0.5234230158076398,-0.007151197076645104,0.024645472199999997,1804.21065,9.869200505459457,1746676800000,9.983148000000002,0.04,target,1929.0,up,5.16262599607309,1,1746691200000,1804.21065,2178.5787
main,A_ACCEPT,min50,43.8165,1747181100000,1746749100000,1746749100000,0.0329621935875,0.009887175,0.6821678723159947,1746913500000,0.03792381007507501,2528.2540050050006,2528.6333000000004,0.07088600366257501,2197.4795725000004,0.5046442556415648,-0.034657566096,0.021266024850000002,2031.40835,9.817689405391434,1746734400000,9.94449900000001,0.03,target,2197.15,up,5.211971998600387,1,1746748800000,2031.40835,2528.6333000000004
main,A_ACCEPT,min50,84.63249999999996,1747353900000,1746921900000,1746921900000,0.038819972122500004,0.011644244999999998,0.8274596484861478,1747075500000,0.036282358079812504,2418.8238719875003,2419.1867500000003,0.07510233020231251,2587.9981415,0.5175154034215023,-0.02453241993349222,0.022530585374999995,2419.1867500000003,-5.174862835510802,1746907200000,-5.0526974999999945,0.03,stop,2587.61,up,5.261060445627345,1,1746921600000,2419.1867500000003,2924.4565
main,A_ACCEPT,min50,82.45350000000005,1748333100000,1747901100000,1747901100000,0.06843160320100002,0.020526402000000003,0.511432651942469,1748001600000,0.06590335391386501,2534.7443813024997,2535.1246499999997,0.13433495711486504,2631.9847385000003,0.4848766997101531,-0.041502708000000006,0.04030037427,2535.1246499999997,-5.232336239384893,1747886400000,-5.016198200000021,0.052000000000000005,stop,2631.59,up,5.235186131449791,1,1747900800000,2535.1246499999997,2824.520700000001
main,A_ACCEPT,min50,42.650999999999996,1748779500000,1748347500000,1748347500000,0.06479898839050001,0.019436781,0.4640872048907781,1748622600000,0.0623079924489925,2543.183365265,2543.5649,0.1271069808394925,2644.8566690000002,0.5540587977578971,-0.11888494903590213,0.038131983014999996,2543.5649,-5.227983812890416,1748332800000,-4.943859900000009,0.049,stop,2644.46,up,5.209024450252866,1,1748347200000,2543.5649,2846.2502000000004
main,A_ACCEPT,min50,36.67349999999995,1749960300000,1749528300000,1749528300000,0.056503724287500015,0.016948575,0.11123964088397766,1749773400000,0.0539802274011525,2570.4870191024997,2570.87265,0.11048395168865252,2690.6535375000003,0.49697940865133483,-0.08139058428024905,0.033145072695,2570.87265,-5.238868308663926,1749513600000,-5.013848700000009,0.042,stop,2690.25,range,5.182884531188413,1,1749528000000,2570.87265,2929.0047000000004
main,A_ACCEPT,min50,47.04850000000003,1752537900000,1752105900000,1752105900000,0.05542471246000001,0.016624919999999998,0.3019251604300357,1752211800000,0.06039313367090001,3019.6566835450003,3020.1097000000004,0.11581784613090002,2771.2356230000005,0.5127352654585081,-0.018466550029344803,0.0347455782,2646.17515,9.802558025639748,1752091200000,9.971588000000011,0.04,target,2770.82,up,5.1566901896450945,1,1752105600000,2646.17515,3020.1097000000004
main,A_ACCEPT,min50,65.17450000000004,1753128300000,1752696300000,1752696300000,0.03394169049,0.01018098,0.6198395281854343,1753128300000,0.03724991167500001,3724.9911675000003,3725.55,0.071191602165,3394.169049,0.5247556637947669,-0.10790632736818002,0.02135763,3139.7425500000004,6.437344440466824,1752681600000,6.637800000000007,0.02,time,3393.66,up,5.205702979773292,1,1752696000000,3139.7425500000004,3901.494899999999
main,A_ACCEPT,min50,71.75449999999994,1754107500000,1753675500000,1753675500000,0.12431144392000001,0.037287839999999996,0.8089105599011936,1753712100000,0.12181579049015999,3806.7434528174995,3807.3145499999996,0.24612723441016,3884.7326225000006,0.4951031319075187,-0.024910338058944003,0.07383805967999998,3807.3145499999996,-5.2623444321491775,1753660800000,-4.917468800000032,0.064,stop,3884.15,up,5.237889701975627,1,1753675200000,3807.3145499999996,4037.820900000001
main,A_ACCEPT,min50,82.69500000000002,1754525100000,1754093100000,1754093100000,0.055752915808,0.016728384,0.32510568060831724,1754316000000,0.0582648904228,3641.555651425,3641.0094999999997,0.1140178062308,3484.557238,0.5439124119827381,0.030595689458054805,0.0342052296,3641.0094999999997,-5.107371346372755,1754078400000,-4.989743999999992,0.032,stop,3485.08,up,5.21157797981488,-1,1754092800000,3641.0094999999997,3173.2210000000005
main,A_ACCEPT,min50,73.98649999999998,1755014700000,1754582700000,1754582700000,0.06713971944750001,0.020138895,0.08362323963313671,1754715900000,0.0721062851845875,4120.359153405,4120.9773000000005,0.13924600463208753,3836.5553970000005,0.4769941705090987,-0.04739711519606035,0.041774025825000005,3693.48135,9.74648835434684,1754568000000,9.974905500000016,0.035,target,3835.98,range,5.186041123083015,1,1754582400000,3693.48135,4120.9773000000005
main,A_ACCEPT,min50,82.13999999999999,1755216300000,1754784300000,1754784300000,0.132119494952,0.03962990399999999,0.2521104520517442,1754811300000,0.1296469160451,4182.1585821,4182.786,0.2617664109971,4261.919192,0.49937177708584757,0.0,0.07852981379999999,4182.786,-5.206924224797126,1754769600000,-4.866627999999981,0.062,stop,4261.28,range,5.234773564854748,1,1754784000000,4182.786,4418.267999999999
main,A_ACCEPT,min50,96.08799999999997,1755461100000,1755029100000,1755029100000,0.04731537124125001,0.014192482499999999,0.3158281033932564,1755461100000,0.04678003694175001,4455.2416135,4455.91,0.09409540818300002,4506.2258325,0.46842965174986617,-0.10845722575871022,0.028228599,4266.4912,-1.273221232941709,1755014400000,-1.042440000000007,0.021,time,4505.55,up,5.208738943730764,1,1755028800000,4266.4912,4983.6676
main,A_ACCEPT,min50,94.88749999999996,1755936300000,1755504300000,1755504300000,0.046938318196,0.014083608,0.27584232011210624,1755871500000,0.04939178390643751,4490.162173312501,4489.48875,0.0963301021024375,4267.119836,0.5055017800352594,0.08057570839948444,0.028898920874999998,4489.48875,-4.922685814577982,1755489600000,-4.878032500000004,0.022,stop,4267.76,range,5.202372837566058,-1,1755504000000,4489.48875,3824.3025
main,A_ACCEPT,min50,66.24600000000005,1758153900000,1757721900000,1757721900000,0.065809029874,0.019739747999999998,0.038452992086056154,1757925900000,0.06334239281566001,4524.45662969,4525.1354,0.12915142268966,4700.644991,0.5274060302005513,-0.06238018668010795,0.03874531668,4525.1354,-5.1248057260497655,1757707200000,-4.894528799999986,0.028,stop,4699.94,range,5.177759408493167,1,1757721600000,4525.1354,5049.549199999999
main,A_ACCEPT,min50,65.369,1759766700000,1759334700000,1759334700000,0.056205869616000007,0.016859232000000002,0.1816221154457721,1759766700000,0.06077043306750002,4674.648697500001,4675.35,0.11697630268350002,4323.528432,0.5052284931265713,-0.10300799771923341,0.035093097000000004,4134.8331,8.909142602597283,1759320000000,9.164220000000007,0.026000000000000002,time,4322.88,range,5.152135379862921,1,1759334400000,4134.8331,4698.973800000001
main,A_ACCEPT,min50,68.65799999999999,1760213100000,1759781100000,1759781100000,0.073157331954,0.021943907999999998,0.0076676293208249304,1759849500000,0.07068697546298501,4560.45002987,4561.1342,0.143844307416985,4719.827868,0.49886026554831747,-0.029013675,0.04315318203,4561.1342,-5.113570964446982,1759766400000,-4.897559799999984,0.031,stop,4719.12,range,5.196681092875905,1,1759780800000,4561.1342,5035.091599999999
main,A_ACCEPT,min50,98.622,1760558700000,1760126700000,1760126700000,0.02610222907825,0.0078318435,0.0533816952628733,1760558700000,0.025944546098250004,3991.4686305000005,3990.87,0.052046775176500006,4015.7275505,0.5225454309007886,0.0064040352135995415,0.01561404,4398.2922,0.2697232200370906,1760112000000,0.3309800000000005,0.013000000000000001,time,4016.33,range,5.17111323805367,-1,1760126400000,4398.2922,3252.4056
main,A_ACCEPT,min50,58.55499999999995,1761926700000,1761494700000,1761494700000,0.08129099182000002,0.024383639999999998,0.2952297777023038,1761685500000,0.0788478610465,3942.393052325,3942.9845,0.16013885286650004,4064.5495910000004,0.5005406049729085,-0.06351148263475555,0.048041547,3942.9845,-5.109911882501269,1761480000000,-4.8382200000000015,0.04,stop,4063.94,range,5.1724618541538545,1,1761494400000,3942.9845,4305.851000000001
main,A_ACCEPT,min50,83.23399999999997,1762286700000,1761854700000,1761854700000,0.044235443688000003,0.013272623999999998,0.04197670107722288,1761939000000,0.04670516552412001,3892.097127010001,3891.5134000000003,0.09094060921212002,3686.286974,0.5205172159153604,0.008897149512617086,0.027282072239999997,3891.5134000000003,-5.02148713193952,1761840000000,-4.912161600000003,0.024,stop,3686.84,range,5.146912294741348,-1,1761854400000,3891.5134000000003,3277.4932
main,A_ACCEPT,min50,81.07049999999997,1763165100000,1762733100000,1762733100000,0.12462919157500003,0.037383150000000004,0.13945833573944688,1762872300000,0.12219792081201251,3491.3691660575,3491.89295,0.24682711238701255,3560.8340450000005,0.5065706907451757,-0.04326199197773924,0.074048025975,3491.89295,-5.152630630339786,1762718400000,-4.788493500000018,0.07,stop,3560.3,range,5.121804859081651,1,1762732800000,3491.89295,3697.1141000000007
main,A_ACCEPT,min50,52.88399999999992,1765051500000,1764619500000,1764619500000,0.07294965091075001,0.021888178499999997,0.3335524153795597,1764683700000,0.07538441856689,2844.69504026,2844.2684,0.14833406947764,2752.8170155000003,0.45535869983612764,0.018555501150187732,0.04450011228,2844.2684,-4.99931388060744,1764604800000,-4.825035199999995,0.053,stop,2753.23,down,5.096041705929951,-1,1764619200000,2844.2684,2571.1532
main,A_ACCEPT,min50,66.20999999999997,1765742700000,1765310700000,1765310700000,0.0318132412705,0.009542541,0.06866789143471157,1765554000000,0.029354196709925,3089.91544315,3090.379,0.061167437980425,3348.7622390000006,0.5037522669761525,-0.02104725007603153,0.01835012115,3090.379,-5.000303809206466,1765296000000,-4.899739000000006,0.019,stop,3348.26,range,5.071045136526914,1,1765310400000,3090.379,3864.022000000001
main,R_RETEST,base,68.52800000000005,1649030700000,1648166700000,1648166700000,0.29768016532800007,0.08929065599999998,0.3141469594594593,1648208400000,0.3039209714150401,3165.8434522400007,3166.3184000000006,0.6016011367430402,3100.8350555,0.487295074913592,-0.06006877575436801,0.18048062591999997,3078.3871999999997,11.819942261582694,1648137600000,12.66209280000013,0.192,target,3100.37,up,5.0,1,1648166400000,3078.3871999999997,3166.3184000000006
main,R_RETEST,base,48.410999999999966,1649361900000,1648497900000,1648497900000,0.10557083325000001,0.03166649999999999,0.5276156395741063,1648511400000,0.10315744996111499,3327.659676165,3328.1589,0.208728283211115,3405.5107500000004,0.4962081605773857,0.0,0.06261837776999998,3328.1589,-5.035494860981148,1648468800000,-4.764148200000006,0.062,stop,3405.0,up,5.059099711307914,1,1648497600000,3328.1589,3635.5233000000003
main,R_RETEST,base,126.18500000000002,1653192300000,1652328300000,1652328300000,0.019643553025000003,0.005893949999999999,0.41530033929146826,1653192300000,0.019725758420000003,1972.5758420000002,1972.28,0.039369311445000006,1964.3553025,0.5132635933387564,-0.015289542614555604,0.011810789999999998,2206.3185,-0.21906964405955737,1652299200000,-0.15259999999999763,0.02,time,1964.65,down,5.033922237003008,-1,1652328000000,2206.3185,1239.6445000000008
main,R_RETEST,base,54.237,1654459500000,1653595500000,1653595500000,0.046358420193750006,0.013909612499999998,0.4008995758836648,1653891300000,0.04879962319565251,1913.7107135550002,1913.4237,0.09515804338940251,1817.9772625,0.502799934004093,0.04963887201919716,0.028547303804999997,1913.4237,-4.927925175175213,1653566400000,-4.853858700000003,0.051000000000000004,stop,1818.25,down,5.03282688878271,-1,1653595200000,1913.4237,1532.7288999999998
main,R_RETEST,base,68.04150000000001,1656432300000,1655568300000,1655568300000,0.09199481870699999,0.027602586,0.5216798081204133,1655581500000,0.08488895358332249,912.7844471325,912.6475499999999,0.17688377229032248,989.191599,0.5100355427299952,0.0,0.053065452645,1014.9041500000001,14.034846475064684,1655539200000,14.264795700000022,0.186,target,989.34,down,5.0081872629068345,-1,1655568000000,1014.9041500000001,912.6475499999999
main,R_RETEST,base,38.30150000000001,1657325100000,1656461100000,1656461100000,0.0895472159025,0.026868195,0.4639276177040071,1656576000000,0.08235018034945128,1049.0468834325004,1048.8895500000003,0.17189739625195127,1140.728865,0.5135596669678728,-0.00017521737102201528,0.0515695439025,1171.57015,14.22199849247447,1656446400000,14.445640649999962,0.157,target,1140.9,down,5.078361495282158,-1,1656460800000,1171.57015,1048.8895500000003
main,R_RETEST,base,48.39250000000003,1661227500000,1660363500000,1660363500000,0.091714295081,0.027510161999999998,0.31236591361145144,1660496100000,0.089257003940825,1940.3696508875,1940.66075,0.18097129902182502,1993.7890235000002,0.5197373926169502,-0.03401405394518691,0.05429128035,1940.66075,-5.129567633317029,1660348800000,-4.860291,0.092,stop,1993.49,up,5.14947148774453,1,1660363200000,1940.66075,2151.97775
main,R_RETEST,base,18.84050000000003,1693627500000,1692763500000,1692763500000,0.264054405897,0.079228206,0.6156093360804453,1692773100000,0.2663491624824151,1644.1306326075003,1643.8840500000001,0.530403568379415,1629.9654685,0.5290193745315328,0.0,0.15912097082999999,1643.8840500000001,-5.119916739209491,1692734400000,-4.430392200000026,0.324,stop,1630.21,down,5.123823649577946,-1,1692763200000,1643.8840500000001,1589.1878499999998
main,R_RETEST,base,45.75999999999997,1709179500000,1708315500000,1708315500000,0.18911245261350004,0.056725227,0.6561315097699558,1708435800000,0.19592355105840006,2991.1992528000005,2991.6480000000006,0.3850360036719001,2887.2130170000005,0.4971986492312643,-0.21706949674255854,0.11551111020000002,2851.824,13.020091389385547,1708300800000,13.737708000000053,0.131,target,2886.78,up,5.098224065881898,1,1708315200000,2851.824,2991.6480000000006
main,R_RETEST,base,46.165000000000006,1709841900000,1708977900000,1708977900000,0.11490331291200004,0.034465824000000006,0.6995540166726258,1709137500000,0.12208826601270006,3391.340722575001,3391.849500000001,0.2369915789247001,3191.7586920000003,0.49760917961204465,-0.5488436464279147,0.07109779860000001,3124.4235,13.584070976047443,1708963200000,14.441004000000072,0.07200000000000001,target,3191.28,up,5.163324522828827,1,1708977600000,3124.4235,3391.849500000001
main,R_RETEST,base,76.745,1710029100000,1709165100000,1709165100000,0.060931218312000004,0.018276624,0.7451724052452837,1709650200000,0.06831601406055002,3795.334114475,3795.9035000000003,0.12924723237255004,3385.067684,0.5115745921322499,-1.0409323173110543,0.03877450290000001,3247.4455,13.599411947416403,1709107200000,14.808366000000015,0.036000000000000004,target,3384.56,up,5.231244877709063,1,1709164800000,3247.4455,3795.9035000000003
main,R_RETEST,base,60.069000000000074,1721016300000,1720152300000,1720152300000,0.03944121792975001,0.0118341405,0.4420108468919486,1720514400000,0.042049179580972505,3114.7540430350004,3114.2869,0.08149039751072251,2921.5716985000004,0.5477234130026531,0.06723193876288434,0.024447002444999998,3114.2869,-5.230181761192841,1720137600000,-5.191476299999995,0.027,stop,2922.01,down,5.299241937446143,-1,1720152000000,3114.2869,2345.1793000000007
main,R_RETEST,base,76.97599999999997,1734206700000,1733342700000,1733342700000,0.08639923294125,0.025915882499999997,0.349929798714341,1733437500000,0.08387444594565001,3727.7531531400004,3728.3124000000003,0.1702736788869,3839.9659085000003,0.49181786245673365,-0.18125332305300002,0.051081991199999996,3728.3124000000003,-5.4011009931398934,1733328000000,-4.998491999999983,0.045,stop,3839.39,up,5.273091028640179,1,1733342400000,3728.3124000000003,4172.622799999999
main,R_RETEST,base,84.63249999999996,1747785900000,1746921900000,1746921900000,0.050465963759250006,0.015137518499999999,0.8274596484861478,1746949200000,0.047906979500006254,2456.7681794875,2457.13675,0.09837294325925626,2587.9981415,0.5175154034215023,0.0,0.0295117684875,2457.13675,-5.216341461746756,1746907200000,-5.088456750000001,0.039,stop,2587.61,up,5.24608552367448,1,1746921600000,2457.13675,2979.02975
main,R_RETEST,base,46.59050000000002,1749297900000,1748433900000,1748433900000,0.12471769484850001,0.037409697,0.3428843739126491,1748566200000,0.12224468519630251,2600.9507488575,2601.34095,0.24696238004480253,2653.5679755,0.5154827549826059,-0.11470090992478002,0.074088604395,2601.34095,-5.307682594364592,1748347200000,-4.871930700000027,0.094,stop,2653.17,up,5.220003816365745,1,1748433600000,2601.34095,2808.657150000001
main,R_RETEST,base,57.89350000000002,1753517100000,1752653100000,1752653100000,0.10919162628750004,0.032752575,0.6198395281854343,1752694500000,0.11647412398534128,3376.0615647925006,3376.5680500000003,0.2256657502728413,3164.9746750000004,0.5087471180735073,-0.022379460000000004,0.06770005431750001,3093.81065,14.316950185409674,1752624000000,14.632695450000023,0.069,target,3164.5,up,5.1934654033939225,1,1752652800000,3093.81065,3376.5680500000003
main,R_RETEST,base,97.80799999999995,1753761900000,1752897900000,1752897900000,0.08988998147500002,0.02696295,0.7024802259507983,1753669800000,0.097349955316,3893.99821264,3894.5824,0.18723993679100004,3595.599259,0.49388355340760665,-0.4968649182929937,0.056172318,3495.2192,14.235842826916004,1752811200000,14.976119999999993,0.05,target,3595.06,up,5.265050154320972,1,1752897600000,3495.2192,3894.5824
main,R_RETEST,base,101.85900000000001,1756008300000,1755144300000,1755144300000,0.15744978392550002,0.047227851,0.4432653273204132,1755168000000,0.15493862102020498,4695.109727884999,4695.8141,0.31238840494570497,4771.2055735,0.5134159155341735,-0.031334990499978,0.09371641059,4695.8141,-5.366049206035753,1755115200000,-4.9286094000000125,0.066,stop,4770.49,up,5.336229368455553,1,1755144000000,4695.8141,4994.5177
main,R_RETEST,cost_x2,68.52800000000005,1649030700000,1648166700000,1648166700000,0.5148158184260001,0.154398426,0.3141469594594593,1648208400000,0.5254511717436803,3165.368504480001,3166.3184000000006,1.0402669901696804,3101.300111,0.487295074913592,-0.051934462370964,0.31208108232000004,3078.3871999999997,9.543151865139498,1648137600000,10.947434400000112,0.166,target,3100.37,up,5.0,1,1648166400000,3078.3871999999997,3166.3184000000006
main,R_RETEST,cost_x2,48.410999999999966,1649361900000,1648497900000,1648497900000,0.197549247,0.059246999999999994,0.5276156395741063,1648511400000,0.19297530623514,3327.16045233,3328.1589,0.39052455323514,3406.0215,0.4962081605773857,0.0,0.11715696485999999,3328.1589,-4.964465318095118,1648468800000,-4.4567838000000055,0.058,stop,3405.0,up,5.047715759325698,1,1648497600000,3328.1589,3635.5233000000003
main,R_RETEST,cost_x2,126.18500000000002,1653192300000,1652328300000,1652328300000,0.039281212100000004,0.011787899999999999,0.41530033929146826,1653192300000,0.03945743368,1972.871684,1972.28,0.07873864578,1964.0606050000001,0.5132635933387564,-0.015289542614555604,0.023621579999999996,2206.3185,-0.27024976839455234,1652299200000,-0.15259999999999763,0.02,time,1964.65,down,5.022893432735223,-1,1652328000000,2206.3185,1239.6445000000008
main,R_RETEST,cost_x2,54.237,1654459500000,1653595500000,1653595500000,0.09088522625000002,0.02727375,0.4008995758836648,1653891300000,0.0956998863555,1913.99772711,1913.4237,0.18658511260550004,1817.704525,0.502799934004093,0.04866556080313447,0.0559751055,1913.4237,-4.952579657302357,1653566400000,-4.7586850000000025,0.05,stop,1818.25,down,5.02154218389325,-1,1653595200000,1913.4237,1532.7288999999998
main,R_RETEST,cost_x2,68.04150000000001,1656432300000,1655568300000,1655568300000,0.17506064604600002,0.052533953999999994,0.5216798081204133,1655581500000,0.16158707793490498,912.9213442649999,912.6475499999999,0.33664772398090503,989.0431980000001,0.5100355427299952,0.0,0.10099553890499999,1014.9041500000001,13.136920387114126,1655539200000,13.574563650000021,0.177,target,989.34,down,4.9967792856067375,-1,1655568000000,1014.9041500000001,912.6475499999999
main,R_RETEST,cost_x2,38.30150000000001,1657325100000,1656461100000,1656461100000,0.17108365950000004,0.051340500000000004,0.4639276177040071,1656576000000,0.15738063252975004,1049.2042168650003,1048.8895500000003,0.3284642920297501,1140.5577300000002,0.5135596669678728,-0.00016740513154969543,0.09854052975000002,1171.57015,13.374395273088695,1656446400000,13.801567499999964,0.15,target,1140.9,down,5.062463887542308,-1,1656460800000,1171.57015,1048.8895500000003
main,R_RETEST,cost_x2,48.39250000000003,1661227500000,1660363500000,1660363500000,0.17547974813599998,0.052628136,0.31236591361145144,1660496100000,0.1707269125562,1940.078551775,1940.66075,0.34620666069219996,1994.088047,0.5197373926169502,-0.03253518203452661,0.10386157979999999,1940.66075,-5.131577422526719,1660348800000,-4.648974,0.088,stop,1993.49,up,5.129335863907752,1,1660363200000,1940.66075,2151.97775
main,R_RETEST,cost_x2,18.84050000000003,1693627500000,1692763500000,1692763500000,0.4628407461080001,0.13889389200000002,0.6156093360804453,1692773100000,0.46700312912106007,1644.377215215,1643.8840500000001,0.9298438752290601,1629.720937,0.5290193745315328,0.0,0.27895281306,1643.8840500000001,-5.09222688828904,1692734400000,-3.883430200000023,0.28400000000000003,stop,1630.21,down,5.103677976795118,-1,1692763200000,1643.8840500000001,1589.1878499999998
main,R_RETEST,cost_x2,45.75999999999997,1709179500000,1708315500000,1708315500000,0.34362987804600004,0.103058046,0.6561315097699558,1708435800000,0.35589931016640014,2990.750505600001,2991.6480000000006,0.6995291882124002,2887.6460340000003,0.4971986492312643,-0.19718526803331654,0.20985987960000002,2851.824,11.372717664154354,1708300800000,12.479292000000047,0.11900000000000001,target,2886.78,up,5.078216842353672,1,1708315200000,2851.824,2991.6480000000006
main,R_RETEST,cost_x2,46.165000000000006,1709841900000,1708977900000,1708977900000,0.21707214211200002,0.065102112,0.6995540166726258,1709137500000,0.23057657227020015,3390.8319451500015,3391.849500000001,0.44764871438220016,3192.237384,0.49760917961204465,-0.518352332737475,0.13429584180000004,3124.4235,12.538429111080426,1708963200000,13.638726000000068,0.068,target,3191.28,up,5.135080430674443,1,1708977600000,3124.4235,3391.849500000001
main,R_RETEST,cost_x2,76.745,1710029100000,1709165100000,1709165100000,0.11849513788,0.03553788,0.7451724052452837,1709650200000,0.13281676551325003,3794.7647289500005,3795.9035000000003,0.25131190339325005,3385.575368,0.5115745921322499,-1.0120175307190808,0.07539486675000001,3247.4455,13.058298199137695,1709107200000,14.397022500000016,0.035,target,3384.56,up,5.197772576229843,1,1709164800000,3247.4455,3795.9035000000003
main,R_RETEST,cost_x2,60.069000000000074,1721016300000,1720152300000,1720152300000,0.07594946832200002,0.022791678,0.4420108468919486,1720514400000,0.08099575083782001,3115.22118607,3114.2869,0.15694521915982002,2921.1333970000005,0.5477234130026531,0.06474186695685161,0.04708311582,3114.2869,-5.138485868022954,1720137600000,-4.999199399999997,0.026000000000000002,stop,2922.01,down,5.263064067225531,-1,1720152000000,3114.2869,2345.1793000000007
main,R_RETEST,cost_x2,76.97599999999997,1734206700000,1733342700000,1733342700000,0.165143298131,0.049528130999999996,0.349929798714341,1733437500000,0.16026933797004003,3727.19390628,3728.3124000000003,0.32541263610104004,3840.541817,0.49181786245673365,-0.17319761980620002,0.09762336095999999,3728.3124000000003,-5.372570416867225,1733328000000,-4.776336799999984,0.043000000000000003,stop,3839.39,up,5.237371637885415,1,1733342400000,3728.3124000000003,4172.622799999999
main,R_RETEST,cost_x2,84.63249999999996,1747785900000,1746921900000,1746921900000,0.09835867875399999,0.029498754,0.8274596484861478,1746949200000,0.09334318514105001,2456.3996089750003,2457.13675,0.19170186389505,2588.386283,0.5175154034215023,0.0,0.05751011295,2457.13675,-5.207195476845031,1746907200000,-4.9579835,0.038,stop,2587.61,up,5.210508785801078,1,1746921600000,2457.13675,2979.02975
main,R_RETEST,cost_x2,46.59050000000002,1749297900000,1748433900000,1748433900000,0.233549003688,0.07004368799999999,0.3428843739126491,1748566200000,0.22884932819891998,2600.5605477149998,2601.34095,0.46239833188692,2653.965951,0.5154827549826059,-0.10737957524873024,0.13871908907999997,2601.34095,-5.269453396215683,1748347200000,-4.560956400000024,0.088,stop,2653.17,up,5.184472808416853,1,1748433600000,2601.34095,2808.657150000001
main,R_RETEST,cost_x2,57.89350000000002,1753517100000,1752653100000,1752653100000,0.20575420775,0.06170774999999999,0.6198395281854343,1752694500000,0.21941108017302502,3375.5550795850004,3376.5680500000003,0.425165287923025,3165.44935,0.5087471180735073,-0.021082100000000003,0.12755082697499998,3093.81065,13.21062503510201,1752624000000,13.784423250000021,0.065,target,3164.5,up,5.158125541435773,1,1752652800000,3093.81065,3376.5680500000003
main,R_RETEST,cost_x2,97.80799999999995,1753761900000,1752897900000,1752897900000,0.169018510346,0.05069034599999999,0.7024802259507983,1753669800000,0.18299045918816,3893.41402528,3894.5824,0.35200896953416,3596.1385179999997,0.49388355340760665,-0.4670530231954139,0.10560395783999998,3495.2192,13.15288684943043,1752811200000,14.077552799999992,0.047,target,3595.06,up,5.224178666611282,1,1752897600000,3495.2192,3894.5824
main,R_RETEST,cost_x2,101.85900000000001,1756008300000,1755144300000,1755144300000,0.28631526881999997,0.08586882,0.4432653273204132,1755168000000,0.2816643213462,4694.40535577,4695.8141,0.5679795901661999,4771.921147,0.5134159155341735,-0.02848635499998,0.17039347379999997,4695.8141,-5.247413418966185,1755115200000,-4.480554000000011,0.06,stop,4770.49,up,5.289943100858434,1,1755144000000,4695.8141,4994.5177
main,R_RETEST,delay60,68.52800000000005,1649034300000,1648170300000,1648170300000,0.297674404464,0.08928892799999999,0.3141469594594593,1648208400000,0.3038979348710401,3165.603488240001,3166.078400000001,0.6015723393350401,3100.7750465000004,0.487295074913592,-0.06006877575436801,0.18047198592000002,3078.3871999999997,11.785419698990681,1648137600000,12.62753280000016,0.192,target,3100.31,up,5.0,1,1648166400000,3078.3871999999997,3166.078400000001
main,R_RETEST,delay60,48.410999999999966,1649365500000,1648501500000,1648501500000,0.09226905828300003,0.027676566,0.5276156395741063,1648511400000,0.089846811256455,3327.659676165,3328.1589,0.18211586953945502,3417.3725290000007,0.4962081605773857,0.0,0.05463465309,3328.1589,-5.026609922629499,1648468800000,-4.789859400000012,0.054,stop,3416.86,up,5.058927098494953,1,1648497600000,3328.1589,3682.963300000001
main,R_RETEST,delay60,126.18500000000002,1653195900000,1652331900000,1652331900000,0.014061590445000001,0.00421911,0.41530033929146826,1653195900000,0.014763414180000002,1968.4552240000003,1968.16,0.028825004625000004,1874.8787260000001,0.5132635933387564,-0.011467156960916693,0.00864747,2206.3185,-1.4439396315859185,1652299200000,-1.395,0.015,time,1875.16,down,5.033794048881806,-1,1652328000000,2206.3185,881.6845000000008
main,R_RETEST,delay60,54.237,1654463100000,1653599100000,1653599100000,0.054033533754,0.016212492000000002,0.4008995758836648,1653891300000,0.05645446604987251,1913.7107135550002,1913.4237,0.11048799980387251,1831.6452120000001,0.502799934004093,0.05742536174769867,0.033146291745,1913.4237,-4.894927229801179,1653566400000,-4.808718299999999,0.059000000000000004,stop,1831.92,down,5.026574350723876,-1,1653595200000,1913.4237,1587.4089000000001
main,R_RETEST,delay60,68.04150000000001,1656435900000,1655571900000,1655571900000,0.07878818,0.023639999999999998,0.5216798081204133,1655582700000,0.07163374745059999,895.4218431324998,895.2875499999998,0.15042192745059998,984.85225,0.5100355427299952,0.0,0.045126901199999986,1014.9041500000001,14.158443171349434,1655539200000,14.353992000000035,0.16,target,985.0,down,5.00209971457487,-1,1655568000000,1014.9041500000001,895.2875499999998
main,R_RETEST,delay60,38.30150000000001,1657328700000,1656464700000,1656464700000,0.0877814608055,0.026338388999999997,0.4639276177040071,1656576000000,0.08055789722230251,1046.2064574325002,1046.0495500000002,0.16833935802780253,1140.0189715000001,0.5135596669678728,-0.00017186926839102105,0.050502133605,1171.57015,14.278615939098797,1656446400000,14.49762929999998,0.154,target,1140.19,down,5.072891930431617,-1,1656460800000,1171.57015,1046.0495500000002
main,R_RETEST,delay60,48.39250000000003,1661231100000,1660367100000,1660367100000,0.09268561075650002,0.027801513,0.31236591361145144,1660496100000,0.09022718876626876,1940.3696508875,1940.66075,0.1829127995227688,1993.2389410000003,0.5197373926169502,-0.03438377192285198,0.05487373046249999,1940.66075,-5.134140551908145,1660348800000,-4.861970250000004,0.093,stop,1992.94,up,5.144285010127111,1,1660363200000,1940.66075,2149.77775
main,R_RETEST,delay60,18.84050000000003,1693631100000,1692767100000,1692767100000,0.426166165485,0.12786903,0.6156093360804453,1692773100000,0.42829602979425385,1644.1306326075003,1643.8840500000001,0.8544621952792539,1635.95457,0.5290193745315328,0.0,0.25633856850750003,1643.8840500000001,-5.114190813786843,1692734400000,-4.003390050000037,0.521,stop,1636.2,down,5.11861430736757,-1,1692763200000,1643.8840500000001,1613.1478499999998
main,R_RETEST,delay60,45.75999999999997,1709183100000,1708319100000,1708319100000,0.181995235191,0.05459038199999999,0.6561315097699558,1708436400000,0.1888486924464,2997.5982928000003,2998.0480000000002,0.37084392763740004,2888.8132570000002,0.4971986492312643,-0.208784401447041,0.1112534892,2851.824,13.127286181715567,1708300800000,13.818168000000016,0.126,target,2888.38,up,5.093043353298635,1,1708315200000,2851.824,2998.0480000000002
main,R_RETEST,delay60,46.165000000000006,1709845500000,1708981500000,1708981500000,0.13050207237500003,0.03914475,0.6995540166726258,1709113500000,0.13760526561357503,3356.2259905750007,3356.7295000000004,0.26810733798857506,3182.9773750000004,0.49760917961204465,-0.5053302655242139,0.08043252285000001,3124.4235,13.432948873637233,1708963200000,14.286819000000031,0.082,target,3182.5,up,5.158679784207212,1,1708977600000,3124.4235,3356.7295000000004
main,R_RETEST,delay60,76.745,1710032700000,1709168700000,1709168700000,0.04308008604375001,0.012922087499999999,0.7451724052452837,1709668500000,0.0405869797896875,3246.9583831749997,3247.4455,0.0836670658334375,3446.4068835000003,0.5115745921322499,-0.800884204874343,0.025100008124999997,3247.4455,-5.870763778832797,1709107200000,-4.961112500000002,0.025,stop,3445.89,up,5.225844528575398,1,1709164800000,3247.4455,4041.2235
main,R_RETEST,delay60,60.069000000000074,1721019900000,1720155900000,1720155900000,0.030172893387000004,0.009053226,0.4420108468919486,1720514400000,0.03270491745186751,3114.7540430350004,3114.2869,0.06287781083886751,2873.608894,0.5477234130026531,0.05229150792668783,0.018863229735,3114.2869,-5.074634432647191,1720137600000,-5.045184900000002,0.021,stop,2874.04,down,5.196490709681233,-1,1720152000000,3114.2869,2153.2992999999997
main,R_RETEST,delay60,76.97599999999997,1734210300000,1733346300000,1733346300000,0.062136839128,0.018638256,0.349929798714341,1733437500000,0.05964405045024001,3727.7531531400004,3728.3124000000003,0.12178088957824001,3883.5524455,0.49181786245673365,-0.1288912519488,0.03653415552,3728.3124000000003,-5.236249497047025,1733328000000,-4.949043199999986,0.032,stop,3882.97,up,5.171117537517997,1,1733342400000,3728.3124000000003,4346.942799999999
main,R_RETEST,delay60,84.63249999999996,1747789500000,1746925500000,1746925500000,0.07619222712,0.022854239999999998,0.8274596484861478,1746949200000,0.07370304538462501,2456.7681794875,2457.13675,0.149895272504625,2539.7409040000002,0.5175154034215023,0.0,0.044968470749999996,2457.13675,-5.128258743254626,1746907200000,-4.933395,0.06,stop,2539.36,up,5.144936290032761,1,1746921600000,2457.13675,2786.02975
main,R_RETEST,delay60,46.59050000000002,1749301500000,1748437500000,1748437500000,0.10518413025325,0.03155050649999999,0.3428843739126491,1748566200000,0.10273755457987126,2600.9507488575,2601.34095,0.20792168483312126,2662.8893735,0.5154827549826059,-0.09639757323465556,0.06237639675749999,2601.34095,-5.1974706048252886,1748347200000,-4.8307749499999995,0.079,stop,2662.49,up,5.119294996316488,1,1748433600000,2601.34095,2845.9371499999997
main,R_RETEST,delay60,57.89350000000002,1753520700000,1752656700000,1752656700000,0.10604239897425001,0.031807948499999995,0.6198395281854343,1752695700000,0.11316103297354874,3377.9412827924994,3378.4480499999995,0.21920343194779873,3165.4447455,0.5087471180735073,-0.021730780000000005,0.06576135140249999,3093.81065,13.99633378664966,1752624000000,14.303029349999981,0.067,target,3164.97,up,5.093307643292361,1,1752652800000,3093.81065,3378.4480499999995
main,R_RETEST,delay60,97.80799999999995,1753765500000,1752901500000,1752901500000,0.09507797455725,0.028519114499999998,0.7024802259507983,1753640100000,0.10236957585996,3863.00286264,3863.5824,0.19744755041721002,3587.8480965000003,0.49388355340760665,-0.5061579693905731,0.059234594579999994,3495.2192,13.879597085612192,1752811200000,14.642437199999991,0.053,target,3587.31,up,5.163289312225609,1,1752897600000,3495.2192,3863.5824
main,R_RETEST,delay60,101.85900000000001,1756011900000,1755147900000,1755147900000,0.15502127470375004,0.0464994075,0.4432653273204132,1755168000000,0.1525910661562625,4695.109727884999,4695.8141,0.30761234086001255,4769.885375500001,0.5134159155341735,-0.030860217916645,0.092283594975,4695.8141,-5.198889653751763,1755115200000,-4.768133500000031,0.065,stop,4769.17,up,5.232687297653667,1,1755144000000,4695.8141,4989.2377000000015
main,R_RETEST,stop_5bp,68.52800000000005,1649030700000,1648166700000,1648166700000,0.28062557252275,0.08417504549999999,0.3141469594594593,1648208400000,0.2865088324277201,3165.8434522400007,3166.3184000000006,0.5671344049504701,3100.8350555,0.487295074913592,-0.056627335476774,0.17014059005999999,3078.3871999999997,11.142758069512853,1648137600000,11.936660400000122,0.181,target,3100.37,up,5.0,1,1648166400000,3078.3871999999997,3166.3184000000006
main,R_RETEST,stop_5bp,48.410999999999966,1649361900000,1648497900000,1648497900000,0.1021653225,0.030644999999999995,0.5276156395741063,1648511400000,0.09977986790144999,3325.995596715,3328.1589,0.20194519040144998,3405.5107500000004,0.4962081605773857,0.0,0.1604431971,3328.1589,-4.972854387501477,1648468800000,-4.610466000000006,0.06,stop,3405.0,up,5.055713790347565,1,1648497600000,3328.1589,3635.5233000000003
main,R_RETEST,stop_5bp,126.18500000000002,1653192300000,1652328300000,1652328300000,0.019643553025000003,0.005893949999999999,0.41530033929146826,1653192300000,0.019725758420000003,1972.5758420000002,1972.28,0.039369311445000006,1964.3553025,0.5132635933387564,-0.015289542614555604,0.011810789999999998,2206.3185,-0.21906964405955737,1652299200000,-0.15259999999999763,0.02,time,1964.65,down,5.030849518410058,-1,1652328000000,2206.3185,1239.6445000000008
main,R_RETEST,stop_5bp,54.237,1654459500000,1653595500000,1653595500000,0.046358420193750006,0.013909612499999998,0.4008995758836648,1653891300000,0.04882401934782751,1914.6674254050001,1913.4237,0.09518243954157751,1817.9772625,0.502799934004093,0.04963887201919716,0.077339608155,1913.4237,-4.9767418756773845,1653566400000,-4.853858700000003,0.051000000000000004,stop,1818.25,down,5.02975417018976,-1,1653595200000,1913.4237,1532.7288999999998
main,R_RETEST,stop_5bp,68.04150000000001,1656432300000,1655568300000,1655568300000,0.090016435509,0.027008981999999997,0.5216798081204133,1655581500000,0.0830633846890575,912.7844471325,912.6475499999999,0.1730798201980575,989.191599,0.5100355427299952,0.0,0.051924260114999995,1014.9041500000001,13.733021819686948,1655539200000,13.958025900000022,0.182,target,989.34,down,5.004870460811373,-1,1655568000000,1014.9041500000001,912.6475499999999
main,R_RETEST,stop_5bp,38.30150000000001,1657325100000,1656461100000,1656461100000,0.087836122605,0.026354789999999996,0.4639276177040071,1656576000000,0.08077661002430253,1049.0468834325004,1048.8895500000003,0.16861273262930254,1140.728865,0.5135596669678728,-0.00017186926839102105,0.050584138604999995,1171.57015,13.950240559497251,1656446400000,14.169609299999964,0.154,target,1140.9,down,5.073535569909807,-1,1656460800000,1171.57015,1048.8895500000003
main,R_RETEST,stop_5bp,48.39250000000003,1661227500000,1660363500000,1660363500000,0.09071740056925001,0.0272111385,0.31236591361145144,1660496100000,0.08824266908331875,1939.3993205125,1940.66075,0.17896006965256878,1993.7890235000002,0.5197373926169502,-0.03364433596752184,0.1420012218625,1940.66075,-5.162067377482608,1660348800000,-4.80746175,0.091,stop,1993.49,up,5.143286772707293,1,1660363200000,1940.66075,2151.97775
main,R_RETEST,stop_5bp,18.84050000000003,1693627500000,1692763500000,1692763500000,0.25019969941475,0.07507117049999999,0.6156093360804453,1692773100000,0.2525002202060888,1644.9525746325003,1643.8840500000001,0.5026999196208388,1629.9654685,0.5290193745315328,0.0,0.4031082326775,1643.8840500000001,-5.103741502298409,1692734400000,-4.197933350000024,0.307,stop,1630.21,down,5.11747643581988,-1,1692763200000,1643.8840500000001,1589.1878499999998
main,R_RETEST,stop_5bp,45.75999999999997,1709179500000,1708315500000,1708315500000,0.18189442007100004,0.054560142,0.6561315097699558,1708435800000,0.18844555292640006,2991.1992528000005,2991.6480000000006,0.37033997299740007,2887.2130170000005,0.4971986492312643,-0.208784401447041,0.11110228920000001,2851.824,12.523141336355565,1708300800000,13.213368000000049,0.126,target,2886.78,up,5.091957728308388,1,1708315200000,2851.824,2991.6480000000006
main,R_RETEST,stop_5bp,46.165000000000006,1709841900000,1708977900000,1708977900000,0.11330743356600004,0.033987132,0.6995540166726258,1709137500000,0.12039259565141255,3391.340722575001,3391.849500000001,0.2337000292174126,3191.7586920000003,0.49760917961204465,-0.5412208180053047,0.07011032917500001,3124.4235,13.395403323602338,1708963200000,14.24043450000007,0.07100000000000001,target,3191.28,up,5.154573434990166,1,1708977600000,3124.4235,3391.849500000001
main,R_RETEST,stop_5bp,76.745,1710029100000,1709165100000,1709165100000,0.060931218312000004,0.018276624,0.7451724052452837,1709650200000,0.06831601406055002,3795.334114475,3795.9035000000003,0.12924723237255004,3385.067684,0.5115745921322499,-1.0409323173110543,0.03877450290000001,3247.4455,13.599411947416403,1709107200000,14.808366000000015,0.036000000000000004,target,3384.56,up,5.221550451608179,1,1709164800000,3247.4455,3795.9035000000003
main,R_RETEST,stop_5bp,60.069000000000074,1721016300000,1720152300000,1720152300000,0.03798043208050001,0.011395839,0.4420108468919486,1720514400000,0.04051204542430501,3116.3111864850002,3114.2869,0.07849247750480502,2921.5716985000004,0.5477234130026531,0.06474186695685161,0.06402728761000001,3114.2869,-5.07697729815795,1720137600000,-4.999199399999997,0.026000000000000002,stop,2922.01,down,5.289547511345258,-1,1720152000000,3114.2869,2345.1793000000007
main,R_RETEST,stop_5bp,76.97599999999997,1734206700000,1733342700000,1733342700000,0.084479249987,0.025339973999999994,0.349929798714341,1733437500000,0.08196955793268,3725.88899694,3728.3124000000003,0.16644880791968,3839.9659085000003,0.49181786245673365,-0.1772254714296,0.13196970864,3728.3124000000003,-5.363058387989284,1733328000000,-4.887414399999983,0.044,stop,3839.39,up,5.2641626248544675,1,1733342400000,3728.3124000000003,4172.622799999999
main,R_RETEST,stop_5bp,84.63249999999996,1747785900000,1746921900000,1746921900000,0.049171964688500006,0.014749377,0.8274596484861478,1746949200000,0.0466552526111375,2455.5396111125,2457.13675,0.0958272172996375,2587.9981415,0.5175154034215023,0.0,0.07544065472499999,2457.13675,-5.129251372024641,1746907200000,-4.9579835,0.038,stop,2587.61,up,5.237347332914519,1,1746921600000,2457.13675,2979.02975
main,R_RETEST,stop_5bp,46.59050000000002,1749297900000,1748433900000,1748433900000,0.12206412687300001,0.036613745999999996,0.3428843739126491,1748566200000,0.11958390360559497,2599.6500783824995,2601.34095,0.24164803047859498,2653.5679755,0.5154827549826059,-0.11226046503276343,0.19217393480999997,2601.34095,-5.3143550303214155,1748347200000,-4.768272600000025,0.092,stop,2653.17,up,5.211701076054396,1,1748433600000,2601.34095,2808.657150000001
main,R_RETEST,stop_5bp,57.89350000000002,1753517100000,1752653100000,1752653100000,0.10602665161250002,0.031803225,0.6198395281854343,1752694500000,0.11309806242054878,3376.0615647925006,3376.5680500000003,0.21912471403304878,3164.9746750000004,0.5087471180735073,-0.021730780000000005,0.0657377339025,3093.81065,13.901966122064463,1752624000000,14.208559350000021,0.067,target,3164.5,up,5.185129300902788,1,1752652800000,3093.81065,3376.5680500000003
main,R_RETEST,stop_5bp,97.80799999999995,1753761900000,1752897900000,1752897900000,0.08809218184550001,0.026423690999999996,0.7024802259507983,1753669800000,0.09540295620968,3893.99821264,3894.5824,0.18349513805518003,3595.599259,0.49388355340760665,-0.48692761992713385,0.05504887164,3495.2192,13.951125970377685,1752811200000,14.676597599999992,0.049,target,3595.06,up,5.254639131513111,1,1752897600000,3495.2192,3894.5824
main,R_RETEST,stop_5bp,101.85900000000001,1756008300000,1755144300000,1755144300000,0.15267857835200002,0.045796703999999994,0.4432653273204132,1755168000000,0.15016837826672,4692.7618208349995,4695.8141,0.30284695661872,4771.2055735,0.5134159155341735,-0.030385445333312,0.24114257055999996,4695.8141,-5.353632572512086,1755115200000,-4.779257600000012,0.064,stop,4770.49,up,5.324394761364998,1,1755144000000,4695.8141,4994.5177
main,R_RETEST,risk_half,68.52800000000005,1649030700000,1648166700000,1648166700000,0.14884008266400003,0.04464532799999999,0.3141469594594593,1648208400000,0.15196048570752005,3165.8434522400007,3166.3184000000006,0.3008005683715201,3100.8350555,0.487295074913592,-0.030034387877184005,0.09024031295999999,3078.3871999999997,5.909971130791347,1648137600000,6.331046400000065,0.096,target,3100.37,up,2.5,1,1648166400000,3078.3871999999997,3166.3184000000006
main,R_RETEST,risk_half,48.410999999999966,1649361900000,1648497900000,1648497900000,0.05108266125,0.015322499999999998,0.5276156395741063,1648511400000,0.049914895142475,3327.659676165,3328.1589,0.100997556392475,3405.5107500000004,0.4962081605773857,0.0,0.030299215049999995,3328.1589,-2.436529771442491,1648468800000,-2.305233000000003,0.03,stop,3405.0,up,2.5147749278269784,1,1648497600000,3328.1589,3635.5233000000003
main,R_RETEST,risk_half,54.237,1654459500000,1653595500000,1653595500000,0.02272471578125,0.0068184375,0.4008995758836648,1653891300000,0.023921383919437503,1913.7107135550002,1913.4237,0.046646099700687504,1817.9772625,0.502799934004093,0.024332780401567236,0.013993776375,1913.4237,-2.4156495956741244,1653566400000,-2.3793425000000012,0.025,stop,1818.25,down,2.508683603398372,-1,1653595200000,1913.4237,1532.7288999999998
main,R_RETEST,risk_half,68.04150000000001,1656432300000,1655568300000,1655568300000,0.045997409353499996,0.013801293,0.5216798081204133,1655581500000,0.042444476791661245,912.7844471325,912.6475499999999,0.08844188614516124,989.191599,0.5100355427299952,0.0,0.0265327263225,1014.9041500000001,7.017423237532342,1655539200000,7.132397850000011,0.093,target,989.34,down,2.502644479409187,-1,1655568000000,1014.9041500000001,912.6475499999999
main,R_RETEST,risk_half,38.30150000000001,1657325100000,1656461100000,1656461100000,0.044488425735,0.013348529999999999,0.4639276177040071,1656576000000,0.04091282845386752,1049.0468834325004,1048.8895500000003,0.08540125418886751,1140.728865,0.5135596669678728,-8.705066840584193e-05,0.025620537735000004,1171.57015,7.065706257407698,1656446400000,7.176815099999982,0.078,target,1140.9,down,2.5201880375030177,-1,1656460800000,1171.57015,1048.8895500000003
main,R_RETEST,risk_half,48.39250000000003,1661227500000,1660363500000,1660363500000,0.044860253028750005,0.013456057499999998,0.31236591361145144,1660496100000,0.04365831714496875,1940.3696508875,1940.66075,0.08851857017371875,1993.7890235000002,0.5197373926169502,-0.01663730899492838,0.0265555175625,1940.66075,-2.5090276467311554,1660348800000,-2.37731625,0.045,stop,1993.49,up,2.5378523031465368,1,1660363200000,1940.66075,2151.97775
main,R_RETEST,risk_half,18.84050000000003,1693627500000,1692763500000,1692763500000,0.13039723748,0.03912503999999999,0.6156093360804453,1692773100000,0.13153045060860002,1644.1306326075003,1643.8840500000001,0.2619276880886,1629.9654685,0.5290193745315328,0.0,0.0785782572,1643.8840500000001,-2.528353945288637,1692734400000,-2.1878480000000127,0.16,stop,1630.21,down,2.531579734029709,-1,1692763200000,1643.8840500000001,1589.1878499999998
main,R_RETEST,risk_half,45.75999999999997,1709179500000,1708315500000,1708315500000,0.09383442305250002,0.028146104999999998,0.6561315097699558,1708435800000,0.09721397571600002,2991.1992528000005,2991.6480000000006,0.19104839876850005,2887.2130170000005,0.4971986492312643,-0.10770623884172749,0.057314673,2851.824,6.460350689389775,1708300800000,6.816420000000026,0.065,target,2886.78,up,2.5252588491664874,1,1708315200000,2851.824,2991.6480000000006
main,R_RETEST,risk_half,46.165000000000006,1709841900000,1708977900000,1708977900000,0.05585577711000001,0.01675422,0.6995540166726258,1709137500000,0.05934846264506253,3391.340722575001,3391.849500000001,0.11520423975506254,3191.7586920000003,0.49760917961204465,-0.26679899479134744,0.03456142987500001,3124.4235,6.603367835578617,1708963200000,7.019932500000035,0.035,target,3191.28,up,2.5414097258899617,1,1708977600000,3124.4235,3391.849500000001
main,R_RETEST,risk_half,76.745,1710029100000,1709165100000,1709165100000,0.030465609156000002,0.009138312,0.7451724052452837,1709650200000,0.03415800703027501,3795.334114475,3795.9035000000003,0.06462361618627502,3385.067684,0.5115745921322499,-0.5204661586555271,0.019387251450000004,3247.4455,6.7997059737082015,1709107200000,7.404183000000008,0.018000000000000002,target,3384.56,up,2.5579181454789084,1,1709164800000,3247.4455,3795.9035000000003
main,R_RETEST,risk_half,60.069000000000074,1721016300000,1720152300000,1720152300000,0.018990216040250005,0.0056979195,0.4420108468919486,1720514400000,0.020245901279727505,3114.7540430350004,3114.2869,0.03923611731997751,2921.5716985000004,0.5477234130026531,0.032370933478425803,0.011770778955,3114.2869,-2.518235662796553,1720137600000,-2.4995996999999983,0.013000000000000001,stop,2922.01,down,2.5749174104131782,-1,1720152000000,3114.2869,2345.1793000000007
main,R_RETEST,risk_half,76.97599999999997,1734206700000,1733342700000,1733342700000,0.0422396249935,0.012669986999999997,0.349929798714341,1733437500000,0.041005284684540004,3727.7531531400004,3728.3124000000003,0.08324490967804,3839.9659085000003,0.49181786245673365,-0.0886127357148,0.024973417919999998,3728.3124000000003,-2.6405382633128367,1733328000000,-2.4437071999999915,0.022,stop,3839.39,up,2.568621821256187,1,1733342400000,3728.3124000000003,4172.622799999999
main,R_RETEST,risk_half,84.63249999999996,1747785900000,1746921900000,1746921900000,0.024585982344250003,0.0073746885,0.8274596484861478,1746949200000,0.02333929770513125,2456.7681794875,2457.13675,0.04792528004938125,2587.9981415,0.5175154034215023,0.0,0.0143775282375,2457.13675,-2.541294558286881,1746907200000,-2.47899175,0.019,stop,2587.61,up,2.562020475597905,1,1746921600000,2457.13675,2979.02975
main,R_RETEST,risk_half,46.59050000000002,1749297900000,1748433900000,1748433900000,0.06103206343650001,0.018306872999999998,0.3428843739126491,1748566200000,0.0598218672237225,2600.9507488575,2601.34095,0.12085393066022251,2653.5679755,0.5154827549826059,-0.05613023251638172,0.03625612555499999,2601.34095,-2.597376588731609,1748347200000,-2.3841363000000126,0.046,stop,2653.17,up,2.555667239202188,1,1748433600000,2601.34095,2808.657150000001
main,R_RETEST,risk_half,57.89350000000002,1753517100000,1752653100000,1752653100000,0.05380456947500001,0.01613895,0.6198395281854343,1752694500000,0.057393046601472514,3376.0615647925006,3376.5680500000003,0.11119761607647252,3164.9746750000004,0.5087471180735073,-0.011027560000000002,0.033359447055000005,3093.81065,7.054729076868535,1752624000000,7.210313700000011,0.034,target,3164.5,up,2.549173797730359,1,1752652800000,3093.81065,3376.5680500000003
main,R_RETEST,risk_half,97.80799999999995,1753761900000,1752897900000,1752897900000,0.043147191108,0.012942216,0.7024802259507983,1753669800000,0.046727978551680004,3893.99821264,3894.5824,0.08987516965968001,3595.599259,0.49388355340760665,-0.23849516078063696,0.026962712639999997,3495.2192,6.833204556919681,1752811200000,7.1885375999999965,0.024,target,3595.06,up,2.56681062042253,1,1752897600000,3495.2192,3894.5824
main,R_RETEST,risk_half,101.85900000000001,1756008300000,1755144300000,1755144300000,0.07395368638925001,0.022182778499999996,0.4432653273204132,1755168000000,0.0727742007822175,4695.109727884999,4695.8141,0.1467278871714675,4771.2055735,0.5134159155341735,-0.014717950083322998,0.044018314064999994,4695.8141,-2.520417051319823,1755115200000,-2.3149529000000055,0.031,stop,4770.49,up,2.583893631814829,1,1755144000000,4695.8141,4994.5177
main,R_RETEST,risk_double,68.52800000000005,1649030700000,1648166700000,1648166700000,0.49923444393550004,0.14974787099999998,0.3141469594594593,1648208400000,0.5097007958106401,3165.8434522400007,3166.3184000000006,1.0089352397461402,3100.8350555,0.487295074913592,-0.10074034267138801,0.30268104972,3078.3871999999997,19.823028167862645,1648137600000,21.23538480000022,0.322,target,3100.37,up,10.0,1,1648166400000,3078.3871999999997,3166.3184000000006
main,R_RETEST,risk_double,48.410999999999966,1649361900000,1648497900000,1648497900000,0.21284442187500002,0.06384374999999999,0.5276156395741063,1648511400000,0.20797872976031248,3327.659676165,3328.1589,0.4208231516353125,3405.5107500000004,0.4962081605773857,0.0,0.12624672937499998,3328.1589,-10.15220738101038,1648468800000,-9.605137500000012,0.125,stop,3405.0,up,10.198230281678626,1,1648497600000,3328.1589,3635.5233000000003
main,R_RETEST,risk_double,126.18500000000002,1653192300000,1652328300000,1652328300000,0.040269283701250005,0.0120825975,0.41530033929146826,1653192300000,0.040437804761,1972.5758420000002,1972.28,0.08070708846225,1964.3553025,0.5132635933387564,-0.031343562359838976,0.024212119499999997,2206.3185,-0.44909277032209255,1652299200000,-0.31282999999999517,0.041,time,1964.65,down,10.096708207868522,-1,1652328000000,2206.3185,1239.6445000000008
main,R_RETEST,risk_double,54.237,1654459500000,1653595500000,1653595500000,0.09362582901875001,0.028091962499999998,0.4008995758836648,1653891300000,0.09855610174808253,1913.7107135550002,1913.4237,0.19218193076683254,1817.9772625,0.502799934004093,0.100251055254457,0.057654358665,1913.4237,-9.952476334177392,1653566400000,-9.802891100000005,0.10300000000000001,stop,1818.25,down,10.092217280165302,-1,1653595200000,1913.4237,1532.7288999999998
main,R_RETEST,risk_double,68.04150000000001,1656432300000,1655568300000,1655568300000,0.1834950416145,0.055056771,0.5216798081204133,1655581500000,0.16932151494307873,912.7844471325,912.6475499999999,0.3528165565575787,989.191599,0.5100355427299952,0.0,0.1058456071575,1014.9041500000001,27.994236786284933,1655539200000,28.452898950000044,0.371,target,989.34,down,9.992692516823528,-1,1655568000000,1014.9041500000001,912.6475499999999
main,R_RETEST,risk_double,38.30150000000001,1657325100000,1656461100000,1656461100000,0.18194625396750003,0.054592065,0.4639276177040071,1656576000000,0.16732297790748382,1049.0468834325004,1048.8895500000003,0.3492692318749838,1140.728865,0.5135596669678728,-0.0003560149130956876,0.1047814299675,1171.57015,28.896926873244304,1656446400000,29.351333549999925,0.319,target,1140.9,down,10.272634884686378,-1,1656460800000,1171.57015,1048.8895500000003
main,R_RETEST,risk_double,48.39250000000003,1661227500000,1660363500000,1660363500000,0.18940995723250004,0.056814464999999995,0.31236591361145144,1660496100000,0.18433511683431253,1940.3696508875,1940.66075,0.37374507406681257,1993.7890235000002,0.5197373926169502,-0.07024641575636427,0.11212329637499999,1940.66075,-10.593672286198212,1660348800000,-10.0375575,0.19,stop,1993.49,up,10.561604153418822,1,1660363200000,1940.66075,2151.97775
main,R_RETEST,risk_double,18.84050000000003,1693627500000,1692763500000,1692763500000,0.5224039326542501,0.15674469149999998,0.6156093360804453,1692773100000,0.5269438677507038,1644.1306326075003,1643.8840500000001,1.049347800404954,1629.9654685,0.5290193745315328,0.0,0.3148041429075,1643.8840500000001,-10.129217993312603,1692734400000,-8.765066050000051,0.641,stop,1630.21,down,10.455667430556836,-1,1692763200000,1643.8840500000001,1589.1878499999998
main,R_RETEST,risk_double,45.75999999999997,1709179500000,1708315500000,1708315500000,0.38544293776950006,0.115615539,0.6561315097699558,1708435800000,0.3993251002488001,2991.1992528000005,2991.6480000000006,0.7847680380183002,2887.2130170000005,0.4971986492312643,-0.4424240887806345,0.2354310414,2851.824,26.537132831801078,1708300800000,27.999756000000108,0.267,target,2886.78,up,10.354375250623711,1,1708315200000,2851.824,2991.6480000000006
main,R_RETEST,risk_double,46.165000000000006,1709841900000,1708977900000,1708977900000,0.23778602255400003,0.071325108,0.6995540166726258,1709137500000,0.2526548838318376,3391.340722575001,3391.849500000001,0.4904409063858376,3191.7586920000003,0.49760917961204465,-1.135801434968879,0.14713294432500001,3124.4235,28.111480214320395,1708963200000,29.884855500000143,0.149,target,3191.28,up,10.61974657894172,1,1708977600000,3124.4235,3391.849500000001
main,R_RETEST,risk_double,76.745,1710029100000,1709165100000,1709165100000,0.130325105834,0.03909166799999999,0.7451724052452837,1709650200000,0.1461203634072875,3795.334114475,3795.9035000000003,0.27644546924128754,3385.067684,0.5115745921322499,-2.226438567581977,0.082934353425,3247.4455,29.087631109751744,1709107200000,31.673449500000032,0.077,target,3384.56,up,10.900861381084924,1,1709164800000,3247.4455,3795.9035000000003
main,R_RETEST,risk_double,60.069000000000074,1721016300000,1720152300000,1720152300000,0.08326479340725002,0.0249831855,0.4420108468919486,1720514400000,0.08877049022649752,3114.7540430350004,3114.2869,0.17203528363374754,2921.5716985000004,0.5477234130026531,0.14193409294386697,0.051610338495000005,3114.2869,-11.041494829184886,1720137600000,-10.959783299999991,0.057,stop,2922.01,down,11.191737692182446,-1,1720152000000,3114.2869,2345.1793000000007
main,R_RETEST,risk_double,76.97599999999997,1734206700000,1733342700000,1733342700000,0.18239838065375003,0.054711307499999993,0.349929798714341,1733437500000,0.17706827477415002,3727.7531531400004,3728.3124000000003,0.3594666554279,3839.9659085000003,0.49181786245673365,-0.382645904223,0.1078397592,3728.3124000000003,-11.402324318850885,1733328000000,-10.552371999999965,0.095,stop,3839.39,up,11.081322743890595,1,1733342400000,3728.3124000000003,4172.622799999999
main,R_RETEST,risk_double,84.63249999999996,1747785900000,1746921900000,1746921900000,0.10481392473075002,0.0314394615,0.8274596484861478,1746949200000,0.09949911126924375,2456.7681794875,2457.13675,0.2043130359999938,2587.9981415,0.5175154034215023,0.0,0.06129367301250001,2457.13675,-10.833939959012493,1746907200000,-10.56833325,0.081,stop,2587.61,up,10.967299500702088,1,1746921600000,2457.13675,2979.02975
main,R_RETEST,risk_double,46.59050000000002,1749297900000,1748433900000,1748433900000,0.26004966159900006,0.078003198,0.3428843739126491,1748566200000,0.254893173388035,2600.9507488575,2601.34095,0.5149428349870351,2653.5679755,0.5154827549826059,-0.23916359941762647,0.15448262192999998,2601.34095,-11.067082856334682,1748347200000,-10.158493800000056,0.196,stop,2653.17,up,10.858960101111963,1,1748433600000,2601.34095,2808.657150000001
main,R_RETEST,risk_double,57.89350000000002,1753517100000,1752653100000,1752653100000,0.22629568926250004,0.06787852500000001,0.6198395281854343,1752694500000,0.24138840188266383,3376.0615647925006,3376.5680500000003,0.46768409114516385,3164.9746750000004,0.5087471180735073,-0.046380620000000004,0.1403059096725,3093.81065,29.671360529182365,1752624000000,30.32573115000005,0.14300000000000002,target,3164.5,up,10.748289272548616,1,1752652800000,3093.81065,3376.5680500000003
main,R_RETEST,risk_double,97.80799999999995,1753761900000,1752897900000,1752897900000,0.18876896109750002,0.05662219499999999,0.7024802259507983,1753669800000,0.20443490616360002,3893.99821264,3894.5824,0.3932038672611,3595.599259,0.49388355340760665,-1.0434163284152864,0.11796186779999998,3495.2192,29.895269936523608,1752811200000,31.449851999999982,0.105,target,3595.06,up,11.045002877840439,1,1752897600000,3495.2192,3894.5824
main,R_RETEST,risk_double,101.85900000000001,1756008300000,1755144300000,1755144300000,0.3339843901450001,0.10018028999999999,0.4432653273204132,1755168000000,0.32865768095195,4695.109727884999,4695.8141,0.6626420710969501,4771.2055735,0.5134159155341735,-0.06646816166662001,0.1987923861,4695.8141,-11.382528618863718,1755115200000,-10.454626000000026,0.14,stop,4770.49,up,11.343955577205671,1,1755144000000,4695.8141,4994.5177
main,R_RETEST,min50,68.52800000000005,1649030700000,1648166700000,1648166700000,0.29768016532800007,0.08929065599999998,0.3141469594594593,1648208400000,0.3039209714150401,3165.8434522400007,3166.3184000000006,0.6016011367430402,3100.8350555,0.487295074913592,-0.06006877575436801,0.18048062591999997,3078.3871999999997,11.819942261582694,1648137600000,12.66209280000013,0.192,target,3100.37,up,5.0,1,1648166400000,3078.3871999999997,3166.3184000000006
main,R_RETEST,min50,48.410999999999966,1649361900000,1648497900000,1648497900000,0.10557083325000001,0.03166649999999999,0.5276156395741063,1648511400000,0.10315744996111499,3327.659676165,3328.1589,0.208728283211115,3405.5107500000004,0.4962081605773857,0.0,0.06261837776999998,3328.1589,-5.035494860981148,1648468800000,-4.764148200000006,0.062,stop,3405.0,up,5.059099711307914,1,1648497600000,3328.1589,3635.5233000000003
main,R_RETEST,min50,54.237,1654459500000,1653595500000,1653595500000,0.046358420193750006,0.013909612499999998,0.4008995758836648,1653891300000,0.04879962319565251,1913.7107135550002,1913.4237,0.09515804338940251,1817.9772625,0.502799934004093,0.04963887201919716,0.028547303804999997,1913.4237,-4.927925175175213,1653566400000,-4.853858700000003,0.051000000000000004,stop,1818.25,down,5.033922237003008,-1,1653595200000,1913.4237,1532.7288999999998
main,R_RETEST,min50,68.04150000000001,1656432300000,1655568300000,1655568300000,0.09199481870699999,0.027602586,0.5216798081204133,1655581500000,0.08488895358332249,912.7844471325,912.6475499999999,0.17688377229032248,989.191599,0.5100355427299952,0.0,0.053065452645,1014.9041500000001,14.034846475064684,1655539200000,14.264795700000022,0.186,target,989.34,down,5.009282611127132,-1,1655568000000,1014.9041500000001,912.6475499999999
main,R_RETEST,min50,38.30150000000001,1657325100000,1656461100000,1656461100000,0.0895472159025,0.026868195,0.4639276177040071,1656576000000,0.08235018034945128,1049.0468834325004,1048.8895500000003,0.17189739625195127,1140.728865,0.5135596669678728,-0.00017521737102201528,0.0515695439025,1171.57015,14.22199849247447,1656446400000,14.445640649999962,0.157,target,1140.9,down,5.079456843502455,-1,1656460800000,1171.57015,1048.8895500000003
main,R_RETEST,min50,48.39250000000003,1661227500000,1660363500000,1660363500000,0.091714295081,0.027510161999999998,0.31236591361145144,1660496100000,0.089257003940825,1940.3696508875,1940.66075,0.18097129902182502,1993.7890235000002,0.5197373926169502,-0.03401405394518691,0.05429128035,1940.66075,-5.129567633317029,1660348800000,-4.860291,0.092,stop,1993.49,up,5.1505668359648284,1,1660363200000,1940.66075,2151.97775
main,R_RETEST,min50,18.84050000000003,1693627500000,1692763500000,1692763500000,0.264054405897,0.079228206,0.6156093360804453,1692773100000,0.2663491624824151,1644.1306326075003,1643.8840500000001,0.530403568379415,1629.9654685,0.5290193745315328,0.0,0.15912097082999999,1643.8840500000001,-5.119916739209491,1692734400000,-4.430392200000026,0.324,stop,1630.21,down,5.124918997798244,-1,1692763200000,1643.8840500000001,1589.1878499999998
main,R_RETEST,min50,45.75999999999997,1709179500000,1708315500000,1708315500000,0.18911245261350004,0.056725227,0.6561315097699558,1708435800000,0.19592355105840006,2991.1992528000005,2991.6480000000006,0.3850360036719001,2887.2130170000005,0.4971986492312643,-0.21706949674255854,0.11551111020000002,2851.824,13.020091389385547,1708300800000,13.737708000000053,0.131,target,2886.78,up,5.0993194141021965,1,1708315200000,2851.824,2991.6480000000006
main,R_RETEST,min50,46.165000000000006,1709841900000,1708977900000,1708977900000,0.11490331291200004,0.034465824000000006,0.6995540166726258,1709137500000,0.12208826601270006,3391.340722575001,3391.849500000001,0.2369915789247001,3191.7586920000003,0.49760917961204465,-0.5488436464279147,0.07109779860000001,3124.4235,13.584070976047443,1708963200000,14.441004000000072,0.07200000000000001,target,3191.28,up,5.164419871049124,1,1708977600000,3124.4235,3391.849500000001
main,R_RETEST,min50,76.745,1710029100000,1709165100000,1709165100000,0.060931218312000004,0.018276624,0.7451724052452837,1709650200000,0.06831601406055002,3795.334114475,3795.9035000000003,0.12924723237255004,3385.067684,0.5115745921322499,-1.0409323173110543,0.03877450290000001,3247.4455,13.599411947416403,1709107200000,14.808366000000015,0.036000000000000004,target,3384.56,up,5.232340225929361,1,1709164800000,3247.4455,3795.9035000000003
main,R_RETEST,min50,60.069000000000074,1721016300000,1720152300000,1720152300000,0.03944121792975001,0.0118341405,0.4420108468919486,1720514400000,0.042049179580972505,3114.7540430350004,3114.2869,0.08149039751072251,2921.5716985000004,0.5477234130026531,0.06723193876288434,0.024447002444999998,3114.2869,-5.230181761192841,1720137600000,-5.191476299999995,0.027,stop,2922.01,down,5.300337285666441,-1,1720152000000,3114.2869,2345.1793000000007
main,R_RETEST,min50,76.97599999999997,1734206700000,1733342700000,1733342700000,0.08639923294125,0.025915882499999997,0.349929798714341,1733437500000,0.08387444594565001,3727.7531531400004,3728.3124000000003,0.1702736788869,3839.9659085000003,0.49181786245673365,-0.18125332305300002,0.051081991199999996,3728.3124000000003,-5.4011009931398934,1733328000000,-4.998491999999983,0.045,stop,3839.39,up,5.274186376860476,1,1733342400000,3728.3124000000003,4172.622799999999
main,R_RETEST,min50,84.63249999999996,1747785900000,1746921900000,1746921900000,0.050465963759250006,0.015137518499999999,0.8274596484861478,1746949200000,0.047906979500006254,2456.7681794875,2457.13675,0.09837294325925626,2587.9981415,0.5175154034215023,0.0,0.0295117684875,2457.13675,-5.216341461746756,1746907200000,-5.088456750000001,0.039,stop,2587.61,up,5.247180871894777,1,1746921600000,2457.13675,2979.02975
main,R_RETEST,min50,46.59050000000002,1749297900000,1748433900000,1748433900000,0.12471769484850001,0.037409697,0.3428843739126491,1748566200000,0.12224468519630251,2600.9507488575,2601.34095,0.24696238004480253,2653.5679755,0.5154827549826059,-0.11470090992478002,0.074088604395,2601.34095,-5.307682594364592,1748347200000,-4.871930700000027,0.094,stop,2653.17,up,5.221099164586043,1,1748433600000,2601.34095,2808.657150000001
main,R_RETEST,min50,57.89350000000002,1753517100000,1752653100000,1752653100000,0.10919162628750004,0.032752575,0.6198395281854343,1752694500000,0.11647412398534128,3376.0615647925006,3376.5680500000003,0.2256657502728413,3164.9746750000004,0.5087471180735073,-0.022379460000000004,0.06770005431750001,3093.81065,14.316950185409674,1752624000000,14.632695450000023,0.069,target,3164.5,up,5.194560751614221,1,1752652800000,3093.81065,3376.5680500000003
main,R_RETEST,min50,97.80799999999995,1753761900000,1752897900000,1752897900000,0.08988998147500002,0.02696295,0.7024802259507983,1753669800000,0.097349955316,3893.99821264,3894.5824,0.18723993679100004,3595.599259,0.49388355340760665,-0.4968649182929937,0.056172318,3495.2192,14.235842826916004,1752811200000,14.976119999999993,0.05,target,3595.06,up,5.26614550254127,1,1752897600000,3495.2192,3894.5824
main,R_RETEST,min50,101.85900000000001,1756008300000,1755144300000,1755144300000,0.15744978392550002,0.047227851,0.4432653273204132,1755168000000,0.15493862102020498,4695.109727884999,4695.8141,0.31238840494570497,4771.2055735,0.5134159155341735,-0.031334990499978,0.09371641059,4695.8141,-5.366049206035753,1755115200000,-4.9286094000000125,0.066,stop,4770.49,up,5.337324716675851,1,1755144000000,4695.8141,4994.5177
main,F_REJECT,base,42.81300000000001,1658376300000,1657944300000,1657944300000,0.034602928782000004,0.010382435999999998,0.044484436446043975,1657987500000,0.03703478643480751,1299.4661906950003,1299.2713,0.07163771521680751,1214.137852,0.4858141394714812,0.00745478830950282,0.021491205614999998,1299.2713,-4.927898232522315,1657929600000,-4.84222410000001,0.057,stop,1214.32,range,5.0,-1,1657944000000,1299.2713,1005.0
main,F_REJECT,base,47.145999999999994,1661083500000,1660651500000,1660651500000,0.07552031634850001,0.022652696999999996,0.28959968300441363,1660675500000,0.07311046008575502,1850.89772369,1851.1754,0.14863077643425504,1911.906743,0.49778149266375893,-0.005726261643400001,0.04458912548999999,1851.1754,-4.974069563567655,1660636800000,-4.775123399999985,0.079,stop,1911.62,range,4.975360508837389,1,1660651200000,1851.1754,2030.0
main,F_REJECT,base,44.09099999999999,1662077100000,1661645100000,1661645100000,0.07217979534550001,0.021650691,0.2537046069259078,1661729400000,0.0697805899912025,1438.775051365,1438.9909,0.14196038533670252,1488.2432030000002,0.516794011907271,0.0362761314405,0.042588008595,1438.9909,-4.904094962491215,1661630400000,-4.755822699999998,0.097,stop,1488.02,range,4.950490161019551,1,1661644800000,1438.9909,1722.0
main,F_REJECT,base,51.11750000000004,1663574700000,1663142700000,1663142700000,0.06718025552700002,0.020151053999999998,0.11693926351028212,1663252200000,0.064791586304025,1542.6568167625,1542.88825,0.131971841831025,1599.5298935,0.4996511003760995,0.9439442405045195,0.03959144595,1542.88825,-3.9653660472765075,1663128000000,-4.737747,0.084,stop,1599.29,range,4.925969686207095,1,1663142400000,1542.88825,1788.98
main,F_REJECT,base,36.314500000000024,1668974700000,1668542700000,1668542700000,0.08445489986450001,0.025340271,0.2609582059123343,1668943800000,0.07843526352500002,1170.6755750000002,1170.5,0.16289016338950002,1260.5208935,0.5140604440143615,-0.04712957769038721,0.048867321000000005,1295.63145,11.829252937920092,1668528000000,12.088140000000006,0.134,target,1260.71,range,4.906142855970712,-1,1668542400000,1295.63145,1170.5
main,F_REJECT,base,13.575000000000012,1671278700000,1670846700000,1670846700000,0.17423900193050001,0.052263860999999995,0.23886263267994134,1670934000000,0.18034351441450006,1297.4353555000002,1297.63,0.35458251634500004,1253.5179995,0.5297304175313383,-0.057560190657263505,0.10637503200000001,1237.1425,11.79688226099778,1670832000000,12.315400000000052,0.278,target,1253.33,range,4.965289120660314,1,1670846400000,1237.1425,1297.63
main,F_REJECT,base,31.267000000000053,1675814700000,1675382700000,1675382700000,0.055189000408000004,0.016559184,0.13944959599272488,1675814700000,0.05598991222725001,1671.3406635000001,1671.09,0.11117891263525001,1647.4328480000001,0.5386562500829062,0.16577139913637,0.033353638500000005,1720.1267,-1.547231151998878,1675368000000,-1.5684699999999903,0.067,time,1647.68,range,5.024273531965303,-1,1675382400000,1720.1267,1529.04
main,F_REJECT,base,27.712999999999976,1677816300000,1677384300000,1677384300000,0.0785112449205,0.023549841,0.02913958593380129,1677807000000,0.07610070948105499,1553.075703695,1553.3086999999998,0.154611954401555,1602.2703045,0.5322352611007866,-0.15802840048856168,0.046383478889999996,1553.3086999999998,-5.133711233780132,1677369600000,-4.7746874000000155,0.098,stop,1602.03,range,5.01653737620531,1,1677384000000,1553.3086999999998,1678.56
main,F_REJECT,base,41.473500000000044,1682568300000,1682136300000,1682136300000,0.11143971345000002,0.033426899999999996,0.06428453345299104,1682355000000,0.10905539823615,1817.5899706025,1817.86265,0.22049511168615002,1857.3285575000002,0.5195784301448104,-0.03699697892900224,0.06614842769999998,1817.86265,-5.02612251831518,1682121600000,-4.702481999999991,0.12,stop,1857.05,range,4.99086882003641,1,1682136000000,1817.86265,2120.74
main,F_REJECT,base,22.479999999999983,1684627500000,1684195500000,1684195500000,0.1179319575525,0.03538489499999999,0.07980766127730998,1684627500000,0.11813831809000003,1817.5125860000003,1817.24,0.23607027564250002,1814.3378085,0.5516939086335704,0.1613862157263143,0.07082107499999998,1850.248,-0.4874051349162306,1684180800000,-0.3419000000000142,0.13,time,1814.61,range,4.9657382074448355,-1,1684195200000,1850.248,1741.33
main,F_REJECT,base,24.389999999999976,1689753900000,1689321900000,1689321900000,0.113578260705,0.03407859,0.21480382459610933,1689753900000,0.108690221088,1906.845984,1906.56,0.22226848179300002,1992.601065,0.4989576706223334,0.19568602962974174,0.066680766,2033.719,9.749496781836745,1689307200000,9.842760000000016,0.114,time,1992.9,range,4.963301181770254,-1,1689321600000,2033.719,1861.1
main,F_REJECT,base,12.8125,1691985900000,1691553900000,1691553900000,0.16212455266875003,0.048644662500000005,0.13274002564296009,1691985900000,0.16168312383125005,1847.8071295000002,1847.53,0.3238076765000001,1852.8520305000002,0.5117749999041052,0.29188946590515735,0.097142325,1879.28125,0.8509394644051542,1691539200000,0.980000000000024,0.17500000000000002,time,1853.13,range,5.012048665679439,-1,1691553600000,1879.28125,1800.0
main,F_REJECT,base,18.953999999999997,1697083500000,1696651500000,1696651500000,0.1484936526105,0.044554778999999996,0.055125373206786954,1696844700000,0.14493757737600002,1601.5201920000002,1601.28,0.2934312299865,1640.813841,0.5393226872762559,0.15348366110104872,0.088029531,1666.4954,6.9722029001145005,1696636800000,7.200179999999995,0.181,target,1641.06,range,5.016303363001464,-1,1696651200000,1666.4954,1601.28
main,F_REJECT,base,43.09450000000002,1700697900000,1700265900000,1700265900000,0.07935504647175001,0.023802943499999996,0.20908930328799616,1700688300000,0.08475378502500001,2092.6860500000003,2093.0,0.16410883149675004,1959.3838635000002,0.5153936949843342,-0.22545689802671703,0.0492328935,1899.50055,10.407911376976537,1700251200000,10.846710000000007,0.081,target,1959.09,range,5.051164377502036,1,1700265600000,1899.50055,2093.0
main,F_REJECT,base,25.767499999999984,1701878700000,1701446700000,1701446700000,0.1477323868175,0.044326365000000006,0.003994211287988083,1701540000000,0.15012196416738754,2114.3938615125003,2114.07675,0.29785435098488755,2080.7378425,0.5149902696273596,0.08926859863026002,0.089356199775,2114.07675,-4.987740452129644,1701432000000,-4.689798499999999,0.14200000000000002,stop,2081.05,range,5.103203934386919,-1,1701446400000,2114.07675,1994.85
main,F_REJECT,base,76.70099999999988,1705521900000,1705089900000,1705089900000,0.04388265661400001,0.013166771999999998,0.29098843511126593,1705521900000,0.043107755193500005,2535.7503055,2535.37,0.08699041180750001,2581.332742,0.5199614461859207,0.12950349587858,0.026097158999999995,2727.5600999999997,1.5923159250710754,1705075200000,1.575899999999997,0.034,time,2581.72,range,5.078265232126271,-1,1705089600000,2727.5600999999997,2222.44
main,F_REJECT,base,29.438999999999965,1706875500000,1706443500000,1706443500000,0.15595452831125003,0.046793377500000004,0.057463435618010074,1706547600000,0.15832340209857257,2311.2905415850005,2310.9439,0.3142779304098226,2276.7084425000003,0.49941903851539504,0.11871573649770702,0.09428327464500001,2310.9439,-4.9333097685571445,1706428800000,-4.643464300000004,0.137,stop,2277.05,range,5.086226811751627,-1,1706443200000,2310.9439,2169.04
main,F_REJECT,base,26.82650000000001,1707710700000,1707278700000,1707278700000,0.19525893176625003,0.058586467499999996,0.15804848619556472,1707324000000,0.1975909528227938,2395.0418523975004,2394.68265,0.3928498845890438,2366.7749305,0.5101314249962627,0.03587211048300001,0.1178548630875,2394.68265,-5.021019887193576,1707264000000,-4.546187250000014,0.165,stop,2367.13,range,5.0615602629088405,-1,1707278400000,2394.68265,2261.51
main,F_REJECT,base,114.11099999999996,1711368300000,1710936300000,1710936300000,0.03289413338000001,0.00986676,0.08456006944928018,1711368300000,0.034430234690000006,3443.023469,3443.54,0.06732436807000002,3289.4133380000003,0.5051835438583251,-0.16417140984014347,0.02019738,3043.5889,2.8407068420898547,1710921600000,3.092399999999998,0.02,time,3288.92,range,5.036455163472873,1,1710936000000,3043.5889,3682.95
main,F_REJECT,base,57.97799999999993,1712448300000,1712016300000,1712016300000,0.08418950653200001,0.025253063999999995,0.210947212795269,1712025300000,0.08176058687208002,3406.6911196700003,3407.2022,0.16595009340408,3507.8961055000004,0.48095495380062675,0.0,0.04978491984,3407.2022,-5.023789413244088,1712001600000,-4.808054399999986,0.048,stop,3507.37,range,5.050658697683322,1,1712016000000,3407.2022,3661.08
main,F_REJECT,base,52.237499999999976,1714781100000,1714349100000,1714349100000,0.07681091663400001,0.023046731999999997,0.1735583803943962,1714467300000,0.07198659637,3063.2594200000003,3062.8,0.14879751300400001,3268.549644,0.5416590302994413,0.04623956744782578,0.044639472,3370.91375,9.546082582443818,1714334400000,9.693279999999989,0.047,target,3269.04,range,5.025539750617102,-1,1714348800000,3370.91375,3062.8
main,F_REJECT,base,74.53949999999993,1722398700000,1721966700000,1721966700000,0.050135759236000006,0.015038471999999999,0.0784539843483685,1722398700000,0.05096270944675,3287.9167385,3288.41,0.10109846868275,3234.565112,0.5097224714664805,-0.12094940062055672,0.030329578499999996,3078.11605,1.4318525521966883,1721952000000,1.6842299999999977,0.031,time,3234.08,range,5.073270163529321,1,1721966400000,3078.11605,3540.94
main,F_REJECT,base,92.88999999999996,1735027500000,1734595500000,1734595500000,0.058963243160000005,0.01768632,0.01642690823259231,1734629400000,0.0564829022936,3530.18139335,3530.711,0.1154461454536,3685.2026975000003,0.4829305925370857,-0.00852692890828081,0.0346337328,3530.711,-5.084654807161899,1734580800000,-4.9260480000000095,0.032,stop,3684.65,range,5.080429426290304,1,1734595200000,3530.711,4109.99
main,F_REJECT,base,83.03599999999999,1736913900000,1736481900000,1736481900000,0.076371413994,0.022907987999999997,0.08290270600655686,1736760600000,0.07395976977019,3147.22424554,3147.6964,0.15033118376419002,3249.8474040000006,0.48809345349377775,-0.13158504751822248,0.04509924761999999,3147.6964,-5.105204678902434,1736467200000,-4.778189200000015,0.047,stop,3249.36,range,5.055006152254495,1,1736481600000,3147.6964,3744.28
main,F_REJECT,base,48.923999999999886,1749240300000,1748808300000,1748808300000,0.09342643186300001,0.028023725999999992,0.03187513313580829,1749154800000,0.09101032760281999,2459.73858386,2460.1076,0.18443675946582,2525.038699,0.49564907164675037,-0.12960577758343508,0.05533092035999999,2460.1076,-5.1462510574092795,1748793600000,-4.776877600000002,0.074,stop,2524.66,range,5.029480128859982,1,1748808000000,2460.1076,2766.66
main,F_REJECT,base,48.01249999999995,1751947500000,1751515500000,1751515500000,0.09597960089999999,0.028798199999999996,0.008596214511041256,1751549700000,0.09837730125703126,2623.3947001875,2623.00125,0.19435690215703125,2559.456024,0.49251990079255303,0.019143402599999998,0.058306964062499994,2623.00125,-4.970614213619517,1751500800000,-4.737093749999974,0.075,stop,2559.84,range,5.003748873572936,-1,1751515200000,2623.00125,2367.53
main,F_REJECT,base,80.17049999999995,1754640300000,1754208300000,1754208300000,0.07433191811550002,0.022296231,0.23188405797101447,1754599800000,0.08336449345000001,3877.4183000000003,3878.0,0.15769641156550002,3457.2985170000006,0.5142344755689583,-0.08233290386798782,0.047309330999999996,3345.4929500000003,17.825121353566498,1754193600000,18.11245999999999,0.043000000000000003,target,3456.78,range,4.978895802504838,1,1754208000000,3345.4929500000003,3878.0
main,F_REJECT,base,85.15649999999998,1755345900000,1754913900000,1754913900000,0.058628524402,0.017591196,0.25504499660115876,1754928000000,0.06102375128986502,4358.839377847501,4358.18565,0.11965227569186501,4187.751743,0.5471585198423686,0.012120836000000001,0.035895575730000004,4358.18565,-4.897985215421899,1754899200000,-4.754558200000007,0.028,stop,4188.38,range,5.068021409272671,-1,1754913600000,4358.18565,3849.0
main,F_REJECT,base,99.39249999999997,1756109100000,1755677100000,1755677100000,0.06922243680825,0.020763616500000002,0.13825445326181746,1755871800000,0.07547535199875,4574.2637575,4574.95,0.14469778880700002,4195.299200500001,0.48973360508775937,-0.052114390966100134,0.043409618999999997,4050.06075,12.309018201226879,1755662400000,12.549239999999992,0.033,target,4194.67,range,5.043531483195561,1,1755676800000,4050.06075,4574.95
main,F_REJECT,base,97.04950000000004,1756973100000,1756541100000,1756541100000,0.07249174213050001,0.021744260999999997,0.03392719300954064,1756762800000,0.07003636629400126,4244.6282602425,4245.26505,0.14252810842450125,4393.438917,0.5169195879431093,-0.005481442817297975,0.0427583229975,4245.26505,-5.058761224239316,1756526400000,-4.867993349999993,0.033,stop,4392.78,range,5.1050765742016955,1,1756540800000,4245.26505,4662.5
main,F_REJECT,base,49.226999999999954,1759651500000,1759219500000,1759219500000,0.12729857734875002,0.0381953025,0.0762609782442728,1759308000000,0.12969912930160252,4252.430468905,4251.7927,0.25699770665035254,4173.7238475,0.5017997891767803,0.003707744056885406,0.07709920570499999,4251.7927,-5.0543938682984715,1759204800000,-4.724004699999976,0.061,stop,4174.35,range,5.079782768080499,-1,1759219200000,4251.7927,3941.0
main,F_REJECT,base,82.53250000000003,1760357100000,1759925100000,1759925100000,0.12775616055,0.0383211,0.06973350856240544,1759978500000,0.12539363550789376,4399.7766844875,4400.43675,0.2531497960578938,4482.6723,0.4976334519348274,-0.012511191330250474,0.07594483421249999,4400.43675,-4.99071107160068,1759910400000,-4.649105250000009,0.057,stop,4482.0,range,5.054510798739006,1,1759924800000,4400.43675,4754.0
main,F_REJECT,base,90.63449999999993,1760486700000,1760054700000,1760054700000,0.0895545611695,0.026862338999999995,0.0533816952628733,1760108400000,0.08718339480385877,4252.848527017501,4253.4865500000005,0.17673795597335878,4368.515179,0.4982597567756696,-0.004448604224657279,0.0530212812825,4253.4865500000005,-4.92351929148049,1760040000000,-4.689311449999965,0.041,stop,4367.86,range,5.029557243381003,1,1760054400000,4253.4865500000005,4754.0
main,F_REJECT,base,114.38449999999992,1761105900000,1760673900000,1760673900000,0.07858318571000002,0.023571420000000003,0.04473242501351038,1760683500000,0.07620979781535,3810.4898907675,3811.06155,0.15479298352535004,3929.1592855000004,0.5034208700440811,0.0,0.046437789300000004,3811.06155,-4.901568772825359,1760659200000,-4.700338000000011,0.04,stop,3928.57,range,5.0049396469236,1,1760673600000,3811.06155,4293.03
main,F_REJECT,base,89.03549999999996,1761624300000,1761192300000,1761192300000,0.06891631589700002,0.020671794000000004,0.2774451724273214,1761516000000,0.07394028729299999,4107.7937385,4108.41,0.14285660319000001,3828.6842165000003,0.5245665085792339,-0.07690667542509914,0.042857208,3697.40645,9.828179513384875,1761177600000,10.09079999999999,0.036000000000000004,target,3828.11,range,4.980431803059473,1,1761192000000,3697.40645,4108.41
main,F_REJECT,base,59.83299999999997,1761998700000,1761566700000,1761566700000,0.09984062166,0.029956679999999996,0.11856795768444436,1761828000000,0.09161886076800001,3817.4525320000002,3816.88,0.191459482428,4160.0259025,0.5137417852482755,0.021140924834304492,0.05743821599999999,4258.9833,16.273203226406274,1761552000000,16.500959999999978,0.048,target,4160.65,range,5.029572700626397,-1,1761566400000,4258.9833,3816.88
main,F_REJECT,base,65.68100000000007,1764475500000,1764043500000,1764043500000,0.085882855639,0.025768721999999997,0.26989367494913,1764178200000,0.08832291540034252,2993.9971322150004,2993.5481,0.17420577103934254,2911.283242,0.514472098261239,0.017027979481630227,0.052261622684999995,2993.5481,-5.037297314242739,1764028800000,-4.82785790000001,0.059000000000000004,stop,2911.72,range,5.110938716758429,-1,1764043200000,2993.5481,2620.0
main,F_REJECT,cost_x2,42.81300000000001,1658376300000,1657944300000,1657944300000,0.067981519424,0.020400575999999997,0.044484436446043975,1657987500000,0.07278102055784001,1299.6610813900002,1299.2713,0.14076253998184002,1213.955704,0.4858141394714812,0.007324002549686979,0.04222833383999999,1299.2713,-4.932939671272164,1657929600000,-4.75727280000001,0.056,stop,1214.32,range,5.0,-1,1657944000000,1299.2713,1005.0
main,F_REJECT,cost_x2,47.145999999999994,1661083500000,1660651500000,1660651500000,0.145326704936,0.043584936,0.28959968300441363,1660675500000,0.14064712360088,1850.6200473800002,1851.1754,0.28597382853688,1912.193486,0.49778149266375893,-0.0055088086696,0.08579173511999999,1851.1754,-4.971063972326458,1660636800000,-4.593789599999986,0.076,stop,1911.62,range,4.975335301643639,1,1660651200000,1851.1754,2030.0
main,F_REJECT,cost_x2,44.09099999999999,1662077100000,1661645100000,1661645100000,0.13842737575800002,0.041515758,0.2537046069259078,1661729400000,0.13378600585389,1438.5592027300002,1438.9909,0.27221338161189,1488.466406,0.516794011907271,0.034780208494499996,0.08166360411,1438.9909,-4.878803077227375,1661630400000,-4.5597062999999975,0.093,stop,1488.02,range,4.950479981782007,1,1661644800000,1438.9909,1722.0
main,F_REJECT,cost_x2,51.11750000000004,1663574700000,1663142700000,1663142700000,0.129581352747,0.038862747,0.11693926351028212,1663252200000,0.12493645606552499,1542.425383525,1542.88825,0.254517808812525,1599.769787,0.4996511003760995,0.9102319462007867,0.076354931475,1542.88825,-3.9891825440867414,1663128000000,-4.56854175,0.081,stop,1599.29,range,4.9260859663958705,1,1663142400000,1542.88825,1788.98
main,F_REJECT,cost_x2,36.314500000000024,1668974700000,1668542700000,1668542700000,0.16132246873600004,0.048411263999999996,0.2609582059123343,1668943800000,0.14986894720000002,1170.85115,1170.5,0.3111914159360001,1260.331787,0.5140604440143615,-0.04501929809231016,0.093358464,1295.63145,11.097310821971705,1668528000000,11.546880000000005,0.128,target,1260.71,range,4.906140053675436,-1,1668542400000,1295.63145,1170.5
main,F_REJECT,cost_x2,13.575000000000012,1671278700000,1670846700000,1670846700000,0.31969502974499997,0.09587974499999999,0.23886263267994134,1670934000000,0.33079638130500005,1297.2407110000001,1297.63,0.65049141105,1253.7059989999998,0.5297304175313383,-0.05279801661007983,0.19514843999999998,1237.1425,10.39806213234001,1670832000000,11.296500000000046,0.255,target,1253.33,range,4.961626607785294,1,1670846400000,1237.1425,1297.63
main,F_REJECT,cost_x2,31.267000000000053,1675814700000,1675382700000,1675382700000,0.10706707024,0.03212976,0.13944959599272488,1675814700000,0.10865343625499999,1671.5913269999999,1671.09,0.215720506495,1647.185696,0.5386562500829062,0.16082299916215,0.064716015,1720.1267,-1.641263522332841,1675368000000,-1.5216499999999906,0.065,time,1647.68,range,5.013616918446994,-1,1675382400000,1720.1267,1529.04
main,F_REJECT,cost_x2,27.712999999999976,1677816300000,1677384300000,1677384300000,0.150635997246,0.045177246,0.02913958593380129,1677807000000,0.14596721449465996,1552.8427073899998,1553.3086999999998,0.29660321174065996,1602.510609,0.5322352611007866,-0.15157826169311014,0.08898055133999999,1553.3086999999998,-5.1169642247737865,1677369600000,-4.579802200000015,0.094,stop,1602.03,range,5.00541060083533,1,1677384000000,1553.3086999999998,1678.56
main,F_REJECT,cost_x2,41.473500000000044,1682568300000,1682136300000,1682136300000,0.20990960399499997,0.062953995,0.06428453345299104,1682355000000,0.205356853906165,1817.3172912050002,1817.86265,0.415266457901165,1857.6071149999998,0.5195784301448104,-0.03483882182481044,0.124579538835,1817.86265,-5.002855368560933,1682121600000,-4.428170549999992,0.113,stop,1857.05,range,4.979825779711462,1,1682136000000,1817.86265,2120.74
main,F_REJECT,cost_x2,22.479999999999983,1684627500000,1684195500000,1684195500000,0.221316005274,0.066414726,0.07980766127730998,1684627500000,0.22176979098399996,1817.7851719999999,1817.24,0.44308579625799993,1814.065617,0.5516939086335704,0.15145475629700267,0.13292570999999997,1850.248,-0.7454167499609851,1684180800000,-0.3208600000000133,0.122,time,1814.61,range,4.954811502868657,-1,1684195200000,1850.248,1741.33
main,F_REJECT,cost_x2,24.389999999999976,1689753900000,1689321900000,1689321900000,0.21317632791000002,0.06397209,0.21480382459610933,1689753900000,0.20406312057599998,1907.131968,1906.56,0.41723944848600003,1992.3021300000003,0.4989576706223334,0.18367022079282777,0.125172666,2033.719,8.879638106306864,1689307200000,9.238380000000015,0.107,time,1992.9,range,4.951084419118852,-1,1689321600000,2033.719,1861.1
main,F_REJECT,cost_x2,12.8125,1691985900000,1691553900000,1691553900000,0.29826442382100005,0.089506179,0.13274002564296009,1691985900000,0.297541565699,1848.084259,1847.53,0.5958059895200001,1852.5740610000003,0.5117749999041052,0.2685383086327448,0.17874187800000002,1879.28125,0.3955904411127902,1691539200000,0.9016000000000219,0.161,time,1853.13,range,4.995482609650388,-1,1691553600000,1879.28125,1800.0
main,F_REJECT,cost_x2,18.953999999999997,1697083500000,1696651500000,1696651500000,0.27561537057600005,0.08270942399999999,0.055125373206786954,1696844700000,0.269095744512,1601.760384,1601.28,0.5447111150880001,1640.567682,0.5393226872762559,0.14245997273467506,0.16341393599999998,1666.4954,6.117374921646705,1696636800000,6.683039999999996,0.168,target,1641.06,range,4.997460561855951,-1,1696651200000,1666.4954,1601.28
main,F_REJECT,cost_x2,43.09450000000002,1700697900000,1700265900000,1700265900000,0.150895184979,0.045254978999999994,0.20908930328799616,1700688300000,0.16111265170000003,2092.3721,2093.0,0.312007836679,1959.6777269999998,0.5153936949843342,-0.21432322405008902,0.09360327899999998,1899.50055,9.691135660270932,1700251200000,10.311070000000006,0.077,target,1959.09,range,5.028047436464185,1,1700265600000,1899.50055,2093.0
main,F_REJECT,cost_x2,25.767499999999984,1701878700000,1701446700000,1701446700000,0.2725357647350001,0.08178526500000001,0.003994211287988083,1701540000000,0.277027137466275,2114.710973025,2114.07675,0.5495629022012751,2080.425685,0.5149902696273596,0.08235342549693,0.164868481275,2114.07675,-4.958582207979316,1701432000000,-4.326504249999999,0.131,stop,2081.05,range,5.076503114765539,-1,1701446400000,2114.07675,1994.85
main,F_REJECT,cost_x2,76.70099999999988,1705521900000,1705089900000,1705089900000,0.085171200972,0.025559027999999998,0.29098843511126593,1705521900000,0.083692310163,2536.1306109999996,2535.37,0.16886351113499998,2580.945484,0.5199614461859207,0.12569456952921002,0.05065919099999999,2727.5600999999997,1.4357218673942187,1705075200000,1.529549999999997,0.033,time,2581.72,range,5.0517102037256425,-1,1705089600000,2727.5600999999997,2222.44
main,F_REJECT,cost_x2,29.438999999999965,1706875500000,1706443500000,1706443500000,0.2868222275100001,0.08607248999999999,0.057463435618010074,1706547600000,0.29126628507942004,2311.6371831700003,2310.9439,0.5780885125894202,2276.3668850000004,0.49941903851539504,0.10918381604898601,0.17342616942,2310.9439,-4.9129622659604255,1706428800000,-4.270631400000004,0.126,stop,2277.05,range,5.058888813062613,-1,1706443200000,2310.9439,2169.04
main,F_REJECT,cost_x2,26.82650000000001,1707710700000,1707278700000,1707278700000,0.352596559289,0.10581071099999999,0.15804848619556472,1707324000000,0.35691475716445503,2395.401054795,2394.68265,0.709511316453455,2366.4198610000003,0.5101314249962627,0.0323936027998,0.21285302545499998,2394.68265,-4.995315589108634,1707264000000,-4.105344850000012,0.149,stop,2367.13,range,5.034324001732812,-1,1707278400000,2394.68265,2261.51
main,F_REJECT,cost_x2,114.11099999999996,1711368300000,1710936300000,1710936300000,0.062508226844,0.018746844,0.08456006944928018,1711368300000,0.065407631822,3442.506938,3443.54,0.127915858666,3289.906676,0.5051835438583251,-0.15596283934813626,0.038375021999999995,3043.5889,2.615526279985862,1710921600000,2.937779999999998,0.019,time,3288.92,range,5.009347423787268,1,1710936000000,3043.5889,3682.95
main,F_REJECT,cost_x2,57.97799999999993,1712448300000,1712016300000,1712016300000,0.16138742170599998,0.048401705999999996,0.210947212795269,1712025300000,0.15668428180964003,3406.1800393400003,3407.2022,0.31807170351564,3508.4222109999996,0.48095495380062675,0.0,0.09542109636,3407.2022,-5.021211599875606,1712001600000,-4.6077187999999865,0.046,stop,3507.37,range,5.022425055187198,1,1712016000000,3407.2022,3661.08
main,F_REJECT,cost_x2,52.237499999999976,1714781100000,1714349100000,1714349100000,0.14706266796,0.04413204,0.1735583803943962,1714467300000,0.1378673478,3063.71884,3062.8,0.28493001576,3268.059288,0.5416590302994413,0.04427192627983319,0.08547984,3370.91375,8.954662070519829,1714334400000,9.28079999999999,0.045,target,3269.04,range,4.997318997187821,-1,1714348800000,3370.91375,3062.8
main,F_REJECT,cost_x2,74.53949999999993,1722398700000,1721966700000,1721966700000,0.09705150672,0.029106719999999996,0.0784539843483685,1722398700000,0.09862270430999999,3287.423477,3288.41,0.19567421103,3235.0502239999996,0.5097224714664805,-0.11704780705215165,0.05870241,3078.11605,1.2584755719178544,1721952000000,1.6298999999999977,0.03,time,3234.08,range,5.042092307540421,1,1721966400000,3078.11605,3540.94
main,F_REJECT,cost_x2,92.88999999999996,1735027500000,1734595500000,1734595500000,0.11057266185,0.03316185,0.01642690823259231,1734629400000,0.105889553601,3529.6517867,3530.711,0.216462215451,3685.755395,0.4829305925370857,-0.007993995851513258,0.06493824899999999,3530.711,-4.907564460302524,1734580800000,-4.618170000000009,0.03,stop,3684.65,range,5.04838468540001,1,1734595200000,3530.711,4109.99
main,F_REJECT,cost_x2,83.03599999999999,1736913900000,1736481900000,1736481900000,0.14626506636,0.04386636,0.08290270600655686,1736760600000,0.14160384409859997,3146.75209108,3147.6964,0.28786891045859997,3250.334808,0.48809345349377775,-0.1259856837940428,0.0863602614,3147.6964,-5.075076855652649,1736467200000,-4.574862000000014,0.045,stop,3249.36,range,5.023846863098497,1,1736481600000,3147.6964,3744.28
main,F_REJECT,cost_x2,48.923999999999886,1749240300000,1748808300000,1748808300000,0.17677921786,0.05301786,0.03187513313580829,1749154800000,0.1721558697404,2459.36956772,2460.1076,0.34893508760040004,2525.4173979999996,0.49564907164675037,-0.12260005987622238,0.10468011960000001,2460.1076,-5.094883267076605,1748793600000,-4.518668000000003,0.07,stop,2524.66,range,4.998471478820234,1,1748808000000,2460.1076,2766.66
main,F_REJECT,cost_x2,48.01249999999995,1751947500000,1751515500000,1751515500000,0.18169411540800004,0.054524592000000004,0.008596214511041256,1751549700000,0.18628895867662498,2623.7881503749995,2623.00125,0.36798307408462505,2559.0720480000004,0.49251990079255303,0.018122421128,0.110394518625,2623.00125,-4.94470392158156,1751500800000,-4.484448749999976,0.07100000000000001,stop,2559.84,range,4.97299706248485,-1,1751515200000,2623.00125,2367.53
main,F_REJECT,cost_x2,80.17049999999995,1754640300000,1754208300000,1754208300000,0.14177049839400002,0.042518393999999994,0.23188405797101447,1754599800000,0.1589503006,3876.8366,3878.0,0.30072079899400006,3457.817034,0.5142344755689583,-0.0785034664787791,0.09021779399999999,3345.4929500000003,16.80057794052722,1754193600000,17.27001999999999,0.041,target,3456.78,range,4.948273542876942,1,1754208000000,3345.4929500000003,3878.0
main,F_REJECT,cost_x2,85.15649999999998,1755345900000,1754913900000,1754913900000,0.11305233412200001,0.03392587799999999,0.25504499660115876,1754928000000,0.117706313853765,4359.493105695,4358.18565,0.230758647975765,4187.123486,0.5471585198423686,0.011687949,0.06922718176499999,4358.18565,-4.8730504307407525,1754899200000,-4.584752550000006,0.027,stop,4188.38,range,5.03227643257958,-1,1754913600000,4358.18565,3849.0
main,F_REJECT,cost_x2,99.39249999999997,1756109100000,1755677100000,1755677100000,0.134269708832,0.040268832,0.13825445326181746,1755871800000,0.14635448048000002,4573.577515,4574.95,0.28062418931200006,4195.928401,0.48973360508775937,-0.05053516699743043,0.084188352,4050.06075,11.753612291690564,1755662400000,12.168959999999991,0.032,target,4194.67,range,5.007911180425876,1,1755676800000,4050.06075,4574.95
main,F_REJECT,cost_x2,97.04950000000004,1756973100000,1756541100000,1756541100000,0.13621703285399997,0.040852853999999994,0.03392719300954064,1756762800000,0.131563735585035,4243.991470485,4245.26505,0.267780768439035,4394.097833999999,0.5169195879431093,-0.0051492341617041595,0.08033381896499998,4245.26505,-4.926227271565722,1756526400000,-4.5729634499999925,0.031,stop,4392.78,range,5.066679241884328,1,1756540800000,4245.26505,4662.5
main,F_REJECT,cost_x2,49.226999999999954,1759651500000,1759219500000,1759219500000,0.23786656861500005,0.071381385,0.0762609782442728,1759308000000,0.24242488955517003,4253.06823781,4251.7927,0.48029145817017005,4173.097695,0.5017997891767803,0.003464613299056855,0.14408704017,4251.7927,-5.035147785041092,1759204800000,-4.414233899999978,0.057,stop,4174.35,range,5.042048105526499,-1,1759219200000,4251.7927,3941.0
main,F_REJECT,cost_x2,82.53250000000003,1760357100000,1759925100000,1759925100000,0.23761726379999998,0.07126379999999999,0.06973350856240544,1759978500000,0.233153180805675,4399.116618975,4400.43675,0.47077044460567496,4483.344599999999,0.4976334519348274,-0.01163321299128553,0.141230744325,4400.43675,-4.946486651921922,1759910400000,-4.322852250000008,0.053,stop,4482.0,range,5.0168723666012935,1,1759924800000,4400.43675,4754.0
main,F_REJECT,cost_x2,90.63449999999993,1760486700000,1760054700000,1760054700000,0.170397643962,0.05110396199999999,0.0533816952628733,1760108400000,0.16583620965736504,4252.210504035001,4253.4865500000005,0.33623385361936503,4369.170357999999,0.4982597567756696,-0.004231599140527656,0.10086975463499999,4253.4865500000005,-4.901899757394842,1760040000000,-4.460564549999966,0.039,stop,4367.86,range,4.992139933341683,1,1760054400000,4253.4865500000005,4754.0
main,F_REJECT,cost_x2,114.38449999999992,1761105900000,1760673900000,1760673900000,0.149330445698,0.044785698,0.04473242501351038,1760683500000,0.14477689279832998,3809.918231535,3811.06155,0.29410733849633,3929.748571,0.5034208700440811,0.0,0.08823179967,3811.06155,-4.847660238166337,1760659200000,-4.46532110000001,0.038,stop,3928.57,range,4.967630434554709,1,1760673600000,3811.06155,4293.03
main,F_REJECT,cost_x2,89.03549999999996,1761624300000,1761192300000,1761192300000,0.13402404515500002,0.040195155,0.2774451724273214,1761516000000,0.14375121169500002,4107.177477,4108.41,0.27777525685000004,3829.258433,0.5245665085792339,-0.07477037888551304,0.08333346,3697.40645,9.374620904264496,1761177600000,9.810499999999992,0.035,target,3828.11,range,4.9433921333638775,1,1761192000000,3697.40645,4108.41
main,F_REJECT,cost_x2,59.83299999999997,1761998700000,1761566700000,1761566700000,0.18717308122499998,0.05616877499999999,0.11856795768444436,1761828000000,0.17181112788,3818.025064,3816.88,0.35898420910499995,4159.4018049999995,0.5137417852482755,0.019819617032160463,0.10769665499999999,4258.9833,15.022788752927141,1761552000000,15.469649999999978,0.045,target,4160.65,range,4.9902652378851995,-1,1761566400000,4258.9833,3816.88
main,F_REJECT,cost_x2,65.68100000000007,1764475500000,1764043500000,1764043500000,0.163007403104,0.048916895999999994,0.26989367494913,1764178200000,0.16768898520808,2994.44616443,2993.5481,0.33069638831208004,2910.8464839999997,0.514472098261239,0.01616215001646259,0.09920850408,2993.5481,-4.996116342375632,1764028800000,-4.58237360000001,0.056,stop,2911.72,range,5.065379181649836,-1,1764043200000,2993.5481,2620.0
main,F_REJECT,delay60,42.81300000000001,1658379900000,1657947900000,1657947900000,0.03782548532599999,0.011349347999999999,0.044484436446043975,1657987500000,0.04028345191154501,1299.4661906950003,1299.2713,0.078108937237545,1220.1769459999998,0.4858141394714812,0.008108717108582013,0.02343257109,1299.2713,-4.985933391218989,1657929600000,-4.892500600000013,0.062,stop,1220.36,range,5.0,-1,1657944000000,1299.2713,1005.0
main,F_REJECT,delay60,47.145999999999994,1661087100000,1660655100000,1660655100000,0.11157275340300002,0.033466805999999995,0.28959968300441363,1660675500000,0.10920296569771001,1850.89772369,1851.1754,0.22077571910071003,1891.0636170000002,0.49778149266375893,-0.008553150302800001,0.06623261057999999,1851.1754,-4.968904279983537,1660636800000,-4.673342799999987,0.11800000000000001,stop,1890.78,range,4.975070333043905,1,1660651200000,1851.1754,2030.0
main,F_REJECT,delay60,44.09099999999999,1662080700000,1661648700000,1661648700000,0.08079583255725001,0.0242351145,0.2537046069259078,1661729400000,0.0784132402993925,1438.775051365,1438.9909,0.15920907285664251,1482.4923405000002,0.516794011907271,0.04076390027849999,0.047762615715,1438.9909,-4.883629688293153,1661630400000,-4.717421899999997,0.109,stop,1482.27,range,4.950225811643987,1,1661644800000,1438.9909,1722.0
main,F_REJECT,delay60,51.11750000000004,1663578300000,1663146300000,1663146300000,0.07026841868200001,0.021077363999999998,0.11693926351028212,1663252200000,0.06787689993755,1542.6568167625,1542.88825,0.13814531861955,1597.0095155000001,0.4996511003760995,0.98889396624283,0.04144348889999999,1542.88825,-3.932288841276727,1663128000000,-4.741594000000001,0.088,stop,1596.77,range,4.925807663202521,1,1663142400000,1542.88825,1788.98
main,F_REJECT,delay60,36.314500000000024,1668978300000,1668546300000,1668546300000,0.07019778875200001,0.021062496,0.2609582059123343,1668943800000,0.06555783220000001,1170.6755750000002,1170.5,0.13575562095200003,1253.531942,0.5140604440143615,-0.039391885830771384,0.040726896,1295.63145,9.104765597217213,1668528000000,9.320640000000003,0.112,target,1253.72,range,4.906146218996138,-1,1668542400000,1295.63145,1170.5
main,F_REJECT,delay60,13.575000000000012,1671282300000,1670850300000,1670850300000,0.23416636968750004,0.070239375,0.23886263267994134,1670934000000,0.24326912915625004,1297.4353555000002,1297.63,0.4774354988437501,1248.8873050000002,0.5297304175313383,-0.0776441420736468,0.1432310625,1237.1425,17.65043929658262,1670832000000,18.348750000000024,0.375,target,1248.7,range,4.951670046982224,1,1670846400000,1237.1425,1297.63
main,F_REJECT,delay60,31.267000000000053,1675818300000,1675386300000,1675386300000,0.05604603183400001,0.016816332,0.13944959599272488,1675818300000,0.05726458840000002,1684.2526000000003,1684.0,0.11331062023400003,1648.4127010000002,0.5386562500829062,0.16824559912348003,0.033993131999999995,1720.1267,-2.3821781531105244,1675368000000,-2.4031199999999946,0.068,time,1648.66,range,5.039922243465138,-1,1675382400000,1720.1267,1529.04
main,F_REJECT,delay60,27.712999999999976,1677819900000,1677387900000,1677387900000,0.0816260120655,0.024484131,0.02913958593380129,1677807000000,0.079206860888445,1553.075703695,1553.3086999999998,0.160832872953945,1600.5100405,0.5322352611007866,-0.16447853928401313,0.048249754109999994,1553.3086999999998,-5.163613766347974,1677369600000,-4.790052600000017,0.10200000000000001,stop,1600.27,range,5.028011352699586,1,1677384000000,1553.3086999999998,1678.56
main,F_REJECT,delay60,41.473500000000044,1682571900000,1682139900000,1682139900000,0.1023466997025,0.030699405,0.06428453345299104,1682355000000,0.0999674483831375,1817.5899706025,1817.86265,0.2023141480856375,1860.8490855,0.5195784301448104,-0.03391389735158539,0.060694138725,1817.86265,-4.994730684162224,1682121600000,-4.69780849999999,0.11,stop,1860.57,range,5.002193283867847,1,1682136000000,1817.86265,2120.74
main,F_REJECT,delay60,22.479999999999983,1684631100000,1684199100000,1684199100000,0.113303002,0.033996,0.07980766127730998,1684631100000,0.11397959437500002,1823.6735100000003,1823.4,0.22728259637500003,1812.8480319999999,0.5516939086335704,0.15517905358299455,0.06818474999999999,1850.248,-1.4252882927920592,1684180800000,-1.285000000000025,0.125,time,1813.12,range,4.977219630447036,-1,1684195200000,1850.248,1741.33
main,F_REJECT,delay60,24.389999999999976,1689757500000,1689325500000,1689325500000,0.13496355243,0.04049514,0.21480382459610933,1689757500000,0.12843531240750003,1902.7453690000002,1902.46,0.2633988648375,1999.460036,0.4989576706223334,0.23173345614048363,0.079019955,2033.719,13.024814636302949,1689307200000,13.135499999999995,0.135,time,1999.76,range,4.970093188983076,-1,1689321600000,2033.719,1861.1
main,F_REJECT,delay60,12.8125,1691989500000,1691557500000,1691557500000,0.18468508808075002,0.05541383850000001,0.13274002564296009,1691989500000,0.18382894520625,1847.5270875,1847.25,0.36851403328700005,1856.1315385,0.5117749999041052,0.33192002122929326,0.110554251,1879.28125,1.6756917369422786,1691539200000,1.8228400000000164,0.199,time,1856.41,range,5.03521726216459,-1,1691553600000,1879.28125,1800.0
main,F_REJECT,delay60,43.09450000000002,1700701500000,1700269500000,1700269500000,0.08315097077500003,0.02494155,0.20908930328799616,1700688300000,0.08893915712500003,2092.6860500000003,2093.0,0.17209012790000006,1956.4934300000002,0.5153936949843342,-0.23659057200334502,0.0516273,1899.50055,11.167692000096658,1700251200000,11.627999999999997,0.085,target,1956.2,range,5.043595720849301,1,1700265600000,1899.50055,2093.0
main,F_REJECT,delay60,25.767499999999984,1701882300000,1701450300000,1701450300000,0.41546384607375003,0.12465785249999999,0.003994211287988083,1701540000000,0.4175927876487188,2114.3938615125003,2114.07675,0.8330566337224689,2103.6144105,0.5149902696273596,0.24831758069685,0.2499168999375,2114.07675,-4.842622202963288,1701432000000,-4.007966250000134,0.395,stop,2103.93,range,5.0994341808497845,-1,1701446400000,2114.07675,1994.85
main,F_REJECT,delay60,30.588499999999886,1704647100000,1704215100000,1704215100000,0.08290571227750002,0.024875445,0.11286884054459971,1704283200000,0.07904185450000002,2258.3387000000002,2258.0,0.16194756677750005,2368.7346365000003,0.5189991446873672,0.08741165262071132,0.048584445,2437.5488499999997,7.6531796408432164,1704196800000,7.776300000000011,0.07,target,2369.09,range,5.075221069834968,-1,1704211200000,2437.5488499999997,2258.0
main,F_REJECT,delay60,76.70099999999988,1705525500000,1705093500000,1705093500000,0.037116751652,0.011136696,0.29098843511126593,1705525500000,0.03680347469325001,2538.1706685000004,2537.79,0.07392022634525,2559.775976,0.5199614461859207,0.11045886413172999,0.0221760825,2727.5600999999997,0.6630925552864663,1705075200000,0.6487299999999969,0.029,time,2560.16,range,5.113486968039185,-1,1705089600000,2727.5600999999997,2222.44
main,F_REJECT,delay60,29.438999999999965,1706879100000,1706447100000,1706447100000,0.147843720115,0.04435977,0.057463435618010074,1706547600000,0.15023388520302505,2311.2905415850005,2310.9439,0.2980776053180251,2274.518771,0.49941903851539504,0.11264996893943001,0.08942317605,2310.9439,-4.965757812428655,1706428800000,-4.690907000000011,0.13,stop,2274.86,range,5.116802430815618,-1,1706443200000,2310.9439,2169.04
main,F_REJECT,delay60,26.82650000000001,1707714300000,1707282300000,1707282300000,0.1544952522355,0.04635552899999999,0.15804848619556472,1707324000000,0.15687524133203629,2395.0418523975004,2394.68265,0.3113704935675363,2358.706141,0.5101314249962627,0.0284802816562,0.09341104307249999,2394.68265,-5.042868404983875,1707264000000,-4.6665671500000325,0.131,stop,2359.06,range,5.091973641753474,-1,1707278400000,2394.68265,2261.51
main,F_REJECT,delay60,57.97799999999993,1712451900000,1712019900000,1712019900000,0.09268413553525001,0.027801070499999993,0.210947212795269,1712025300000,0.09027731467125501,3406.6911196700003,3407.2022,0.182961450206505,3497.5145485000003,0.48095495380062675,0.0,0.054888327989999985,3407.2022,-4.996603178196505,1712001600000,-4.758753399999979,0.053,stop,3496.99,range,5.066759299728554,1,1712016000000,3407.2022,3661.08
main,F_REJECT,delay60,52.237499999999976,1714784700000,1714352700000,1714352700000,0.08695624460649999,0.026090786999999997,0.1735583803943962,1714467300000,0.08117637463000002,3063.2594200000003,3062.8,0.16813261923650002,3281.367721,0.5416590302994413,0.05214249095180353,0.050440047,3370.91375,11.443749824715292,1714334400000,11.610179999999996,0.053,target,3281.86,range,5.041776283837572,-1,1714348800000,3370.91375,3062.8
main,F_REJECT,delay60,74.53949999999993,1722402300000,1721970300000,1721970300000,0.047129603380250004,0.014136760499999998,0.0784539843483685,1722402300000,0.047450076420750005,3272.4190635,3272.91,0.09457967980100002,3250.3174745,0.5097224714664805,-0.1131462134837466,0.028373918999999997,3078.11605,0.4332201877152498,1721952000000,0.6693199999999979,0.029,time,3249.83,range,5.098995032961148,1,1721966400000,3078.11605,3540.94
main,F_REJECT,delay60,60.04899999999996,1722992700000,1722560700000,1722560700000,0.06852067155925003,0.020553118500000002,0.021184039212682745,1722610200000,0.06604658617580252,3071.9342407350005,3072.3951,0.13456725773505254,3187.0079795000006,0.49351636657521464,-0.010514338331993875,0.040370066895,3072.3951,-5.093252362962053,1722542400000,-4.907800700000001,0.043000000000000003,stop,3186.53,range,5.101161133899725,1,1722556800000,3072.3951,3396.07
main,F_REJECT,delay60,92.88999999999996,1735031100000,1734599100000,1734599100000,0.06242554242700001,0.018724854,0.01642690823259231,1734629400000,0.06001308368695,3530.18139335,3530.711,0.12243862611395001,3672.0907310000002,0.4829305925370857,-0.00905986196504836,0.0367314801,3530.711,-4.956415968179015,1734580800000,-4.788186000000007,0.034,stop,3671.54,range,5.075694872084916,1,1734595200000,3530.711,4109.99
main,F_REJECT,delay60,122.00249999999998,1735160700000,1734728700000,1734728700000,0.024105945349500002,0.007230699,0.146083203186204,1735160700000,0.024308893119000002,3472.699017,3473.22,0.048414838468500004,3443.7064785000002,0.5163920369496413,-0.04965450391282348,0.014524460999999999,3087.79975,0.3078261966186721,1734710400000,0.42041999999999646,0.014,time,3443.19,range,5.05091279224402,1,1734724800000,3087.79975,4033.68
main,F_REJECT,delay60,83.03599999999999,1736917500000,1736485500000,1736485500000,0.07478881663999999,0.022433279999999996,0.08290270600655686,1736760600000,0.07238615764742001,3147.22424554,3147.6964,0.14717497428742,3251.68768,0.48809345349377775,-0.12878536565613263,0.04415238515999999,3147.6964,-5.081278325103549,1736467200000,-4.7611656,0.046,stop,3251.2,range,5.052451923227115,1,1736481600000,3147.6964,3744.28
main,F_REJECT,delay60,48.923999999999886,1749243900000,1748811900000,1748811900000,0.09219749755050001,0.027655100999999994,0.03187513313580829,1749154800000,0.08978045831088999,2459.73858386,2460.1076,0.18197795586138998,2525.958837,0.49564907164675037,-0.1278543481566319,0.054593279219999985,2460.1076,-5.143910783238042,1748793600000,-4.779485200000008,0.073,stop,2525.58,range,5.027045531601598,1,1748808000000,2460.1076,2766.66
main,F_REJECT,delay60,48.01249999999995,1751951100000,1751519100000,1751519100000,0.10911852976500003,0.03274047,0.008596214511041256,1751549700000,0.11149427475796876,2623.3947001875,2623.00125,0.22061280452296878,2567.494818,0.49251990079255303,0.021695856280000002,0.06618373593749999,2623.00125,-4.9504069341804495,1751500800000,-4.685306249999974,0.085,stop,2567.88,range,5.001325977685408,-1,1751515200000,2623.00125,2367.53
main,F_REJECT,delay60,80.17049999999995,1754643900000,1754211900000,1754211900000,0.07262406197550002,0.021783951000000003,0.23188405797101447,1754599800000,0.08142578430000001,3877.4183000000003,3878.0,0.15404984627550003,3458.2886655,0.5142344755689583,-0.08041818517338346,0.046215351,3345.4929500000003,17.368976617551123,1754193600000,17.64966,0.042,target,3457.77,range,4.976573943014505,1,1754208000000,3345.4929500000003,3878.0
main,F_REJECT,delay60,85.15649999999998,1755349500000,1754917500000,1754917500000,0.05637631728374999,0.016915432499999997,0.25504499660115876,1754928000000,0.05884433160094127,4358.839377847501,4358.18565,0.11522064888469126,4176.023502499999,0.5471585198423686,0.011687949,0.0345660843825,4358.18565,-5.03956133426724,1754899200000,-4.901462550000019,0.027,stop,4176.65,range,5.063418826102261,-1,1754913600000,4358.18565,3849.0
main,F_REJECT,delay60,99.39249999999997,1756112700000,1755680700000,1755680700000,0.057058477488000005,0.017114975999999997,0.13825445326181746,1755871800000,0.061752560726249996,4574.2637575,4574.95,0.11881103821425,4226.553888,0.48973360508775937,-0.04263904715408193,0.035643523499999996,4050.06075,9.226716391131653,1755662400000,9.423809999999992,0.027,target,4225.92,range,5.0382210194309245,1,1755676800000,4050.06075,4574.95
main,F_REJECT,delay60,97.04950000000004,1756976700000,1756544700000,1756544700000,0.07243860416100004,0.021728322,0.03392719300954064,1756762800000,0.07003636629400126,4244.6282602425,4245.26505,0.1424749704550013,4390.218434000001,0.5169195879431093,-0.005481442817297975,0.0427423839975,4245.26505,-4.952432147269845,1756526400000,-4.761733350000014,0.033,stop,4389.56,range,5.0843546013865835,1,1756540800000,4245.26505,4662.5
main,F_REJECT,delay60,49.226999999999954,1759655100000,1759223100000,1759223100000,0.11030427687625,0.033096247499999995,0.0762609782442728,1759308000000,0.1126894074259825,4252.430468905,4251.7927,0.2229936843022325,4162.4255425,0.5017997891767803,0.003221482541228304,0.066897999465,4251.7927,-4.990033301226021,1759204800000,-4.703363099999988,0.053,stop,4163.05,range,5.059592440650234,-1,1759219200000,4251.7927,3941.0
main,F_REJECT,delay60,82.53250000000003,1760360700000,1759928700000,1759928700000,0.13214176329175,0.0396365835,0.06973350856240544,1759978500000,0.12979341219238125,4399.7766844875,4400.43675,0.26193517548413126,4479.3818065000005,0.4976334519348274,-0.01295018049973295,0.0785804487375,4400.43675,-4.971587554721419,1759910400000,-4.618121750000012,0.059000000000000004,stop,4478.71,range,5.034642274144104,1,1759924800000,4400.43675,4754.0
main,F_REJECT,delay60,90.63449999999993,1760490300000,1760058300000,1760058300000,0.07679346729250001,0.023034585,0.0533816952628733,1760108400000,0.07442484922280627,4252.848527017501,4253.4865500000005,0.1512183165153063,4388.198131,0.4982597567756696,-0.0037975889722684096,0.0453653893875,4253.4865500000005,-4.892252044875058,1760040000000,-4.69187074999998,0.035,stop,4387.54,range,5.0097843363704975,1,1760054400000,4253.4865500000005,4754.0
main,F_REJECT,delay60,114.38449999999992,1761109500000,1760677500000,1760677500000,0.08999685750400001,0.026995007999999997,0.04473242501351038,1760683500000,0.0876412674876525,3810.4898907675,3811.06155,0.1776381249916525,3912.9068480000005,0.5034208700440811,0.0,0.05329133269499999,3811.06155,-4.888818157686671,1760659200000,-4.657888700000012,0.046,stop,3912.32,range,4.9853230761461225,1,1760673600000,3811.06155,4293.03
main,F_REJECT,delay60,89.03549999999996,1761627900000,1761195900000,1761195900000,0.06710296393500002,0.020127870000000003,0.2774451724273214,1761516000000,0.07188639042375,4107.7937385,4108.41,0.13898935435875004,3834.4550820000004,0.5245665085792339,-0.07477037888551304,0.0416970225,3697.40645,9.35309324425571,1761177600000,9.608549999999992,0.035,target,3833.88,range,4.960878985357688,1,1761192000000,3697.40645,4108.41
main,F_REJECT,delay60,59.83299999999997,1762002300000,1761570300000,1761570300000,0.091344376288,0.027407423999999996,0.11856795768444436,1761828000000,0.083983955704,3817.4525320000002,3816.88,0.17532833199199999,4152.0171040000005,0.5137417852482755,0.019379181098112448,0.052598832,4258.9833,14.564892017106123,1761552000000,14.773440000000008,0.044,target,4152.64,range,5.007644451578967,-1,1761566400000,4258.9833,3816.88
main,F_REJECT,delay60,65.68100000000007,1764479100000,1764047100000,1764047100000,0.1158511297235,0.034760553,0.26989367494913,1764178200000,0.11826288672249252,2993.9971322150004,2993.5481,0.2341140164459925,2932.939993,0.514472098261239,0.022800175916081154,0.070234097985,2993.5481,-5.034827838514947,1764028800000,-4.753279899999989,0.079,stop,2933.38,range,5.080468911664497,-1,1764043200000,2993.5481,2620.0
main,F_REJECT,stop_5bp,42.81300000000001,1658376300000,1657944300000,1657944300000,0.034602928782000004,0.010382435999999998,0.044484436446043975,1657987500000,0.03705330105083251,1300.1158263450002,1299.2713,0.07165622983283251,1214.137852,0.4858141394714812,0.00745478830950282,0.05852043766500001,1299.2713,-4.964945979188337,1657929600000,-4.84222410000001,0.057,stop,1214.32,range,5.0,-1,1657944000000,1299.2713,1005.0
main,F_REJECT,stop_5bp,47.145999999999994,1661083500000,1660651500000,1660651500000,0.0736084096055,0.022079210999999998,0.28959968300441363,1660675500000,0.07122392723561499,1849.97213599,1851.1754,0.144832336841115,1911.906743,0.49778149266375893,-0.0055812929942,0.11473053977,1851.1754,-4.919378369605318,1660636800000,-4.654234199999985,0.077,stop,1911.62,range,4.975175270104059,1,1660651200000,1851.1754,2030.0
main,F_REJECT,stop_5bp,44.09099999999999,1662077100000,1661645100000,1661645100000,0.07069155214250002,0.021204284999999996,0.2537046069259078,1661729400000,0.0683076389059625,1438.055555915,1438.9909,0.13899919104846253,1488.2432030000002,0.516794011907271,0.035528169967499995,0.11006197307499999,1438.9909,-4.871297494155982,1661630400000,-4.657764499999997,0.095,stop,1488.02,range,4.950578378256033,1,1661644800000,1438.9909,1722.0
main,F_REJECT,stop_5bp,51.11750000000004,1663574700000,1663142700000,1663142700000,0.06638049058025002,0.0199111605,0.11693926351028212,1663252200000,0.06398824296445625,1541.8853726374998,1542.88825,0.13036873354470627,1599.5298935,0.4996511003760995,0.9327068090699419,0.10314998158750001,1542.88825,-3.9821571560622853,1663128000000,-4.68134525,0.083,stop,1599.29,range,4.926221890785253,1,1663142400000,1542.88825,1788.98
main,F_REJECT,stop_5bp,36.314500000000024,1668974700000,1668542700000,1668542700000,0.08256411852425001,0.0247729515,0.2609582059123343,1668943800000,0.07667925016250002,1170.6755750000002,1170.5,0.15924336868675004,1260.5208935,0.5140604440143615,-0.04607443789134865,0.0477732765,1295.63145,11.56441891692188,1668528000000,11.817510000000006,0.131,target,1260.71,range,4.906311105004942,-1,1668542400000,1295.63145,1170.5
main,F_REJECT,stop_5bp,13.575000000000012,1671278700000,1670846700000,1670846700000,0.16859817093275,0.0505718655,0.23886263267994134,1670934000000,0.17450505531475005,1297.4353555000002,1297.63,0.34310322624750006,1253.5179995,0.5297304175313383,-0.05569673124749598,0.10293123600000001,1237.1425,11.414968806505046,1670832000000,11.91670000000005,0.269,target,1253.33,range,4.9641331995895515,1,1670846400000,1237.1425,1297.63
main,F_REJECT,stop_5bp,31.267000000000053,1675814700000,1675382700000,1675382700000,0.05436528398400001,0.016312032,0.13944959599272488,1675814700000,0.05515424189550001,1671.3406635000001,1671.09,0.10951952587950001,1647.4328480000001,0.5386562500829062,0.16329719914926002,0.032855823,1720.1267,-1.5241381497302382,1675368000000,-1.5450599999999906,0.066,time,1647.68,range,5.021208043622076,-1,1675382400000,1720.1267,1529.04
main,F_REJECT,stop_5bp,27.712999999999976,1677816300000,1677384300000,1677384300000,0.07771010976825,0.023309536499999995,0.02913958593380129,1677807000000,0.07528650389323249,1552.2990493449997,1553.3086999999998,0.15299661366148248,1602.2703045,0.5322352611007866,-0.15641586578969877,0.12124565003499999,1553.3086999999998,-5.156624229486214,1677369600000,-4.725966100000015,0.097,stop,1602.03,range,5.013587352873426,1,1677384000000,1553.3086999999998,1678.56
main,F_REJECT,stop_5bp,41.473500000000044,1682568300000,1682136300000,1682136300000,0.10865372061375003,0.0325912275,0.06428453345299104,1682355000000,0.10627584079773375,1816.6810392774998,1817.86265,0.21492956141148378,1857.3285575000002,0.5195784301448104,-0.03607205445577719,0.1708396820325,1817.86265,-5.006761247899805,1682121600000,-4.584919949999992,0.117,stop,1857.05,range,4.9878042317259945,1,1682136000000,1817.86265,2120.74
main,F_REJECT,stop_5bp,22.479999999999983,1684627500000,1684195500000,1684195500000,0.11521045083975,0.03456832049999999,0.07980766127730998,1684627500000,0.11541204921100003,1817.5125860000003,1817.24,0.23062250005075002,1814.3378085,0.5516939086335704,0.15766191844032246,0.06918674249999998,1850.248,-0.47615732411047146,1684180800000,-0.33401000000001385,0.127,time,1814.61,range,4.962770425486495,-1,1684195200000,1850.248,1741.33
main,F_REJECT,stop_5bp,24.389999999999976,1689753900000,1689321900000,1689321900000,0.11058935910750001,0.033181785,0.21480382459610933,1689753900000,0.105829952112,1906.845984,1906.56,0.2164193112195,1992.601065,0.4989576706223334,0.1905363972710643,0.064926009,2033.719,9.492931077051566,1689307200000,9.583740000000017,0.111,time,1992.9,range,4.960389638865943,-1,1689321600000,2033.719,1861.1
main,F_REJECT,stop_5bp,12.8125,1691985900000,1691553900000,1691553900000,0.15656599657725,0.0469768455,0.13274002564296009,1691985900000,0.15613970244275005,1847.8071295000002,1847.53,0.31270569902000006,1852.8520305000002,0.5117749999041052,0.2818818270741234,0.09381173100000001,1879.28125,0.8217643970541204,1691539200000,0.9464000000000231,0.169,time,1853.13,range,5.007854294251201,-1,1691553600000,1879.28125,1800.0
main,F_REJECT,stop_5bp,18.953999999999997,1697083500000,1696651500000,1696651500000,0.144391618008,0.04332398399999999,0.055125373206786954,1696844700000,0.140933776896,1601.5201920000002,1601.28,0.285325394904,1640.813841,0.5393226872762559,0.14924378096013577,0.08559777599999999,1666.4954,6.779600610056088,1696636800000,7.001279999999995,0.176,target,1641.06,range,5.011963116236473,-1,1696651200000,1666.4954,1601.28
main,F_REJECT,stop_5bp,43.09450000000002,1700697900000,1700265900000,1700265900000,0.07837535454000001,0.023509079999999998,0.20908930328799616,1700688300000,0.08370744200000002,2092.6860500000003,2093.0,0.16208279654000002,1959.3838635000002,0.5153936949843342,-0.22267347953256006,0.048625079999999994,1899.50055,10.279418643927446,1700251200000,10.712800000000007,0.08,target,1959.09,range,5.045861119286753,1,1700265600000,1899.50055,2093.0
main,F_REJECT,stop_5bp,25.767499999999984,1701878700000,1701446700000,1701446700000,0.1435709111325,0.043077735,0.003994211287988083,1701540000000,0.14596611209223753,2115.4508998875003,2114.07675,0.2895370232247375,2080.7378425,0.5149902696273596,0.08675399021814001,0.23271041947500004,2114.07675,-4.993184952481619,1701432000000,-4.5576915,0.138,stop,2081.05,range,5.09725821250639,-1,1701446400000,2114.07675,1994.85
main,F_REJECT,stop_5bp,76.70099999999988,1705521900000,1705089900000,1705089900000,0.042591990243000005,0.012779513999999999,0.29098843511126593,1705521900000,0.041839880040750003,2535.7503055,2535.37,0.08443187028375002,2581.332742,0.5199614461859207,0.12569456952921002,0.025329595499999996,2727.5600999999997,1.5454831037454553,1705075200000,1.529549999999997,0.033,time,2581.72,range,5.072292287743982,-1,1705089600000,2727.5600999999997,2222.44
main,F_REJECT,stop_5bp,29.438999999999965,1706875500000,1706443500000,1706443500000,0.15140111142625004,0.0454271475,0.057463435618010074,1706547600000,0.15377765990007755,2312.4460135350005,2310.9439,0.3051787713263276,2276.7084425000003,0.49941903851539504,0.115249583607263,0.24520824765500004,2310.9439,-4.943026135374091,1706428800000,-4.507888700000004,0.133,stop,2277.05,range,5.0800197032627095,-1,1706443200000,2310.9439,2169.04
main,F_REJECT,stop_5bp,26.82650000000001,1707710700000,1707278700000,1707278700000,0.18697521950950002,0.056100981,0.15804848619556472,1707324000000,0.1893028963040775,2396.2391937225,2394.68265,0.3762781158135775,2366.7749305,0.5101314249962627,0.03435026337160001,0.302034889155,2394.68265,-4.997281441596977,1707264000000,-4.353318700000013,0.158,stop,2367.13,range,5.05530457258584,-1,1707278400000,2394.68265,2261.51
main,F_REJECT,stop_5bp,114.11099999999996,1711368300000,1710936300000,1710936300000,0.03289413338000001,0.00986676,0.08456006944928018,1711368300000,0.034430234690000006,3443.023469,3443.54,0.06732436807000002,3289.4133380000003,0.5051835438583251,-0.16417140984014347,0.02019738,3043.5889,2.8407068420898547,1710921600000,3.092399999999998,0.02,time,3288.92,range,5.030318165377856,1,1710936000000,3043.5889,3682.95
main,F_REJECT,stop_5bp,57.97799999999993,1712448300000,1712016300000,1712016300000,0.08243555847925,0.024726958499999997,0.210947212795269,1712025300000,0.080017206686395,3404.9875185700002,3407.2022,0.162452765165645,3507.8961055000004,0.48095495380062675,0.0,0.12881698571,3407.2022,-4.999156350875653,1712001600000,-4.707886599999987,0.047,stop,3507.37,range,5.044521699588304,1,1712016000000,3407.2022,3661.08
main,F_REJECT,stop_5bp,52.237499999999976,1714781100000,1714349100000,1714349100000,0.075176641812,0.022556375999999996,0.1735583803943962,1714467300000,0.07045496666,3063.2594200000003,3062.8,0.14563160847200002,3268.549644,0.5416590302994413,0.04525574686382948,0.04368969599999999,3370.91375,9.342974442391823,1714334400000,9.48703999999999,0.046,target,3269.04,range,5.019525917833926,-1,1714348800000,3370.91375,3062.8
main,F_REJECT,stop_5bp,74.53949999999993,1722398700000,1721966700000,1721966700000,0.050135759236000006,0.015038471999999999,0.0784539843483685,1722398700000,0.05096270944675,3287.9167385,3288.41,0.10109846868275,3234.565112,0.5097224714664805,-0.12094940062055672,0.030329578499999996,3078.11605,1.4318525521966883,1721952000000,1.6842299999999977,0.031,time,3234.08,range,5.066240790045885,1,1721966400000,3078.11605,3540.94
main,F_REJECT,stop_5bp,92.88999999999996,1735027500000,1734595500000,1734595500000,0.057120641811250004,0.0171336225,0.01642690823259231,1734629400000,0.054690448586674996,3528.4160378499996,3530.711,0.111811090397925,3685.2026975000003,0.4829305925370857,-0.008260462379897035,0.08827744914999999,3530.711,-4.980458001927844,1734580800000,-4.772109000000009,0.031,stop,3684.65,range,5.073400052806869,1,1734595200000,3530.711,4109.99
main,F_REJECT,stop_5bp,83.03599999999999,1736913900000,1736481900000,1736481900000,0.076371413994,0.022907987999999997,0.08290270600655686,1736760600000,0.07392278433748999,3145.6503973399995,3147.6964,0.15029419833149,3249.8474040000006,0.48809345349377775,-0.13158504751822248,0.11907011301999998,3147.6964,-5.179138558869763,1736467200000,-4.778189200000015,0.047,stop,3249.36,range,5.048497762797229,1,1736481600000,3147.6964,3744.28
main,F_REJECT,stop_5bp,48.923999999999886,1749240300000,1748808300000,1748808300000,0.09090139316400002,0.027266327999999996,0.03187513313580829,1749154800000,0.08850630708216001,2458.50853006,2460.1076,0.17940770024616004,2525.038699,0.49564907164675037,-0.12610291872982873,0.14239936368,2460.1076,-5.09568278265601,1748793600000,-4.647772800000003,0.07200000000000001,stop,2524.66,range,5.02260207000288,1,1748808000000,2460.1076,2766.66
main,F_REJECT,stop_5bp,48.01249999999995,1751947500000,1751515500000,1751515500000,0.09342014487599999,0.028030248,0.008596214511041256,1751549700000,0.09580177632965624,2624.7062008125,2623.00125,0.18922192120565623,2559.456024,0.49251990079255303,0.018632911864,0.15249165731249997,2623.00125,-4.933851916654144,1751500800000,-4.610771249999974,0.073,stop,2559.84,range,4.9971236560896,-1,1751515200000,2623.00125,2367.53
main,F_REJECT,stop_5bp,80.17049999999995,1754640300000,1754208300000,1754208300000,0.07260326885700003,0.021777714,0.23188405797101447,1754599800000,0.08142578430000001,3877.4183000000003,3878.0,0.15402905315700005,3457.2985170000006,0.5142344755689583,-0.08041818517338346,0.046209113999999996,3345.4929500000003,17.410583647669604,1754193600000,17.691239999999993,0.042,target,3456.78,range,4.972454396506329,1,1754208000000,3345.4929500000003,3878.0
main,F_REJECT,stop_5bp,85.15649999999998,1755345900000,1754913900000,1754913900000,0.058628524402,0.017591196,0.25504499660115876,1754928000000,0.06105425858941501,4361.0184706725,4358.18565,0.11968278299141501,4187.751743,0.5471585198423686,0.012120836000000001,0.09691017483,4358.18565,-4.95903032182143,1754899200000,-4.754558200000007,0.028,stop,4188.38,range,5.059507314744677,-1,1754913600000,4358.18565,3849.0
main,F_REJECT,stop_5bp,99.39249999999997,1756109100000,1755677100000,1755677100000,0.06922243680825,0.020763616500000002,0.13825445326181746,1755871800000,0.07547535199875,4574.2637575,4574.95,0.14469778880700002,4195.299200500001,0.48973360508775937,-0.052114390966100134,0.043409618999999997,4050.06075,12.309018201226879,1755662400000,12.549239999999992,0.033,target,4194.67,range,5.03471216313557,1,1755676800000,4050.06075,4574.95
main,F_REJECT,stop_5bp,97.04950000000004,1756973100000,1756541100000,1756541100000,0.07029502267200001,0.021085344,0.03392719300954064,1756762800000,0.06788009004348,4242.5056277175,4245.26505,0.13817511271548,4393.438917,0.5169195879431093,-0.005315338489501065,0.10938685704000001,4245.26505,-4.973355708244997,1756526400000,-4.720478399999993,0.032,stop,4392.78,range,5.096257254141704,1,1756540800000,4245.26505,4662.5
main,F_REJECT,stop_5bp,49.226999999999954,1759651500000,1759219500000,1759219500000,0.12312485350125002,0.036942997500000005,0.0762609782442728,1759308000000,0.1255094127750225,4254.556365255,4251.7927,0.24863426627627253,4173.7238475,0.5017997891767803,0.0035861786779711295,0.19999924754500004,4251.7927,-5.014166635143276,1759204800000,-4.569119299999977,0.059000000000000004,stop,4174.35,range,5.07139047560048,-1,1759219200000,4251.7927,3941.0
main,F_REJECT,stop_5bp,82.53250000000003,1760357100000,1759925100000,1759925100000,0.1255148244,0.037648799999999996,0.06973350856240544,1759978500000,0.12313214105114999,4397.5764661124995,4400.43675,0.24864696545115,4482.6723,0.4976334519348274,-0.012291696745509239,0.1978246977,4400.43675,-5.026305359896699,1759910400000,-4.567542000000008,0.056,stop,4482.0,range,5.046319642424764,1,1759924800000,4400.43675,4754.0
main,F_REJECT,stop_5bp,90.63449999999993,1760486700000,1760054700000,1760054700000,0.0895545611695,0.026862338999999995,0.0533816952628733,1760108400000,0.08713979656672126,4250.7217837425005,4253.4865500000005,0.17669435773622127,4368.515179,0.4982597567756696,-0.004448604224657279,0.14021775555750002,4253.4865500000005,-5.010672167518357,1760040000000,-4.689311449999965,0.041,stop,4367.86,range,5.02118811562528,1,1760054400000,4253.4865500000005,4754.0
main,F_REJECT,stop_5bp,114.38449999999992,1761105900000,1760673900000,1760673900000,0.07858318571000002,0.023571420000000003,0.04473242501351038,1760683500000,0.07617168719985,3808.5843599924997,3811.06155,0.15475487290985002,3929.1592855000004,0.5034208700440811,0.0,0.1226590203,3811.06155,-4.977751893209877,1760659200000,-4.700338000000011,0.04,stop,3928.57,range,4.996134754787688,1,1760673600000,3811.06155,4293.03
main,F_REJECT,stop_5bp,89.03549999999996,1761624300000,1761192300000,1761192300000,0.06891631589700002,0.020671794000000004,0.2774451724273214,1761516000000,0.07394028729299999,4107.7937385,4108.41,0.14285660319000001,3828.6842165000003,0.5245665085792339,-0.07690667542509914,0.042857208,3697.40645,9.828179513384875,1761177600000,10.09079999999999,0.036000000000000004,target,3828.11,range,4.971245995321639,1,1761192000000,3697.40645,4108.41
main,F_REJECT,stop_5bp,59.83299999999997,1761998700000,1761566700000,1761566700000,0.09776060870874999,0.029332582499999996,0.11856795768444436,1761828000000,0.08971013450200001,3817.4525320000002,3816.88,0.18747074321075,4160.0259025,0.5137417852482755,0.020700488900256477,0.056241586499999996,4258.9833,15.934178159189473,1761552000000,16.15718999999998,0.047,target,4160.65,range,5.020386892888562,-1,1761566400000,4258.9833,3816.88
main,F_REJECT,stop_5bp,65.68100000000007,1764475500000,1764043500000,1764043500000,0.084427214018,0.025331964,0.26989367494913,1764178200000,0.08686932328168502,2995.493906265,2993.5481,0.17129653729968503,2911.283242,0.514472098261239,0.016739369659907678,0.13818872737,2993.5481,-5.038775695009783,1764028800000,-4.74602980000001,0.058,stop,2911.72,range,5.10005778368451,-1,1764043200000,2993.5481,2620.0
main,F_REJECT,risk_half,42.81300000000001,1658376300000,1657944300000,1657944300000,0.016997929928,0.005100143999999999,0.044484436446043975,1657987500000,0.018192526669730005,1299.4661906950003,1299.2713,0.035190456597730006,1214.137852,0.4858141394714812,0.0036620012748434893,0.010557083459999998,1299.2713,-2.4207219387828913,1657929600000,-2.378636400000005,0.028,stop,1214.32,range,2.5,-1,1657944000000,1299.2713,1005.0
main,F_REJECT,risk_half,47.145999999999994,1661083500000,1660651500000,1660651500000,0.0372821814885,0.011182976999999998,0.28959968300441363,1660675500000,0.036092505611955,1850.89772369,1851.1754,0.073374687100455,1911.906743,0.49778149266375893,-0.0028268886594000004,0.02201235309,1851.1754,-2.4555533288498546,1660636800000,-2.3573393999999928,0.039,stop,1911.62,range,2.4939481951530427,1,1660651200000,1851.1754,2030.0
main,F_REJECT,risk_half,44.09099999999999,1662077100000,1661645100000,1661645100000,0.03571783687200001,0.010713743999999999,0.2537046069259078,1661729400000,0.03453060123276001,1438.775051365,1438.9909,0.07024843810476002,1488.2432030000002,0.516794011907271,0.017951075351999995,0.02107447848,1438.9909,-2.4267686412327674,1661630400000,-2.3533967999999987,0.048,stop,1488.02,range,2.487809311830918,1,1661644800000,1438.9909,1722.0
main,F_REJECT,risk_half,51.11750000000004,1663574700000,1663142700000,1663142700000,0.03359012776350001,0.010075526999999999,0.11693926351028212,1663252200000,0.0323957931520125,1542.6568167625,1542.88825,0.0659859209155125,1599.5298935,0.4996511003760995,0.47197212025225976,0.019795722975,1542.88825,-1.9826830236382538,1663128000000,-2.3688735,0.042,stop,1599.29,range,2.481742390227836,1,1663142400000,1542.88825,1788.98
main,F_REJECT,risk_half,36.314500000000024,1668974700000,1668542700000,1668542700000,0.04222744993225001,0.0126701355,0.2609582059123343,1668943800000,0.03921763176250001,1170.6755750000002,1170.5,0.08144508169475001,1260.5208935,0.5140604440143615,-0.023564788845193606,0.024433660500000003,1295.63145,5.914626468960046,1668528000000,6.044070000000003,0.067,target,1260.71,range,2.47678568266874,-1,1668542400000,1295.63145,1170.5
main,F_REJECT,risk_half,13.575000000000012,1671278700000,1670846700000,1670846700000,0.08711950096525001,0.026131930499999997,0.23886263267994134,1670934000000,0.09017175720725003,1297.4353555000002,1297.63,0.17729125817250002,1253.5179995,0.5297304175313383,-0.028780095328631752,0.053187516000000004,1237.1425,5.89844113049889,1670832000000,6.157700000000026,0.139,target,1253.33,range,2.4915722488411407,1,1670846400000,1237.1425,1297.63
main,F_REJECT,risk_half,31.267000000000053,1675814700000,1675382700000,1675382700000,0.027182641992000003,0.008156016,0.13944959599272488,1675814700000,0.027577120947750004,1671.3406635000001,1671.09,0.054759762939750004,1647.4328480000001,0.5386562500829062,0.08164859957463001,0.0164279115,1720.1267,-0.7620690748651191,1675368000000,-0.7725299999999953,0.033,time,1647.68,range,2.506318351667388,-1,1675382400000,1720.1267,1529.04
main,F_REJECT,risk_half,27.712999999999976,1677816300000,1677384300000,1677384300000,0.03925562246025,0.0117749205,0.02913958593380129,1677807000000,0.038050354740527495,1553.075703695,1553.3086999999998,0.0773059772007775,1602.2703045,0.5322352611007866,-0.07901420024428084,0.023191739444999998,1553.3086999999998,-2.566855616890066,1677369600000,-2.3873437000000077,0.049,stop,1602.03,range,2.5044131789802253,1,1677384000000,1553.3086999999998,1678.56
main,F_REJECT,risk_half,41.473500000000044,1682568300000,1682136300000,1682136300000,0.05571985672500001,0.016713449999999998,0.06428453345299104,1682355000000,0.054527699118075,1817.5899706025,1817.86265,0.11024755584307501,1857.3285575000002,0.5195784301448104,-0.01849848946450112,0.03307421384999999,1817.86265,-2.51306125915759,1682121600000,-2.3512409999999955,0.06,stop,1857.05,range,2.497996039938,1,1682136000000,1817.86265,2120.74
main,F_REJECT,risk_half,22.479999999999983,1684627500000,1684195500000,1684195500000,0.05896597877625,0.017692447499999996,0.07980766127730998,1684627500000,0.059069159045000014,1817.5125860000003,1817.24,0.11803513782125001,1814.3378085,0.5516939086335704,0.08069310786315716,0.03541053749999999,1850.248,-0.2437025674581153,1684180800000,-0.1709500000000071,0.065,time,1814.61,range,2.491713386790106,-1,1684195200000,1850.248,1741.33
main,F_REJECT,risk_half,24.389999999999976,1689753900000,1689321900000,1689321900000,0.0567891303525,0.017039295,0.21480382459610933,1689753900000,0.054345110544,1906.845984,1906.56,0.11113424089650001,1992.601065,0.4989576706223334,0.09784301481487087,0.033340383,2033.719,4.874748390918373,1689307200000,4.921380000000008,0.057,time,1992.9,range,2.4911041303714607,-1,1689321600000,2033.719,1861.1
main,F_REJECT,risk_half,12.8125,1691985900000,1691553900000,1691553900000,0.08059906332675001,0.0241833465,0.13274002564296009,1691985900000,0.08037961013325001,1847.8071295000002,1847.53,0.16097867346000003,1852.8520305000002,0.5117749999041052,0.1451107630499925,0.048293613,1879.28125,0.42303847658999094,1691539200000,0.4872000000000119,0.08700000000000001,time,1853.13,range,2.5032910013487566,-1,1691553600000,1879.28125,1800.0
main,F_REJECT,risk_half,18.953999999999997,1697083500000,1696651500000,1696651500000,0.07383662284499999,0.022154309999999993,0.055125373206786954,1696844700000,0.07206840864,1601.5201920000002,1601.28,0.145905031485,1640.813841,0.5393226872762559,0.07631784253643306,0.043771589999999985,1666.4954,3.466841221051409,1696636800000,3.5801999999999974,0.09,target,1641.06,range,2.5043485975402313,-1,1696651200000,1666.4954,1601.28
main,F_REJECT,risk_half,43.09450000000002,1700697900000,1700265900000,1700265900000,0.039187677270000006,0.011754539999999999,0.20908930328799616,1700688300000,0.04185372100000001,2092.6860500000003,2093.0,0.08104139827000001,1959.3838635000002,0.5153936949843342,-0.11133673976628003,0.024312539999999997,1899.50055,5.139709321963723,1700251200000,5.356400000000003,0.04,target,1959.09,range,2.5130157005928595,1,1700265600000,1899.50055,2093.0
main,F_REJECT,risk_half,25.767499999999984,1701878700000,1701446700000,1701446700000,0.07282582448750001,0.021851025,0.003994211287988083,1701540000000,0.07400378515293751,2114.3938615125003,2114.07675,0.1468296096404375,2080.7378425,0.5149902696273596,0.044005647212100006,0.044048830875,2114.07675,-2.458745293303345,1701432000000,-2.3118724999999998,0.07,stop,2081.05,range,2.5258649738977685,-1,1701446400000,2114.07675,1994.85
main,F_REJECT,risk_half,76.70099999999988,1705521900000,1705089900000,1705089900000,0.020650661936000004,0.006196127999999999,0.29098843511126593,1705521900000,0.020286002444,2535.7503055,2535.37,0.04093666438,2581.332742,0.5199614461859207,0.06094282158992002,0.012281015999999999,2727.5600999999997,0.7493251412099178,1705075200000,0.7415999999999986,0.016,time,2581.72,range,2.5197181106645106,-1,1705089600000,2727.5600999999997,2222.44
main,F_REJECT,risk_half,29.438999999999965,1706875500000,1706443500000,1706443500000,0.07740808704500002,0.02322591,0.057463435618010074,1706547600000,0.07858387841389002,2311.2905415850005,2310.9439,0.15599196545889005,2276.7084425000003,0.49941903851539504,0.05892459913754801,0.04679753778,2310.9439,-2.448650104101356,1706428800000,-2.304785200000002,0.068,stop,2277.05,range,2.521591423517535,-1,1706443200000,2310.9439,2169.04
main,F_REJECT,risk_half,26.82650000000001,1707710700000,1707278700000,1707278700000,0.09703777215050002,0.029115699000000002,0.15804848619556472,1707324000000,0.09819671594829753,2395.0418523975004,2394.68265,0.19523448809879757,2366.7749305,0.5101314249962627,0.017827351876400003,0.058570295595,2394.68265,-2.4952947318174137,1707264000000,-2.259317300000007,0.082,stop,2367.13,range,2.5154697982572816,-1,1707278400000,2394.68265,2261.51
main,F_REJECT,risk_half,114.11099999999996,1711368300000,1710936300000,1710936300000,0.016447066690000005,0.00493338,0.08456006944928018,1711368300000,0.017215117345000003,3443.023469,3443.54,0.03366218403500001,3289.4133380000003,0.5051835438583251,-0.08208570492007174,0.01009869,3043.5889,1.4203534210449273,1710921600000,1.546199999999999,0.01,time,3288.92,range,2.5092315614277383,1,1710936000000,3043.5889,3682.95
main,F_REJECT,risk_half,57.97799999999993,1712448300000,1712016300000,1712016300000,0.042094753266000005,0.012626531999999998,0.210947212795269,1712025300000,0.04088029343604001,3406.6911196700003,3407.2022,0.08297504670204,3507.8961055000004,0.48095495380062675,0.0,0.02489245992,3407.2022,-2.511894706622044,1712001600000,-2.404027199999993,0.024,stop,3507.37,range,2.5127824449803504,1,1712016000000,3407.2022,3661.08
main,F_REJECT,risk_half,52.237499999999976,1714781100000,1714349100000,1714349100000,0.037588320906,0.011278187999999998,0.1735583803943962,1714467300000,0.03522748333,3063.2594200000003,3062.8,0.07281580423600001,3268.549644,0.5416590302994413,0.02262787343191474,0.021844847999999997,3370.91375,4.671487221195911,1714334400000,4.743519999999995,0.023,target,3269.04,range,2.506502708213795,-1,1714348800000,3370.91375,3062.8
main,F_REJECT,risk_half,74.53949999999993,1722398700000,1721966700000,1721966700000,0.02425923834,0.007276679999999999,0.0784539843483685,1722398700000,0.02465937553875,3287.9167385,3288.41,0.04891861387875,3234.565112,0.5097224714664805,-0.058523903526075824,0.0146756025,3078.11605,0.6928318800951717,1721952000000,0.8149499999999988,0.015,time,3234.08,range,2.5181814262667848,1,1721966400000,3078.11605,3540.94
main,F_REJECT,risk_half,92.88999999999996,1735027500000,1734595500000,1734595500000,0.027639020231250002,0.0082904625,0.01642690823259231,1734629400000,0.026476360450124997,3530.18139335,3530.711,0.054115380681375,3685.2026975000003,0.4829305925370857,-0.003996997925756629,0.016234562249999997,3530.711,-2.38343194085714,1734580800000,-2.3090850000000045,0.015,stop,3684.65,range,2.519913505967022,1,1734595200000,3530.711,4109.99
main,F_REJECT,risk_half,83.03599999999999,1736913900000,1736481900000,1736481900000,0.03737324514600001,0.011210292,0.08290270600655686,1736760600000,0.036193078823710007,3147.22424554,3147.6964,0.07356632396971002,3249.8474040000006,0.48809345349377775,-0.06439268282806632,0.022069844579999998,3147.6964,-2.4982916513777873,1736467200000,-2.3382628000000074,0.023,stop,3249.36,range,2.513954926114879,1,1736481600000,3147.6964,3744.28
main,F_REJECT,risk_half,48.923999999999886,1749240300000,1748808300000,1748808300000,0.04545069658200001,0.013633163999999998,0.03187513313580829,1749154800000,0.04427529450948001,2459.73858386,2460.1076,0.08972599109148002,2525.038699,0.49564907164675037,-0.06305145936491437,0.026917745039999996,2460.1076,-2.503581595496407,1748793600000,-2.3238864000000015,0.036000000000000004,stop,2524.66,range,2.5077091969864345,1,1748808000000,2460.1076,2766.66
main,F_REJECT,risk_half,48.01249999999995,1751947500000,1751515500000,1751515500000,0.047349936444,0.014207111999999997,0.008596214511041256,1751549700000,0.04853280195346875,2623.3947001875,2623.00125,0.09588273839746875,2559.456024,0.49251990079255303,0.009444078615999999,0.028764768937499994,2623.00125,-2.452169678718962,1751500800000,-2.3369662499999873,0.037,stop,2559.84,range,2.501450242997694,-1,1751515200000,2623.00125,2367.53
main,F_REJECT,risk_half,80.17049999999995,1754640300000,1754208300000,1754208300000,0.03630163442850001,0.010888857,0.23188405797101447,1754599800000,0.040712892150000006,3877.4183000000003,3878.0,0.07701452657850003,3457.2985170000006,0.5142344755689583,-0.04020909258669173,0.023104556999999998,3345.4929500000003,8.705291823834802,1754193600000,8.845619999999997,0.021,target,3456.78,range,2.4953198188008967,1,1754208000000,3345.4929500000003,3878.0
main,F_REJECT,risk_half,85.15649999999998,1755345900000,1754913900000,1754913900000,0.029314262201,0.008795598,0.25504499660115876,1754928000000,0.03051187564493251,4358.839377847501,4358.18565,0.059826137845932506,4187.751743,0.5471585198423686,0.006060418000000001,0.017947787865000002,4358.18565,-2.4489926077109496,1754899200000,-2.3772791000000035,0.014,stop,4188.38,range,2.5170830483604836,-1,1754913600000,4358.18565,3849.0
main,F_REJECT,risk_half,99.39249999999997,1756109100000,1755677100000,1755677100000,0.033562393604000006,0.010067208,0.13825445326181746,1755871800000,0.03659411006,4574.2637575,4574.95,0.070156503664,4195.299200500001,0.48973360508775937,-0.025267583498715215,0.021047088,4050.06075,5.968008824837273,1755662400000,6.084479999999996,0.016,target,4194.67,range,2.5109605668412063,1,1755676800000,4050.06075,4574.95
main,F_REJECT,risk_half,97.04950000000004,1756973100000,1756541100000,1756541100000,0.035147511336000005,0.010542672,0.03392719300954064,1756762800000,0.033957026081940005,4244.6282602425,4245.26505,0.06910453741794001,4393.438917,0.5169195879431093,-0.0026576692447505324,0.02073130812,4245.26505,-2.452732714782699,1756526400000,-2.3602391999999965,0.016,stop,4392.78,range,2.5258805889033,1,1756540800000,4245.26505,4662.5
main,F_REJECT,risk_half,49.226999999999954,1759651500000,1759219500000,1759219500000,0.0626058577125,0.018784574999999998,0.0762609782442728,1759308000000,0.06378645703357501,4252.430468905,4251.7927,0.126392314746075,4173.7238475,0.5017997891767803,0.0018234806837141339,0.03791764215,4251.7927,-2.4857674762123634,1759204800000,-2.323280999999988,0.03,stop,4174.35,range,2.5197487571163424,-1,1759219200000,4251.7927,3941.0
main,F_REJECT,risk_half,82.53250000000003,1760357100000,1759925100000,1759925100000,0.0627574122,0.018824399999999998,0.06973350856240544,1759978500000,0.061596873582825,4399.7766844875,4400.43675,0.12435428578282501,4482.6723,0.4976334519348274,-0.0061458483727546195,0.037306234349999995,4400.43675,-2.451577368505597,1759910400000,-2.283771000000004,0.028,stop,4482.0,range,2.5135343384258118,1,1759924800000,4400.43675,4754.0
main,F_REJECT,risk_half,90.63449999999993,1760486700000,1760054700000,1760054700000,0.04368515179,0.013103579999999998,0.0533816952628733,1760108400000,0.042528485270175005,4252.848527017501,4253.4865500000005,0.08621363706017501,4368.515179,0.4982597567756696,-0.002170050841296234,0.02586403965,4253.4865500000005,-2.401716727551459,1760040000000,-2.287468999999983,0.02,stop,4367.86,range,2.5074053950045476,1,1760054400000,4253.4865500000005,4754.0
main,F_REJECT,risk_half,114.38449999999992,1761105900000,1760673900000,1760673900000,0.03929159285500001,0.011785710000000001,0.04473242501351038,1760683500000,0.038104898907675,3810.4898907675,3811.06155,0.07739649176267502,3929.1592855000004,0.5034208700440811,0.0,0.023218894650000002,3811.06155,-2.4507843864126797,1760659200000,-2.3501690000000055,0.02,stop,3928.57,range,2.501401103185669,1,1760673600000,3811.06155,4293.03
main,F_REJECT,risk_half,89.03549999999996,1761624300000,1761192300000,1761192300000,0.03445815794850001,0.010335897000000002,0.2774451724273214,1761516000000,0.036970143646499996,4107.7937385,4108.41,0.07142830159500001,3828.6842165000003,0.5245665085792339,-0.03845333771254957,0.021428604,3697.40645,4.914089756692437,1761177600000,5.045399999999995,0.018000000000000002,target,3828.11,range,2.495274142219637,1,1761192000000,3697.40645,4108.41
main,F_REJECT,risk_half,59.83299999999997,1761998700000,1761566700000,1761566700000,0.04992031083,0.014978339999999998,0.11856795768444436,1761828000000,0.045809430384000004,3817.4525320000002,3816.88,0.095729741214,4160.0259025,0.5137417852482755,0.010570462417152246,0.028719107999999997,4258.9833,8.136601613203137,1761552000000,8.250479999999989,0.024,target,4160.65,range,2.5075593666113676,-1,1761566400000,4258.9833,3816.88
main,F_REJECT,risk_half,65.68100000000007,1764475500000,1764043500000,1764043500000,0.042213607009,0.012665982,0.26989367494913,1764178200000,0.04341295841711751,2993.9971322150004,2993.5481,0.08562656542611752,2911.283242,0.514472098261239,0.008369684829953839,0.025687916234999997,2993.5481,-2.475959696831177,1764028800000,-2.373014900000005,0.029,stop,2911.72,range,2.527900870644376,-1,1764043200000,2993.5481,2620.0
main,F_REJECT,risk_double,42.81300000000001,1658376300000,1657944300000,1657944300000,0.06981292649000001,0.020947019999999997,0.044484436446043975,1657987500000,0.07471930596496251,1299.4661906950003,1299.2713,0.14453223245496252,1214.137852,0.4858141394714812,0.015040362378821476,0.043359449925,1299.2713,-9.942250820001162,1657929600000,-9.76939950000002,0.115,stop,1214.32,range,10.0,-1,1657944000000,1299.2713,1005.0
main,F_REJECT,risk_double,47.145999999999994,1661083500000,1660651500000,1660651500000,0.1500846793255,0.04501865099999999,0.28959968300441363,1660675500000,0.145295471309665,1850.89772369,1851.1754,0.295380150635165,1911.906743,0.49778149266375893,-0.0113800389622,0.08861383167,1851.1754,-9.885176221267361,1660636800000,-9.48980219999997,0.157,stop,1911.62,range,9.90057749179999,1,1660651200000,1851.1754,2030.0
main,F_REJECT,risk_double,44.09099999999999,1662077100000,1661645100000,1661645100000,0.14287134748800004,0.042854975999999996,0.2537046069259078,1661729400000,0.13812240493104003,1438.775051365,1438.9909,0.28099375241904007,1488.2432030000002,0.516794011907271,0.07180430140799998,0.08429791392,1438.9909,-9.70707456493107,1661630400000,-9.413587199999995,0.192,stop,1488.02,range,9.801725729587316,1,1661644800000,1438.9909,1722.0
main,F_REJECT,risk_double,51.11750000000004,1663574700000,1663142700000,1663142700000,0.13276098116050003,0.039822321,0.11693926351028212,1663252200000,0.1280405157912875,1542.6568167625,1542.88825,0.26080149695178756,1599.5298935,0.4996511003760995,1.8654136181398837,0.078240238425,1542.88825,-7.836318617236906,1663128000000,-9.3626905,0.166,stop,1599.29,range,9.704654983938005,1,1663142400000,1542.88825,1788.98
main,F_REJECT,risk_double,36.314500000000024,1668974700000,1668542700000,1668542700000,0.16575849749525004,0.049735009499999996,0.2609582059123343,1668943800000,0.15394383811250004,1170.6755750000002,1170.5,0.3197023356077501,1260.5208935,0.5140604440143615,-0.09250058904904354,0.0959112345,1295.63145,23.217115840843167,1668528000000,23.72523000000001,0.263,target,1260.71,range,9.626291797765635,-1,1668542400000,1295.63145,1170.5
main,F_REJECT,risk_double,13.575000000000012,1671278700000,1670846700000,1670846700000,0.34659772686175006,0.1039637235,0.23886263267994134,1670934000000,0.3587408757957501,1297.4353555000002,1297.63,0.7053386026575001,1253.5179995,0.5297304175313383,-0.11449922817793784,0.211602132,1237.1425,23.46646003716465,1670832000000,24.497900000000104,0.553,target,1253.33,range,9.858462956174064,1,1670846400000,1237.1425,1297.63
main,F_REJECT,risk_double,31.267000000000053,1675814700000,1675382700000,1675382700000,0.11120171724000003,0.03336552,0.13944959599272488,1675814700000,0.11281549478625001,1671.3406635000001,1671.09,0.22401721202625002,1647.4328480000001,0.5386562500829062,0.33401699825985004,0.06720509250000001,1720.1267,-3.1175553062663965,1675368000000,-3.1603499999999807,0.135,time,1647.68,range,10.093127556545712,-1,1675382400000,1720.1267,1529.04
main,F_REJECT,risk_double,27.712999999999976,1677816300000,1677384300000,1677384300000,0.1586247601455,0.047580291000000004,0.02913958593380129,1677807000000,0.153754494665805,1553.075703695,1553.3086999999998,0.312379254811305,1602.2703045,0.5322352611007866,-0.31928187037484906,0.09371355939,1553.3086999999998,-10.372192084576186,1677369600000,-9.646817400000032,0.198,stop,1602.03,range,10.061952003483048,1,1677384000000,1553.3086999999998,1678.56
main,F_REJECT,risk_double,41.473500000000044,1682568300000,1682136300000,1682136300000,0.22195076262125005,0.0665752425,0.06428453345299104,1682355000000,0.21720200148699878,1817.5899706025,1817.86265,0.4391527641082488,1857.3285575000002,0.5195784301448104,-0.07368564970026281,0.1317456185025,1817.86265,-10.010360682311067,1682121600000,-9.365776649999983,0.23900000000000002,stop,1857.05,range,9.958230082637288,1,1682136000000,1817.86265,2120.74
main,F_REJECT,risk_double,22.479999999999983,1684627500000,1684195500000,1684195500000,0.23495674620075,0.0704975985,0.07980766127730998,1684627500000,0.23536787988700006,1817.5125860000003,1817.24,0.47032462608775005,1814.3378085,0.5516939086335704,0.32153099902396476,0.14109737249999998,1850.248,-0.9710609995638748,1684180800000,-0.6811700000000283,0.259,time,1814.61,range,9.858126475814178,-1,1684195200000,1850.248,1741.33
main,F_REJECT,risk_double,24.389999999999976,1689753900000,1689321900000,1689321900000,0.22516392034500002,0.06755931,0.21480382459610933,1689753900000,0.21547359619200002,1906.845984,1906.56,0.440637516537,1992.601065,0.4989576706223334,0.38793897102036523,0.132191694,2033.719,19.327949760483367,1689307200000,19.512840000000033,0.226,time,1992.9,range,9.84841586581854,-1,1689321600000,2033.719,1861.1
main,F_REJECT,risk_double,12.8125,1691985900000,1691553900000,1691553900000,0.32517553135275007,0.0975672945,0.13274002564296009,1691985900000,0.3242901512272501,1847.8071295000002,1847.53,0.6494656825800001,1852.8520305000002,0.5117749999041052,0.5854468716154871,0.194839749,1879.28125,1.706741440035481,1691539200000,1.965600000000048,0.35100000000000003,time,1853.13,range,10.041695363423374,-1,1691553600000,1879.28125,1800.0
main,F_REJECT,risk_double,18.953999999999997,1697083500000,1696651500000,1696651500000,0.298628119062,0.08960187599999998,0.055125373206786954,1696844700000,0.29147667494400004,1601.5201920000002,1601.28,0.590104794006,1640.813841,0.5393226872762559,0.3086632742584626,0.17703176399999998,1666.4954,14.021446716252363,1696636800000,14.47991999999999,0.364,target,1641.06,range,10.058762777823729,-1,1696651200000,1666.4954,1601.28
main,F_REJECT,risk_double,43.09450000000002,1700697900000,1700265900000,1700265900000,0.16066947680700003,0.048193613999999996,0.20908930328799616,1700688300000,0.17160025610000001,2092.6860500000003,2093.0,0.332269732907,1959.3838635000002,0.5153936949843342,-0.456480633041748,0.099681414,1899.50055,21.07280822005126,1700251200000,21.961240000000014,0.164,target,1959.09,range,10.198977244986253,1,1700265600000,1899.50055,2093.0
main,F_REJECT,risk_double,25.767499999999984,1701878700000,1701446700000,1701446700000,0.30274735608375,0.0908378325,0.003994211287988083,1701540000000,0.30764430685006877,2114.3938615125003,2114.07675,0.6103916629338187,2080.7378425,0.5149902696273596,0.18293776198173,0.1831172826375,2114.07675,-10.221355433589618,1701432000000,-9.610784249999996,0.291,stop,2081.05,range,10.409705327186767,-1,1701446400000,2114.07675,1994.85
main,F_REJECT,risk_double,76.70099999999988,1705521900000,1705089900000,1705089900000,0.08905597959900001,0.026720802,0.29098843511126593,1705521900000,0.08748338553975002,2535.7503055,2535.37,0.17653936513875002,2581.332742,0.5199614461859207,0.26281591810653004,0.052961881499999995,2727.5600999999997,3.2314646714677706,1705075200000,3.198149999999994,0.069,time,2581.72,range,10.30749177285087,-1,1705089600000,2727.5600999999997,2222.44
main,F_REJECT,risk_double,29.438999999999965,1706875500000,1706443500000,1706443500000,0.31873918195000006,0.0956361,0.057463435618010074,1706547600000,0.32358067582190014,2311.2905415850005,2310.9439,0.6423198577719003,2276.7084425000003,0.49941903851539504,0.24263070233108003,0.1926957438,2310.9439,-10.082676899240878,1706428800000,-9.490292000000009,0.28,stop,2277.05,range,10.339806419565548,-1,1706443200000,2310.9439,2169.04
main,F_REJECT,risk_double,26.82650000000001,1707710700000,1707278700000,1707278700000,0.39525141339350006,0.118593213,0.15804848619556472,1707324000000,0.39997198935038264,2395.0418523975004,2394.68265,0.7952234027438827,2366.7749305,0.5101314249962627,0.0726138478868,0.238566813765,2394.68265,-10.16376146862215,1707264000000,-9.202585100000029,0.334,stop,2367.13,range,10.23897965057314,-1,1707278400000,2394.68265,2261.51
main,F_REJECT,risk_double,114.11099999999996,1711368300000,1710936300000,1710936300000,0.06578826676000002,0.01973352,0.08456006944928018,1711368300000,0.06886046938000001,3443.023469,3443.54,0.13464873614000003,3289.4133380000003,0.5051835438583251,-0.32834281968028695,0.04039476,3043.5889,5.681413684179709,1710921600000,6.184799999999996,0.04,time,3288.92,range,10.137342035886919,1,1710936000000,3043.5889,3682.95
main,F_REJECT,risk_double,57.97799999999993,1712448300000,1712016300000,1712016300000,0.17013296111675005,0.051032233499999996,0.210947212795269,1712025300000,0.165224519303995,3406.6911196700003,3407.2022,0.3353574804207451,3507.8961055000004,0.48095495380062675,0.0,0.10060702551,3407.2022,-10.152241105930761,1712001600000,-9.716276599999972,0.097,stop,3507.37,range,10.194156172728718,1,1712016000000,3407.2022,3661.08
main,F_REJECT,risk_double,52.237499999999976,1714781100000,1714349100000,1714349100000,0.15525610809,0.04658382,0.1735583803943962,1714467300000,0.14550482245000002,3063.2594200000003,3062.8,0.30076093054,3268.549644,0.5416590302994413,0.09346295547964784,0.09022872,3370.91375,19.295273304939634,1714334400000,19.59279999999998,0.095,target,3269.04,range,10.09263376166941,-1,1714348800000,3370.91375,3062.8
main,F_REJECT,risk_double,74.53949999999993,1722398700000,1721966700000,1721966700000,0.10350608358400001,0.031047167999999997,0.0784539843483685,1722398700000,0.10521333563200001,3287.9167385,3288.41,0.208719419216,3234.565112,0.5097224714664805,-0.24970198837792354,0.06261590399999999,3078.11605,2.9560826884060663,1721952000000,3.4771199999999953,0.064,time,3234.08,range,10.285586494718805,1,1721966400000,3078.11605,3540.94
main,F_REJECT,risk_double,92.88999999999996,1735027500000,1734595500000,1734595500000,0.11976908766875002,0.035925337499999994,0.01642690823259231,1734629400000,0.114730895283875,3530.18139335,3530.711,0.23449998295262503,3685.2026975000003,0.4829305925370857,-0.017320324344945393,0.07034976974999999,3530.711,-10.328205077047608,1734580800000,-10.00603500000002,0.065,stop,3684.65,range,10.315147321602865,1,1734595200000,3530.711,4109.99
main,F_REJECT,risk_double,83.03599999999999,1736913900000,1736481900000,1736481900000,0.15599267539200004,0.046790783999999995,0.08290270600655686,1736760600000,0.15106676378592002,3147.22424554,3147.6964,0.30705943917792006,3249.8474040000006,0.48809345349377775,-0.26876945876062464,0.09211761215999999,3147.6964,-10.42765211009859,1736467200000,-9.75970560000003,0.096,stop,3249.36,range,10.211865270832389,1,1736481600000,3147.6964,3744.28
main,F_REJECT,risk_double,48.923999999999886,1749240300000,1748808300000,1748808300000,0.18811538307550002,0.056426150999999994,0.03187513313580829,1749154800000,0.18325052449756998,2459.73858386,2460.1076,0.37136590757307,2525.038699,0.49564907164675037,-0.26096298459367334,0.11140955585999998,2460.1076,-10.362046048026794,1748793600000,-9.618307600000005,0.149,stop,2524.66,range,10.107588749731404,1,1748808000000,2460.1076,2766.66
main,F_REJECT,risk_double,48.01249999999995,1751947500000,1751515500000,1751515500000,0.19195920179999998,0.05759639999999999,0.008596214511041256,1751549700000,0.19675460251406252,2623.3947001875,2623.00125,0.3887138043140625,2559.456024,0.49251990079255303,0.038286805199999996,0.11661392812499999,2623.00125,-9.941228427239034,1751500800000,-9.474187499999948,0.15,stop,2559.84,range,10.003968289251135,-1,1751515200000,2623.00125,2367.53
main,F_REJECT,risk_double,80.17049999999995,1754640300000,1754208300000,1754208300000,0.14693518697250005,0.044073945,0.23188405797101447,1754599800000,0.16479027775000002,3877.4183000000003,3878.0,0.31172546472250007,3457.2985170000006,0.5142344755689583,-0.1627510890413713,0.093518445,3345.4929500000003,35.2357050012361,1754193600000,35.803699999999985,0.085,target,3456.78,range,9.904556004978744,1,1754208000000,3345.4929500000003,3878.0
main,F_REJECT,risk_double,85.15649999999998,1755345900000,1754913900000,1754913900000,0.121444800547,0.036438906,0.25504499660115876,1754928000000,0.12640634195757755,4358.839377847501,4358.18565,0.24785114250457757,4187.751743,0.5471585198423686,0.025107446000000002,0.07435512115500001,4358.18565,-10.145826517659652,1754899200000,-9.848727700000014,0.058,stop,4188.38,range,10.256913054991102,-1,1754913600000,4358.18565,3849.0
main,F_REJECT,risk_double,99.39249999999997,1756109100000,1755677100000,1755677100000,0.14054252321675004,0.04215643349999999,0.13825445326181746,1755871800000,0.15323783587625003,4574.2637575,4574.95,0.29378035909300004,4195.299200500001,0.48973360508775937,-0.10580800590086997,0.08813468099999999,4050.06075,24.991036954006084,1755662400000,25.478759999999983,0.067,target,4194.67,range,10.155454789814508,1,1755676800000,4050.06075,4574.95
main,F_REJECT,risk_double,97.04950000000004,1756973100000,1756541100000,1756541100000,0.14718020371950002,0.044147439,0.03392719300954064,1756762800000,0.14219504671812377,4244.6282602425,4245.26505,0.2893752504376238,4393.438917,0.5169195879431093,-0.011128989962392855,0.08681235275249999,4245.26505,-10.27081824315255,1756526400000,-9.883501649999985,0.067,stop,4392.78,range,10.405365159354567,1,1756540800000,4245.26505,4662.5
main,F_REJECT,risk_double,49.226999999999954,1759651500000,1759219500000,1759219500000,0.258770878545,0.07764291,0.0762609782442728,1759308000000,0.26365068907211003,4252.430468905,4251.7927,0.52242156761711,4173.7238475,0.5017997891767803,0.007537053492685087,0.15672625421999997,4251.7927,-10.274505568344434,1759204800000,-9.602894799999952,0.124,stop,4174.35,range,10.302656976923041,-1,1759219200000,4251.7927,3941.0
main,F_REJECT,risk_double,82.53250000000003,1760357100000,1759925100000,1759925100000,0.2599949934,0.0779868,0.06973350856240544,1759978500000,0.255187047700275,4399.7766844875,4400.43675,0.515182041100275,4482.6723,0.4976334519348274,-0.025461371829983426,0.15455439945,4400.43675,-10.15653481238033,1759910400000,-9.461337000000018,0.116,stop,4482.0,range,10.199911921239595,1,1759924800000,4400.43675,4754.0
main,F_REJECT,risk_double,90.63449999999993,1760486700000,1760054700000,1760054700000,0.18347763751800003,0.055035035999999996,0.0533816952628733,1760108400000,0.17861963813473503,4252.848527017501,4253.4865500000005,0.3620972756527351,4368.515179,0.4982597567756696,-0.009114213533444182,0.10862896653000001,4253.4865500000005,-10.087210255716128,1760040000000,-9.607369799999928,0.084,stop,4367.86,range,10.098346573115792,1,1760054400000,4253.4865500000005,4754.0
main,F_REJECT,risk_double,114.38449999999992,1761105900000,1760673900000,1760673900000,0.15913095106275002,0.0477321255,0.04473242501351038,1760683500000,0.15432484057608378,3810.4898907675,3811.06155,0.3134557916388338,3929.1592855000004,0.5034208700440811,0.0,0.0940365233325,3811.06155,-9.925676764971351,1760659200000,-9.518184450000021,0.081,stop,3928.57,range,9.997474470558632,1,1760673600000,3811.06155,4293.03
main,F_REJECT,risk_double,89.03549999999996,1761624300000,1761192300000,1761192300000,0.13783263179400004,0.04134358800000001,0.2774451724273214,1761516000000,0.14788057458599999,4107.7937385,4108.41,0.28571320638000003,3828.6842165000003,0.5245665085792339,-0.1538133508501983,0.085714416,3697.40645,19.65635902676975,1761177600000,20.18159999999998,0.07200000000000001,target,3828.11,range,9.89821770290892,1,1761192000000,3697.40645,4108.41
main,F_REJECT,risk_double,59.83299999999997,1761998700000,1761566700000,1761566700000,0.20176125627125,0.06053745749999999,0.11856795768444436,1761828000000,0.185146447802,3817.4525320000002,3816.88,0.38690770407325004,4160.0259025,0.5137417852482755,0.04272228560265701,0.11607306149999999,4258.9833,32.88543152002935,1761552000000,33.345689999999955,0.097,target,4160.65,range,10.094781293176618,-1,1761566400000,4258.9833,3816.88
main,F_REJECT,risk_double,65.68100000000007,1764475500000,1764043500000,1764043500000,0.176132636141,0.05284771799999999,0.26989367494913,1764178200000,0.18113682649900753,2993.9971322150004,2993.5481,0.35726946264000753,2911.283242,0.514472098261239,0.034921788428428094,0.10718061601499998,2993.5481,-10.330728390226634,1764028800000,-9.901200100000022,0.121,stop,2911.72,range,10.423635608376912,-1,1764043200000,2993.5481,2620.0
main,F_REJECT,flow55,22.479999999999983,1684627500000,1684195500000,1684195500000,0.11883912645675,0.0356570865,0.07980766127730998,1684627500000,0.11904707438300002,1817.5125860000003,1817.24,0.23788620083975004,1814.3378085,0.5516939086335704,0.16262764815497832,0.0713658525,1850.248,-0.491154405184817,1684180800000,-0.3445300000000143,0.131,time,1814.61,range,5.0,-1,1684195200000,1850.248,1741.33
main,F_REJECT,min50,42.81300000000001,1658376300000,1657944300000,1657944300000,0.034602928782000004,0.010382435999999998,0.044484436446043975,1657987500000,0.03703478643480751,1299.4661906950003,1299.2713,0.07163771521680751,1214.137852,0.4858141394714812,0.00745478830950282,0.021491205614999998,1299.2713,-4.927898232522315,1657929600000,-4.84222410000001,0.057,stop,1214.32,range,5.0,-1,1657944000000,1299.2713,1005.0
main,F_REJECT,min50,47.145999999999994,1661083500000,1660651500000,1660651500000,0.07552031634850001,0.022652696999999996,0.28959968300441363,1660675500000,0.07311046008575502,1850.89772369,1851.1754,0.14863077643425504,1911.906743,0.49778149266375893,-0.005726261643400001,0.04458912548999999,1851.1754,-4.974069563567655,1660636800000,-4.775123399999985,0.079,stop,1911.62,range,4.975360508837389,1,1660651200000,1851.1754,2030.0
main,F_REJECT,min50,44.09099999999999,1662077100000,1661645100000,1661645100000,0.07217979534550001,0.021650691,0.2537046069259078,1661729400000,0.0697805899912025,1438.775051365,1438.9909,0.14196038533670252,1488.2432030000002,0.516794011907271,0.0362761314405,0.042588008595,1438.9909,-4.904094962491215,1661630400000,-4.755822699999998,0.097,stop,1488.02,range,4.950490161019551,1,1661644800000,1438.9909,1722.0
main,F_REJECT,min50,51.11750000000004,1663574700000,1663142700000,1663142700000,0.06718025552700002,0.020151053999999998,0.11693926351028212,1663252200000,0.064791586304025,1542.6568167625,1542.88825,0.131971841831025,1599.5298935,0.4996511003760995,0.9439442405045195,0.03959144595,1542.88825,-3.9653660472765075,1663128000000,-4.737747,0.084,stop,1599.29,range,4.925969686207095,1,1663142400000,1542.88825,1788.98
main,F_REJECT,min50,36.314500000000024,1668974700000,1668542700000,1668542700000,0.08445489986450001,0.025340271,0.2609582059123343,1668943800000,0.07843526352500002,1170.6755750000002,1170.5,0.16289016338950002,1260.5208935,0.5140604440143615,-0.04712957769038721,0.048867321000000005,1295.63145,11.829252937920092,1668528000000,12.088140000000006,0.134,target,1260.71,range,4.906142855970712,-1,1668542400000,1295.63145,1170.5
main,F_REJECT,min50,13.575000000000012,1671278700000,1670846700000,1670846700000,0.17423900193050001,0.052263860999999995,0.23886263267994134,1670934000000,0.18034351441450006,1297.4353555000002,1297.63,0.35458251634500004,1253.5179995,0.5297304175313383,-0.057560190657263505,0.10637503200000001,1237.1425,11.79688226099778,1670832000000,12.315400000000052,0.278,target,1253.33,range,4.965289120660314,1,1670846400000,1237.1425,1297.63
main,F_REJECT,min50,31.267000000000053,1675814700000,1675382700000,1675382700000,0.055189000408000004,0.016559184,0.13944959599272488,1675814700000,0.05598991222725001,1671.3406635000001,1671.09,0.11117891263525001,1647.4328480000001,0.5386562500829062,0.16577139913637,0.033353638500000005,1720.1267,-1.547231151998878,1675368000000,-1.5684699999999903,0.067,time,1647.68,range,5.024273531965303,-1,1675382400000,1720.1267,1529.04
main,F_REJECT,min50,27.712999999999976,1677816300000,1677384300000,1677384300000,0.0785112449205,0.023549841,0.02913958593380129,1677807000000,0.07610070948105499,1553.075703695,1553.3086999999998,0.154611954401555,1602.2703045,0.5322352611007866,-0.15802840048856168,0.046383478889999996,1553.3086999999998,-5.133711233780132,1677369600000,-4.7746874000000155,0.098,stop,1602.03,range,5.01653737620531,1,1677384000000,1553.3086999999998,1678.56
main,F_REJECT,min50,41.473500000000044,1682568300000,1682136300000,1682136300000,0.11143971345000002,0.033426899999999996,0.06428453345299104,1682355000000,0.10905539823615,1817.5899706025,1817.86265,0.22049511168615002,1857.3285575000002,0.5195784301448104,-0.03699697892900224,0.06614842769999998,1817.86265,-5.02612251831518,1682121600000,-4.702481999999991,0.12,stop,1857.05,range,4.99086882003641,1,1682136000000,1817.86265,2120.74
main,F_REJECT,min50,22.479999999999983,1684627500000,1684195500000,1684195500000,0.1179319575525,0.03538489499999999,0.07980766127730998,1684627500000,0.11813831809000003,1817.5125860000003,1817.24,0.23607027564250002,1814.3378085,0.5516939086335704,0.1613862157263143,0.07082107499999998,1850.248,-0.4874051349162306,1684180800000,-0.3419000000000142,0.13,time,1814.61,range,4.9657382074448355,-1,1684195200000,1850.248,1741.33
main,F_REJECT,min50,24.389999999999976,1689753900000,1689321900000,1689321900000,0.113578260705,0.03407859,0.21480382459610933,1689753900000,0.108690221088,1906.845984,1906.56,0.22226848179300002,1992.601065,0.4989576706223334,0.19568602962974174,0.066680766,2033.719,9.749496781836745,1689307200000,9.842760000000016,0.114,time,1992.9,range,4.963301181770254,-1,1689321600000,2033.719,1861.1
main,F_REJECT,min50,12.8125,1691985900000,1691553900000,1691553900000,0.16212455266875003,0.048644662500000005,0.13274002564296009,1691985900000,0.16168312383125005,1847.8071295000002,1847.53,0.3238076765000001,1852.8520305000002,0.5117749999041052,0.29188946590515735,0.097142325,1879.28125,0.8509394644051542,1691539200000,0.980000000000024,0.17500000000000002,time,1853.13,range,5.012048665679439,-1,1691553600000,1879.28125,1800.0
main,F_REJECT,min50,18.953999999999997,1697083500000,1696651500000,1696651500000,0.1484936526105,0.044554778999999996,0.055125373206786954,1696844700000,0.14493757737600002,1601.5201920000002,1601.28,0.2934312299865,1640.813841,0.5393226872762559,0.15348366110104872,0.088029531,1666.4954,6.9722029001145005,1696636800000,7.200179999999995,0.181,target,1641.06,range,5.016303363001464,-1,1696651200000,1666.4954,1601.28
main,F_REJECT,min50,43.09450000000002,1700697900000,1700265900000,1700265900000,0.07935504647175001,0.023802943499999996,0.20908930328799616,1700688300000,0.08475378502500001,2092.6860500000003,2093.0,0.16410883149675004,1959.3838635000002,0.5153936949843342,-0.22545689802671703,0.0492328935,1899.50055,10.407911376976537,1700251200000,10.846710000000007,0.081,target,1959.09,range,5.051164377502036,1,1700265600000,1899.50055,2093.0
main,F_REJECT,min50,25.767499999999984,1701878700000,1701446700000,1701446700000,0.1477323868175,0.044326365000000006,0.003994211287988083,1701540000000,0.15012196416738754,2114.3938615125003,2114.07675,0.29785435098488755,2080.7378425,0.5149902696273596,0.08926859863026002,0.089356199775,2114.07675,-4.987740452129644,1701432000000,-4.689798499999999,0.14200000000000002,stop,2081.05,range,5.103203934386919,-1,1701446400000,2114.07675,1994.85
main,F_REJECT,min50,76.70099999999988,1705521900000,1705089900000,1705089900000,0.04388265661400001,0.013166771999999998,0.29098843511126593,1705521900000,0.043107755193500005,2535.7503055,2535.37,0.08699041180750001,2581.332742,0.5199614461859207,0.12950349587858,0.026097158999999995,2727.5600999999997,1.5923159250710754,1705075200000,1.575899999999997,0.034,time,2581.72,range,5.078265232126271,-1,1705089600000,2727.5600999999997,2222.44
main,F_REJECT,min50,29.438999999999965,1706875500000,1706443500000,1706443500000,0.15595452831125003,0.046793377500000004,0.057463435618010074,1706547600000,0.15832340209857257,2311.2905415850005,2310.9439,0.3142779304098226,2276.7084425000003,0.49941903851539504,0.11871573649770702,0.09428327464500001,2310.9439,-4.9333097685571445,1706428800000,-4.643464300000004,0.137,stop,2277.05,range,5.086226811751627,-1,1706443200000,2310.9439,2169.04
main,F_REJECT,min50,26.82650000000001,1707710700000,1707278700000,1707278700000,0.19525893176625003,0.058586467499999996,0.15804848619556472,1707324000000,0.1975909528227938,2395.0418523975004,2394.68265,0.3928498845890438,2366.7749305,0.5101314249962627,0.03587211048300001,0.1178548630875,2394.68265,-5.021019887193576,1707264000000,-4.546187250000014,0.165,stop,2367.13,range,5.0615602629088405,-1,1707278400000,2394.68265,2261.51
main,F_REJECT,min50,114.11099999999996,1711368300000,1710936300000,1710936300000,0.03289413338000001,0.00986676,0.08456006944928018,1711368300000,0.034430234690000006,3443.023469,3443.54,0.06732436807000002,3289.4133380000003,0.5051835438583251,-0.16417140984014347,0.02019738,3043.5889,2.8407068420898547,1710921600000,3.092399999999998,0.02,time,3288.92,range,5.036455163472873,1,1710936000000,3043.5889,3682.95
main,F_REJECT,min50,57.97799999999993,1712448300000,1712016300000,1712016300000,0.08418950653200001,0.025253063999999995,0.210947212795269,1712025300000,0.08176058687208002,3406.6911196700003,3407.2022,0.16595009340408,3507.8961055000004,0.48095495380062675,0.0,0.04978491984,3407.2022,-5.023789413244088,1712001600000,-4.808054399999986,0.048,stop,3507.37,range,5.050658697683322,1,1712016000000,3407.2022,3661.08
main,F_REJECT,min50,52.237499999999976,1714781100000,1714349100000,1714349100000,0.07681091663400001,0.023046731999999997,0.1735583803943962,1714467300000,0.07198659637,3063.2594200000003,3062.8,0.14879751300400001,3268.549644,0.5416590302994413,0.04623956744782578,0.044639472,3370.91375,9.546082582443818,1714334400000,9.693279999999989,0.047,target,3269.04,range,5.025539750617102,-1,1714348800000,3370.91375,3062.8
main,F_REJECT,min50,74.53949999999993,1722398700000,1721966700000,1721966700000,0.050135759236000006,0.015038471999999999,0.0784539843483685,1722398700000,0.05096270944675,3287.9167385,3288.41,0.10109846868275,3234.565112,0.5097224714664805,-0.12094940062055672,0.030329578499999996,3078.11605,1.4318525521966883,1721952000000,1.6842299999999977,0.031,time,3234.08,range,5.073270163529321,1,1721966400000,3078.11605,3540.94
main,F_REJECT,min50,92.88999999999996,1735027500000,1734595500000,1734595500000,0.058963243160000005,0.01768632,0.01642690823259231,1734629400000,0.0564829022936,3530.18139335,3530.711,0.1154461454536,3685.2026975000003,0.4829305925370857,-0.00852692890828081,0.0346337328,3530.711,-5.084654807161899,1734580800000,-4.9260480000000095,0.032,stop,3684.65,range,5.080429426290304,1,1734595200000,3530.711,4109.99
main,F_REJECT,min50,83.03599999999999,1736913900000,1736481900000,1736481900000,0.076371413994,0.022907987999999997,0.08290270600655686,1736760600000,0.07395976977019,3147.22424554,3147.6964,0.15033118376419002,3249.8474040000006,0.48809345349377775,-0.13158504751822248,0.04509924761999999,3147.6964,-5.105204678902434,1736467200000,-4.778189200000015,0.047,stop,3249.36,range,5.055006152254495,1,1736481600000,3147.6964,3744.28
main,F_REJECT,min50,48.923999999999886,1749240300000,1748808300000,1748808300000,0.09342643186300001,0.028023725999999992,0.03187513313580829,1749154800000,0.09101032760281999,2459.73858386,2460.1076,0.18443675946582,2525.038699,0.49564907164675037,-0.12960577758343508,0.05533092035999999,2460.1076,-5.1462510574092795,1748793600000,-4.776877600000002,0.074,stop,2524.66,range,5.029480128859982,1,1748808000000,2460.1076,2766.66
main,F_REJECT,min50,48.01249999999995,1751947500000,1751515500000,1751515500000,0.09597960089999999,0.028798199999999996,0.008596214511041256,1751549700000,0.09837730125703126,2623.3947001875,2623.00125,0.19435690215703125,2559.456024,0.49251990079255303,0.019143402599999998,0.058306964062499994,2623.00125,-4.970614213619517,1751500800000,-4.737093749999974,0.075,stop,2559.84,range,5.003748873572936,-1,1751515200000,2623.00125,2367.53
main,F_REJECT,min50,80.17049999999995,1754640300000,1754208300000,1754208300000,0.07433191811550002,0.022296231,0.23188405797101447,1754599800000,0.08336449345000001,3877.4183000000003,3878.0,0.15769641156550002,3457.2985170000006,0.5142344755689583,-0.08233290386798782,0.047309330999999996,3345.4929500000003,17.825121353566498,1754193600000,18.11245999999999,0.043000000000000003,target,3456.78,range,4.978895802504838,1,1754208000000,3345.4929500000003,3878.0
main,F_REJECT,min50,85.15649999999998,1755345900000,1754913900000,1754913900000,0.058628524402,0.017591196,0.25504499660115876,1754928000000,0.06102375128986502,4358.839377847501,4358.18565,0.11965227569186501,4187.751743,0.5471585198423686,0.012120836000000001,0.035895575730000004,4358.18565,-4.897985215421899,1754899200000,-4.754558200000007,0.028,stop,4188.38,range,5.068021409272671,-1,1754913600000,4358.18565,3849.0
main,F_REJECT,min50,99.39249999999997,1756109100000,1755677100000,1755677100000,0.06922243680825,0.020763616500000002,0.13825445326181746,1755871800000,0.07547535199875,4574.2637575,4574.95,0.14469778880700002,4195.299200500001,0.48973360508775937,-0.052114390966100134,0.043409618999999997,4050.06075,12.309018201226879,1755662400000,12.549239999999992,0.033,target,4194.67,range,5.043531483195561,1,1755676800000,4050.06075,4574.95
main,F_REJECT,min50,97.04950000000004,1756973100000,1756541100000,1756541100000,0.07249174213050001,0.021744260999999997,0.03392719300954064,1756762800000,0.07003636629400126,4244.6282602425,4245.26505,0.14252810842450125,4393.438917,0.5169195879431093,-0.005481442817297975,0.0427583229975,4245.26505,-5.058761224239316,1756526400000,-4.867993349999993,0.033,stop,4392.78,range,5.1050765742016955,1,1756540800000,4245.26505,4662.5
main,F_REJECT,min50,49.226999999999954,1759651500000,1759219500000,1759219500000,0.12729857734875002,0.0381953025,0.0762609782442728,1759308000000,0.12969912930160252,4252.430468905,4251.7927,0.25699770665035254,4173.7238475,0.5017997891767803,0.003707744056885406,0.07709920570499999,4251.7927,-5.0543938682984715,1759204800000,-4.724004699999976,0.061,stop,4174.35,range,5.079782768080499,-1,1759219200000,4251.7927,3941.0
main,F_REJECT,min50,82.53250000000003,1760357100000,1759925100000,1759925100000,0.12775616055,0.0383211,0.06973350856240544,1759978500000,0.12539363550789376,4399.7766844875,4400.43675,0.2531497960578938,4482.6723,0.4976334519348274,-0.012511191330250474,0.07594483421249999,4400.43675,-4.99071107160068,1759910400000,-4.649105250000009,0.057,stop,4482.0,range,5.054510798739006,1,1759924800000,4400.43675,4754.0
main,F_REJECT,min50,90.63449999999993,1760486700000,1760054700000,1760054700000,0.0895545611695,0.026862338999999995,0.0533816952628733,1760108400000,0.08718339480385877,4252.848527017501,4253.4865500000005,0.17673795597335878,4368.515179,0.4982597567756696,-0.004448604224657279,0.0530212812825,4253.4865500000005,-4.92351929148049,1760040000000,-4.689311449999965,0.041,stop,4367.86,range,5.029557243381003,1,1760054400000,4253.4865500000005,4754.0
main,F_REJECT,min50,114.38449999999992,1761105900000,1760673900000,1760673900000,0.07858318571000002,0.023571420000000003,0.04473242501351038,1760683500000,0.07620979781535,3810.4898907675,3811.06155,0.15479298352535004,3929.1592855000004,0.5034208700440811,0.0,0.046437789300000004,3811.06155,-4.901568772825359,1760659200000,-4.700338000000011,0.04,stop,3928.57,range,5.0049396469236,1,1760673600000,3811.06155,4293.03
main,F_REJECT,min50,89.03549999999996,1761624300000,1761192300000,1761192300000,0.06891631589700002,0.020671794000000004,0.2774451724273214,1761516000000,0.07394028729299999,4107.7937385,4108.41,0.14285660319000001,3828.6842165000003,0.5245665085792339,-0.07690667542509914,0.042857208,3697.40645,9.828179513384875,1761177600000,10.09079999999999,0.036000000000000004,target,3828.11,range,4.980431803059473,1,1761192000000,3697.40645,4108.41
main,F_REJECT,min50,59.83299999999997,1761998700000,1761566700000,1761566700000,0.09984062166,0.029956679999999996,0.11856795768444436,1761828000000,0.09161886076800001,3817.4525320000002,3816.88,0.191459482428,4160.0259025,0.5137417852482755,0.021140924834304492,0.05743821599999999,4258.9833,16.273203226406274,1761552000000,16.500959999999978,0.048,target,4160.65,range,5.029572700626397,-1,1761566400000,4258.9833,3816.88
main,F_REJECT,min50,65.68100000000007,1764475500000,1764043500000,1764043500000,0.085882855639,0.025768721999999997,0.26989367494913,1764178200000,0.08832291540034252,2993.9971322150004,2993.5481,0.17420577103934254,2911.283242,0.514472098261239,0.017027979481630227,0.052261622684999995,2993.5481,-5.037297314242739,1764028800000,-4.82785790000001,0.059000000000000004,stop,2911.72,range,5.110938716758429,-1,1764043200000,2993.5481,2620.0
main,P_RESUME,base,109.88450000000003,1642867500000,1641657900000,1641657900000,0.07094513163375,0.0212867325,0.4087788946138472,1641756300000,0.07178512152830627,3190.4498457025006,3189.9713500000003,0.1427302531620563,3153.1169615000003,0.5261174324449027,0.011305877072271778,0.0428190391125,3259.01845,-1.811404165202297,,-1.637160750000005,0.045,stop,3153.59,down,5.0,-1,1641657600000,3189.9713500000003,
main,P_RESUME,base,94.91750000000002,1643025900000,1641816300000,1641816300000,0.0773496458125,0.023208374999999996,0.4621117348302596,1641913500000,0.0788597459378125,3154.3898375125,3153.91675,0.1562093917503125,3093.9858325,0.5327169773834961,0.027501240156284842,0.04686275062499999,3188.65175,-3.148908402219026,,-2.9733375000000026,0.05,stop,3094.45,down,4.9909429791739885,-1,1641816000000,3153.91675,
main,P_RESUME,base,63.26400000000001,1643774700000,1642565100000,1642565100000,0.07762360471250002,0.023290574999999997,0.301687427538422,1642685400000,0.07917977893556252,3167.1911574225005,3166.71615,0.15680338364806254,3104.9441885,0.5329738834777368,0.0440911834619,0.047040946125,3199.6764,-3.225060646311183,,-3.065307500000017,0.05,stop,3105.41,down,4.975198437162893,-1,1642564800000,3166.71615,
main,P_RESUME,base,111.4675,1644523500000,1643313900000,1643313900000,0.043170123510000005,0.01295298,0.3741695388108562,1643402400000,0.04505776065045001,2503.208925025,2502.8334999999997,0.08822788416045002,2398.3401949999998,0.5196091174201423,-0.014712371154000002,0.0264682809,2531.14675,-3.8782145362144624,,-3.7488059999999974,0.036000000000000004,stop,2398.7,down,4.959073133931337,-1,1643313600000,2502.8334999999997,
main,P_RESUME,base,58.23350000000003,1647893100000,1646683500000,1646683500000,0.028204808644,0.008462711999999999,0.3207337297253568,1646793000000,0.0302487833870125,2630.328990175,2629.9345,0.0584535920310125,2452.592056,0.5377348890706337,0.009656346861373196,0.017535986025,2655.82335,-4.1367467311946395,,-4.0704134999999955,0.023,stop,2452.96,down,4.939682061250265,-1,1646683200000,2629.9345,
main,P_RESUME,base,64.79499999999999,1649837100000,1648627500000,1648627500000,0.10540898897700002,0.031617954,0.6635671878919641,1648736700000,0.103474972525585,3337.902339535,3338.4031,0.20888396150258504,3400.2899670000006,0.5149736442951821,-0.06304720907924,0.06266510283,3325.5205,-4.139964073411862,,-3.805367800000013,0.062,stop,3399.78,up,4.9189983275942915,1,1648627200000,3338.4031,
main,P_RESUME,base,54.45299999999995,1654272300000,1653062700000,1653062700000,0.0380048684145,0.011403171,0.3173498115617437,1653210900000,0.038870155473873756,1993.3413063525004,1993.0423500000002,0.07687502388837375,1948.967611,0.5188072581112212,0.012691919976476247,0.023062468747500002,2070.1852999999996,-1.7947572226594115,,-1.707511650000007,0.039,stop,1949.26,down,4.898298507227232,-1,1653062400000,1993.0423500000002,
main,P_RESUME,base,45.8455,1661789100000,1660579500000,1660579500000,0.08446186738,0.025334759999999994,0.45887592949080885,1660619100000,0.08210996145803,1866.1354876825,1866.41545,0.16657182883803,1919.5878950000001,0.5096514598738414,0.011604767195999998,0.049971443939999985,1866.41545,-4.858778905582033,,-4.653840399999999,0.088,stop,1919.3,up,4.889324721113935,1,1660579200000,1866.41545,
main,P_RESUME,base,20.042999999999985,1670198700000,1668989100000,1668989100000,0.04892708983550001,0.014680329,0.36910049150233926,1669162800000,0.04926931803931251,1145.7980939375002,1145.62625,0.09819640787481251,1137.8392985,0.5193153381202715,0.005659943671148702,0.029458907625000003,1193.0043,-0.7769928718286774,,-0.6549975000000032,0.08600000000000001,stop,1138.01,down,4.8650308265860245,-1,1668988800000,1145.62625,
main,P_RESUME,base,13.315000000000008,1674129900000,1672920300000,1672920300000,0.2514947935612501,0.07543712250000001,0.40543942458979604,1672929600000,0.24931813091986252,1243.481949725,1243.6685,0.5008129244811126,1254.3381225000003,0.5317809289008962,0.0,0.150243782775,1243.6685,-4.854138207256205,,-4.203081500000039,0.401,stop,1254.15,up,4.8611458622268815,1,1672920000000,1243.6685,
main,P_RESUME,base,12.942500000000019,1674230700000,1673021100000,1673021100000,0.09467544918750001,0.028398375,0.3114548696448358,1673138100000,0.09443644115868749,1259.1525487825,1259.34145,0.1891118903461875,1262.3393225000002,0.5346871043843198,-0.03601045522044903,0.05673355762499999,1231.70575,-0.7031384031916774,,-0.42128250000002937,0.15,stop,1262.15,up,4.8368751711905995,1,1673020800000,1259.34145,
main,P_RESUME,base,20.356499999999993,1674763500000,1673553900000,1673553900000,0.047095753303500014,0.014126607000000001,0.610779304885947,1674057000000,0.051402820120245,1557.661215765,1557.8949,0.09849857342374502,1427.1440395000002,0.5217032184248179,-0.29699152385006916,0.02954976651,1355.96435,8.21864353621617,,8.643683399999997,0.066,stop,1426.93,up,4.833359479174641,1,1673553600000,1557.8949,
main,P_RESUME,base,31.236999999999988,1679731500000,1678521900000,1678521900000,0.04717633248850001,0.014155023,0.47827720986169503,1678641900000,0.04953964878284251,1478.7954860550003,1478.5737000000001,0.09671598127134252,1408.2487310000001,0.5095530071004599,0.007719226325553265,0.029014688684999998,1478.5737000000001,-4.8156293436308015,,-4.697617900000007,0.067,stop,1408.46,down,4.874452696855721,-1,1678521600000,1478.5737000000001,
main,P_RESUME,base,29.106499999999993,1683072300000,1681862700000,1681862700000,0.133415729358,0.04001871599999999,0.49422250517268734,1681887300000,0.13113318579619124,2065.0895400975,2065.39935,0.2645489151541912,2101.035108,0.5467093105751768,0.0,0.07936457361749999,2065.39935,-4.82963603877169,,-4.485722549999957,0.127,stop,2100.72,up,4.850374550137568,1,1681862400000,2065.39935,
main,P_RESUME,base,18.10150000000001,1692317100000,1691107500000,1691107500000,0.16804198992,0.05042015999999999,0.3609654912313791,1691371500000,0.16836154279385251,1840.0168611350002,1839.7409,0.3364035327138525,1836.52448,0.5312964223879058,0.2443462924048238,0.10092104770499999,1860.71015,-0.7311629880140629,,-0.5381847000000103,0.183,stop,1836.8,down,4.82622636994371,-1,1691107200000,1839.7409,
main,P_RESUME,base,31.230500000000028,1693800300000,1692590700000,1692590700000,0.17263300116500002,0.051797670000000004,0.6017713211634648,1692807300000,0.17118693873968252,1662.0091139775,1661.75985,0.3438199399046825,1676.048555,0.5387772088757663,-0.042070396864346896,0.10314604936499999,1697.4830499999998,2.5062345138659943,,2.9952709000000084,0.20600000000000002,stop,1676.3,down,4.82257055500364,-1,1692590400000,1661.75985,
main,P_RESUME,base,12.741499999999984,1695038700000,1693829100000,1693829100000,0.24144057848,0.07244303999999999,0.37209750086641774,1693926600000,0.24269824267651005,1639.8529910575003,1639.60705,0.4841388211565101,1631.35526,0.5292973036681905,0.021192239702399997,0.14524159301999998,1645.77415,-2.978274974474179,,-2.370086800000048,0.296,stop,1631.6,down,4.835101727572971,-1,1693828800000,1639.60705,
main,P_RESUME,base,42.90999999999999,1699502700000,1698293100000,1698293100000,0.097908584085,0.029368169999999996,0.33474396953025864,1698330900000,0.09560070374310001,1770.38340265,1770.6490000000001,0.1935092878281,1813.1219275,0.528041992071488,-0.019982167676424,0.05805268379999999,1770.6490000000001,-4.829252139304521,,-4.557707999999978,0.108,stop,1812.85,up,4.8202103527006,1,1698292800000,1770.6490000000001,
main,P_RESUME,base,29.652499999999986,1699776300000,1698566700000,1698566700000,0.15617154721875,0.0468444375,0.4890717153194232,1698942600000,0.15657136702156252,1789.3870516749998,1789.6554999999998,0.31274291424031253,1784.8176825,0.5375091204671351,-0.49929576273092946,0.093822894375,1759.52475,-0.012399071346278268,,0.8934624999999813,0.17500000000000002,stop,1784.55,up,4.796064092004078,1,1698566400000,1789.6554999999998,
main,P_RESUME,base,26.893999999999984,1700597100000,1699387500000,1699387500000,0.08357029366400001,0.025067327999999993,0.6959645305636522,1699665600000,0.09071291482143,2061.6571550324998,2061.96645,0.17428320848543,1899.3248560000002,0.5086535665327991,-0.38717436567445473,0.052285285139999985,1847.4106,13.72378474070008,,14.337527599999992,0.088,stop,1899.04,up,4.796002096647345,1,1699387200000,2061.96645,
main,P_RESUME,base,45.80400000000003,1700985900000,1699776300000,1699776300000,0.09564159408750002,0.028688175,0.47636916668044227,1699961400000,0.09432375893855625,2028.4679341625001,2028.77225,0.18996535302605627,2056.8084750000003,0.4749740709220402,-0.25955906601702744,0.05698954788749999,2006.9196,-3.085194716930598,,-2.5786807500000015,0.093,stop,2056.5,up,4.864621020350845,1,1699776000000,2028.77225,
main,P_RESUME,base,42.918500000000016,1710173100000,1708963500000,1708963500000,0.064497753212,0.019346424,0.6995540166726258,1709141400000,0.06558107063860875,3199.0766165175,3199.55655,0.13007882385060876,3146.2318640000003,0.5267106873134472,-0.31253596532700695,0.0390236967825,3032.95815,1.724020064039873,,2.2056585499999826,0.041,stop,3145.76,up,4.849195046766193,1,1708963200000,3199.55655,
main,P_RESUME,base,63.32000000000003,1718035500000,1716825900000,1716825900000,0.10119892256175002,0.030355123499999997,0.4654021896489318,1716839100000,0.0989166942699,3879.0860498,3879.668,0.20011561683165002,3968.5851985,0.5105755374003701,0.0,0.0600345837,3879.668,-4.764572200531638,,-4.504421999999983,0.051000000000000004,stop,3967.99,up,4.8578151470863915,1,1716825600000,3879.668,
main,P_RESUME,base,130.25499999999997,1724155500000,1722945900000,1722945900000,0.05783351867075,0.017352658499999996,0.5739406955634395,1723120200000,0.05877097557418751,2500.8925776250003,2500.5175,0.11660449424493752,2461.0007944999998,0.5183516671470206,-0.018079857437504947,0.03498130687499999,2558.9355,-2.009598158557467,,-1.8399325000000017,0.047,stop,2461.37,down,4.833992286083734,-1,1722945600000,2500.5175,
main,P_RESUME,base,146.30649999999997,1740053100000,1738843500000,1738843500000,0.0924854551005,0.027749799000000002,0.40241668428098387,1739072400000,0.08825178233198253,2674.2964343025005,2673.8953500000002,0.18073723743248254,2802.5895485,0.5455831850955926,0.01808346645569645,0.054221362965000006,2872.06065,8.304691766058186,,8.5215669,0.066,stop,2803.01,down,4.823944295290947,-1,1738843200000,2673.8953500000002,
main,P_RESUME,base,67.963,1740643500000,1739433900000,1739433900000,0.05228647585200001,0.015688296,0.3727659352414753,1739544600000,0.0531859177411575,2727.482961085,2727.0739,0.10547239359315752,2681.3577360000004,0.5172839522241139,0.009982495020078426,0.031641678315,2801.7862999999998,-1.8943736768880708,,-1.7672420999999863,0.039,stop,2681.76,down,4.865467754121237,-1,1739433600000,2727.0739,
main,P_RESUME,base,60.46499999999999,1753675500000,1752465900000,1752465900000,0.06371662606050002,0.019112121,0.5064077105632782,1752545700000,0.0620716638036075,2955.7935144575,2956.23695,0.1257882898641075,3034.1250505000003,0.5314204576044801,-0.0331914819443825,0.037736413785,2923.9535,-3.4489042855935064,,-3.252188100000004,0.042,stop,3033.67,up,4.855995885736798,1,1752465600000,2956.23695,
main,P_RESUME,base,74.54000000000003,1753949100000,1752739500000,1752739500000,0.05680382929650001,0.017038592999999998,0.6814011796231243,1753159200000,0.060912308632972506,3691.6550686650003,3692.2089,0.11771613792947253,3442.6563210000004,0.5354059344633346,-0.167953036433094,0.035315027054999996,3303.546,7.93128949858243,,8.252273700000007,0.033,stop,3442.14,up,4.8387513643088305,1,1752739200000,3692.2089,
main,P_RESUME,base,64.12249999999995,1754985900000,1753776300000,1753776300000,0.0581713743975,0.017448795,0.696538643907065,1753806900000,0.0558035944550625,3720.2396303375003,3720.79775,0.1139749688525625,3878.0916265000005,0.5314671252652684,-0.011280463732560001,0.034192384874999995,3720.79775,-4.860815317460128,,-4.701367500000001,0.03,stop,3877.51,up,4.878407811801741,1,1753776000000,3720.79775,
main,P_RESUME,base,106.72199999999995,1764374700000,1763165100000,1763165100000,0.053191990004500006,0.015959991,0.49102902002790666,1763286600000,0.055093468180810005,3240.7922459300003,3240.3062,0.10828545818531002,3128.9405885,0.5206619380334649,0.031521470325634,0.03248555262,3266.6222,-3.8797203404796816,,-3.770470800000005,0.034,stop,3129.41,down,4.854103735214441,-1,1763164800000,3240.3062,
main,P_RESUME,base,96.721,1764504300000,1763294700000,1763294700000,0.08569108440899999,0.025711181999999996,0.44358288520862255,1763482500000,0.08505883516173751,3150.3272282125004,3149.85475,0.17074991957073749,3173.7438669999997,0.5181527383058249,0.09819787792640022,0.05122500547499999,3258.1721,1.1919464528806265,,1.315723499999991,0.054,stop,3174.22,down,4.834705133512042,-1,1763294400000,3149.85475,
main,P_RESUME,cost_x2,109.88450000000003,1642867500000,1641657900000,1641657900000,0.135563688689,0.040681311000000005,0.4087788946138472,1641756300000,0.13720991868041502,3190.928341405,3189.9713500000003,0.272773607369415,3152.643923,0.5261174324449027,0.010803393646837477,0.081831941415,3259.01845,-1.9082002051375775,,-1.564398050000005,0.043000000000000003,stop,3153.59,down,5.0,-1,1641657600000,3189.9713500000003,
main,P_RESUME,cost_x2,94.91750000000002,1643025900000,1641816300000,1641816300000,0.14848903991999998,0.044560079999999995,0.4621117348302596,1641913500000,0.15143342040119998,3154.8629250249996,3153.91675,0.29992246032119996,3093.5216649999998,0.5327169773834961,0.026401190550033447,0.08997648119999999,3188.65175,-3.2179017509711607,,-2.8544040000000024,0.048,stop,3094.45,down,4.9904589989743116,-1,1641816000000,3153.91675,
main,P_RESUME,cost_x2,63.26400000000001,1643774700000,1642565100000,1642565100000,0.14901496209600001,0.04471790399999999,0.301687427538422,1642685400000,0.15204797591256,3167.666164845,3166.71615,0.30106293800856,3104.478377,0.5329738834777368,0.042327536123424006,0.09031861655999998,3199.6764,-3.291749218445136,,-2.9426952000000166,0.048,stop,3105.41,down,4.9743694902194555,-1,1642564800000,3166.71615,
main,P_RESUME,cost_x2,111.4675,1644523500000,1643313900000,1643313900000,0.08392931365,0.025186349999999996,0.3741695388108562,1643402400000,0.08762545225174999,2503.5843500499996,2502.8334999999997,0.17155476590175,2397.9803899999997,0.5196091174201423,-0.014303694177500001,0.05146610174999999,2531.14675,-3.8819970618292445,,-3.6446724999999973,0.035,stop,2398.7,down,4.957910744127231,-1,1643313600000,2502.8334999999997,
main,P_RESUME,cost_x2,58.23350000000003,1647893100000,1646683500000,1646683500000,0.05640115457600001,0.016925423999999998,0.3207337297253568,1646793000000,0.06050664004804999,2630.7234803499996,2629.9345,0.11690779462404999,2452.2241120000003,0.5377348890706337,0.009656346861373196,0.03507197205,2655.82335,-4.21273691981266,,-4.0704134999999955,0.023,stop,2452.96,down,4.938500758818084,-1,1646683200000,2629.9345,
main,P_RESUME,cost_x2,64.79499999999999,1649837100000,1648627500000,1648627500000,0.20064719610600004,0.060176106,0.6635671878919641,1648736700000,0.19690669316513001,3337.40157907,3338.4031,0.39755388927113006,3400.799934,0.5149736442951821,-0.05999653767218,0.11926584087,3325.5205,-4.198053367813316,,-3.6212371000000125,0.059000000000000004,stop,3399.78,up,4.917437074219022,1,1648627200000,3338.4031,
main,P_RESUME,cost_x2,54.45299999999995,1654272300000,1653062700000,1653062700000,0.074049658436,0.022221563999999996,0.3173498115617437,1653210900000,0.07575832998279,1993.6402627050002,1993.0423500000002,0.14980798841879,1948.675222,0.5188072581112212,0.012366486130925575,0.04494224679,2070.1852999999996,-1.8461130490778679,,-1.6637293000000068,0.038,stop,1949.26,down,4.896446807379954,-1,1653062400000,1993.0423500000002,
main,P_RESUME,cost_x2,45.8455,1661789100000,1660579500000,1660579500000,0.16126956636,0.04836636,0.45887592949080885,1660619100000,0.15673186413066,1865.855525365,1866.41545,0.31800143049066,1919.8757899999998,0.5096514598738414,0.011077277778,0.09540002934,1866.41545,-4.84462638205265,,-4.442302199999999,0.084,stop,1919.3,up,4.887216242134565,1,1660579200000,1866.41545,
main,P_RESUME,cost_x2,20.042999999999985,1670198700000,1668989100000,1668989100000,0.09442649355100001,0.028336448999999996,0.36910049150233926,1669162800000,0.095115504843625,1145.969937875,1145.62625,0.18954199839462502,1137.668597,0.5193153381202715,0.005462503775643516,0.056862542625,1193.0043,-0.8730907872439668,,-0.632148750000003,0.083,stop,1138.01,down,4.862993110224301,-1,1668988800000,1145.62625,
main,P_RESUME,cost_x2,13.315000000000008,1674129900000,1672920300000,1672920300000,0.44284776448499996,0.13281448499999998,0.40543942458979604,1672929600000,0.43888327600585003,1243.29539945,1243.6685,0.88173104049085,1254.526245,0.5317809289008962,0.0,0.26451897915,1243.6685,-4.846219519640819,,-3.6999695000000337,0.353,stop,1254.15,up,4.858627656288082,1,1672920000000,1243.6685,
main,P_RESUME,cost_x2,12.942500000000019,1674230700000,1673021100000,1673021100000,0.18054159623500005,0.054146235,0.3114548696448358,1673138100000,0.18003180160179502,1258.963647565,1259.34145,0.3605733978367951,1262.528645,0.5346871043843198,-0.03432996731016141,0.108171983205,1231.70575,-0.9046979983519741,,-0.40162265000002806,0.14300000000000002,stop,1262.15,up,4.834396558689877,1,1673020800000,1259.34145,
main,P_RESUME,cost_x2,20.356499999999993,1674763500000,1673553900000,1673553900000,0.09135091705600001,0.027397056,0.610779304885947,1674057000000,0.09967536201792002,1557.4275315300001,1557.8949,0.19102627907392003,1427.358079,0.5217032184248179,-0.2879917807030974,0.057308638079999995,1355.96435,7.845426902142987,,8.381753599999996,0.064,stop,1426.93,up,4.829873068698118,1,1673553600000,1557.8949,
main,P_RESUME,cost_x2,31.236999999999988,1679731500000,1678521900000,1678521900000,0.09152243503,0.027464970000000002,0.47827720986169503,1678641900000,0.09613612268715001,1479.01727211,1478.5737000000001,0.18765855771715,1408.037462,0.5095530071004599,0.00748880165911884,0.056297157150000006,1478.5737000000001,-4.793857413208032,,-4.5573905000000074,0.065,stop,1408.46,down,4.8691002032088315,-1,1678521600000,1478.5737000000001,
main,P_RESUME,cost_x2,29.106499999999993,1683072300000,1681862700000,1681862700000,0.24795932548799998,0.074365488,0.49422250517268734,1681887300000,0.24364400816301007,2064.7797301950004,2065.39935,0.49160333365101005,2101.350216,0.5467093105751768,0.0,0.14748062498999998,2065.39935,-4.806920658640941,,-4.16783669999996,0.11800000000000001,stop,2100.72,up,4.845130916142792,1,1681862400000,2065.39935,
main,P_RESUME,cost_x2,18.10150000000001,1692317100000,1691107500000,1691107500000,0.30665357632,0.09202368,0.3609654912313791,1691371500000,0.30732890131909,1840.29282227,1839.7409,0.6139824776390901,1836.2489600000001,0.5312964223879058,0.22298268213992123,0.18419469909,1860.71015,-1.066324794589146,,-0.4911303000000094,0.167,stop,1836.8,down,4.821096312849587,-1,1691107200000,1839.7409,
main,P_RESUME,cost_x2,31.230500000000028,1693800300000,1692590700000,1692590700000,0.31504985668,0.09454332,0.6017713211634648,1692807300000,0.31250457505553997,1662.2583779549998,1661.75985,0.6275544317355399,1675.79711,0.5387772088757663,-0.03839434276940396,0.18826657553999998,1697.4830499999998,1.8793328499550914,,2.7335482000000075,0.188,stop,1676.3,down,4.815764688876641,-1,1692590400000,1661.75985,
main,P_RESUME,cost_x2,12.741499999999984,1695038700000,1693829100000,1693829100000,0.42571984572000005,0.12775428,0.37209750086641774,1693926600000,0.42806582128201504,1640.098932115,1639.60705,0.8537856670020151,1631.11052,0.5292973036681905,0.0186864005484,0.25613551201499996,1645.77415,-3.1810748284686348,,-2.0898400500000425,0.261,stop,1631.6,down,4.825161353126417,-1,1693828800000,1639.60705,
main,P_RESUME,cost_x2,42.90999999999999,1699502700000,1698293100000,1698293100000,0.18496617321,0.055473209999999995,0.33474396953025864,1698330900000,0.1805520161406,1770.1178053,1770.6490000000001,0.3655181893506,1813.3938549999998,0.528041992071488,-0.018872047249956,0.1096550694,1770.6490000000001,-4.798547306000526,,-4.304501999999979,0.10200000000000001,stop,1812.85,up,4.809255978984074,1,1698292800000,1770.6490000000001,
main,P_RESUME,cost_x2,29.652499999999986,1699776300000,1698566700000,1698566700000,0.287398743765,0.08619376499999999,0.4890717153194232,1698942600000,0.28804809513935,1789.1186033499998,1789.6554999999998,0.57544683890435,1785.085365,0.5375091204671351,-0.45935210171245505,0.17263412564999997,1759.52475,-0.38544756626681803,,0.8219854999999827,0.161,stop,1784.55,up,4.785263242454071,1,1698566400000,1789.6554999999998,
main,P_RESUME,cost_x2,26.893999999999984,1700597100000,1699387500000,1699387500000,0.159567215808,0.047855808,0.6959645305636522,1699665600000,0.17315322024546,2061.347860065,2061.96645,0.33272043605346,1899.609712,0.5086535665327991,-0.3695755308710704,0.09981736254,1847.4106,12.883708470535481,,13.685821799999996,0.084,stop,1899.04,up,4.783336004622736,1,1699387200000,2061.96645,
main,P_RESUME,cost_x2,45.80400000000003,1700985900000,1699776300000,1699776300000,0.1810262916,0.05429159999999999,0.47636916668044227,1699961400000,0.1784783984126,2028.163618325,2028.77225,0.3595046900126,2057.11695,0.4749740709220402,-0.24560427752148833,0.10785118739999998,2006.9196,-3.1530021549340943,,-2.440042000000001,0.088,stop,2056.5,up,4.847754546975412,1,1699776000000,2028.77225,
main,P_RESUME,cost_x2,42.918500000000016,1710173100000,1708963500000,1708963500000,0.122721445392,0.036805392,0.6995540166726258,1709141400000,0.124745270638365,3198.596683035,3199.55655,0.24746671603036502,3146.703728,0.5267106873134472,-0.2972903084817871,0.074240203635,3032.95815,1.4790682218528435,,2.098065449999983,0.039,stop,3145.76,up,4.831989536200742,1,1708963200000,3199.55655,
main,P_RESUME,cost_x2,63.32000000000003,1718035500000,1716825900000,1716825900000,0.194489839453,0.058329452999999996,0.4654021896489318,1716839100000,0.19004670088040002,3878.5040996000002,3879.668,0.3845365403334,3969.1803969999996,0.5105755374003701,0.0,0.11536057259999999,3879.668,-4.82767511293337,,-4.3277779999999835,0.049,stop,3967.99,up,4.839384877310006,1,1716825600000,3879.668,
main,P_RESUME,cost_x2,130.25499999999997,1724155500000,1722945900000,1722945900000,0.113189053094,0.03396690599999999,0.5739406955634395,1723120200000,0.11505831214149999,2501.2676552499997,2500.5175,0.2282473652355,2460.631589,0.5183516671470206,-0.017695179619685694,0.0684740475,2558.9355,-2.1152015923551697,,-1.8007850000000016,0.046,stop,2461.37,down,4.815246501745339,-1,1722945600000,2500.5175,
main,P_RESUME,cost_x2,146.30649999999997,1740053100000,1738843500000,1738843500000,0.17373448401400005,0.052135985999999995,0.40241668428098387,1739072400000,0.16583124615351003,2674.6975186050004,2673.8953500000002,0.33956573016751007,2802.1690970000004,0.5455831850955926,0.016987498791714847,0.10187043951,2872.06065,7.5806596291142085,,8.005108299999998,0.062,stop,2803.01,down,4.804670493783563,-1,1738843200000,2673.8953500000002,
main,P_RESUME,cost_x2,67.963,1740643500000,1739433900000,1739433900000,0.101876307936,0.030572063999999996,0.3727659352414753,1739544600000,0.10365989684245999,2727.8920221699996,2727.0739,0.20553620477846,2680.955472,0.5172839522241139,0.009726533609307184,0.06166070645999999,2801.7862999999998,-1.9793985776291325,,-1.7219281999999867,0.038,stop,2681.76,down,4.842573791929134,-1,1739433600000,2727.0739,
main,P_RESUME,cost_x2,60.46499999999999,1753675500000,1752465900000,1752465900000,0.12441778414100002,0.037314140999999995,0.5064077105632782,1752545700000,0.12116935323551502,2955.3500789150003,2956.23695,0.24558713737651505,3034.580101,0.5314204576044801,-0.03240120856475434,0.073675855485,2923.9535,-3.526419251426259,,-3.174755050000004,0.041,stop,3033.67,up,4.832676799040989,1,1752465600000,2956.23695,
main,P_RESUME,cost_x2,74.54000000000003,1753949100000,1752739500000,1752739500000,0.11018152454399999,0.033044543999999995,0.6814011796231243,1753159200000,0.11811523959456001,3691.10123733,3692.2089,0.22829676413855998,3443.1726419999995,0.5354059344633346,-0.16286355048057602,0.06848974944,3303.546,7.542554735940879,,8.002204800000007,0.032,stop,3442.14,up,4.815044702783857,1,1752739200000,3692.2089,
main,P_RESUME,cost_x2,64.12249999999995,1754985900000,1753776300000,1753776300000,0.11248152433700001,0.033734337,0.696538643907065,1753806900000,0.10787076380957503,3719.6815106750005,3720.79775,0.22035228814657504,3878.673253,0.5314671252652684,-0.010904448274808002,0.066105277425,3720.79775,-4.842017263846368,,-4.544655250000002,0.029,stop,3877.51,up,4.8527574764635615,1,1753776000000,3720.79775,
main,P_RESUME,cost_x2,106.72199999999995,1764374700000,1763165100000,1763165100000,0.103239548841,0.030981158999999994,0.49102902002790666,1763286600000,0.10696218363138002,3241.27829186,3240.3062,0.21020173247238003,3128.471177,0.5206619380334649,0.030594368257233,0.06306019037999999,3266.6222,-3.9022421545951533,,-3.6595746000000045,0.033,stop,3129.41,down,4.82854739014433,-1,1763164800000,3240.3062,
main,P_RESUME,cost_x2,96.721,1764504300000,1763294700000,1763294700000,0.165009922168,0.04951783199999999,0.44358288520862255,1763482500000,0.1638415847341,3150.799706425,3149.85475,0.32885150690209997,3173.267734,0.5181527383058249,0.09456091948468169,0.09865556609999998,3258.1721,0.9340468464825913,,1.2669929999999914,0.052000000000000005,stop,3174.22,down,4.809036179371354,-1,1763294400000,3149.85475,
main,P_RESUME,delay60,109.88450000000003,1642871100000,1641661500000,1641661500000,0.057863944106249995,0.0173617875,0.4087788946138472,1641756300000,0.05902332214549626,3190.4498457025006,3189.9713500000003,0.11688726625174625,3127.7807625,0.5261174324449027,0.009295943370534574,0.0350661284925,3259.01845,-2.426347401373733,,-2.283689950000009,0.037,stop,3128.25,down,5.0,-1,1641657600000,3189.9713500000003,
main,P_RESUME,delay60,94.91750000000002,1643029500000,1641819900000,1641819900000,0.048653660856,0.014598288,0.4621117348302596,1641913500000,0.0504702374002,3154.3898375125,3153.91675,0.0991238982562,3040.8538035,0.5327169773834961,0.0176007937000223,0.0297370884,3188.65175,-3.7146761929561727,,-3.6034159999999975,0.032,stop,3041.31,down,4.987868262993132,-1,1641816000000,3153.91675,
main,P_RESUME,delay60,63.26400000000001,1643778300000,1642568700000,1642568700000,0.07924313174700001,0.023776506,0.301687427538422,1642685400000,0.08076337451427376,3167.1911574225005,3166.71615,0.16000650626127377,3107.573794,0.5329738834777368,0.044973007131138,0.0480018845475,3199.6764,-3.155519033677667,,-2.992483650000012,0.051000000000000004,stop,3108.04,down,4.969294882028351,-1,1642564800000,3166.71615,
main,P_RESUME,delay60,111.4675,1644527100000,1643317500000,1643317500000,0.02801999637,0.00840726,0.3741695388108562,1643402400000,0.030056180350890006,2504.6816959075004,2504.30605,0.05807617672089001,2334.9996975,0.5196091174201423,-0.009808247435999999,0.01742276178,2531.14675,-4.140252385936902,,-4.054945200000006,0.024,stop,2335.35,down,4.953517286859962,-1,1643313600000,2504.30605,
main,P_RESUME,delay60,58.23350000000003,1647896700000,1646687100000,1646687100000,0.03082037625,0.0092475,0.3207337297253568,1646793000000,0.032879112377187505,2630.328990175,2629.9345,0.06369948862718751,2465.6301,0.5377348890706337,0.01049602919714478,0.019109754375,2655.82335,-4.170675713805045,,-4.098362499999996,0.025,stop,2466.0,down,4.932816024930278,-1,1646683200000,2629.9345,
main,P_RESUME,delay60,64.79499999999999,1649840700000,1648631100000,1648631100000,0.105396587117,0.031614234,0.6635671878919641,1648736700000,0.103474972525585,3337.902339535,3338.4031,0.20887155964258503,3399.889907,0.5149736442951821,-0.06304720907924,0.06266138283,3325.5205,-4.1151479515518385,,-3.780567800000007,0.062,stop,3399.38,up,4.911962646361253,1,1648627200000,3338.4031,
main,P_RESUME,delay60,54.45299999999995,1654275900000,1653066300000,1653066300000,0.031815476962500006,0.009546075,0.3173498115617437,1653210900000,0.03289013155481626,1993.3413063525004,1993.0423500000002,0.06470560851731627,1928.2107250000001,0.5188072581112212,0.01073931690317221,0.0194116346325,2070.1852999999996,-2.203275476246653,,-2.1298975500000057,0.033,stop,1928.5,down,4.891386906603495,-1,1653062400000,1993.0423500000002,
main,P_RESUME,delay60,45.8455,1661792700000,1660583100000,1660583100000,0.0797923970645,0.023934129000000002,0.45887592949080885,1660619100000,0.07744462273882376,1866.1354876825,1866.41545,0.15723701980332377,1922.7083630000002,0.5096514598738414,0.0109454054235,0.047171001352500005,1866.41545,-4.841840265732334,,-4.648377650000009,0.083,stop,1922.42,up,4.8803705292222626,1,1660579200000,1866.41545,
main,P_RESUME,delay60,20.042999999999985,1670202300000,1668992700000,1668992700000,0.05073440369775001,0.015222604499999997,0.36910049150233926,1669162800000,0.05098801518021876,1145.7980939375002,1145.62625,0.10172241887796876,1140.0989595,0.5193153381202715,0.005857383566653891,0.030516714937499995,1193.0043,-0.6030880002488244,,-0.47670625000000405,0.089,stop,1140.27,down,4.856161327893601,-1,1668988800000,1145.62625,
main,P_RESUME,delay60,13.315000000000008,1674133500000,1672923900000,1672923900000,0.30056107740000004,0.0901548,0.40543942458979604,1672929600000,0.298435667934,1243.481949725,1243.6685,0.598996745334,1252.3378225000001,0.5317809289008962,0.0,0.17969893199999998,1243.6685,-4.849815677334038,,-4.071120000000046,0.48,stop,1252.15,up,4.8531458878923575,1,1672920000000,1243.6685,
main,P_RESUME,delay60,12.942500000000019,1674234300000,1673024700000,1673024700000,0.08544283950375002,0.025629007500000002,0.3114548696448358,1673138100000,0.08498992534863752,1259.110005165,1259.2989,0.17043276485238754,1265.8198445000003,0.5346871043843198,-0.032409409698404126,0.051129810225,1231.70575,-1.1086704847758184,,-0.8546985000000143,0.135,stop,1265.63,up,4.828896809505688,1,1673020800000,1259.2989,
main,P_RESUME,delay60,20.356499999999993,1674767100000,1673557500000,1673557500000,0.044384396661,0.013313321999999997,0.610779304885947,1674057000000,0.048287497688715,1557.661215765,1557.8949,0.092671894349715,1431.754731,0.5217032184248179,-0.2789920375561255,0.027801744569999995,1355.96435,7.434538123524156,,7.834003800000002,0.062,stop,1431.54,up,4.823353457081809,1,1673553600000,1557.8949,
main,P_RESUME,delay60,31.236999999999988,1679735100000,1678525500000,1678525500000,0.07158926000000002,0.02148,0.47827720986169503,1678641900000,0.07393977430275002,1478.7954860550003,1478.5737000000001,0.14552903430275005,1431.7852,0.5095530071004599,0.011521233321721294,0.0436586055,1478.5737000000001,-4.8350364064810565,,-4.657370000000014,0.1,stop,1432.0,down,4.86052614769943,-1,1678521600000,1478.5737000000001,
main,P_RESUME,delay60,29.106499999999993,1683075900000,1681866300000,1681866300000,0.14474851902150002,0.043418042999999996,0.49422250517268734,1681887300000,0.1424911782667275,2065.0895400975,2065.39935,0.2872396972882275,2097.8046235,0.5467093105751768,0.0,0.086171809545,2065.39935,-4.801921206833244,,-4.4285096999999505,0.138,stop,2097.49,up,4.836350965667024,1,1681862400000,2065.39935,
main,P_RESUME,delay60,18.10150000000001,1692320700000,1691111100000,1691111100000,0.161527047308,0.04846538399999999,0.3609654912313791,1691371500000,0.16192148377988003,1840.0168611350002,1839.7409,0.32344853108788,1835.5346285,0.5312964223879058,0.23499971291392888,0.09703454375999998,1860.71015,-0.8773217619339816,,-0.6918384000000114,0.176,stop,1835.81,down,4.812341359632858,-1,1691107200000,1839.7409,
main,P_RESUME,delay60,31.230500000000028,1693803900000,1692594300000,1692594300000,0.16924555935750002,0.050781285,0.6017713211634648,1692807300000,0.16855038921656754,1668.8157348175002,1668.56545,0.3377959485740676,1675.6986075,0.5387772088757663,-0.04125349595435958,0.10133881813500001,1697.4830499999998,1.01129083733652,,1.491679099999998,0.202,stop,1675.95,down,4.807954750823188,-1,1692590400000,1668.56545,
main,P_RESUME,delay60,12.741499999999984,1695042300000,1693832700000,1693832700000,0.22579868511600001,0.06774976799999999,0.37209750086641774,1693926600000,0.22711963926146383,1639.8529910575003,1639.60705,0.4529183243774638,1630.315416,0.5292973036681905,0.019831927018800002,0.13587544092749998,1645.77415,-3.0749946882862647,,-2.5060328500000355,0.277,stop,1630.56,down,4.813011205009871,-1,1693828800000,1639.60705,
main,P_RESUME,delay60,42.90999999999999,1699506300000,1698296700000,1698296700000,0.11380325792850002,0.034135857,0.33474396953025864,1698330900000,0.11153415436695001,1770.38340265,1770.6490000000001,0.22533741229545,1806.4009195000003,0.528041992071488,-0.023312528955828003,0.0676011231,1770.6490000000001,-4.786857064351306,,-4.470605999999999,0.126,stop,1806.13,up,4.79763623156844,1,1698292800000,1770.6490000000001,
main,P_RESUME,delay60,29.652499999999986,1699779900000,1698570300000,1698570300000,0.14209337580975004,0.0426216195,0.4890717153194232,1698971400000,0.14225627060816248,1789.3870516749998,1789.6554999999998,0.2843496464179125,1787.3380605000002,0.5375091204671351,-0.4822749284529905,0.085304903175,1759.52475,-0.44083497804596217,,0.4110944999999858,0.159,stop,1787.07,up,4.773701946246684,1,1698566400000,1789.6554999999998,
main,P_RESUME,delay60,26.893999999999984,1700600700000,1699391100000,1699391100000,0.07987833995400001,0.023959908,0.6959645305636522,1699665600000,0.086589600511365,2061.6571550324998,2061.96645,0.166467940465365,1901.8652370000002,0.5086535665327991,-0.3695755308710704,0.04994068526999999,1847.4106,12.886477643393528,,13.472461799999998,0.084,stop,1901.58,up,4.7714977713564535,1,1699387200000,2061.96645,
main,P_RESUME,delay60,45.80400000000003,1700989500000,1699779900000,1699779900000,0.09460398847000002,0.02837694,0.47636916668044227,1699961400000,0.093309524971475,2028.4679341625001,2028.77225,0.18791351344147503,2056.6084450000003,0.4749740709220402,-0.25676810831791963,0.05637399705,2006.9196,-3.0336086188094114,,-2.532553000000018,0.092,stop,2056.3,up,4.83593015957342,1,1699776000000,2028.77225,
main,P_RESUME,delay60,42.918500000000016,1710176700000,1708967100000,1708967100000,0.059946960695500005,0.017981391,0.6995540166726258,1709141400000,0.0607824557138325,3199.0766165175,3199.55655,0.1207294164093325,3155.1031945000004,0.5267106873134472,-0.2896674800591772,0.036218863335,3032.95815,1.2605931401964754,,1.7072088999999877,0.038,stop,3154.63,up,4.820762116479372,1,1708963200000,3199.55655,
main,P_RESUME,delay60,63.32000000000003,1718039100000,1716829500000,1716829500000,0.134159640928,0.040241856,0.4654021896489318,1716839100000,0.13188892569320002,3879.0860498,3879.668,0.2660485666212,3945.8717920000004,0.5105755374003701,0.0,0.0798144696,3879.668,-4.807479036221213,,-4.461616000000006,0.068,stop,3945.28,up,4.827065082180355,1,1716825600000,3879.668,
main,P_RESUME,delay60,130.25499999999997,1724159100000,1722949500000,1722949500000,0.04884507214000001,0.014655719999999997,0.5739406955634395,1723128300000,0.050017851552500006,2500.8925776250003,2500.5175,0.09886292369250002,2442.253607,0.5183516671470206,-0.015387112712770167,0.029658824999999996,2558.9355,-2.459808861405278,,-2.3159000000000014,0.04,stop,2442.62,down,4.80302768699925,-1,1722945600000,2500.5175,
main,P_RESUME,delay60,146.30649999999997,1740056700000,1738847100000,1738847100000,0.063777711908,0.019136184,0.40241668428098387,1739072400000,0.06150881798895751,2674.2964343025005,2673.8953500000002,0.12528652989695752,2772.943996,0.5455831850955926,0.012603628135788436,0.037586061914999996,2872.06065,4.425104936323805,,4.575373899999995,0.046,stop,2773.36,down,4.790728642692223,-1,1738843200000,2673.8953500000002,
main,P_RESUME,delay60,67.963,1740647100000,1739437500000,1739437500000,0.048090585330000005,0.01442934,0.3727659352414753,1739544600000,0.04909469329953001,2727.482961085,2727.0739,0.09718527862953001,2671.699185,0.5172839522241139,0.009214610787764704,0.02915553906,2801.7862999999998,-2.0961866069017736,,-1.9790603999999987,0.036000000000000004,stop,2672.1,down,4.8128541673738425,-1,1739433600000,2727.0739,
main,P_RESUME,delay60,60.46499999999999,1753679100000,1752469500000,1752469500000,0.05784277511500001,0.017350229999999998,0.5064077105632782,1752545700000,0.0561600767746925,2955.7935144575,2956.23695,0.1140028518896925,3044.3565850000005,0.5314204576044801,-0.030030388425869876,0.034200780614999995,2923.9535,-3.5094299209305833,,-3.331195900000004,0.038,stop,3043.9,up,4.802373234339334,1,1752465600000,2956.23695,
main,P_RESUME,delay60,74.54000000000003,1753952700000,1752743100000,1752743100000,0.05350673980725001,0.0160496145,0.6814011796231243,1753159200000,0.05722065356430751,3691.6550686650003,3692.2089,0.11072739337155751,3452.0477295000005,0.5354059344633346,-0.157774064528058,0.03321838588499999,3303.546,7.159326056215376,,7.461045899999997,0.031,stop,3451.53,up,4.784826084734681,1,1752739200000,3692.2089,
main,P_RESUME,delay60,64.12249999999995,1754989500000,1753779900000,1753779900000,0.0580978633725,0.017426744999999997,0.696538643907065,1753806900000,0.0558035944550625,3720.2396303375003,3720.79775,0.1139014578275625,3873.1908915000004,0.5314671252652684,-0.011280463732560001,0.034170334875,3720.79775,-4.713719756435123,,-4.554367499999998,0.03,stop,3872.61,up,4.820622715015758,1,1753776000000,3720.79775,
main,P_RESUME,delay60,106.72199999999995,1764378300000,1763168700000,1763168700000,0.051622735428,0.015489143999999998,0.49102902002790666,1763286600000,0.05347307205784501,3240.7922459300003,3240.3062,0.10509580748584502,3128.650632,0.5206619380334649,0.030594368257233,0.031528659689999995,3266.6222,-3.7751746989186254,,-3.6691446000000036,0.033,stop,3129.12,down,4.797054116233582,-1,1763164800000,3240.3062,
main,P_RESUME,delay60,96.721,1764507900000,1763298300000,1763298300000,0.07755903939875,0.0232712025,0.44358288520862255,1763485500000,0.07729463745675001,3154.8831615000004,3154.41,0.1548536768555,3165.6750775,0.5181527383058249,0.0891054818221039,0.046456116,3258.1721,0.4630556889665879,,0.5752600000000117,0.049,stop_gap,3166.15,down,4.7781782427389885,-1,1763294400000,3149.85475,
main,P_RESUME,stop_5bp,109.88450000000003,1642867500000,1641657900000,1641657900000,0.069368573153,0.020813693999999997,0.4087788946138472,1641756300000,0.07022498629030502,3192.0448313775005,3189.9713500000003,0.13959355944330504,3153.1169615000003,0.5261174324449027,0.011054635359554626,0.11204687460999999,3259.01845,-1.8413651986937567,,-1.6007794000000048,0.044,stop,3153.59,down,5.0,-1,1641657600000,3189.9713500000003,
main,P_RESUME,stop_5bp,94.91750000000002,1643025900000,1641816300000,1641816300000,0.07580265289625002,0.0227442075,0.4621117348302596,1641913500000,0.07732118649924376,3155.9667958875,3153.91675,0.1531238393954938,3093.9858325,0.5327169773834961,0.026951215353159145,0.1231964559875,3188.65175,-3.163239830029844,,-2.9138707500000023,0.049,stop,3094.45,down,4.990793174006531,-1,1641816000000,3153.91675,
main,P_RESUME,stop_5bp,63.26400000000001,1643774700000,1642565100000,1642565100000,0.07607113261825,0.022824763499999998,0.301687427538422,1642685400000,0.07763497562968877,3168.7745154975005,3166.71615,0.1537061082479388,3104.9441885,0.5329738834777368,0.04320935979266201,0.1236846728775,3199.6764,-3.2381827713327955,,-3.004001350000017,0.049,stop,3105.41,down,4.974976974856382,-1,1642564800000,3166.71615,
main,P_RESUME,stop_5bp,111.4675,1644523500000,1643313900000,1643313900000,0.043170123510000005,0.01295298,0.3741695388108562,1643402400000,0.045080286151950005,2504.460341775,2502.8334999999997,0.08825040966195001,2398.3401949999998,0.5196091174201423,-0.014712371154000002,0.0715192839,2531.14675,-3.9232880647159574,,-3.7488059999999974,0.036000000000000004,stop,2398.7,down,4.958786060999717,-1,1643313600000,2502.8334999999997,
main,P_RESUME,stop_5bp,58.23350000000003,1647893100000,1646683500000,1646683500000,0.028204808644,0.008462711999999999,0.3207337297253568,1646793000000,0.0302639055103875,2631.643957425,2629.9345,0.0584687141543875,2452.592056,0.5377348890706337,0.009656346861373196,0.047780232774999994,2655.82335,-4.167006100068011,,-4.0704134999999955,0.023,stop,2452.96,down,4.939169620676138,-1,1646683200000,2629.9345,
main,P_RESUME,stop_5bp,64.79499999999999,1649837100000,1648627500000,1648627500000,0.10370884399350001,0.031107987,0.6635671878919641,1648736700000,0.10175511070854248,3336.2331379849998,3338.4031,0.20546395470204248,3400.2899670000006,0.5149736442951821,-0.06203031861022,0.163475669915,3325.5205,-4.174960843227315,,-3.7439909000000124,0.061,stop,3399.78,up,4.918334590175797,1,1648627200000,3338.4031,
main,P_RESUME,stop_5bp,54.45299999999995,1654272300000,1653062700000,1653062700000,0.0380048684145,0.011403171,0.3173498115617437,1653210900000,0.03888958763678625,1994.3378275275002,1993.0423500000002,0.07689445605128625,1948.967611,0.5188072581112212,0.012691919976476247,0.0619267945725,2070.1852999999996,-1.833640980647315,,-1.707511650000007,0.039,stop,1949.26,down,4.8974597859596605,-1,1653062400000,1993.0423500000002,
main,P_RESUME,stop_5bp,45.8455,1661789100000,1660579500000,1660579500000,0.08254227948500001,0.024758969999999998,0.45887592949080885,1660619100000,0.08020369803817251,1865.2022799575,1866.41545,0.16274597752317252,1919.5878950000001,0.5096514598738414,0.011341022486999999,0.129091593655,1866.41545,-4.828567848691185,,-4.548071299999999,0.08600000000000001,stop,1919.3,up,4.888291581056424,1,1660579200000,1866.41545,
main,P_RESUME,stop_5bp,20.042999999999985,1670198700000,1668989100000,1668989100000,0.04835817018625001,0.014509627499999999,0.36910049150233926,1669162800000,0.048720763550156254,1146.3709070625,1145.62625,0.09707893373640626,1137.8392985,0.5193153381202715,0.005594130372646972,0.0778054778125,1193.0043,-0.8166715311762567,,-0.6473812500000031,0.085,stop,1138.01,down,4.864148741812968,-1,1668988800000,1145.62625,
main,P_RESUME,stop_5bp,13.315000000000008,1674129900000,1672920300000,1672920300000,0.23895141233625006,0.0716746725,0.40543942458979604,1672929600000,0.23676485199798747,1242.860115475,1243.6685,0.4757162643342375,1254.3381225000003,0.5317809289008962,0.0,0.379669176525,1243.6685,-4.848836940859371,,-3.993451500000037,0.381,stop,1254.15,up,4.860065384157086,1,1672920000000,1243.6685,
main,P_RESUME,stop_5bp,12.942500000000019,1674230700000,1673021100000,1673021100000,0.09278194020375001,0.027830407499999994,0.3114548696448358,1673138100000,0.09250143153722624,1258.5228780574998,1259.34145,0.18528337174097625,1262.3393225000002,0.5346871043843198,-0.03529024611604005,0.14816048304749996,1231.70575,-0.7815909509045705,,-0.41285685000002875,0.147,stop,1262.15,up,4.8358211994527895,1,1673020800000,1259.34145,
main,P_RESUME,stop_5bp,20.356499999999993,1674763500000,1673553900000,1673553900000,0.04638218128375001,0.013912567499999999,0.610779304885947,1674057000000,0.0505986737202375,1556.882268315,1557.8949,0.09698085500398751,1427.1440395000002,0.5217032184248179,-0.2924916522765833,0.079733627025,1355.96435,8.043512365694411,,8.512718499999997,0.065,stop,1426.93,up,4.831913244698267,1,1673553600000,1557.8949,
main,P_RESUME,stop_5bp,31.236999999999988,1679731500000,1678521900000,1678521900000,0.04647220812300001,0.013943754000000001,0.47827720986169503,1678641900000,0.04882464750586501,1479.5347729050002,1478.5737000000001,0.09529685562886502,1408.2487310000001,0.5095530071004599,0.007604013992336053,0.07737456573000001,1478.5737000000001,-4.792571607366533,,-4.627504200000008,0.066,stop,1408.46,down,4.872130806526739,-1,1678521600000,1478.5737000000001,
main,P_RESUME,stop_5bp,29.106499999999993,1683072300000,1681862700000,1681862700000,0.130264176696,0.03907339199999999,0.49422250517268734,1681887300000,0.127971524106195,2064.0568404225,2065.39935,0.258235700802195,2101.035108,0.5467093105751768,0.0,0.20554457960999997,2065.39935,-4.843540880412194,,-4.379760599999957,0.124,stop,2100.72,up,4.848167948489906,1,1681862400000,2065.39935,
main,P_RESUME,stop_5bp,18.10150000000001,1692317100000,1691107500000,1691107500000,0.16253241648,0.04876703999999999,0.3609654912313791,1691371500000,0.1629229007452725,1840.9367315850002,1839.7409,0.3254553172252725,1836.52448,0.5312964223879058,0.23633493855548532,0.26042923054499995,1860.71015,-0.8700889092148134,,-0.5205393000000099,0.177,stop,1836.8,down,4.823950244087845,-1,1691107200000,1839.7409,
main,P_RESUME,stop_5bp,31.230500000000028,1693800300000,1692590700000,1692590700000,0.16592880694500003,0.049786109999999995,0.6017713211634648,1692807300000,0.1646211593963475,1662.8399939025,1661.75985,0.33054996634134753,1676.048555,0.5387772088757663,-0.04043659504437226,0.26365460269499996,1697.4830499999998,2.2443085359192847,,2.878949700000008,0.198,stop,1676.3,down,4.819599799541771,-1,1692590400000,1661.75985,
main,P_RESUME,stop_5bp,12.741499999999984,1695038700000,1693829100000,1693829100000,0.23002109166000004,0.06901668,0.37209750086641774,1693926600000,0.23133486403613254,1640.6727945825,1639.60705,0.4613559556961326,1631.35526,0.5292973036681905,0.0201899040408,0.36955665226500006,1645.77415,-3.0687108039203332,,-2.257988100000046,0.28200000000000003,stop,1631.6,down,4.830821342221368,-1,1693828800000,1639.60705,
main,P_RESUME,stop_5bp,42.90999999999999,1699502700000,1698293100000,1698293100000,0.09609546215749999,0.028824314999999996,0.33474396953025864,1698330900000,0.09378339814195,1769.49807815,1770.6490000000001,0.18987886029945,1813.1219275,0.528041992071488,-0.019612127534268,0.1508220311,1770.6490000000001,-4.833619018933717,,-4.473305999999978,0.106,stop,1812.85,up,4.815477788201766,1,1698292800000,1770.6490000000001,
main,P_RESUME,stop_5bp,29.652499999999986,1699776300000,1698566700000,1698566700000,0.15081709417125,0.0452383425,0.4890717153194232,1698942600000,0.15112759292166247,1788.4922239249997,1789.6554999999998,0.30194468709291244,1784.8176825,0.5375091204671351,-0.482177050865869,0.24183199917499998,1759.52475,-0.163124237133834,,0.8628294999999819,0.169,stop,1784.55,up,4.791309693107098,1,1698566400000,1789.6554999999998,
main,P_RESUME,stop_5bp,26.893999999999984,1700597100000,1699387500000,1699387500000,0.08262063123600001,0.024782472,0.6959645305636522,1699665600000,0.08963723847362626,2060.6261718074998,2061.96645,0.17225786970962625,1899.3248560000002,0.5086535665327991,-0.38277465697360874,0.1413866747475,1847.4106,13.478181948569228,,14.174601149999996,0.08700000000000001,stop,1899.04,up,4.790494071921429,1,1699387200000,2061.96645,
main,P_RESUME,stop_5bp,45.80400000000003,1700985900000,1699776300000,1699776300000,0.09358478561250001,0.028071224999999998,0.47636916668044227,1699961400000,0.09224913643570624,2027.4535480375,2028.77225,0.18583392204820626,2056.8084750000003,0.4749740709220402,-0.25397715061881176,0.14807310358749998,2006.9196,-3.111109426254541,,-2.523225250000001,0.091,stop,2056.5,up,4.857884981664275,1,1699776000000,2028.77225,
main,P_RESUME,stop_5bp,42.918500000000016,1710173100000,1708963500000,1708963500000,0.06292463728,0.01887456,0.6995540166726258,1709141400000,0.06394953676484999,3197.4768382424995,3199.55655,0.12687417404485,3146.2318640000003,0.5267106873134472,-0.3049131369043971,0.1020630303,3032.95815,1.6180116587507212,,2.151861999999983,0.04,stop,3145.76,up,4.842329434533002,1,1708963200000,3199.55655,
main,P_RESUME,stop_5bp,63.32000000000003,1718035500000,1716825900000,1716825900000,0.0992146299625,0.029759924999999996,0.4654021896489318,1716839100000,0.09692865539500001,3877.1462158,3879.668,0.1961432853575,3968.5851985,0.5105755374003701,0.0,0.155849135,3879.668,-4.768092420357499,,-4.416099999999983,0.05,stop,3967.99,up,4.850419492826756,1,1716825600000,3879.668,
main,P_RESUME,stop_5bp,130.25499999999997,1724155500000,1722945900000,1722945900000,0.05783351867075,0.017352658499999996,0.5739406955634395,1723120200000,0.05880035665481251,2502.142836375,2500.5175,0.1166338753255625,2461.0007944999998,0.5183516671470206,-0.018079857437504947,0.09374346812499999,2558.9355,-2.068389700888084,,-1.8399325000000017,0.047,stop,2461.37,down,4.826579030724968,-1,1722945600000,2500.5175,
main,P_RESUME,stop_5bp,146.30649999999997,1740053100000,1738843500000,1738843500000,0.08968286555200002,0.026908896,0.40241668428098387,1739072400000,0.08562026822328002,2675.6333819775004,2673.8953500000002,0.17530313377528003,2802.5895485,0.5455831850955926,0.01753548262370565,0.13814294256,2872.06065,7.967427006288403,,8.2633376,0.064,stop,2803.01,down,4.816237082220528,-1,1738843200000,2673.8953500000002,
main,P_RESUME,stop_5bp,67.963,1740643500000,1739433900000,1739433900000,0.05094579698400001,0.015286031999999998,0.3727659352414753,1739544600000,0.05184808346266499,2728.846498035,2727.0739,0.102793880446665,2681.3577360000004,0.5172839522241139,0.009726533609307184,0.08264475732999998,2801.7862999999998,-1.8976403041673418,,-1.7219281999999867,0.038,stop,2681.76,down,4.856074217251971,-1,1739433600000,2727.0739,
main,P_RESUME,stop_5bp,60.46499999999999,1753675500000,1752465900000,1752465900000,0.06371662606050002,0.019112121,0.5064077105632782,1752545700000,0.0620406233156325,2954.3153959825,2956.23695,0.12575724937613253,3034.1250505000003,0.5314204576044801,-0.0331914819443825,0.099817389735,2923.9535,-3.5109542210555302,,-3.252188100000004,0.042,stop,3033.67,up,4.846586015731134,1,1752465600000,2956.23695,
main,P_RESUME,stop_5bp,74.54000000000003,1753949100000,1752739500000,1752739500000,0.05680382929650001,0.017038592999999998,0.6814011796231243,1753159200000,0.0608818479095475,3689.808964215,3692.2089,0.11768567720604751,3442.6563210000004,0.5354059344633346,-0.167953036433094,0.09623647390500001,3303.546,7.870398512455841,,8.252273700000007,0.033,stop,3442.14,up,4.829031244625857,1,1752739200000,3692.2089,
main,P_RESUME,stop_5bp,64.12249999999995,1754985900000,1753776300000,1753776300000,0.056232328584250015,0.0168671685,0.696538643907065,1753806900000,0.05391649885620625,3718.3792314625002,3720.79775,0.11014882744045626,3878.0916265000005,0.5314671252652684,-0.010904448274808002,0.08700420608750001,3720.79775,-4.752712731802774,,-4.544655250000002,0.029,stop,3877.51,up,4.868383237188134,1,1753776000000,3720.79775,
main,P_RESUME,stop_5bp,106.72199999999995,1764374700000,1763165100000,1763165100000,0.05162751971025001,0.015490579499999997,0.49102902002790666,1763286600000,0.053499804583995,3242.41239903,3240.3062,0.10512732429424501,3128.9405885,0.5206619380334649,0.030594368257233,0.08499514749,3266.6222,-3.8191027035270073,,-3.6595746000000045,0.033,stop,3129.41,down,4.84461967352912,-1,1763164800000,3240.3062,
main,P_RESUME,stop_5bp,96.721,1764504300000,1763294700000,1763294700000,0.0841042124755,0.025235048999999996,0.44358288520862255,1763482500000,0.08352540712306875,3151.9021555875,3149.85475,0.16762961959856876,3173.7438669999997,0.5181527383058249,0.09637939870554094,0.13374754513749998,3258.1721,1.0863604839694474,,1.2913582499999912,0.053,stop,3174.22,down,4.8255241600114855,-1,1763294400000,3149.85475,
main,P_RESUME,risk_half,109.88450000000003,1642867500000,1641657900000,1641657900000,0.0346842865765,0.010406846999999999,0.4087788946138472,1641756300000,0.035094948302727504,3190.4498457025006,3189.9713500000003,0.0697792348792275,3153.1169615000003,0.5261174324449027,0.005527317679777313,0.020933752454999996,3259.01845,-0.8855753696544564,,-0.8003897000000024,0.022,stop,3153.59,down,2.5,-1,1641657600000,3189.9713500000003,
main,P_RESUME,risk_half,94.91750000000002,1643025900000,1641816300000,1641816300000,0.03867482290625,0.011604187499999998,0.4621117348302596,1641913500000,0.03942987296890625,3154.3898375125,3153.91675,0.07810469587515625,3093.9858325,0.5327169773834961,0.013750620078142421,0.023431375312499995,3188.65175,-1.574454201109513,,-1.4866687500000013,0.025,stop,3094.45,down,2.497786061575864,-1,1641816000000,3153.91675,
main,P_RESUME,risk_half,63.26400000000001,1643774700000,1642565100000,1642565100000,0.03881180235625001,0.011645287499999999,0.301687427538422,1642685400000,0.03958988946778126,3167.1911574225005,3166.71615,0.07840169182403127,3104.9441885,0.5329738834777368,0.02204559173095,0.0235204730625,3199.6764,-1.6125303231555914,,-1.5326537500000086,0.025,stop,3105.41,down,2.4938499260730898,-1,1642564800000,3166.71615,
main,P_RESUME,risk_half,111.4675,1644523500000,1643313900000,1643313900000,0.021585061755000003,0.00647649,0.3741695388108562,1643402400000,0.022528880325225004,2503.208925025,2502.8334999999997,0.04411394208022501,2398.3401949999998,0.5196091174201423,-0.007356185577000001,0.01323414045,2531.14675,-1.9391072681072312,,-1.8744029999999987,0.018000000000000002,stop,2398.7,down,2.4898186002652007,-1,1643313600000,2502.8334999999997,
main,P_RESUME,risk_half,58.23350000000003,1647893100000,1646683500000,1646683500000,0.014715552336,0.004415328,0.3207337297253568,1646793000000,0.01578197394105,2630.328990175,2629.9345,0.030497526277049998,2452.592056,0.5377348890706337,0.0050380940146294954,0.0091492101,2655.82335,-2.1583026423624205,,-2.1236939999999978,0.012,stop,2452.96,down,2.4849708320949326,-1,1646683200000,2629.9345,
main,P_RESUME,risk_half,64.79499999999999,1649837100000,1648627500000,1648627500000,0.05270449448850001,0.015808977,0.6635671878919641,1648736700000,0.0517374862627925,3337.902339535,3338.4031,0.10444198075129252,3400.2899670000006,0.5149736442951821,-0.03152360453962,0.031332551415,3325.5205,-2.069982036705931,,-1.9026839000000064,0.031,stop,3399.78,up,2.4795750754890267,1,1648627200000,3338.4031,
main,P_RESUME,risk_half,54.45299999999995,1654272300000,1653062700000,1653062700000,0.019489676110000003,0.0058477799999999995,0.3173498115617437,1653210900000,0.019933413063525005,1993.3413063525004,1993.0423500000002,0.03942308917352501,1948.967611,0.5188072581112212,0.00650867691101346,0.01182690705,2070.1852999999996,-0.9203883193125189,,-0.8756470000000036,0.02,stop,1949.26,down,2.4744001203972616,-1,1653062400000,1993.0423500000002,
main,P_RESUME,risk_half,45.8455,1661789100000,1660579500000,1660579500000,0.04223093369,0.012667379999999997,0.45887592949080885,1660619100000,0.041054980729015,1866.1354876825,1866.41545,0.083285914419015,1919.5878950000001,0.5096514598738414,0.005802383597999999,0.024985721969999992,1866.41545,-2.4293894527910167,,-2.3269201999999996,0.044,stop,1919.3,up,2.4720991495989804,1,1660579200000,1866.41545,
main,P_RESUME,risk_half,20.042999999999985,1670198700000,1668989100000,1668989100000,0.024463544917750005,0.0073401645,0.36910049150233926,1669162800000,0.024634659019656256,1145.7980939375002,1145.62625,0.04909820393740626,1137.8392985,0.5193153381202715,0.002829971835574351,0.014729453812500001,1193.0043,-0.3884964359143387,,-0.3274987500000016,0.043000000000000003,stop,1138.01,down,2.466025675967003,-1,1668988800000,1145.62625,
main,P_RESUME,risk_half,13.315000000000008,1674129900000,1672920300000,1672920300000,0.12731531943375005,0.0381888675,0.40543942458979604,1672929600000,0.1262134178970875,1243.481949725,1243.6685,0.2535287373308376,1254.3381225000003,0.5317809289008962,0.0,0.07605857332499999,1243.6685,-2.4573318106558846,,-2.12774450000002,0.203,stop,1254.15,up,2.465054434877217,1,1672920000000,1243.6685,
main,P_RESUME,risk_half,12.942500000000019,1674230700000,1673021100000,1673021100000,0.04796889425500001,0.014388509999999998,0.3114548696448358,1673138100000,0.047847796853735,1259.1525487825,1259.34145,0.095816691108735,1262.3393225000002,0.5346871043843198,-0.01824529731169417,0.028745002529999994,1231.70575,-0.3562567909504499,,-0.21344980000001487,0.076,stop,1262.15,up,2.4589111053505777,1,1673020800000,1259.34145,
main,P_RESUME,risk_half,20.356499999999993,1674763500000,1673553900000,1673553900000,0.023547876651750007,0.0070633035000000005,0.610779304885947,1674057000000,0.0257014100601225,1557.661215765,1557.8949,0.04924928671187251,1427.1440395000002,0.5217032184248179,-0.14849576192503458,0.014774883255,1355.96435,4.109321768108085,,4.3218416999999985,0.033,stop,1426.93,up,2.4580204633732015,1,1673553600000,1557.8949,
main,P_RESUME,risk_half,31.236999999999988,1679731500000,1678521900000,1678521900000,0.023940228427000006,0.0071831460000000005,0.47827720986169503,1678641900000,0.025139523262935008,1478.7954860550003,1478.5737000000001,0.04907975168993502,1408.2487310000001,0.5095530071004599,0.003917219329385239,0.014723871870000002,1478.5737000000001,-2.443752204230556,,-2.3838658000000037,0.034,stop,1408.46,down,2.468293767793471,-1,1678521600000,1478.5737000000001,
main,P_RESUME,risk_half,29.106499999999993,1683072300000,1681862700000,1681862700000,0.06723312345600001,0.020166912,0.49422250517268734,1681887300000,0.06608286528312,2065.0895400975,2065.39935,0.13331598873912,2101.035108,0.5467093105751768,0.0,0.03999474576,2065.39935,-2.4338323344991193,,-2.2605215999999784,0.064,stop,2100.72,up,2.462184387282895,1,1681862400000,2065.39935,
main,P_RESUME,risk_half,18.10150000000001,1692317100000,1691107500000,1691107500000,0.08539838831999999,0.025623359999999994,0.3609654912313791,1691371500000,0.08556078404277752,1840.0168611350002,1839.7409,0.17095917236277752,1836.52448,0.5312964223879058,0.12417598466474651,0.05128774555499999,1860.71015,-0.3715746332530484,,-0.27350370000000523,0.093,stop,1836.8,down,2.456099806446647,-1,1691107200000,1839.7409,
main,P_RESUME,risk_half,31.230500000000028,1693800300000,1692590700000,1692590700000,0.08799254913750001,0.026401724999999994,0.6017713211634648,1692807300000,0.08725547848381875,1662.0091139775,1661.75985,0.17524802762131875,1676.048555,0.5387772088757663,-0.021443648887167106,0.05257444263749999,1697.4830499999998,1.277449630854026,,1.5267157500000041,0.105,stop,1676.3,down,2.4551708698635144,-1,1692590400000,1661.75985,
main,P_RESUME,risk_half,12.741499999999984,1695038700000,1693829100000,1693829100000,0.1223516445,0.036710999999999994,0.37209750086641774,1693926600000,0.12298897432931251,1639.8529910575003,1639.60705,0.24534061882931252,1631.35526,0.5292973036681905,0.010739310660000001,0.073602158625,1645.77415,-1.509260966794347,,-1.2010575000000243,0.15,stop,1631.6,down,2.4583644939406493,-1,1693828800000,1639.60705,
main,P_RESUME,risk_half,42.90999999999999,1699502700000,1698293100000,1698293100000,0.049860853006250004,0.0149560125,0.33474396953025864,1698330900000,0.04868554357287501,1770.38340265,1770.6490000000001,0.098546396579125,1813.1219275,0.528041992071488,-0.010176103909290002,0.02956386675,1770.6490000000001,-2.4593413672384137,,-2.3210549999999888,0.055,stop,1812.85,up,2.4545913415236633,1,1698292800000,1770.6490000000001,
main,P_RESUME,risk_half,29.652499999999986,1699776300000,1698566700000,1698566700000,0.07942438687124999,0.023823742499999998,0.4890717153194232,1698942600000,0.07962772379953749,1789.3870516749998,1789.6554999999998,0.15905211067078748,1784.8176825,0.5375091204671351,-0.2539275593317297,0.047715643424999996,1759.52475,-0.006305813427535667,,0.45438949999999045,0.089,stop,1784.55,up,2.448442988105567,1,1698566400000,1789.6554999999998,
main,P_RESUME,risk_half,26.893999999999984,1700597100000,1699387500000,1699387500000,0.042734809260000006,0.01281852,0.6959645305636522,1699665600000,0.04638728598823124,2061.6571550324998,2061.96645,0.08912209524823125,1899.3248560000002,0.5086535665327991,-0.19798689153807347,0.026736793537499998,1847.4106,7.0178444696761755,,7.331690249999997,0.045,stop,1899.04,up,2.4484272235719984,1,1699387200000,2061.96645,
main,P_RESUME,risk_half,45.80400000000003,1700985900000,1699776300000,1699776300000,0.0483349991625,0.014498325,0.47636916668044227,1699961400000,0.04766899645281875,2028.4679341625001,2028.77225,0.09600399561531875,2056.8084750000003,0.4749740709220402,-0.13117501185806762,0.028801169362499997,2006.9196,-1.5591844268358939,,-1.3032042500000007,0.047,stop,2056.5,up,2.4659718347461888,1,1699776000000,2028.77225,
main,P_RESUME,risk_half,42.918500000000016,1710173100000,1708963500000,1708963500000,0.033035434572000005,0.009909144,0.6995540166726258,1709141400000,0.03359030447343375,3199.0766165175,3199.55655,0.06662573904543376,3146.2318640000003,0.5267106873134472,-0.16007939687480846,0.019987747132499997,3032.95815,0.883034666947252,,1.129727549999991,0.021,stop,3145.76,up,2.4620738736790986,1,1708963200000,3199.55655,
main,P_RESUME,risk_half,63.32000000000003,1718035500000,1716825900000,1716825900000,0.05159160758050001,0.015475161,0.4654021896489318,1716839100000,0.05042811864740001,3879.0860498,3879.668,0.10201972622790001,3968.5851985,0.5105755374003701,0.0,0.0306058662,3879.668,-2.4289975924278937,,-2.2963719999999914,0.026000000000000002,stop,3967.99,up,2.464281460346467,1,1716825600000,3879.668,
main,P_RESUME,risk_half,130.25499999999997,1724155500000,1722945900000,1722945900000,0.029532009534,0.008860931999999998,0.5739406955634395,1723120200000,0.030010710931500005,2500.8925776250003,2500.5175,0.05954272046550001,2461.0007944999998,0.5183516671470206,-0.009232267627662102,0.017862794999999997,2558.9355,-1.0261777830931749,,-0.9395400000000009,0.024,stop,2461.37,down,2.458208966365397,-1,1722945600000,2500.5175,
main,P_RESUME,risk_half,146.30649999999997,1740053100000,1738843500000,1738843500000,0.04624272755025,0.013874899500000001,0.40241668428098387,1739072400000,0.04412589116599126,2674.2964343025005,2673.8953500000002,0.09036861871624127,2802.5895485,0.5455831850955926,0.009041733227848224,0.027110681482500003,2872.06065,4.152345883029093,,4.26078345,0.033,stop,2803.01,down,2.4556435219076644,-1,1738843200000,2673.8953500000002,
main,P_RESUME,risk_half,67.963,1740643500000,1739433900000,1739433900000,0.025472898492000004,0.007643015999999999,0.3727659352414753,1739544600000,0.025911088130307503,2727.482961085,2727.0739,0.051383986622307504,2681.3577360000004,0.5172839522241139,0.004863266804653592,0.015415176614999998,2801.7862999999998,-0.9228999964326497,,-0.8609640999999933,0.019,stop,2681.76,down,2.4660243866152376,-1,1739433600000,2727.0739,
main,P_RESUME,risk_half,60.46499999999999,1753675500000,1752465900000,1752465900000,0.03185831303025001,0.0095560605,0.5064077105632782,1752545700000,0.03103583190180375,2955.7935144575,2956.23695,0.06289414493205375,3034.1250505000003,0.5314204576044801,-0.01659574097219125,0.0188682068925,2923.9535,-1.7244521427967532,,-1.626094050000002,0.021,stop,3033.67,up,2.463717136624156,1,1752465600000,2956.23695,
main,P_RESUME,risk_half,74.54000000000003,1753949100000,1752739500000,1752739500000,0.029262578728500008,0.008777457,0.6814011796231243,1753159200000,0.031379068083652505,3691.6550686650003,3692.2089,0.06064164681215251,3442.6563210000004,0.5354059344633346,-0.086521261192806,0.018192589695,3303.546,4.085815802300039,,4.251171300000004,0.017,stop,3442.14,up,2.4594060062671637,1,1752739200000,3692.2089,
main,P_RESUME,risk_half,64.12249999999995,1754985900000,1753776300000,1753776300000,0.02908568719875,0.0087243975,0.696538643907065,1753806900000,0.02790179722753125,3720.2396303375003,3720.79775,0.05698748442628125,3878.0916265000005,0.5314671252652684,-0.005640231866280001,0.017096192437499998,3720.79775,-2.430407658730064,,-2.3506837500000004,0.015,stop,3877.51,up,2.4696205457729135,1,1753776000000,3720.79775,
main,P_RESUME,risk_half,106.72199999999995,1764374700000,1763165100000,1763165100000,0.026595995002250003,0.0079799955,0.49102902002790666,1763286600000,0.027546734090405003,3240.7922459300003,3240.3062,0.05414272909265501,3128.9405885,0.5206619380334649,0.015760735162817,0.01624277631,3266.6222,-1.9398601702398408,,-1.8852354000000024,0.017,stop,3129.41,down,2.4635445266260882,-1,1763164800000,3240.3062,
main,P_RESUME,risk_half,96.721,1764504300000,1763294700000,1763294700000,0.042845542204499994,0.012855590999999998,0.44358288520862255,1763482500000,0.042529417580868756,3150.3272282125004,3149.85475,0.08537495978536874,3173.7438669999997,0.5181527383058249,0.04909893896320011,0.025612502737499994,3258.1721,0.5959732264403133,,0.6578617499999955,0.027,stop,3174.22,down,2.4586948762004885,-1,1763294400000,3149.85475,
main,P_RESUME,risk_double,109.88450000000003,1642867500000,1641657900000,1641657900000,0.14346682174825,0.0430465035,0.4087788946138472,1641756300000,0.14516546797946378,3190.4498457025006,3189.9713500000003,0.2886322897277138,3153.1169615000003,0.5261174324449027,0.022862995857260707,0.08658961242749999,3259.01845,-3.6630617562979784,,-3.31070285000001,0.091,stop,3153.59,down,10.0,-1,1641657600000,3189.9713500000003,
main,P_RESUME,risk_double,94.91750000000002,1643025900000,1641816300000,1641816300000,0.15624628454125003,0.046880917499999994,0.4621117348302596,1641913500000,0.15929668679438128,3154.3898375125,3153.91675,0.3155429713356313,3093.9858325,0.5327169773834961,0.055552505115695386,0.0946627562625,3188.65175,-6.3607949724824335,,-6.006141750000005,0.101,stop,3094.45,down,9.96336938243702,-1,1641816000000,3153.91675,
main,P_RESUME,risk_double,63.26400000000001,1643774700000,1642565100000,1642565100000,0.15524720942500003,0.046581149999999995,0.301687427538422,1642685400000,0.15835955787112505,3167.1911574225005,3166.71615,0.3136067672961251,3104.9441885,0.5329738834777368,0.0881823669238,0.09408189225,3199.6764,-6.450121292622366,,-6.130615000000034,0.1,stop,3105.41,down,9.899761432712197,-1,1642564800000,3166.71615,
main,P_RESUME,risk_double,111.4675,1644523500000,1643313900000,1643313900000,0.08634024702000001,0.02590596,0.3741695388108562,1643402400000,0.09011552130090002,2503.208925025,2502.8334999999997,0.17645576832090004,2398.3401949999998,0.5196091174201423,-0.029424742308000004,0.0529365618,2531.14675,-7.756429072428925,,-7.497611999999995,0.07200000000000001,stop,2398.7,down,9.835260219785972,-1,1643313600000,2502.8334999999997,
main,P_RESUME,risk_double,58.23350000000003,1647893100000,1646683500000,1646683500000,0.057635913316,0.017293367999999996,0.3207337297253568,1646793000000,0.0618127312691125,2630.328990175,2629.9345,0.1194486445851125,2452.592056,0.5377348890706337,0.019732534890632186,0.03583440622499999,2655.82335,-8.45335201591948,,-8.317801499999991,0.047,stop,2452.96,down,9.757695929061684,-1,1646683200000,2629.9345,
main,P_RESUME,risk_double,64.79499999999999,1649837100000,1648627500000,1648627500000,0.20911783297050004,0.06272594100000001,0.6635671878919641,1648736700000,0.2052809938814025,3337.902339535,3338.4031,0.41439882685190255,3400.2899670000006,0.5149736442951821,-0.12507752768946,0.124319478195,3325.5205,-8.213154532736436,,-7.549358700000025,0.123,stop,3399.78,up,9.67316240890249,1,1648627200000,3338.4031,
main,P_RESUME,risk_double,54.45299999999995,1654272300000,1653062700000,1653062700000,0.0750352530235,0.022513952999999996,0.3173498115617437,1653210900000,0.07674364029457127,1993.3413063525004,1993.0423500000002,0.15177889331807126,1948.967611,0.5188072581112212,0.025058406107401822,0.045533592142499996,2070.1852999999996,-3.5434950293531973,,-3.3712409500000136,0.077,stop,1949.26,down,9.591030863575124,-1,1653062400000,1993.0423500000002,
main,P_RESUME,risk_double,45.8455,1661789100000,1660579500000,1660579500000,0.16508455897000002,0.049517939999999996,0.45887592949080885,1660619100000,0.16048765194069503,1866.1354876825,1866.41545,0.32557221091069505,1919.5878950000001,0.5096514598738414,0.022682044973999997,0.09767145861,1866.41545,-9.496704224546704,,-9.096142599999999,0.17200000000000001,stop,1919.3,up,9.555595913281591,1,1660579200000,1866.41545,
main,P_RESUME,risk_double,20.042999999999985,1670198700000,1668989100000,1668989100000,0.09500958142475001,0.028507150499999998,0.36910049150233926,1669162800000,0.09567414084378127,1145.7980939375002,1145.62625,0.19068372226853128,1137.8392985,0.5193153381202715,0.010990820849788759,0.0572050880625,1193.0043,-1.5088117394812688,,-1.2719137500000062,0.167,stop,1138.01,down,9.460628871036125,-1,1668988800000,1145.62625,
main,P_RESUME,risk_double,13.315000000000008,1674129900000,1672920300000,1672920300000,0.4722583031212501,0.1416562425,0.40543942458979604,1672929600000,0.46817095407146253,1243.481949725,1243.6685,0.9404292571927126,1254.3381225000003,0.5317809289008962,0.0,0.28212859957499997,1243.6685,-9.115127356767887,,-7.892569500000072,0.753,stop,1254.15,up,9.445540753641312,1,1672920000000,1243.6685,
main,P_RESUME,risk_double,12.942500000000019,1674230700000,1673021100000,1673021100000,0.18367037142375003,0.05509284749999999,0.3114548696448358,1673138100000,0.18320669584785373,1259.1525487825,1259.34145,0.36687706727160374,1262.3393225000002,0.5346871043843198,-0.0698602831276711,0.11006310179249998,1231.70575,-1.3640885021918543,,-0.8172880500000569,0.291,stop,1262.15,up,9.354389480073634,1,1673020800000,1259.34145,
main,P_RESUME,risk_double,20.356499999999993,1674763500000,1673553900000,1673553900000,0.09133721852800002,0.027397056,0.610779304885947,1674057000000,0.09969031780896001,1557.661215765,1557.8949,0.19102753633696,1427.1440395000002,0.5217032184248179,-0.5759835614061948,0.057308638079999995,1355.96435,15.939187464176813,,16.763507199999992,0.128,stop,1426.93,up,9.340748595051714,1,1673553600000,1557.8949,
main,P_RESUME,risk_double,31.236999999999988,1679731500000,1678521900000,1678521900000,0.09224029188050001,0.027676239,0.47827720986169503,1678641900000,0.09686110433660253,1478.7954860550003,1478.5737000000001,0.18910139621710254,1408.2487310000001,0.5095530071004599,0.01509281565145489,0.056730212205000005,1478.5737000000001,-9.415633492770672,,-9.184894700000015,0.131,stop,1408.46,down,9.50014046969348,-1,1678521600000,1478.5737000000001,
main,P_RESUME,risk_double,29.106499999999993,1683072300000,1681862700000,1681862700000,0.259477835838,0.07783167599999999,0.49422250517268734,1681887300000,0.25503855820204124,2065.0895400975,2065.39935,0.5145163940400412,2101.035108,0.5467093105751768,0.0,0.1543547219175,2065.39935,-9.393071665957539,,-8.724200549999916,0.247,stop,2100.72,up,9.405984134765774,1,1681862400000,2065.39935,
main,P_RESUME,risk_double,18.10150000000001,1692317100000,1691107500000,1691107500000,0.32414657072,0.09725856,0.3609654912313791,1691371500000,0.3247629759903275,1840.0168611350002,1839.7409,0.6489095467103275,1836.52448,0.5312964223879058,0.4713346514694141,0.19467284065499998,1860.71015,-1.4103854358959793,,-1.0381377000000198,0.353,stop,1836.8,down,9.3120534181062,-1,1691107200000,1839.7409,
main,P_RESUME,risk_double,31.230500000000028,1693800300000,1692590700000,1692590700000,0.33269563816750003,0.09982366499999999,0.6017713211634648,1692807300000,0.3299088091245338,1662.0091139775,1661.75985,0.6626044472920338,1676.048555,0.5387772088757663,-0.08107741531624135,0.19878146406749997,1697.4830499999998,4.82997622332427,,5.772439550000016,0.397,stop,1676.3,down,9.29794956374724,-1,1692590400000,1661.75985,
main,P_RESUME,risk_double,12.741499999999984,1695038700000,1693829100000,1693829100000,0.4665676043600001,0.13999128,0.37209750086641774,1693926600000,0.4689979554424451,1639.8529910575003,1639.60705,0.9355655598024453,1631.35526,0.5292973036681905,0.04095257131680001,0.28066956489,1645.77415,-5.755315153375778,,-4.580032600000094,0.5720000000000001,stop,1631.6,down,9.346249325980482,-1,1693828800000,1639.60705,
main,P_RESUME,risk_double,42.90999999999999,1699502700000,1698293100000,1698293100000,0.18856468046000005,0.05656092,0.33474396953025864,1698330900000,0.18411987387560003,1770.38340265,1770.6490000000001,0.3726845543356001,1813.1219275,0.528041992071488,-0.03848417478422401,0.1118051688,1770.6490000000001,-9.300781897919821,,-8.777807999999958,0.20800000000000002,stop,1812.85,up,9.288696174446724,1,1698292800000,1770.6490000000001,
main,P_RESUME,risk_double,29.652499999999986,1699776300000,1698566700000,1698566700000,0.29984937066000006,0.08994131999999999,0.4890717153194232,1698942600000,0.3006170246814,1789.3870516749998,1789.6554999999998,0.6004663953414,1784.8176825,0.5375091204671351,-0.9586478644433847,0.18013995719999998,1759.52475,-0.0238062169848543,,1.7154479999999641,0.336,stop,1784.55,up,9.195688355467526,1,1698566400000,1789.6554999999998,
main,P_RESUME,risk_double,26.893999999999984,1700597100000,1699387500000,1699387500000,0.16144261276000005,0.04842552,0.6959645305636522,1699665600000,0.1752408581777625,2061.6571550324998,2061.96645,0.3366834709377625,1899.3248560000002,0.5086535665327991,-0.7479504791438332,0.10100566447499999,1847.4106,26.511856885443336,,27.69749649999999,0.17,stop,1899.04,up,9.195450293297677,1,1699387200000,2061.96645,
main,P_RESUME,risk_double,45.80400000000003,1700985900000,1699776300000,1699776300000,0.18614116698750002,0.055833974999999994,0.47636916668044227,1699961400000,0.18357634804170628,2028.4679341625001,2028.77225,0.3697175150292063,2056.8084750000003,0.4749740709220402,-0.5051633435385158,0.11091514158749999,2006.9196,-6.00451875015525,,-5.018722750000003,0.181,stop,2056.5,up,9.460568862152108,1,1699776000000,2028.77225,
main,P_RESUME,risk_double,42.918500000000016,1710173100000,1708963500000,1708963500000,0.12584927456,0.03774912,0.6995540166726258,1709141400000,0.1279630646607,3199.0766165175,3199.55655,0.2538123392207,3146.2318640000003,0.5267106873134472,-0.6098262738087942,0.07614379859999999,3032.95815,3.3639415883704835,,4.303723999999966,0.08,stop,3145.76,up,9.400523674650556,1,1708963200000,3199.55655,
main,P_RESUME,risk_double,63.32000000000003,1718035500000,1716825900000,1716825900000,0.198429259925,0.05951984999999999,0.4654021896489318,1716839100000,0.19395430249000004,3879.0860498,3879.668,0.39238356241500005,3968.5851985,0.5105755374003701,0.0,0.11771487,3879.668,-9.342298432414976,,-8.832199999999967,0.1,stop,3967.99,up,9.434163090534263,1,1716825600000,3879.668,
main,P_RESUME,risk_double,130.25499999999997,1724155500000,1722945900000,1722945900000,0.11320603654699998,0.03396690599999999,0.5739406955634395,1723120200000,0.11504105857075002,2500.8925776250003,2500.5175,0.22824709511775,2461.0007944999998,0.5183516671470206,-0.03539035923937139,0.0684740475,2558.9355,-3.93368150185717,,-3.6015700000000033,0.092,stop,2461.37,down,9.340740106210113,-1,1722945600000,2500.5175,
main,P_RESUME,risk_double,146.30649999999997,1740053100000,1738843500000,1738843500000,0.17796443632975,0.0533973405,0.40241668428098387,1739072400000,0.1698178235782088,2674.2964343025005,2673.8953500000002,0.3477822599079588,2802.5895485,0.5455831850955926,0.034796973331415904,0.10433504691750001,2872.06065,15.980240216505905,,16.397560549999998,0.127,stop,2803.01,down,9.30140329119154,-1,1738843200000,2673.8953500000002,
main,P_RESUME,risk_double,67.963,1740643500000,1739433900000,1739433900000,0.10189159396800002,0.030572063999999996,0.3727659352414753,1739544600000,0.10364435252123001,2727.482961085,2727.0739,0.20553594648923001,2681.3577360000004,0.5172839522241139,0.019453067218614367,0.06166070645999999,2801.7862999999998,-3.691599985730599,,-3.4438563999999734,0.076,stop,2681.76,down,9.461205693356602,-1,1739433600000,2727.0739,
main,P_RESUME,risk_double,60.46499999999999,1753675500000,1752465900000,1752465900000,0.12439912707050002,0.037314140999999995,0.5064077105632782,1752545700000,0.12118753409275751,2955.7935144575,2956.23695,0.24558666116325753,3034.1250505000003,0.5314204576044801,-0.06480241712950868,0.073675855485,2923.9535,-6.7335750337777975,,-6.349510100000008,0.082,stop,3033.67,up,9.424289693499295,1,1752465600000,2956.23695,
main,P_RESUME,risk_double,74.54000000000003,1753949100000,1752739500000,1752739500000,0.11188633043250001,0.033560864999999995,0.6814011796231243,1753159200000,0.11997878973161251,3691.6550686650003,3692.2089,0.23186512016411254,3442.6563210000004,0.5354059344633346,-0.33081658691367005,0.06955990177499999,3303.546,15.622236891147208,,16.254478500000015,0.065,stop,3442.14,up,9.356953943161518,1,1752739200000,3692.2089,
main,P_RESUME,risk_double,64.12249999999995,1754985900000,1753776300000,1753776300000,0.11246465716850003,0.033734337,0.696538643907065,1753806900000,0.10788694927978752,3720.2396303375003,3720.79775,0.22035160644828755,3878.0916265000005,0.5314671252652684,-0.021808896549616003,0.066105277425,3720.79775,-9.397576280422918,,-9.089310500000003,0.058,stop,3877.51,up,9.51317631207299,1,1753776000000,3720.79775,
main,P_RESUME,risk_double,106.72199999999995,1764374700000,1763165100000,1763165100000,0.10325503942050002,0.030981158999999994,0.49102902002790666,1763286600000,0.10694614411569002,3240.7922459300003,3240.3062,0.21020118353619005,3128.9405885,0.5206619380334649,0.061188736514466,0.06306019037999999,3266.6222,-7.531221837401734,,-7.319149200000009,0.066,stop,3129.41,down,9.41920054926876,-1,1763164800000,3240.3062,
main,P_RESUME,risk_double,96.721,1764504300000,1763294700000,1763294700000,0.168208424951,0.05047009799999999,0.44358288520862255,1763482500000,0.16696734309526254,3150.3272282125004,3149.85475,0.33517576804626253,3173.7438669999997,0.5181527383058249,0.19275879741108187,0.10055278852499999,3258.1721,2.3397467408397477,,2.5827164999999823,0.106,stop,3174.22,down,9.343888330894744,-1,1763294400000,3149.85475,
main,P_RESUME,min50,109.88450000000003,1642867500000,1641657900000,1641657900000,0.07094513163375,0.0212867325,0.4087788946138472,1641756300000,0.07178512152830627,3190.4498457025006,3189.9713500000003,0.1427302531620563,3153.1169615000003,0.5261174324449027,0.011305877072271778,0.0428190391125,3259.01845,-1.811404165202297,,-1.637160750000005,0.045,stop,3153.59,down,5.0,-1,1641657600000,3189.9713500000003,
main,P_RESUME,min50,94.91750000000002,1643025900000,1641816300000,1641816300000,0.0773496458125,0.023208374999999996,0.4621117348302596,1641913500000,0.0788597459378125,3154.3898375125,3153.91675,0.1562093917503125,3093.9858325,0.5327169773834961,0.027501240156284842,0.04686275062499999,3188.65175,-3.148908402219026,,-2.9733375000000026,0.05,stop,3094.45,down,4.9909429791739885,-1,1641816000000,3153.91675,
main,P_RESUME,min50,63.26400000000001,1643774700000,1642565100000,1642565100000,0.07762360471250002,0.023290574999999997,0.301687427538422,1642685400000,0.07917977893556252,3167.1911574225005,3166.71615,0.15680338364806254,3104.9441885,0.5329738834777368,0.0440911834619,0.047040946125,3199.6764,-3.225060646311183,,-3.065307500000017,0.05,stop,3105.41,down,4.975198437162893,-1,1642564800000,3166.71615,
main,P_RESUME,min50,111.4675,1644523500000,1643313900000,1643313900000,0.043170123510000005,0.01295298,0.3741695388108562,1643402400000,0.04505776065045001,2503.208925025,2502.8334999999997,0.08822788416045002,2398.3401949999998,0.5196091174201423,-0.014712371154000002,0.0264682809,2531.14675,-3.8782145362144624,,-3.7488059999999974,0.036000000000000004,stop,2398.7,down,4.959073133931337,-1,1643313600000,2502.8334999999997,
main,P_RESUME,min50,58.23350000000003,1647893100000,1646683500000,1646683500000,0.028204808644,0.008462711999999999,0.3207337297253568,1646793000000,0.0302487833870125,2630.328990175,2629.9345,0.0584535920310125,2452.592056,0.5377348890706337,0.009656346861373196,0.017535986025,2655.82335,-4.1367467311946395,,-4.0704134999999955,0.023,stop,2452.96,down,4.939682061250265,-1,1646683200000,2629.9345,
main,P_RESUME,min50,64.79499999999999,1649837100000,1648627500000,1648627500000,0.10540898897700002,0.031617954,0.6635671878919641,1648736700000,0.103474972525585,3337.902339535,3338.4031,0.20888396150258504,3400.2899670000006,0.5149736442951821,-0.06304720907924,0.06266510283,3325.5205,-4.139964073411862,,-3.805367800000013,0.062,stop,3399.78,up,4.9189983275942915,1,1648627200000,3338.4031,
main,P_RESUME,min50,54.45299999999995,1654272300000,1653062700000,1653062700000,0.0380048684145,0.011403171,0.3173498115617437,1653210900000,0.038870155473873756,1993.3413063525004,1993.0423500000002,0.07687502388837375,1948.967611,0.5188072581112212,0.012691919976476247,0.023062468747500002,2070.1852999999996,-1.7947572226594115,,-1.707511650000007,0.039,stop,1949.26,down,4.898298507227232,-1,1653062400000,1993.0423500000002,
main,P_RESUME,min50,45.8455,1661789100000,1660579500000,1660579500000,0.08446186738,0.025334759999999994,0.45887592949080885,1660619100000,0.08210996145803,1866.1354876825,1866.41545,0.16657182883803,1919.5878950000001,0.5096514598738414,0.011604767195999998,0.049971443939999985,1866.41545,-4.858778905582033,,-4.653840399999999,0.088,stop,1919.3,up,4.889324721113935,1,1660579200000,1866.41545,
main,P_RESUME,min50,20.042999999999985,1670198700000,1668989100000,1668989100000,0.04892708983550001,0.014680329,0.36910049150233926,1669162800000,0.04926931803931251,1145.7980939375002,1145.62625,0.09819640787481251,1137.8392985,0.5193153381202715,0.005659943671148702,0.029458907625000003,1193.0043,-0.7769928718286774,,-0.6549975000000032,0.08600000000000001,stop,1138.01,down,4.8650308265860245,-1,1668988800000,1145.62625,
main,P_RESUME,min50,13.315000000000008,1674129900000,1672920300000,1672920300000,0.2514947935612501,0.07543712250000001,0.40543942458979604,1672929600000,0.24931813091986252,1243.481949725,1243.6685,0.5008129244811126,1254.3381225000003,0.5317809289008962,0.0,0.150243782775,1243.6685,-4.854138207256205,,-4.203081500000039,0.401,stop,1254.15,up,4.8611458622268815,1,1672920000000,1243.6685,
main,P_RESUME,min50,12.942500000000019,1674230700000,1673021100000,1673021100000,0.09467544918750001,0.028398375,0.3114548696448358,1673138100000,0.09443644115868749,1259.1525487825,1259.34145,0.1891118903461875,1262.3393225000002,0.5346871043843198,-0.03601045522044903,0.05673355762499999,1231.70575,-0.7031384031916774,,-0.42128250000002937,0.15,stop,1262.15,up,4.8368751711905995,1,1673020800000,1259.34145,
main,P_RESUME,min50,20.356499999999993,1674763500000,1673553900000,1673553900000,0.047095753303500014,0.014126607000000001,0.610779304885947,1674057000000,0.051402820120245,1557.661215765,1557.8949,0.09849857342374502,1427.1440395000002,0.5217032184248179,-0.29699152385006916,0.02954976651,1355.96435,8.21864353621617,,8.643683399999997,0.066,stop,1426.93,up,4.833359479174641,1,1673553600000,1557.8949,
main,P_RESUME,min50,31.236999999999988,1679731500000,1678521900000,1678521900000,0.04717633248850001,0.014155023,0.47827720986169503,1678641900000,0.04953964878284251,1478.7954860550003,1478.5737000000001,0.09671598127134252,1408.2487310000001,0.5095530071004599,0.007719226325553265,0.029014688684999998,1478.5737000000001,-4.8156293436308015,,-4.697617900000007,0.067,stop,1408.46,down,4.874452696855721,-1,1678521600000,1478.5737000000001,
main,P_RESUME,min50,29.106499999999993,1683072300000,1681862700000,1681862700000,0.133415729358,0.04001871599999999,0.49422250517268734,1681887300000,0.13113318579619124,2065.0895400975,2065.39935,0.2645489151541912,2101.035108,0.5467093105751768,0.0,0.07936457361749999,2065.39935,-4.82963603877169,,-4.485722549999957,0.127,stop,2100.72,up,4.850374550137568,1,1681862400000,2065.39935,
main,P_RESUME,min50,18.10150000000001,1692317100000,1691107500000,1691107500000,0.16804198992,0.05042015999999999,0.3609654912313791,1691371500000,0.16836154279385251,1840.0168611350002,1839.7409,0.3364035327138525,1836.52448,0.5312964223879058,0.2443462924048238,0.10092104770499999,1860.71015,-0.7311629880140629,,-0.5381847000000103,0.183,stop,1836.8,down,4.82622636994371,-1,1691107200000,1839.7409,
main,P_RESUME,min50,31.230500000000028,1693800300000,1692590700000,1692590700000,0.17263300116500002,0.051797670000000004,0.6017713211634648,1692807300000,0.17118693873968252,1662.0091139775,1661.75985,0.3438199399046825,1676.048555,0.5387772088757663,-0.042070396864346896,0.10314604936499999,1697.4830499999998,2.5062345138659943,,2.9952709000000084,0.20600000000000002,stop,1676.3,down,4.82257055500364,-1,1692590400000,1661.75985,
main,P_RESUME,min50,12.741499999999984,1695038700000,1693829100000,1693829100000,0.24144057848,0.07244303999999999,0.37209750086641774,1693926600000,0.24269824267651005,1639.8529910575003,1639.60705,0.4841388211565101,1631.35526,0.5292973036681905,0.021192239702399997,0.14524159301999998,1645.77415,-2.978274974474179,,-2.370086800000048,0.296,stop,1631.6,down,4.835101727572971,-1,1693828800000,1639.60705,
main,P_RESUME,min50,42.90999999999999,1699502700000,1698293100000,1698293100000,0.097908584085,0.029368169999999996,0.33474396953025864,1698330900000,0.09560070374310001,1770.38340265,1770.6490000000001,0.1935092878281,1813.1219275,0.528041992071488,-0.019982167676424,0.05805268379999999,1770.6490000000001,-4.829252139304521,,-4.557707999999978,0.108,stop,1812.85,up,4.8202103527006,1,1698292800000,1770.6490000000001,
main,P_RESUME,min50,29.652499999999986,1699776300000,1698566700000,1698566700000,0.15617154721875,0.0468444375,0.4890717153194232,1698942600000,0.15657136702156252,1789.3870516749998,1789.6554999999998,0.31274291424031253,1784.8176825,0.5375091204671351,-0.49929576273092946,0.093822894375,1759.52475,-0.012399071346278268,,0.8934624999999813,0.17500000000000002,stop,1784.55,up,4.796064092004078,1,1698566400000,1789.6554999999998,
main,P_RESUME,min50,26.893999999999984,1700597100000,1699387500000,1699387500000,0.08357029366400001,0.025067327999999993,0.6959645305636522,1699665600000,0.09071291482143,2061.6571550324998,2061.96645,0.17428320848543,1899.3248560000002,0.5086535665327991,-0.38717436567445473,0.052285285139999985,1847.4106,13.72378474070008,,14.337527599999992,0.088,stop,1899.04,up,4.796002096647345,1,1699387200000,2061.96645,
main,P_RESUME,min50,45.80400000000003,1700985900000,1699776300000,1699776300000,0.09564159408750002,0.028688175,0.47636916668044227,1699961400000,0.09432375893855625,2028.4679341625001,2028.77225,0.18996535302605627,2056.8084750000003,0.4749740709220402,-0.25955906601702744,0.05698954788749999,2006.9196,-3.085194716930598,,-2.5786807500000015,0.093,stop,2056.5,up,4.864621020350845,1,1699776000000,2028.77225,
main,P_RESUME,min50,42.918500000000016,1710173100000,1708963500000,1708963500000,0.064497753212,0.019346424,0.6995540166726258,1709141400000,0.06558107063860875,3199.0766165175,3199.55655,0.13007882385060876,3146.2318640000003,0.5267106873134472,-0.31253596532700695,0.0390236967825,3032.95815,1.724020064039873,,2.2056585499999826,0.041,stop,3145.76,up,4.849195046766193,1,1708963200000,3199.55655,
main,P_RESUME,min50,63.32000000000003,1718035500000,1716825900000,1716825900000,0.10119892256175002,0.030355123499999997,0.4654021896489318,1716839100000,0.0989166942699,3879.0860498,3879.668,0.20011561683165002,3968.5851985,0.5105755374003701,0.0,0.0600345837,3879.668,-4.764572200531638,,-4.504421999999983,0.051000000000000004,stop,3967.99,up,4.8578151470863915,1,1716825600000,3879.668,
main,P_RESUME,min50,130.25499999999997,1724155500000,1722945900000,1722945900000,0.05783351867075,0.017352658499999996,0.5739406955634395,1723120200000,0.05877097557418751,2500.8925776250003,2500.5175,0.11660449424493752,2461.0007944999998,0.5183516671470206,-0.018079857437504947,0.03498130687499999,2558.9355,-2.009598158557467,,-1.8399325000000017,0.047,stop,2461.37,down,4.833992286083734,-1,1722945600000,2500.5175,
main,P_RESUME,min50,146.30649999999997,1740053100000,1738843500000,1738843500000,0.0924854551005,0.027749799000000002,0.40241668428098387,1739072400000,0.08825178233198253,2674.2964343025005,2673.8953500000002,0.18073723743248254,2802.5895485,0.5455831850955926,0.01808346645569645,0.054221362965000006,2872.06065,8.304691766058186,,8.5215669,0.066,stop,2803.01,down,4.823944295290947,-1,1738843200000,2673.8953500000002,
main,P_RESUME,min50,67.963,1740643500000,1739433900000,1739433900000,0.05228647585200001,0.015688296,0.3727659352414753,1739544600000,0.0531859177411575,2727.482961085,2727.0739,0.10547239359315752,2681.3577360000004,0.5172839522241139,0.009982495020078426,0.031641678315,2801.7862999999998,-1.8943736768880708,,-1.7672420999999863,0.039,stop,2681.76,down,4.865467754121237,-1,1739433600000,2727.0739,
main,P_RESUME,min50,60.46499999999999,1753675500000,1752465900000,1752465900000,0.06371662606050002,0.019112121,0.5064077105632782,1752545700000,0.0620716638036075,2955.7935144575,2956.23695,0.1257882898641075,3034.1250505000003,0.5314204576044801,-0.0331914819443825,0.037736413785,2923.9535,-3.4489042855935064,,-3.252188100000004,0.042,stop,3033.67,up,4.855995885736798,1,1752465600000,2956.23695,
main,P_RESUME,min50,74.54000000000003,1753949100000,1752739500000,1752739500000,0.05680382929650001,0.017038592999999998,0.6814011796231243,1753159200000,0.060912308632972506,3691.6550686650003,3692.2089,0.11771613792947253,3442.6563210000004,0.5354059344633346,-0.167953036433094,0.035315027054999996,3303.546,7.93128949858243,,8.252273700000007,0.033,stop,3442.14,up,4.8387513643088305,1,1752739200000,3692.2089,
main,P_RESUME,min50,64.12249999999995,1754985900000,1753776300000,1753776300000,0.0581713743975,0.017448795,0.696538643907065,1753806900000,0.0558035944550625,3720.2396303375003,3720.79775,0.1139749688525625,3878.0916265000005,0.5314671252652684,-0.011280463732560001,0.034192384874999995,3720.79775,-4.860815317460128,,-4.701367500000001,0.03,stop,3877.51,up,4.878407811801741,1,1753776000000,3720.79775,
main,P_RESUME,min50,106.72199999999995,1764374700000,1763165100000,1763165100000,0.053191990004500006,0.015959991,0.49102902002790666,1763286600000,0.055093468180810005,3240.7922459300003,3240.3062,0.10828545818531002,3128.9405885,0.5206619380334649,0.031521470325634,0.03248555262,3266.6222,-3.8797203404796816,,-3.770470800000005,0.034,stop,3129.41,down,4.854103735214441,-1,1763164800000,3240.3062,
main,P_RESUME,min50,96.721,1764504300000,1763294700000,1763294700000,0.08569108440899999,0.025711181999999996,0.44358288520862255,1763482500000,0.08505883516173751,3150.3272282125004,3149.85475,0.17074991957073749,3173.7438669999997,0.5181527383058249,0.09819787792640022,0.05122500547499999,3258.1721,1.1919464528806265,,1.315723499999991,0.054,stop,3174.22,down,4.834705133512042,-1,1763294400000,3149.85475,
main,C_CHANNEL,base,91.02050000000001,1644120300000,1641528300000,1641528300000,0.040371443375,0.012113249999999999,0.34501172830264026,1641917700000,0.0398465098300625,3187.720786405,3187.2427,0.0802179532050625,3229.71547,0.5330652317094375,0.04540455118485727,0.024065410125,3420.0910000000003,1.015053687854794,,1.0739325000000008,0.025,stop,3230.2,down,5.0,-1,1641528000000,3187.2427,
main,C_CHANNEL,base,69.92549999999991,1645315500000,1642723500000,1642723500000,0.04468219666500001,0.01340667,0.4103035581792964,1643188800000,0.0377472954951375,2516.4863663425,2516.10895,0.08242949216013751,2978.8131110000004,0.5253950681018714,0.012126514295146657,0.024729160275,3139.7709999999997,13.799499361860024,,13.894531500000012,0.03,stop,2979.26,down,5.005075268439274,-1,1642723200000,2516.10895,
main,C_CHANNEL,base,60.18000000000002,1649203500000,1646611500000,1646611500000,0.04693319396475,0.014082070499999997,0.3207337297253568,1646796300000,0.0491527568577575,2656.9057760950004,2656.5073,0.09608595082250751,2536.9294035,0.5273667731490941,0.022994356392504304,0.028825686014999997,2669.73,-4.512217380445025,,-4.4103001000000095,0.037,stop,2537.31,down,5.074072765248575,-1,1646611200000,2656.5073,
main,C_CHANNEL,base,65.39950000000006,1650801900000,1648209900000,1648209900000,0.058594587870000006,0.01757574,0.3141469594594593,1648742700000,0.061513657467115,3325.06256579,3325.5614,0.120108245337115,3167.2750200000005,0.5259627602636531,-0.19533644225848407,0.03603260577,3036.431,5.522694506634382,,5.874171799999995,0.037,stop,3166.8,up,5.05151167834635,1,1648209600000,3325.5614,
main,C_CHANNEL,base,46.50049999999997,1653465900000,1650873900000,1650873900000,0.071621815116,0.021489767999999996,0.3693569100069155,1650903300000,0.07404017986132501,2903.53646515,2903.1009999999997,0.14566199497732502,2808.698632,0.5518237599385971,-0.03655343631853133,0.04369849064999999,2903.1009999999997,-5.018944921945848,,-4.7930309999999885,0.051000000000000004,stop,2809.12,down,5.0791251508795225,-1,1650873600000,2903.1009999999997,
main,C_CHANNEL,base,114.04650000000004,1654891500000,1652299500000,1652299500000,0.0233612652845,0.007009430999999999,0.34169543250121354,1652644500000,0.023099152353200005,2099.9229412000004,2099.608,0.04646041763770001,2123.7513895,0.5074152388208688,-0.04663790856141779,0.013938137399999998,2344.6230000000005,0.43112753640087703,,0.5381639999999998,0.022,stop,2124.07,down,5.054030426269793,-1,1652299200000,2099.608,
main,C_CHANNEL,base,44.816999999999986,1656158700000,1653566700000,1653566700000,0.048047096854249995,0.014416291499999996,0.4008995758836648,1653582000000,0.05049865966290001,1905.6097986000002,1905.324,0.09854575651715,1813.0979945,0.5437720430037405,-0.014146940500140268,0.029563617299999997,1905.324,-5.015818314317305,,-4.8735620000000095,0.053,stop,1813.37,down,5.056186063951797,-1,1653566400000,1905.324,
main,C_CHANNEL,base,42.376500000000036,1657555500000,1654963500000,1654963500000,0.045593459955,0.013680089999999997,0.334516695957821,1655664900000,0.033096792274275005,1103.2264091425002,1103.06095,0.078690252229275,1519.7819985,0.5155865401542172,-0.11392057330281964,0.023607638549999997,1601.623,24.800724535917897,,25.016942999999994,0.06,stop,1520.01,down,5.0311069723802095,-1,1654963200000,1103.06095,
main,C_CHANNEL,base,35.887000000000015,1659182700000,1656590700000,1656590700000,0.03562535539500001,0.010689210000000001,0.43034595644757884,1656635100000,0.03813835989600002,1089.6674256000003,1089.5040000000001,0.07376371529100004,1017.867297,0.5002925081814051,-0.025652983482000007,0.022129002000000002,1089.5040000000001,-5.125425700773024,,-5.003880000000011,0.07,stop,1018.02,down,5.1551105950598,-1,1656590400000,1089.5040000000001,
main,C_CHANNEL,base,59.15900000000001,1660781100000,1658189100000,1658189100000,0.036116336638,0.010833276,0.46409266409266414,1658348400000,0.03416895928719,1485.60692553,1485.8298,0.07028529592519,1570.2755060000002,0.5234109767621269,-0.012976143318177313,0.021085501619999995,1461.802,-3.97801614086338,,-3.8736691999999993,0.046,stop,1570.04,up,5.129483466555936,1,1658188800000,1485.8298,
main,C_CHANNEL,base,57.21800000000002,1661616300000,1659024300000,1659024300000,0.037179721121750005,0.0111522435,0.31786882034746194,1659350700000,0.03580567334325001,1665.3801555000002,1665.63,0.07298539446500002,1729.2893545000002,0.5164707378105395,-0.06970350724416928,0.021895557000000003,1613.884,-2.890784458709167,,-2.726199999999994,0.043000000000000003,stop,1729.03,up,5.109593385851618,1,1659024000000,1665.63,
main,C_CHANNEL,base,48.514500000000034,1662941100000,1660349100000,1660349100000,0.05081318083400001,0.015241667999999998,0.31236591361145144,1660496100000,0.05047109150050501,1941.1958269425,1941.48705,0.10128427233450502,1954.3531090000001,0.5348910642377501,-0.019225334838583904,0.030385266989999996,1860.371,-0.8046882741630992,,-0.6537933999999996,0.052000000000000005,stop,1954.06,up,5.095139463558072,1,1660348800000,1941.48705,
main,C_CHANNEL,base,18.190999999999985,1671537900000,1668945900000,1668945900000,0.07514993081924999,0.022548361499999996,0.319156585357085,1669162800000,0.07416653143621876,1149.8687044375001,1149.69625,0.14931646225546874,1165.1152064999999,0.5510519799571565,-0.024694504622867926,0.04479498393749999,1203.162,1.7927877991841321,,2.01159375,0.129,stop,1165.29,down,5.091116022187257,-1,1668945600000,1149.69625,
main,C_CHANNEL,base,10.401500000000045,1675814700000,1673222700000,1673222700000,0.15653127116925003,0.0469523385,0.39142948512951764,1674057000000,0.1867047204404475,1536.664365765,1536.8949,0.34323599160969753,1288.3232195000003,0.5620006109920418,-1.4220944059224154,0.102972157605,1268.847,58.58156814486281,,60.44987069999998,0.243,stop,1288.13,up,5.100079961183177,1,1673222400000,1536.8949,
main,C_CHANNEL,base,18.60749999999998,1680984300000,1678392300000,1678392300000,0.08816458332850001,0.026453343,0.36891394281038253,1678641900000,0.08800526170943504,1479.0800287300003,1478.8582000000001,0.17616984503793504,1481.757703,0.5393837874668268,-0.006488650883528215,0.052850961870000004,1525.0349999999999,0.1359847422084975,,0.3714941999999874,0.11900000000000001,stop,1481.98,down,5.3929878019074895,-1,1678392000000,1478.8582000000001,
main,C_CHANNEL,base,25.817999999999984,1683979500000,1681387500000,1681387500000,0.09537302380800002,0.028607616,0.32728440974317996,1681731000000,0.09929023543032002,2068.5465714650004,2068.8569,0.19466325923832004,1986.9379960000003,0.5439332546061109,-0.23962759119561605,0.05839915536,1933.5140000000001,7.40013239420607,,7.892822400000012,0.096,stop,1986.64,up,5.3936677256185295,1,1681387200000,2068.8569,
main,C_CHANNEL,base,25.949,1701749100000,1699157100000,1699157100000,0.09633661832550003,0.028896651000000002,0.5391928964838438,1699376700000,0.09456006596218501,1854.118940435,1854.3971,0.19089668428768503,1888.9533005000003,0.5565283625270295,-0.153930923695494,0.057268926629999994,1837.952,-3.897932334613208,,-3.495835800000017,0.10200000000000001,stop,1888.67,up,5.430668387589559,1,1699156800000,1854.3971,
main,C_CHANNEL,base,26.0255,1702094700000,1699502700000,1699502700000,0.092221351128,0.027662256,0.6131888917547932,1699749900000,0.09679510895544,2016.5647699049998,2016.8673,0.18901646008344,1921.2781485000003,0.5239012166509207,-0.46311644985047445,0.056705145119999995,1867.6090000000002,8.495382744946042,,9.20422079999999,0.096,stop,1920.99,up,5.411178725916493,1,1699502400000,2016.8673,
main,C_CHANNEL,base,41.629,1704557100000,1701965100000,1701965100000,0.06757085410800001,0.020268216,0.37579072401314917,1702164600000,0.0675468324051075,2329.2011174175,2329.55055,0.13511768651310752,2330.029452,0.5245462322291509,-0.18219173511451597,0.040535305785,2239.552,-0.3653528274126378,,-0.007508099999994557,0.058,stop,2329.68,up,5.453655639641225,1,1701964800000,2329.55055,
main,C_CHANNEL,base,29.831999999999947,1710345900000,1707753900000,1707753900000,0.12495796088300003,0.037481766,0.5255072636578644,1708096200000,0.134790004366115,2750.816415635,2751.2291,0.25974796524911503,2550.1624670000006,0.5431315826140006,-0.33069626197878554,0.07792483377000001,2497.666,19.073642739002036,,19.742011799999982,0.098,stop,2549.78,up,5.4518288755041615,1,1707753600000,2751.2291,
main,C_CHANNEL,base,46.41649999999997,1710893100000,1708301100000,1708301100000,0.08500401869050002,0.025497381,0.6561315097699558,1708526100000,0.08461404301444625,2868.2726445575,2868.70295,0.16961806170494625,2881.4921590000004,0.5199095359252949,-0.1983322150396763,0.05088540210749999,2790.747,-1.1479016288521484,,-0.7290659500000043,0.059000000000000004,stop,2881.06,up,5.547197089199172,1,1708300800000,2868.70295,
main,C_CHANNEL,base,45.60300000000002,1711483500000,1708891500000,1708891500000,0.08647360909600002,0.025938192,0.6847405418213413,1709141400000,0.08853634795544,3162.0124269800003,3162.4868,0.17500995705144,3088.3431820000005,0.5318749470199425,-0.5978007828626115,0.05250308112,2993.364,3.352666978965938,,4.177980800000001,0.056,stop,3087.88,up,5.541457581054912,1,1708891200000,3162.4868,
main,C_CHANNEL,base,84.9835,1711800300000,1709208300000,1709208300000,0.05963831440550001,0.017888811,0.7451724052452837,1709240700000,0.05695136701335001,3350.0804125500003,3350.583,0.11658968141885002,3508.1361415000006,0.5061763900800867,-0.08935327094380001,0.0349767843,3350.583,-5.579837736662658,,-5.338918000000002,0.034,stop,3507.61,up,5.55822091594974,1,1709208000000,3350.583,
main,C_CHANNEL,base,53.32550000000001,1712160300000,1709568300000,1709568300000,0.08730659402500003,0.02618805,0.6919336477476004,1709667300000,0.08465927470367501,3455.48060015,3455.9990000000003,0.17196586872867503,3563.5344500000006,0.5023643901442415,-0.40520215226054357,0.05158964265,3455.9990000000003,-5.871806663639242,,-5.243048999999988,0.049,stop,3563.0,up,5.530321727266428,1,1709568000000,3455.9990000000003,
main,C_CHANNEL,base,120.10750000000004,1712318700000,1709726700000,1709726700000,0.04095467227950001,0.012284559,0.5808412737517179,1710081600000,0.04057437908007751,3864.2265790550005,3864.8063,0.08152905135957753,3900.4449790000003,0.5094460328539856,-0.40622842698007877,0.024458698845,3642.855,-1.2483438771846536,,-0.7361276999999987,0.021,stop,3899.86,up,5.500962693948232,1,1709726400000,3864.8063,
main,C_CHANNEL,base,71.83849999999995,1712736300000,1710144300000,1710144300000,0.07809556257750001,0.023425154999999996,0.6301628631234995,1710264000000,0.075447694647975,3869.11254605,3869.693,0.15354325722547502,4004.9006450000006,0.4961803118779704,-0.34313940590852926,0.046062859049999995,3869.693,-5.79241852218402,,-5.249672999999999,0.039,stop,4004.3,up,5.494720974562307,1,1710144000000,3869.693,
main,C_CHANNEL,base,70.54199999999999,1717142700000,1714550700000,1714550700000,0.04705902508725,0.014119825499999999,0.31018433848152516,1714589400000,0.049665419695650005,3010.0254360999998,3009.5739999999996,0.09672444478290002,2852.0621265,0.5496022408117593,0.00699365013094148,0.029017216799999995,3009.5739999999996,-5.302520011451951,,-5.183771999999995,0.033,stop,2852.49,down,5.465758881951387,-1,1714550400000,3009.5739999999996,
main,C_CHANNEL,base,55.73599999999999,1718841900000,1716249900000,1716249900000,0.080768833508,0.024227015999999997,0.41149954329232824,1716494400000,0.08016760885463,3643.9822206649997,3644.5289,0.16093644236263,3671.3106140000004,0.5134993060609094,-0.1603239193334623,0.04828090673999999,3552.9179999999997,-1.5237096684361264,,-1.1541684000000185,0.044,stop,3670.76,up,5.4392462818941265,1,1716249600000,3644.5289,
main,C_CHANNEL,base,63.32000000000003,1719417900000,1716825900000,1716825900000,0.07937170397,0.023807939999999996,0.4654021896489318,1716861600000,0.07677828153,3838.9140765,3839.4900000000002,0.1561499855,3968.5851985,0.5105755374003701,-0.015584360000000004,0.04684487999999999,3839.4900000000002,-5.35857922549999,,-5.139999999999982,0.04,stop,3967.99,up,5.431627733551945,1,1716825600000,3839.4900000000002,
main,C_CHANNEL,base,55.57250000000006,1722729900000,1720137900000,1720137900000,0.06082427499000001,0.01825002,0.4420108468919486,1720298100000,0.06147192440575001,3073.5962202875003,3073.13525,0.12229619939575001,3041.2137495,0.5358323705600394,0.04261797608204308,0.0366888315,3170.455,-1.3749770548137108,,-1.2586099999999898,0.04,stop,3041.67,down,5.404834837424445,-1,1720137600000,3073.13525,
main,C_CHANNEL,base,68.48149999999995,1725379500000,1722787500000,1722787500000,0.05070325337100001,0.015213258,0.44665670123745954,1723133400000,0.04610059135159501,2561.1439639775003,2560.75985,0.09680384472259503,2816.8474095,0.5363062488323578,-0.03573313007434806,0.02904136119,2963.0229999999997,9.072787064013053,,9.234365400000003,0.036000000000000004,stop,2817.27,down,5.397959952150377,-1,1722787200000,2560.75985,
main,C_CHANNEL,base,31.192499999999974,1732061100000,1729469100000,1729469100000,0.11934927470625004,0.0357994125,0.4050720041029517,1729516500000,0.11676236551762502,2684.19231075,2684.5950000000003,0.23611164022387504,2743.6614875000005,0.5294983507600661,-0.023687403000000003,0.07083337725000001,2684.5950000000003,-5.433617420473903,,-5.102984999999978,0.08700000000000001,stop,2743.25,up,5.443323887470441,1,1729468800000,2684.5950000000003,
main,C_CHANNEL,base,70.12749999999991,1733832300000,1731240300000,1731240300000,0.05653347875000002,0.0169575,0.31522587536116775,1731273000000,0.05394204497937501,3082.4025702500003,3082.8650000000002,0.11047552372937502,3230.4845000000005,0.4993415261629004,-0.030026117810044668,0.033142541250000004,3082.8650000000002,-5.323369182789427,,-5.149724999999992,0.035,stop,3230.0,up,5.416155800368072,1,1731240000000,3082.8650000000002,
main,C_CHANNEL,base,80.83949999999993,1733961900000,1731369900000,1731369900000,0.062030923243000004,0.018606486,0.5436279331178866,1731419100000,0.059437891478725004,3212.8589988500003,3213.3410000000003,0.12146881472172501,3353.022878,0.49530049543340293,-0.07187208612768556,0.03644052855,3213.3410000000003,-5.3794044293994085,,-5.149622999999986,0.037,stop,3352.52,up,5.3895389544541255,1,1731369600000,3213.3410000000003,
main,C_CHANNEL,base,73.34749999999997,1734969900000,1732377900000,1732377900000,0.05726094785400001,0.017175707999999998,0.4217372815834239,1732451700000,0.05471296932337501,3315.9375347500004,3316.4350000000004,0.11197391717737501,3470.3604760000003,0.5012890738986768,-0.057082162959676816,0.03359206125,3316.4350000000004,-5.2650131413870485,,-5.062364999999992,0.033,stop,3469.84,up,5.362641932307128,1,1732377600000,3316.4350000000004,
main,C_CHANNEL,base,70.46799999999999,1735920300000,1733328300000,1733328300000,0.06888733155000001,0.0206631,0.349929798714341,1733437500000,0.06629222667420001,3682.9014819,3683.4539999999997,0.13517955822420002,3827.0739750000002,0.5048497865136867,-0.1450026584424,0.04055375159999999,3683.4539999999997,-5.470391968266613,,-5.149656000000011,0.036000000000000004,stop,3826.5,up,5.336316866600193,1,1733328000000,3683.4539999999997,
main,C_CHANNEL,base,96.54749999999999,1736093100000,1733501100000,1733501100000,0.05010914024375,0.0150304875,0.3641746234590985,1733645700000,0.049395128369187496,3951.6102695349996,3952.2030999999997,0.0995042686129375,4008.7312195000004,0.5096836523621937,-0.12268035584340126,0.029851249125,3803.1850000000004,-1.6502083735813593,,-1.3981725000000098,0.025,stop,4008.13,up,5.30896490675886,1,1733500800000,3952.2030999999997,
main,C_CHANNEL,base,30.667999999999985,1749269100000,1746677100000,1746677100000,0.07610981476,0.02282952,0.4453239284211369,1747075500000,0.0969998898337,2424.9972458425,2425.36105,0.1731097045937,1902.7453690000002,0.5682046724759515,-0.22588735237148283,0.0519338526,1839.164,41.3811530904348,,41.832083999999995,0.08,stop,1902.46,up,5.300713864890953,1,1746676800000,2425.36105,
main,C_CHANNEL,base,54.56299999999999,1755216300000,1752624300000,1752624300000,0.07835875205000002,0.0235041,0.6198395281854343,1753159800000,0.09179678966581252,3671.8715866325,3672.42245,0.17015554171581254,3134.3500820000004,0.5331977111278998,-0.32059182380805,0.051047268374999996,3028.4939999999997,26.38532786610112,,26.927122499999996,0.05,stop,3133.88,up,5.507619630343127,1,1752624000000,3672.42245,
main,C_CHANNEL,base,76.62849999999992,1756253100000,1753661100000,1753661100000,0.0715061943205,0.021448640999999997,0.8089105599011936,1753749600000,0.069192195913555,3740.1186980300004,3740.6798000000003,0.140698390234055,3865.1996930000005,0.5217058326885656,-0.03479741592857857,0.04220941389,3718.2129999999997,-4.803492620052638,,-4.585787399999983,0.037,stop,3864.62,up,5.639546269673632,1,1753660800000,3740.6798000000003,
main,C_CHANNEL,base,94.61499999999997,1757606700000,1755014700000,1755014700000,0.062627752754,0.018785507999999996,0.3158281033932564,1755176400000,0.06286556275090001,4490.39733935,4491.071,0.1254933155049,4473.410911,0.515587493134229,-0.065447439047284,0.037648006199999993,4281.75,0.2846792392478187,,0.5132680000000037,0.028,stop,4472.74,up,5.615528806573368,1,1755014400000,4491.071,
main,C_CHANNEL,base,82.57300000000001,1766001900000,1763409900000,1763409900000,0.047617656280000004,0.014287439999999998,0.42526124270181015,1763482500000,0.05034588675040001,3146.6179219000005,3146.146,0.09796354303040002,2976.1035175,0.5174391105610783,0.024349490880872425,0.0293889408,3146.146,-5.5300749929495385,,-5.427072,0.032,stop,2976.55,down,5.616952202769608,-1,1763409600000,3146.146,
main,C_CHANNEL,base,88.7415,1766174700000,1763582700000,1763582700000,0.041678927223000005,0.012505554,0.3305584426938134,1763615100000,0.044351610243775014,3058.7317409500006,3058.273,0.08603053746677503,2874.408774,0.5257930034914711,0.006223970351700001,0.02580904155,3058.273,-5.425172608665092,,-5.319557,0.029,stop,2874.84,down,5.58930182780486,-1,1763582400000,3058.273,
main,C_CHANNEL,cost_x2,91.02050000000001,1644120300000,1641528300000,1641528300000,0.0807307735,0.024226499999999998,0.34501172830264026,1641917700000,0.07970497182024999,3188.1988728099996,3187.2427,0.16043574532025,3229.23094,0.5330652317094375,0.04540455118485727,0.04813082025,3420.0910000000003,0.9107704856146164,,1.0739325000000008,0.025,stop,3230.2,down,5.0,-1,1641528000000,3187.2427,
main,C_CHANNEL,cost_x2,69.92549999999991,1645315500000,1642723500000,1642723500000,0.08637262043800001,0.025919562,0.4103035581792964,1643188800000,0.072989049697865,2516.863782685,2516.10895,0.159361670135865,2978.366222,0.5253950681018714,0.0117222971519751,0.047809709865,3139.7709999999997,13.235931367151116,,13.431380450000011,0.029,stop,2979.26,down,5.004553852428073,-1,1642723200000,2516.10895,
main,C_CHANNEL,cost_x2,60.18000000000002,1649203500000,1646611500000,1646611500000,0.09131575705200001,0.027402948,0.3207337297253568,1646796300000,0.09566295307884003,2657.30425219,2656.5073,0.18697871013084005,2536.548807,0.5273667731490941,0.022372887300815006,0.05609322684,2669.73,-4.511801849670027,,-4.29110280000001,0.036000000000000004,stop,2537.31,down,5.070733509263828,-1,1646611200000,2656.5073,
main,C_CHANNEL,cost_x2,65.39950000000006,1650801900000,1648209900000,1648209900000,0.11403900144000001,0.03420144,0.3141469594594593,1648742700000,0.11968429433688002,3324.56373158,3325.5614,0.23372329577688003,3167.75004,0.5259627602636531,-0.19005707895420076,0.07011750312000001,3036.431,5.221512522148922,,5.715410399999996,0.036000000000000004,stop,3166.8,up,5.048174500015477,1,1648209600000,3325.5614,
main,C_CHANNEL,cost_x2,46.50049999999997,1653465900000,1650873900000,1650873900000,0.14041386320000002,0.042136799999999995,0.3693569100069155,1650903300000,0.145198596515,2903.9719302999997,2903.1009999999997,0.28561245971500004,2808.277264,0.5518237599385971,-0.035836702273069926,0.08568331499999998,2903.1009999999997,-5.106182476988064,,-4.699049999999988,0.05,stop,2809.12,down,5.074282062626222,-1,1650873600000,2903.1009999999997,
main,C_CHANNEL,cost_x2,114.04650000000004,1654891500000,1652299500000,1652299500000,0.046715521138,0.014018861999999998,0.34169543250121354,1652644500000,0.04620523341280001,2100.2378824,2099.608,0.09292075455080001,2123.432779,0.5074152388208688,-0.04663790856141779,0.027876274799999996,2344.6230000000005,0.37072906208778195,,0.5381639999999998,0.022,stop,2124.07,down,5.048751150241281,-1,1652299200000,2099.608,
main,C_CHANNEL,cost_x2,44.816999999999986,1656158700000,1653566700000,1653566700000,0.094266951428,0.028288571999999998,0.4008995758836648,1653582000000,0.09910657105440002,1905.8955972,1905.324,0.19337352248240003,1812.825989,0.5437720430037405,-0.013880017094477245,0.0580116264,1905.324,-5.046873165976887,,-4.78160800000001,0.052000000000000005,stop,1813.37,down,5.050604795551719,-1,1653566400000,1905.324,
main,C_CHANNEL,cost_x2,42.376500000000036,1657555500000,1654963500000,1654963500000,0.08813413182600001,0.026448174,0.334516695957821,1655664900000,0.06399672836053001,1103.391868285,1103.06095,0.15213086018653002,1519.553997,0.5155865401542172,-0.11012322085939233,0.04564143453,1601.623,23.875149384424073,,24.1830449,0.058,stop,1520.01,down,5.025370429721834,-1,1654963200000,1103.06095,
main,C_CHANNEL,cost_x2,35.887000000000015,1659182700000,1656590700000,1656590700000,0.070222306986,0.021073013999999998,0.43034595644757884,1656635100000,0.07519832873280001,1089.8308512,1089.5040000000001,0.1454206357188,1017.714594,0.5002925081814051,-0.025286512289400008,0.043625746800000004,1089.5040000000001,-5.146728894808206,,-4.93239600000001,0.069,stop,1018.02,down,5.144746176643955,-1,1656590400000,1089.5040000000001,
main,C_CHANNEL,cost_x2,59.15900000000001,1660781100000,1658189100000,1658189100000,0.07067299553999999,0.021195539999999995,0.46409266409266414,1658348400000,0.06684228229769999,1485.38405106,1485.8298,0.13751527783769998,1570.511012,0.5234109767621269,-0.012694053246043023,0.041254242299999994,1461.802,-3.980922573383738,,-3.789458999999999,0.045,stop,1570.04,up,5.119012532169915,1,1658188800000,1485.8298,
main,C_CHANNEL,cost_x2,57.21800000000002,1661616300000,1659024300000,1659024300000,0.07264104577800001,0.021785778,0.31786882034746194,1659350700000,0.06993547306200001,1665.1303110000001,1665.63,0.14257651884000003,1729.548709,0.5164707378105395,-0.06808249544779325,0.042772716,1613.884,-2.916231730287785,,-2.6627999999999945,0.042,stop,1729.03,up,5.099107919302997,1,1659024000000,1665.63,
main,C_CHANNEL,cost_x2,48.514500000000034,1662941100000,1660349100000,1660349100000,0.09968695711799999,0.029897117999999997,0.31236591361145144,1660496100000,0.098986134798135,1940.904603885,1941.48705,0.198673091916135,1954.6462179999999,0.5348910642377501,-0.018855616860918828,0.059601869865,1860.371,-0.9183510286420512,,-0.6412204499999996,0.051000000000000004,stop,1954.06,up,5.084526760651558,1,1660348800000,1941.48705,
main,C_CHANNEL,cost_x2,18.190999999999985,1671537900000,1668945900000,1668945900000,0.144452611212,0.04334878799999999,0.319156585357085,1669162800000,0.14260510370049997,1150.0411588749998,1149.69625,0.2870577149125,1164.940413,0.5510519799571565,-0.0237373532808963,0.08611748849999998,1203.162,1.5367124433066284,,1.933625,0.124,stop,1165.29,down,5.079935005508347,-1,1668945600000,1149.69625,
main,C_CHANNEL,cost_x2,10.401500000000045,1675814700000,1673222700000,1673222700000,0.289916198775,0.086948775,0.39142948512951764,1674057000000,0.34569761209425004,1536.4338315300001,1536.8949,0.6356138108692501,1288.516439,0.5620006109920418,-1.3167540795577917,0.19068918075,1268.847,53.829045428822994,,55.97210249999998,0.225,stop,1288.13,up,5.087618567724881,1,1673222400000,1536.8949,
main,C_CHANNEL,cost_x2,18.60749999999998,1680984300000,1678392300000,1678392300000,0.16889503628400002,0.050683716,0.36891394281038253,1678641900000,0.16864041175044003,1479.30185746,1478.8582000000001,0.33753544803444,1481.535406,0.5393837874668268,-0.006216018493464004,0.10126066644000001,1525.0349999999999,-0.0891269329679153,,0.3558851999999879,0.114,stop,1481.98,down,5.3567637948689955,-1,1678392000000,1478.8582000000001,
main,C_CHANNEL,cost_x2,25.817999999999984,1683979500000,1681387500000,1681387500000,0.180838475272,0.054235272,0.32728440974317996,1681731000000,0.18820949810663,2068.23624293,2068.8569,0.36904797337863005,1987.2359920000001,0.5439332546061109,-0.22714698748751103,0.11071506537,1933.5140000000001,6.774827873763858,,7.481737900000011,0.091,stop,1986.64,up,5.3563181602041565,1,1681387200000,2068.8569,
main,C_CHANNEL,cost_x2,25.949,1701749100000,1699157100000,1699157100000,0.183255950297,0.054960297,0.5391928964838438,1699376700000,0.17982255574439002,1853.84078087,1854.3971,0.36307850604139,1889.236601,0.5565283625270295,-0.146385290181009,0.10892325261,1837.952,-3.9428583488324165,,-3.324471300000016,0.097,stop,1888.67,up,5.390192299572976,1,1699156800000,1854.3971,
main,C_CHANNEL,cost_x2,26.0255,1702094700000,1699502700000,1699502700000,0.176784099324,0.05301932399999999,0.6131888917547932,1699749900000,0.18549612606252,2016.26223981,2016.8673,0.36228022538652,1921.5662969999998,0.5239012166509207,-0.44381993110670465,0.10868486147999998,1867.6090000000002,7.905926582026789,,8.820711599999989,0.092,stop,1920.99,up,5.370478007828815,1,1699502400000,2016.8673,
main,C_CHANNEL,cost_x2,41.629,1704557100000,1701965100000,1701965100000,0.130501218624,0.03913862399999999,0.37579072401314917,1702164600000,0.13041569435076,2328.851684835,2329.55055,0.26091691297476,2330.3789039999997,0.5245462322291509,-0.17590926148987748,0.07827507323999999,2239.552,-0.5223504477046195,,-0.007249199999994744,0.056,stop,2329.68,up,5.410007640738948,1,1701964800000,2329.55055,
main,C_CHANNEL,cost_x2,29.831999999999947,1710345900000,1707753900000,1707753900000,0.23465013392800002,0.070373928,0.5255072636578644,1708096200000,0.25303714327684,2750.40373127,2751.2291,0.48768727720484006,2550.544934,0.5431315826140006,-0.31044955206171704,0.14630785116,2497.666,17.588872519573464,,18.53331719999998,0.092,stop,2549.78,up,5.407395888500426,1,1707753600000,2751.2291,
main,C_CHANNEL,cost_x2,46.41649999999997,1710893100000,1708301100000,1708301100000,0.161387761808,0.048401808,0.6561315097699558,1708526100000,0.16059917099044,2867.842339115,2868.70295,0.32198693279844,2881.924318,0.5199095359252949,-0.18824752613935375,0.09659601756,2790.747,-1.2988252764977881,,-0.691994800000004,0.056,stop,2881.06,up,5.495340251098294,1,1708300800000,2868.70295,
main,C_CHANNEL,cost_x2,45.60300000000002,1711483500000,1708891500000,1708891500000,0.163706737292,0.049097292,0.6847405418213413,1709141400000,0.16756151685988,3161.53805396,3162.4868,0.33126825415188,3088.806364,0.5318749470199425,-0.5657757409235429,0.09938083211999998,2993.364,2.9577355728045793,,3.954160400000001,0.053,stop,3087.88,up,5.4888461247158045,1,1708891200000,3162.4868,
main,C_CHANNEL,cost_x2,84.9835,1711800300000,1709208300000,1709208300000,0.11578585533900002,0.034725339,0.7451724052452837,1709240700000,0.11053606822830002,3349.5778251,3350.583,0.22632192356730002,3508.662283,0.5061763900800867,-0.0867252335631,0.0678961107,3350.583,-5.562834267830399,,-5.181891000000002,0.033,stop,3507.61,up,5.503634802579829,1,1709208000000,3350.583,
main,C_CHANNEL,cost_x2,53.32550000000001,1712160300000,1709568300000,1709568300000,0.1675112383,0.0502383,0.6919336477476004,1709667300000,0.16238322341410003,3454.9622003000004,3455.9990000000003,0.32989446171410003,3564.0688999999998,0.5023643901442415,-0.3886632889029704,0.0989678859,3455.9990000000003,-5.84657263651704,,-5.029046999999988,0.047,stop,3563.0,up,5.475820631240676,1,1709568000000,3455.9990000000003,
main,C_CHANNEL,cost_x2,120.10750000000004,1712318700000,1709726700000,1709726700000,0.07802059916000001,0.02339916,0.5808412737517179,1710081600000,0.07727293716220002,3863.6468581100003,3864.8063,0.15529353632220003,3901.029958,0.5094460328539856,-0.3868842161715036,0.046587997799999996,3642.855,-1.2898397502937,,-0.7010739999999988,0.02,stop,3899.86,up,5.446587768058093,1,1709726400000,3864.8063,
main,C_CHANNEL,cost_x2,71.83849999999995,1712736300000,1710144300000,1710144300000,0.14820354773,0.04444773,0.6301628631234995,1710264000000,0.1431356874077,3868.5320921,3869.693,0.2913392351377,4005.50129,0.4961803118779704,-0.32554251329783546,0.0874013223,3869.693,-5.684742070735532,,-4.980458999999999,0.037,stop,4004.3,up,5.440138569306624,1,1710144000000,3869.693,
main,C_CHANNEL,cost_x2,70.54199999999999,1717142700000,1714550700000,1714550700000,0.091252296096,0.027383903999999997,0.31018433848152516,1714589400000,0.09633525991039998,3010.4768721999994,3009.5739999999996,0.18758755600639998,2851.6342529999997,0.5496022408117593,0.006781721339094767,0.05627581439999999,3009.5739999999996,-5.263769649067297,,-5.026687999999995,0.032,stop,2852.49,down,5.411714858952947,-1,1714550400000,3009.5739999999996,
main,C_CHANNEL,cost_x2,55.73599999999999,1718841900000,1716249900000,1716249900000,0.15421817157600004,0.046251576,0.41149954329232824,1716494400000,0.15302429273586002,3643.43554133,3644.5289,0.3072424643118601,3671.861228,0.5134993060609094,-0.15303646845466856,0.09217264014,3552.9179999999997,-1.6541577729065384,,-1.101706200000018,0.042,stop,3670.76,up,5.385396010707612,1,1716249600000,3644.5289,
main,C_CHANNEL,cost_x2,63.32000000000003,1719417900000,1716825900000,1716825900000,0.15082885508599997,0.045235085999999994,0.4654021896489318,1716861600000,0.14585684981400002,3838.338153,3839.4900000000002,0.2966857049,3969.1803969999996,0.5105755374003701,-0.014805142,0.089005272,3839.4900000000002,-5.28349611889998,,-4.882999999999982,0.038,stop,3967.99,up,5.377125221843079,1,1716825600000,3839.4900000000002,
main,C_CHANNEL,cost_x2,55.57250000000006,1722729900000,1720137900000,1720137900000,0.11858954246100001,0.035587538999999994,0.4420108468919486,1720298100000,0.119888230432425,3074.057190575,3073.13525,0.238477772893425,3040.7574990000003,0.5358323705600394,0.041552526679992006,0.071543221425,3170.455,-1.495613217638415,,-1.22714474999999,0.039,stop,3041.67,down,5.35070774124858,-1,1720137600000,3073.13525,
main,C_CHANNEL,cost_x2,68.48149999999995,1725379500000,1722787500000,1722787500000,0.09575844384600002,0.028736154,0.44665670123745954,1723133400000,0.08709195465047,2561.528077955,2560.75985,0.18285039849647,2816.4248190000003,0.5363062488323578,-0.03374795618132872,0.054855904469999994,2963.0229999999997,8.449890840852218,,8.721345100000002,0.034,stop,2817.27,down,5.343229675160388,-1,1722787200000,2560.75985,
main,C_CHANNEL,cost_x2,31.192499999999974,1732061100000,1729469100000,1729469100000,0.222269910975,0.066660975,0.4050720041029517,1729516500000,0.21738695934150004,2683.7896215000005,2684.5950000000003,0.4396568703165,2744.072975,0.5294983507600661,-0.022053789,0.1318966335,2684.5950000000003,-5.344662292816461,,-4.75105499999998,0.081,stop,2743.25,up,5.385479129364649,1,1729468800000,2684.5950000000003,
main,C_CHANNEL,cost_x2,70.12749999999991,1733832300000,1731240300000,1731240300000,0.109852946,0.032945999999999996,0.31522587536116775,1731273000000,0.10478596477700002,3081.9401405000003,3082.8650000000002,0.21463891077700004,3230.969,0.4993415261629004,-0.029168228729757675,0.064391223,3082.8650000000002,-5.31078836250675,,-5.0025899999999925,0.034,stop,3230.0,up,5.358755817900567,1,1731240000000,3082.8650000000002,
main,C_CHANNEL,cost_x2,80.83949999999993,1733961900000,1731369900000,1731369900000,0.12072692721600001,0.036207216,0.5436279331178866,1731419100000,0.11564557191720003,3212.3769977000006,3213.3410000000003,0.23637249913320002,3353.525756,0.49530049543340293,-0.0699295973134238,0.0709112988,3213.3410000000003,-5.387657395246602,,-5.010443999999987,0.036000000000000004,stop,3352.52,up,5.332201876088033,1,1731369600000,3213.3410000000003,
main,C_CHANNEL,cost_x2,73.34749999999997,1734969900000,1732377900000,1732377900000,0.111068190464,0.033310464,0.4217372815834239,1732451700000,0.10609408222400002,3315.4400695000004,3316.4350000000004,0.21716227268800004,3470.880952,0.5012890738986768,-0.05535240044574721,0.06514824,3316.4350000000004,-5.246622913133733,,-4.9089599999999916,0.032,stop,3469.84,up,5.305263589111799,1,1732377600000,3316.4350000000004,
main,C_CHANNEL,cost_x2,70.46799999999999,1735920300000,1733328300000,1733328300000,0.13014003030000001,0.0390303,0.349929798714341,1733437500000,0.1251998647692,3682.3489637999996,3683.4539999999997,0.2553398950692,3827.64795,0.5048497865136867,-0.13694695519560002,0.0766015308,3683.4539999999997,-5.3324523810648135,,-4.86356400000001,0.034,stop,3826.5,up,5.27903047454613,1,1733328000000,3683.4539999999997,
main,C_CHANNEL,cost_x2,96.54749999999999,1736093100000,1733501100000,1733501100000,0.09622397853600001,0.028858535999999997,0.3641746234590985,1733645700000,0.09482441853768,3951.01743907,3952.2030999999997,0.19104839707368002,4009.332439,0.5096836523621937,-0.11777314160966519,0.05731439831999999,3803.1850000000004,-1.7083815370033426,,-1.3422456000000094,0.024,stop,4008.13,up,5.252368212640806,1,1733500800000,3952.2030999999997,
main,C_CHANNEL,cost_x2,30.667999999999985,1749269100000,1746677100000,1746677100000,0.144630336088,0.043376088,0.4453239284211369,1747075500000,0.18427214156806,2424.633441685,2425.36105,0.32890247765605996,1903.030738,0.5682046724759515,-0.2145929847529086,0.09867431994,1839.164,39.09831001765103,,39.740479799999996,0.076,stop,1902.46,up,5.24382630495579,1,1746676800000,2425.36105,
main,C_CHANNEL,cost_x2,54.56299999999999,1755216300000,1752624300000,1752624300000,0.147336547708,0.044187708,0.6198395281854343,1753159800000,0.172552073993455,3671.320723265,3672.42245,0.31988862170145504,3134.820164,0.5331977111278998,-0.301356314379567,0.095968864545,3028.4939999999997,24.594281349373976,,25.311495149999995,0.047,stop,3133.88,up,5.439317855044043,1,1752624000000,3672.42245,
main,C_CHANNEL,cost_x2,76.62849999999992,1756253100000,1753661100000,1753661100000,0.13530227851,0.040578510000000005,0.8089105599011936,1753749600000,0.1308845158621,3739.5575960600004,3740.6798000000003,0.2661867943721,3865.7793859999997,0.5217058326885656,-0.03291647452703379,0.0798556479,3718.2129999999997,-4.716865916799111,,-4.337906999999984,0.035,stop,3864.62,up,5.562289261790913,1,1753660800000,3740.6798000000003,
main,C_CHANNEL,cost_x2,94.61499999999997,1757606700000,1755014700000,1755014700000,0.12080020919399997,0.03622919399999999,0.3158281033932564,1755176400000,0.1212225393249,4489.7236787,4491.071,0.2420227485189,4474.081821999999,0.515587493134229,-0.063110030509881,0.07260686909999998,4281.75,0.11719735187124526,,0.4949370000000035,0.027,stop,4472.74,up,5.538704932206919,1,1755014400000,4491.071,
main,C_CHANNEL,cost_x2,82.57300000000001,1766001900000,1763409900000,1763409900000,0.09224536808500002,0.027681915,0.42526124270181015,1763482500000,0.09755978515779999,3147.0898438,3146.146,0.1898051532428,2975.657035,0.5174391105610783,0.023588569290845164,0.056941072800000006,3146.146,-5.480633656751947,,-5.2574760000000005,0.031,stop,2976.55,down,5.539290918966276,-1,1763409600000,3146.146,
main,C_CHANNEL,cost_x2,88.7415,1766174700000,1763582700000,1763582700000,0.08047137134400001,0.024148655999999998,0.3305584426938134,1763615100000,0.0856573334932,3059.1904819,3058.273,0.1661287048372,2873.9775480000003,0.5257930034914711,0.006009350684400001,0.0498381492,3058.273,-5.346081503352795,,-5.136124,0.028,stop,2874.84,down,5.511887750682515,-1,1763582400000,3058.273,
main,C_CHANNEL,delay60,91.02050000000001,1644123900000,1641531900000,1641531900000,0.03866359959,0.011600819999999998,0.34501172830264026,1641918600000,0.03861611254815,3218.0093790125,3217.52675,0.07727971213814999,3221.9666325,0.5330652317094375,0.04358836913746297,0.023183916299999996,3420.0910000000003,0.061282740699304734,,0.11815799999999581,0.024,stop,3222.45,down,5.0,-1,1641528000000,3217.52675,
main,C_CHANNEL,delay60,69.92549999999991,1645319100000,1642727100000,1642727100000,0.055715121478,0.016717043999999997,0.4103035581792964,1643188800000,0.046554997777336245,2516.4863663425,2516.10895,0.10227011925533624,3011.628188,0.5253950681018714,0.014956034297347556,0.030681448672499993,3139.7709999999997,18.232933316369525,,18.350928850000003,0.037,stop,3012.08,down,5.000306413703497,-1,1642723200000,2516.10895,
main,C_CHANNEL,delay60,60.18000000000002,1649207100000,1646615100000,1646615100000,0.04958320640325,0.0148771935,0.3207337297253568,1646796300000,0.05180966263385251,2656.9057760950004,2656.5073,0.10139286903710251,2542.7285335,0.5273667731490941,0.024237294575882917,0.030417761204999998,2669.73,-4.53006803566623,,-4.422494700000003,0.039,stop,2543.11,down,5.091471080285346,-1,1646611200000,2656.5073,
main,C_CHANNEL,delay60,65.39950000000006,1650805500000,1648213500000,1648213500000,0.05408970223850001,0.016224477,0.3141469594594593,1648742700000,0.056523372922095,3324.904289535,3325.4031,0.11061307516059501,3181.7471905,0.5259627602636531,-0.17949835234563402,0.03318403281,3036.431,4.577229939683759,,4.900525400000001,0.034,stop,3181.27,up,5.068820740107015,1,1648209600000,3325.4031,
main,C_CHANNEL,delay60,46.50049999999997,1653469500000,1650877500000,1650877500000,0.06868794026325001,0.020609473500000003,0.3693569100069155,1650903300000,0.07113664339617501,2903.53646515,2903.1009999999997,0.13982458365942502,2803.5893985000002,0.5518237599385971,-0.035119968227608524,0.04194726585,2903.1009999999997,-5.072350817737017,,-4.855458999999973,0.049,stop,2804.01,down,5.091706889805435,-1,1650873600000,2903.1009999999997,
main,C_CHANNEL,delay60,114.04650000000004,1654895100000,1652303100000,1652303100000,0.0198096581055,0.005943788999999999,0.34169543250121354,1652644500000,0.019949267941400003,2099.9229412000004,2099.608,0.0397589260469,2085.227169,0.5074152388208688,-0.04027819375758808,0.011927671799999998,2344.6230000000005,-0.35925679160450036,,-0.267292000000004,0.019,stop,2085.54,down,5.06634513571675,-1,1652299200000,2099.608,
main,C_CHANNEL,delay60,44.816999999999986,1656162300000,1653570300000,1653570300000,0.046113911875500006,0.013836249,0.4008995758836648,1653582000000,0.048593049864300006,1905.6097986000002,1905.324,0.0947069617398,1808.388701,0.5437720430037405,-0.01361309368881422,0.0284119776,1905.324,-5.06659603302862,,-4.929863999999999,0.051000000000000004,stop,1808.66,down,5.064548851758728,-1,1653566400000,1905.324,
main,C_CHANNEL,delay60,42.376500000000036,1657559100000,1654967100000,1654967100000,0.056024934999000006,0.016810002,0.334516695957821,1655664900000,0.04026776393370125,1103.2264091425002,1103.06095,0.09629269893270126,1534.929726,0.5155865401542172,-0.13860336418509722,0.0288885194025,1601.623,31.27944606747969,,31.54323065,0.073,stop,1535.16,down,5.039215871593584,-1,1654963200000,1103.06095,
main,C_CHANNEL,delay60,35.887000000000015,1659186300000,1656594300000,1656594300000,0.0486804668345,0.014606330999999998,0.43034595644757884,1656635100000,0.05121436900320002,1089.6674256000003,1089.5040000000001,0.09989483583770002,1035.7546135,0.5002925081814051,-0.0344482921044,0.0299683374,1089.5040000000001,-5.202147465342132,,-5.037836000000005,0.094,stop,1035.91,down,5.195613101930983,-1,1656590400000,1089.5040000000001,
main,C_CHANNEL,delay60,59.15900000000001,1660784700000,1658192700000,1658192700000,0.04053253896900001,0.012157938000000002,0.46409266409266414,1658348400000,0.03862578006378,1485.60692553,1485.8298,0.07915831903278,1558.9438065000002,0.5234109767621269,-0.014668683750983052,0.023747410440000002,1461.802,-3.907344813223777,,-3.789770400000003,0.052000000000000005,stop,1558.71,up,5.169602364604272,1,1658188800000,1485.8298,
main,C_CHANNEL,delay60,57.21800000000002,1661619900000,1659027900000,1659027900000,0.03882259751625,0.0116450325,0.31786882034746194,1659350700000,0.037471053498750004,1665.3801555000002,1665.63,0.076293651015,1725.4487785000001,0.5164707378105395,-0.07294553083692133,0.022888034999999998,1613.884,-2.8523272168519163,,-2.6801999999999975,0.045,stop,1725.19,up,5.150065640538154,1,1659024000000,1665.63,
main,C_CHANNEL,delay60,48.514500000000034,1662944700000,1660352700000,1660352700000,0.04713322892400001,0.014137847999999998,0.31236591361145144,1660496700000,0.046356485484,1931.5202285,1931.81,0.09348971440800001,1963.8845385000002,0.5348910642377501,-0.017746462927923604,0.028046879999999996,1860.371,-1.6647230573359313,,-1.5254399999999988,0.048,stop_gap,1963.59,up,5.135804004453894,1,1660348800000,1941.48705,
main,C_CHANNEL,delay60,18.190999999999985,1671541500000,1668949500000,1668949500000,0.078139757278,0.023445444,0.319156585357085,1669162800000,0.07704120319731252,1149.8687044375001,1149.69625,0.15518096047531252,1166.265034,0.5510519799571565,-0.025651655964839554,0.046554338625,1203.162,2.0162755449348326,,2.243662500000012,0.134,stop,1166.44,down,5.127480389167214,-1,1668945600000,1149.69625,
main,C_CHANNEL,delay60,10.401500000000045,1675818300000,1673226300000,1673226300000,0.13120233739900003,0.039354798,0.39142948512951764,1674057000000,0.15597143312514752,1536.664365765,1536.8949,0.28717377052414755,1292.6338660000001,0.5620006109920418,-1.1880047917788077,0.086153247705,1268.847,48.06301288999201,,49.624344699999995,0.203,stop,1292.44,up,5.1375617668918885,1,1673222400000,1536.8949,
main,C_CHANNEL,delay60,25.817999999999984,1683983100000,1681391100000,1681391100000,0.07508926169999999,0.022523399999999996,0.32728440974317996,1681731000000,0.0775704964299375,2068.5465714650004,2068.8569,0.15265975812993748,2002.380312,0.5439332546061109,-0.18720905562157503,0.045798040124999995,1933.5140000000001,4.622600646123517,,5.008267500000022,0.075,stop,2002.08,up,5.37787683134185,1,1681387200000,2068.8569,
main,C_CHANNEL,delay60,25.949,1701752700000,1699160700000,1699160700000,0.10458434529900001,0.03137059799999999,0.5391928964838438,1699376700000,0.1029036011941425,1854.118940435,1854.3971,0.2074879464931425,1884.402618,0.5565283625270295,-0.167513064021567,0.06224630971499999,1837.952,-3.7364892202297164,,-3.299241899999998,0.111,stop,1884.12,up,5.40098983457247,1,1699156800000,1854.3971,
main,C_CHANNEL,delay60,26.0255,1702098300000,1699506300000,1699506300000,0.09220550875200001,0.027657504,0.6131888917547932,1699749900000,0.09679510895544,2016.5647699049998,2016.8673,0.18900061770744,1920.9480990000002,0.5239012166509207,-0.46311644985047445,0.05670039312,1867.6090000000002,8.52708333932205,,9.235900799999982,0.096,stop,1920.66,up,5.38230738847132,1,1699502400000,2016.8673,
main,C_CHANNEL,delay60,41.629,1704560700000,1701968700000,1701968700000,0.061942970052,0.018580103999999997,0.37579072401314917,1702164600000,0.06172382961156375,2329.2011174175,2329.55055,0.12366679966356375,2337.470568,0.5245462322291509,-0.16648555105291976,0.037100030872499995,2239.552,-0.7284332315889948,,-0.4011808499999979,0.053,stop,2337.12,up,5.424942805167931,1,1701964800000,2329.55055,
main,C_CHANNEL,delay60,29.831999999999947,1710349500000,1707757500000,1707757500000,0.11621942529925,0.0348605985,0.5255072636578644,1708096200000,0.1251621469113925,2750.816415635,2751.2291,0.2413815722106425,2554.2730835,0.5431315826140006,-0.3070751004088723,0.072414875715,2497.666,17.336986551665454,,17.957858100000013,0.091,stop,2553.89,up,5.421300639009986,1,1707753600000,2751.2291,
main,C_CHANNEL,delay60,46.41649999999997,1710896700000,1708304700000,1708304700000,0.09888838103250003,0.029662065,0.6561315097699558,1708526100000,0.09895540623723376,2868.2726445575,2868.70295,0.19784378726973378,2866.3298850000006,0.5199095359252949,-0.23194784470741805,0.0593531405325,2790.747,-0.29574122250969614,,0.193403549999985,0.069,stop,2865.9,up,5.507985571768313,1,1708300800000,2868.70295,
main,C_CHANNEL,delay60,45.60300000000002,1711487100000,1708895100000,1708895100000,0.074482930764,0.022341528,0.6847405418213413,1709141400000,0.07588829824752001,3162.0124269800003,3162.4868,0.15037122901152,3103.4554485,0.5318749470199425,-0.5124006710250955,0.045111432959999996,2993.364,2.1479630670034067,,2.8558464000000168,0.048,stop,3102.99,up,5.506506865655764,1,1708891200000,3162.4868,
main,C_CHANNEL,delay60,84.9835,1711803900000,1709211900000,1709211900000,0.08138236552400001,0.024411047999999998,0.7451724052452837,1709240700000,0.07872688969492501,3350.0804125500003,3350.583,0.16010925521892502,3463.079384,0.5061763900800867,-0.1235177568929,0.04803265815,3350.583,-5.594578670261814,,-5.262918999999994,0.047,stop,3462.56,up,5.51724668099078,1,1709208000000,3350.583,
main,C_CHANNEL,delay60,53.32550000000001,1712163900000,1709571900000,1709571900000,0.10973196732650002,0.032914652999999995,0.6919336477476004,1709667300000,0.10711989860465,3455.48060015,3455.9990000000003,0.21685186593115002,3539.7408815000003,0.5023643901442415,-0.5127047640847695,0.06505544369999999,3455.9990000000003,-5.953694073715935,,-5.159081999999986,0.062,stop,3539.21,up,5.489273787639473,1,1709568000000,3455.9990000000003,
main,C_CHANNEL,delay60,120.10750000000004,1712322300000,1709730300000,1709730300000,0.055445005503500004,0.016631007,0.5808412737517179,1710081600000,0.056031285396297516,3864.2265790550005,3864.8063,0.11147629089979752,3823.7934830000004,0.5094460328539856,-0.5609821134486802,0.033442914404999996,3642.855,0.5001013812465246,,1.2060027000000115,0.029,stop,3823.22,up,5.459505317270891,1,1709726400000,3864.8063,
main,C_CHANNEL,delay60,71.83849999999995,1712739900000,1710147900000,1710147900000,0.07230244374000001,0.02168748,0.6301628631234995,1710264000000,0.06964402582890002,3869.11254605,3869.693,0.14194646956890003,4016.80243,0.4961803118779704,-0.3167440669924886,0.042583822199999996,3869.693,-5.775526358761389,,-5.274251999999986,0.036000000000000004,stop,4016.2,up,5.462005824177125,1,1710144000000,3869.693,
main,C_CHANNEL,delay60,70.54199999999999,1717146300000,1714554300000,1714554300000,0.056068908402,0.016823196000000002,0.31018433848152516,1714589400000,0.05869549600395,3010.0254360999998,3009.5739999999996,0.11476440440595001,2875.328636,0.5496022408117593,0.008265222882021748,0.0344292039,3009.5739999999996,-5.359674385423911,,-5.218745999999976,0.039,stop,2875.76,down,5.433128192383318,-1,1714550400000,3009.5739999999996,
main,C_CHANNEL,delay60,55.73599999999999,1718845500000,1716253500000,1716253500000,0.07188992687175001,0.0215637435,0.41149954329232824,1716494400000,0.0710576533029675,3643.9822206649997,3644.5289,0.1429475801747175,3686.6629165000004,0.5134993060609094,-0.1421052921364779,0.042884237565,3552.9179999999997,-1.949600009876224,,-1.621662900000013,0.039,stop,3686.11,up,5.406329820456199,1,1716249600000,3644.5289,
main,C_CHANNEL,delay60,63.32000000000003,1719421500000,1716829500000,1716829500000,0.09470092300800001,0.028406016,0.4654021896489318,1716861600000,0.092133937836,3838.9140765,3839.4900000000002,0.18683486084400003,3945.8717920000004,0.5105755374003701,-0.018701232,0.056050344,3839.4900000000002,-5.339506436844009,,-5.077919999999998,0.048,stop,3945.28,up,5.396581820406819,1,1716825600000,3839.4900000000002,
main,C_CHANNEL,delay60,55.57250000000006,1722733500000,1720141500000,1720141500000,0.11478896907149999,0.03444185699999999,0.4420108468919486,1720299900000,0.1138435039645,3076.8514585000003,3076.39,0.22863247303599998,3102.4045695,0.5358323705600394,0.07884325575177971,0.06858978599999999,3170.455,1.7411409967157587,,1.9595200000000013,0.074,stop_gap,3102.87,down,5.369884288222599,-1,1720137600000,3073.13525,
main,C_CHANNEL,delay60,68.48149999999995,1725383100000,1722791100000,1722791100000,0.04774362738150001,0.014325237,0.44665670123745954,1723133400000,0.04358463421462501,2563.8020126250003,2563.4175,0.09132826159612502,2808.4486695,0.5363062488323578,-0.03374795618132872,0.027398666250000002,2963.0229999999997,8.19291011597254,,8.345384999999997,0.034,stop,2808.87,down,5.378589993206178,-1,1722787200000,2563.4175,
main,C_CHANNEL,delay60,31.192499999999974,1732064700000,1729472700000,1729472700000,0.11664174363750003,0.034987275,0.4050720041029517,1729516500000,0.11407817320687502,2684.19231075,2684.5950000000003,0.23071991684437504,2744.5116150000003,0.5294983507600661,-0.023142865000000006,0.06921586125,2684.5950000000003,-5.381003643094391,,-5.057924999999971,0.085,stop,2744.1,up,5.419554543786039,1,1729468800000,2684.5950000000003,
main,C_CHANNEL,delay60,70.12749999999991,1733835900000,1731243900000,1731243900000,0.06887031399775002,0.0206579955,0.31522587536116775,1731273000000,0.06627165526037501,3082.4025702500003,3082.8650000000002,0.13514196925812505,3203.2704185000002,0.4993415261629004,-0.03688923045234059,0.04054247475,3082.8650000000002,-5.369348674460464,,-5.156774999999989,0.043000000000000003,stop,3202.79,up,5.392649525570568,1,1731240000000,3082.8650000000002,
main,C_CHANNEL,delay60,80.83949999999993,1733965500000,1731373500000,1731373500000,0.07164358492600002,0.021489852000000004,0.5436279331178866,1731419100000,0.069076468475275,3212.8589988500003,3213.3410000000003,0.14072005340127502,3332.2597640000004,0.49530049543340293,-0.0835270190132562,0.04221590145000001,3213.3410000000003,-5.358479973864536,,-5.092016999999995,0.043000000000000003,stop,3331.76,up,5.365802782198266,1,1731369600000,3213.3410000000003,
main,C_CHANNEL,delay60,73.34749999999997,1734973500000,1732381500000,1732381500000,0.10701430473825002,0.032099476499999995,0.4217372815834239,1732451700000,0.10445203234462501,3315.9375347500004,3316.4350000000004,0.21146633708287504,3397.2795155000003,0.5012890738986768,-0.10897503837756481,0.06343978724999999,3316.4350000000004,-5.444986162710437,,-5.061104999999974,0.063,stop,3396.77,up,5.339010382328943,1,1732377600000,3316.4350000000004,
main,C_CHANNEL,delay60,70.46799999999999,1735923900000,1733331900000,1733331900000,0.09276331741075,0.0278248215,0.349929798714341,1733437500000,0.09023108630655,3682.9014819,3683.4539999999997,0.1829944037173,3786.2578535000002,0.5048497865136867,-0.1973647295466,0.054898208399999995,3683.4539999999997,-5.444821341663916,,-5.009564000000016,0.049,stop,3785.69,up,5.311785451515391,1,1733328000000,3683.4539999999997,
main,C_CHANNEL,delay60,96.54749999999999,1736096700000,1733504700000,1733504700000,0.05011976683750001,0.015033675,0.3641746234590985,1733648700000,0.049347096825,3947.767746,3948.36,0.09946686366250002,4009.5813470000003,0.5096836523621937,-0.12268035584340126,0.029840025,3803.1850000000004,-1.7674872445059087,,-1.5154999999999974,0.025,stop_gap,4008.98,up,5.284561344807072,1,1733500800000,3952.2030999999997,
main,C_CHANNEL,delay60,30.667999999999985,1749272700000,1746680700000,1746680700000,0.07977164395200002,0.023927904,0.4453239284211369,1747075500000,0.10184988432538501,2424.9972458425,2425.36105,0.18162152827738504,1899.3248560000002,0.5682046724759515,-0.237181719990057,0.054487453229999996,1839.164,43.73767749850255,,44.2109682,0.084,stop,1899.04,up,5.275723908584543,1,1746676800000,2425.36105,
main,C_CHANNEL,delay60,54.56299999999999,1755219900000,1752627900000,1752627900000,0.07378062043325001,0.0221308665,0.6198395281854343,1753160100000,0.0859827398041275,3658.839991665,3659.3889,0.15976336023737753,3139.6008695000005,0.5331977111278998,-0.301356314379567,0.047929558245,3028.4939999999997,23.943119067138035,,24.45216829999999,0.047,stop,3139.13,up,5.494412296077054,1,1752624000000,3659.3889,
main,C_CHANNEL,delay60,76.62849999999992,1756256700000,1753664700000,1753664700000,0.07893683875,0.023677499999999997,0.8089105599011936,1753749600000,0.07666740746360501,3739.87353481,3740.4346,0.15560424621360502,3850.5775000000003,0.5217058326885656,-0.03855929873166815,0.046681172789999996,3718.2129999999997,-4.73302611773529,,-4.492181399999998,0.041,stop,3850.0,up,5.614127891412744,1,1753660800000,3740.4346,
main,C_CHANNEL,delay60,94.61499999999997,1757610300000,1755018300000,1755018300000,0.06263559393000001,0.01878786,0.3158281033932564,1755176700000,0.062790100072,4485.007148000001,4485.68,0.12542569400200002,4473.970995000001,0.515587493134229,-0.065447439047284,0.037627716000000005,4281.75,0.11813915095071634,,0.34664000000000306,0.028,stop_gap,4473.3,up,5.590462760824068,1,1755014400000,4491.071,
main,C_CHANNEL,delay60,82.57300000000001,1766005500000,1763413500000,1763413500000,0.06177916673475001,0.0185365305,0.42526124270181015,1763482500000,0.06450566739895001,3146.6179219000005,3146.146,0.1262848341337,3013.6178895000003,0.5174391105610783,0.031197785191117794,0.0378853284,3146.146,-5.548088377342592,,-5.415116000000001,0.041,stop,3014.07,down,5.591053456578822,-1,1763409600000,3146.146,
main,C_CHANNEL,delay60,88.7415,1766178300000,1763586300000,1763586300000,0.07224921599175,0.021678016499999998,0.3305584426938134,1763615100000,0.07493892765327502,3058.7317409500006,3058.273,0.14718814364502503,2948.9475915,0.5257930034914711,0.010516363697700003,0.04415632305,3058.273,-5.516095102997362,,-5.335267000000013,0.049,stop,2949.39,down,5.563313014692109,-1,1763582400000,3058.273,
main,C_CHANNEL,stop_5bp,91.02050000000001,1644120300000,1641528300000,1641528300000,0.040371443375,0.012113249999999999,0.34501172830264026,1641917700000,0.03986643009693751,3189.314407755,3187.2427,0.0802378734719375,3229.71547,0.5330652317094375,0.04540455118485727,0.063905943875,3420.0910000000003,0.9751932338379211,,1.0739325000000008,0.025,stop,3230.2,down,5.0,-1,1641528000000,3187.2427,
main,C_CHANNEL,stop_5bp,69.92549999999991,1645315500000,1642723500000,1642723500000,0.04468219666500001,0.01340667,0.4103035581792964,1643188800000,0.03776616631226249,2517.7444208174998,2516.10895,0.08244836297726249,2978.8131110000004,0.5253950681018714,0.012126514295146657,0.062470794525,3139.7709999999997,13.761738856792903,,13.894531500000012,0.03,stop,2979.26,down,5.004875966169189,-1,1642723200000,2516.10895,
main,C_CHANNEL,stop_5bp,60.18000000000002,1649203500000,1646611500000,1646611500000,0.045664729263000005,0.013701474,0.3207337297253568,1646796300000,0.047848212535410016,2658.2340297450005,2656.5073,0.09351294179841002,2536.9294035,0.5273667731490941,0.022372887300815006,0.07586374482000001,2669.73,-4.43810659931762,,-4.29110280000001,0.036000000000000004,stop,2537.31,down,5.0736846604531545,-1,1646611200000,2656.5073,
main,C_CHANNEL,stop_5bp,65.39950000000006,1650801900000,1648209900000,1648209900000,0.058594587870000006,0.01757574,0.3141469594594593,1648742700000,0.061482896024165005,3323.39978509,3325.5614,0.120077483894165,3167.2750200000005,0.5259627602636531,-0.19533644225848407,0.09755549167,3036.431,5.4612023821773334,,5.874171799999995,0.037,stop,3166.8,up,5.051494127456567,1,1648209600000,3325.5614,
main,C_CHANNEL,stop_5bp,46.50049999999997,1653465900000,1650873900000,1650873900000,0.071621815116,0.021489767999999996,0.3693569100069155,1650903300000,0.074077194399075,2904.98801565,2903.1009999999997,0.145699009515075,2808.698632,0.5518237599385971,-0.03655343631853133,0.11772756614999998,2903.1009999999997,-5.093011011983594,,-4.7930309999999885,0.051000000000000004,stop,2809.12,down,5.078800139367454,-1,1650873600000,2903.1009999999997,
main,C_CHANNEL,stop_5bp,114.04650000000004,1654891500000,1652299500000,1652299500000,0.0233612652845,0.007009430999999999,0.34169543250121354,1652644500000,0.0231107001972,2100.9727452,2099.608,0.0464719654817,2123.7513895,0.5074152388208688,-0.04663790856141779,0.0370338254,2344.6230000000005,0.40802030055688204,,0.5381639999999998,0.022,stop,2124.07,down,5.053335084307535,-1,1652299200000,2099.608,
main,C_CHANNEL,stop_5bp,44.816999999999986,1656158700000,1653566700000,1653566700000,0.048047096854249995,0.014416291499999996,0.4008995758836648,1653582000000,0.0505239052059,1906.5624606000001,1905.324,0.09857100206014999,1813.0979945,0.5437720430037405,-0.014146940500140268,0.0800547033,1905.324,-5.066334645860302,,-4.8735620000000095,0.053,stop,1813.37,down,5.055375185810319,-1,1653566400000,1905.324,
main,C_CHANNEL,stop_5bp,42.376500000000036,1657555500000,1654963500000,1654963500000,0.044833568955750004,0.0134520885,0.334516695957821,1655664900000,0.03256144921871625,1103.7779396175001,1103.06095,0.07739501817446626,1519.7819985,0.5155865401542172,-0.11202189708110602,0.055754475932500006,1601.623,24.35482255881193,,24.599993949999998,0.059000000000000004,stop,1520.01,down,5.030043512581017,-1,1654963200000,1103.06095,
main,C_CHANNEL,stop_5bp,35.887000000000015,1659182700000,1656590700000,1656590700000,0.03562535539500001,0.010689210000000001,0.43034595644757884,1656635100000,0.03815742621600001,1090.2121776000001,1089.5040000000001,0.07378278161100002,1017.867297,0.5002925081814051,-0.025652983482000007,0.060261642000000004,1089.5040000000001,-5.163577407093009,,-5.003880000000011,0.07,stop,1018.02,down,5.1518176253750765,-1,1656590400000,1089.5040000000001,
main,C_CHANNEL,stop_5bp,59.15900000000001,1660781100000,1658189100000,1658189100000,0.036116336638,0.010833276,0.46409266409266414,1658348400000,0.034151872244490004,1484.86401063,1485.8298,0.07026820888249,1570.2755060000002,0.5234109767621269,-0.012976143318177313,0.05525958701999999,1461.802,-4.012173139220678,,-3.8736691999999993,0.046,stop,1570.04,up,5.125999738339612,1,1658188800000,1485.8298,
main,C_CHANNEL,stop_5bp,57.21800000000002,1661616300000,1659024300000,1659024300000,0.037179721121750005,0.0111522435,0.31786882034746194,1659350700000,0.03578776782075001,1664.5473405,1665.63,0.07296748894250002,1729.2893545000002,0.5164707378105395,-0.06970350724416928,0.057706602,1613.884,-2.926577598186676,,-2.726199999999994,0.043000000000000003,stop,1729.03,up,5.105938872643507,1,1659024000000,1665.63,
main,C_CHANNEL,stop_5bp,48.514500000000034,1662941100000,1660349100000,1660349100000,0.05081318083400001,0.015241667999999998,0.31236591361145144,1660496100000,0.050445852168855006,1940.2250834175,1941.48705,0.10125903300285502,1954.3531090000001,0.5348910642377501,-0.019225334838583904,0.08086393029,1860.371,-0.8551416981314486,,-0.6537933999999996,0.052000000000000005,stop,1954.06,up,5.091305984652573,1,1660348800000,1941.48705,
main,C_CHANNEL,stop_5bp,18.190999999999985,1671537900000,1668945900000,1668945900000,0.07398481561275,0.022198774499999997,0.319156585357085,1669162800000,0.07305316558771875,1150.4435525625,1149.69625,0.14703798120046874,1165.1152064999999,0.5510519799571565,-0.02431164408607927,0.11710619993749999,1203.162,1.691950424775948,,1.98040625,0.127,stop,1165.29,down,5.087030276161916,-1,1668945600000,1149.69625,
main,C_CHANNEL,stop_5bp,10.401500000000045,1675814700000,1673222700000,1673222700000,0.15202213990100003,0.045599802,0.39142948512951764,1674057000000,0.18123571836117,1535.895918315,1536.8949,0.33325785826217,1288.3232195000003,0.5620006109920418,-1.381128723447284,0.28135947966,1268.847,56.712770338630484,,58.70851639999998,0.23600000000000002,stop,1288.13,up,5.095490028285796,1,1673222400000,1536.8949,
main,C_CHANNEL,stop_5bp,18.60749999999998,1680984300000,1678392300000,1678392300000,0.0866828256255,0.026008748999999998,0.36891394281038253,1678641900000,0.08656943828305501,1479.8194578300001,1478.8582000000001,0.17325226390855503,1481.757703,0.5393837874668268,-0.006379597927502536,0.13847591511000001,1525.0349999999999,0.04714282305392441,,0.3652505999999876,0.117,stop,1481.98,down,5.379053879978949,-1,1678392000000,1478.8582000000001,
main,C_CHANNEL,stop_5bp,25.817999999999984,1683979500000,1681387500000,1681387500000,0.09338608581200002,0.028011624000000002,0.32728440974317996,1681731000000,0.09717307072170502,2067.512143015,2068.8569,0.19055915653370503,1986.9379960000003,0.5439332546061109,-0.234635349712374,0.15441878059000003,1933.5140000000001,7.1487753131639105,,7.728388600000011,0.094,stop,1986.64,up,5.379289594094218,1,1681387200000,2068.8569,
main,C_CHANNEL,stop_5bp,25.949,1701749100000,1699157100000,1699157100000,0.09444766502500002,0.02833005,0.5391928964838438,1699376700000,0.09265958709425,1853.1917418849998,1854.3971,0.18710725211925,1888.9533005000003,0.5565283625270295,-0.1509126702897,0.1488658615,1837.952,-3.914175783908997,,-3.4272900000000166,0.1,stop,1888.67,up,5.415033470660038,1,1699156800000,1854.3971,
main,C_CHANNEL,stop_5bp,26.0255,1702094700000,1699502700000,1699502700000,0.09126071205375001,0.0273741075,0.6131888917547932,1699749900000,0.0957389259721125,2015.556336255,2016.8673,0.1869996380258625,1921.2781485000003,0.5239012166509207,-0.45829232016453203,0.151915663275,1867.6090000000002,8.311135878534571,,9.108343499999988,0.095,stop,1920.99,up,5.395462591740494,1,1699502400000,2016.8673,
main,C_CHANNEL,stop_5bp,41.629,1704557100000,1701965100000,1701965100000,0.06640583938200001,0.019918763999999995,0.37579072401314917,1702164600000,0.06634903575106126,2328.0363421425,2329.55055,0.13275487513306128,2330.029452,0.5245462322291509,-0.17905049830219671,0.10622861187749998,2239.552,-0.4254126353127727,,-0.007378649999994651,0.057,stop,2329.68,up,5.437018271133166,1,1701964800000,2329.55055,
main,C_CHANNEL,stop_5bp,29.831999999999947,1710345900000,1707753900000,1707753900000,0.12113271718250003,0.036334365,0.5255072636578644,1708096200000,0.1305984380515375,2749.4408010849997,2751.2291,0.25173115523403755,2550.1624670000006,0.5431315826140006,-0.3205729070202513,0.206222761925,2497.666,18.35913767582063,,19.137664499999982,0.095,stop,2549.78,up,5.434891207956601,1,1707753600000,2751.2291,
main,C_CHANNEL,stop_5bp,46.41649999999997,1710893100000,1708301100000,1708301100000,0.08212252653150001,0.024633062999999997,0.6561315097699558,1708526100000,0.08170489135285125,2866.8382930824996,2868.70295,0.16382741788435126,2881.4921590000004,0.5199095359252949,-0.19160908910612795,0.1309185072975,2790.747,-1.190706864288022,,-0.7043518500000041,0.057,stop,2881.06,up,5.526686896335701,1,1708300800000,2868.70295,
main,C_CHANNEL,stop_5bp,45.60300000000002,1711483500000,1708891500000,1708891500000,0.08492943750500001,0.02547501,0.6847405418213413,1709141400000,0.08691185754845,3160.43118358,3162.4868,0.17184129505345003,3088.3431820000005,0.5318749470199425,-0.5871257688829218,0.13853391310000002,2993.364,3.205873022963595,,4.103374000000001,0.055,stop,3087.88,up,5.520733362014259,1,1708891200000,3162.4868,
main,C_CHANNEL,stop_5bp,84.9835,1711800300000,1709208300000,1709208300000,0.05788424633475001,0.0173626695,0.7451724052452837,1709240700000,0.05524868449732501,3348.40512105,3350.583,0.11313293083207501,3508.1361415000006,0.5061763900800867,-0.0867252335631,0.08923267485,3350.583,-5.47098183924519,,-5.181891000000002,0.033,stop,3507.61,up,5.536762727129078,1,1709208000000,3350.583,
main,C_CHANNEL,stop_5bp,53.32550000000001,1712160300000,1709568300000,1709568300000,0.08552482680000001,0.0256536,0.6919336477476004,1709667300000,0.08289006241560001,3453.75260065,3455.9990000000003,0.16841488921560002,3563.5344500000006,0.5023643901442415,-0.396932720581757,0.13348076879999998,3455.9990000000003,-5.834876378597375,,-5.136047999999988,0.048,stop,3563.0,up,5.5094078179328525,1,1709568000000,3455.9990000000003,
main,C_CHANNEL,stop_5bp,120.10750000000004,1712318700000,1709726700000,1709726700000,0.039004449790000006,0.01169958,0.5808412737517179,1710081600000,0.038622941759050004,3862.294175905,3864.8063,0.07762739154905002,3900.4449790000003,0.5094460328539856,-0.3868842161715036,0.0619420619,3642.855,-1.2275276696205608,,-0.7010739999999988,0.02,stop,3899.86,up,5.480233436039867,1,1709726400000,3864.8063,
main,C_CHANNEL,stop_5bp,71.83849999999995,1712736300000,1710144300000,1710144300000,0.07609311225500001,0.022824509999999996,0.6301628631234995,1710264000000,0.07347637629145,3867.17769955,3869.693,0.14956948854645002,4004.9006450000006,0.4961803118779704,-0.3343409596031824,0.11840592709999999,3869.693,-5.717382375249659,,-5.115065999999999,0.038,stop,4004.3,up,5.474095797691764,1,1710144000000,3869.693,
main,C_CHANNEL,stop_5bp,70.54199999999999,1717142700000,1714550700000,1714550700000,0.04705902508725,0.014119825499999999,0.31018433848152516,1714589400000,0.04969024868115,3011.5302230999996,3009.5739999999996,0.09674927376840001,2852.0621265,0.5496022408117593,0.00699365013094148,0.07867518779999999,3009.5739999999996,-5.352202811437446,,-5.183771999999995,0.033,stop,2852.49,down,5.445508885815516,-1,1714550400000,3009.5739999999996,
main,C_CHANNEL,stop_5bp,55.73599999999999,1718841900000,1716249900000,1716249900000,0.07893317820100001,0.023676402000000003,0.41149954329232824,1716494400000,0.0783064390586225,3642.1599562149995,3644.5289,0.15723961725962252,3671.3106140000004,0.5134993060609094,-0.15668019389406543,0.125540984755,3552.9179999999997,-1.5673980959087281,,-1.1279373000000184,0.043000000000000003,stop,3670.76,up,5.418747871758328,1,1716249600000,3644.5289,
main,C_CHANNEL,stop_5bp,63.32000000000003,1719417900000,1716825900000,1716825900000,0.07738741137075,0.0232127415,0.4654021896489318,1716861600000,0.07482138946425,3836.9943315,3839.4900000000002,0.152208800835,3968.5851985,0.5105755374003701,-0.015194751000000001,0.120543813,3839.4900000000002,-5.299447364834996,,-5.011499999999982,0.039,stop,3967.99,up,5.410910881278785,1,1716825600000,3839.4900000000002,
main,C_CHANNEL,stop_5bp,55.57250000000006,1722729900000,1720137900000,1720137900000,0.06082427499000001,0.01825002,0.4420108468919486,1720298100000,0.06150265575825001,3075.1327879125,3073.13525,0.12232693074825002,3041.2137495,0.5358323705600394,0.04261797608204308,0.0981515365,3170.455,-1.4364704911662054,,-1.2586099999999898,0.04,stop,3041.67,down,5.38441364445461,-1,1720137600000,3073.13525,
main,C_CHANNEL,stop_5bp,68.48149999999995,1725379500000,1722787500000,1722787500000,0.04929482966625001,0.0147906675,0.44665670123745954,1723133400000,0.04484242601829375,2562.4243439025,2560.75985,0.09413725568454376,2816.8474095,0.5363062488323578,-0.034740543127838384,0.0730479540875,2963.0229999999997,8.775929497100126,,8.977855250000003,0.035,stop,2817.27,down,5.377231291998779,-1,1722787200000,2560.75985,
main,C_CHANNEL,stop_5bp,31.192499999999974,1732061100000,1729469100000,1729469100000,0.11660561321875003,0.0349764375,0.4050720041029517,1729516500000,0.11402112556312503,2682.8500132500003,2684.5950000000003,0.23062673878187506,2743.6614875000005,0.5294983507600661,-0.023142865000000006,0.18330031125000001,2684.5950000000003,-5.42274491503189,,-4.985674999999978,0.085,stop,2743.25,up,5.421110939484281,1,1729468800000,2684.5950000000003,
main,C_CHANNEL,stop_5bp,70.12749999999991,1733832300000,1731240300000,1731240300000,0.05653347875000002,0.0169575,0.31522587536116775,1731273000000,0.05391506991062501,3080.86113775,3082.8650000000002,0.11044854866062503,3230.4845000000005,0.4993415261629004,-0.030026117810044668,0.08709267875000001,3082.8650000000002,-5.377292345220682,,-5.149724999999992,0.035,stop,3230.0,up,5.393997214909121,1,1731240000000,3082.8650000000002,
main,C_CHANNEL,stop_5bp,80.83949999999993,1733961900000,1731369900000,1731369900000,0.062030923243000004,0.018606486,0.5436279331178866,1731419100000,0.05940816807447501,3211.2523283500004,3213.3410000000003,0.12143909131747502,3353.022878,0.49530049543340293,-0.07187208612768556,0.09588733705,3213.3410000000003,-5.438821514495152,,-5.149622999999986,0.037,stop,3352.52,up,5.3671107531830184,1,1731369600000,3213.3410000000003,
main,C_CHANNEL,stop_5bp,73.34749999999997,1734969900000,1732377900000,1732377900000,0.05726094785400001,0.017175707999999998,0.4217372815834239,1732451700000,0.05468560873462501,3314.27931725,3316.4350000000004,0.11194655658862501,3470.3604760000003,0.5012890738986768,-0.057082162959676816,0.08831323875000001,3316.4350000000004,-5.319706958298309,,-5.062364999999992,0.033,stop,3469.84,up,5.3399166456105425,1,1732377600000,3316.4350000000004,
main,C_CHANNEL,stop_5bp,70.46799999999999,1735920300000,1733328300000,1733328300000,0.06697379456250001,0.020089125,0.349929798714341,1733437500000,0.06441854571075,3681.0597548999995,3683.4539999999997,0.13139234027325,3827.0739750000002,0.5048497865136867,-0.14097480681900001,0.10388770350000001,3683.4539999999997,-5.382864850592278,,-5.00661000000001,0.035,stop,3826.5,up,5.313318110819051,1,1733328000000,3683.4539999999997,
main,C_CHANNEL,stop_5bp,96.54749999999999,1736093100000,1733501100000,1733501100000,0.04810477463400001,0.014429267999999999,0.3641746234590985,1733645700000,0.047395610015819996,3949.6341679849997,3952.2030999999997,0.09550038464982,4008.7312195000004,0.5096836523621937,-0.11777314160966519,0.07608363635999998,3803.1850000000004,-1.6316027626195009,,-1.3422456000000094,0.024,stop,4008.13,up,5.286403786566089,1,1733500800000,3952.2030999999997,
main,C_CHANNEL,stop_5bp,30.667999999999985,1749269100000,1746677100000,1746677100000,0.0751584420755,0.022544151,0.4453239284211369,1747075500000,0.09573949033004125,2423.7845653175,2425.36105,0.17089793240554124,1902.7453690000002,0.5682046724759515,-0.22306376046683932,0.1470864409175,1839.164,40.76813481621011,,41.30918294999999,0.079,stop,1902.46,up,5.278245772752991,1,1746676800000,2425.36105,
main,C_CHANNEL,stop_5bp,54.56299999999999,1755216300000,1752624300000,1752624300000,0.07679157700900001,0.023034018,0.6198395281854343,1753159800000,0.08991586669748375,3670.0353754075,3672.42245,0.16670744370648377,3134.3500820000004,0.5331977111278998,-0.31417998733188907,0.1400006730325,3028.4939999999997,25.767691945929105,,26.388580049999998,0.049,stop,3133.88,up,5.482086446834038,1,1752624000000,3672.42245,
main,C_CHANNEL,stop_5bp,76.62849999999992,1756253100000,1753661100000,1753661100000,0.06957359447400002,0.020868948000000002,0.8089105599011936,1753749600000,0.06728847044634001,3738.2483581300003,3740.6798000000003,0.13686206492034003,3865.1996930000005,0.5217058326885656,-0.03385694522780618,0.10840085532000002,3718.2129999999997,-4.740967065468155,,-4.461847199999984,0.036000000000000004,stop,3864.62,up,5.6109249065636835,1,1753660800000,3740.6798000000003,
main,C_CHANNEL,stop_5bp,94.61499999999997,1757606700000,1755014700000,1755014700000,0.062627752754,0.018785507999999996,0.3158281033932564,1755176400000,0.0628341252539,4488.15180385,4491.071,0.12546187800789999,4473.410911,0.515587493134229,-0.065447439047284,0.10052300019999999,4281.75,0.22183568274481347,,0.5132680000000037,0.028,stop,4472.74,up,5.587220071236344,1,1755014400000,4491.071,
main,C_CHANNEL,stop_5bp,82.57300000000001,1766001900000,1763409900000,1763409900000,0.046129604521250006,0.0138409575,0.42526124270181015,1763482500000,0.04879696042095001,3148.1909949000005,3146.146,0.09492656494220002,2976.1035175,0.5174391105610783,0.023588569290845164,0.0772357994,3146.146,-5.4060497950513655,,-5.2574760000000005,0.031,stop,2976.55,down,5.588329249650069,-1,1763409600000,3146.146,
main,C_CHANNEL,stop_5bp,88.7415,1766174700000,1763582700000,1763582700000,0.041678927223000005,0.012505554,0.3305584426938134,1763615100000,0.04437378272302501,3060.2608774500004,3058.273,0.08605270994602501,2874.408774,0.5257930034914711,0.006223970351700001,0.07015400005,3058.273,-5.469539739644338,,-5.319557,0.029,stop,2874.84,down,5.561299000674812,-1,1763582400000,3058.273,
main,C_CHANNEL,risk_half,91.02050000000001,1644120300000,1641528300000,1641528300000,0.019378292820000004,0.005814359999999999,0.34501172830264026,1641917700000,0.019126324718430003,3187.720786405,3187.2427,0.03850461753843001,3229.71547,0.5330652317094375,0.021794184568731487,0.011551396859999999,3420.0910000000003,0.4872257701703011,,0.5154876000000004,0.012,stop,3230.2,down,2.5,-1,1641528000000,3187.2427,
main,C_CHANNEL,risk_half,69.92549999999991,1645315500000,1642723500000,1642723500000,0.022341098332500003,0.006703335,0.4103035581792964,1643188800000,0.01887364774756875,2516.4863663425,2516.10895,0.041214746080068754,2978.8131110000004,0.5253950681018714,0.006063257147573328,0.0123645801375,3139.7709999999997,6.899749680930012,,6.947265750000006,0.015,stop,2979.26,down,2.501218064425425,-1,1642723200000,2516.10895,
main,C_CHANNEL,risk_half,60.18000000000002,1649203500000,1646611500000,1646611500000,0.022832364631500002,0.006850737,0.3207337297253568,1646796300000,0.02391215198485501,2656.9057760950004,2656.5073,0.04674451661635501,2536.9294035,0.5273667731490941,0.011186443650407503,0.01402330671,2669.73,-2.1951327796759585,,-2.145551400000005,0.018000000000000002,stop,2537.31,down,2.5184674386277504,-1,1646611200000,2656.5073,
main,C_CHANNEL,risk_half,65.39950000000006,1650801900000,1648209900000,1648209900000,0.02850547518000001,0.00855036,0.3141469594594593,1648742700000,0.029925563092110002,3325.06256579,3325.5614,0.05843103827211001,3167.2750200000005,0.5259627602636531,-0.09502853947710038,0.017529375780000002,3036.431,2.6867162464707817,,2.857705199999998,0.018000000000000002,stop,3166.8,up,2.5129796066785604,1,1648209600000,3325.5614,
main,C_CHANNEL,risk_half,46.50049999999997,1653465900000,1650873900000,1650873900000,0.0351087329,0.010534199999999999,0.3693569100069155,1650903300000,0.036294205814375,2903.53646515,2903.1009999999997,0.071402938714375,2808.698632,0.5518237599385971,-0.017918351136534963,0.021420828749999996,2903.1009999999997,-2.4602671186009055,,-2.349524999999994,0.025,stop,2809.12,down,2.5196963972947373,-1,1650873600000,2903.1009999999997,
main,C_CHANNEL,risk_half,114.04650000000004,1654891500000,1652299500000,1652299500000,0.01168063264225,0.0035047154999999996,0.34169543250121354,1652644500000,0.011549576176600003,2099.9229412000004,2099.608,0.023230208818850004,2123.7513895,0.5074152388208688,-0.023318954280708896,0.006969068699999999,2344.6230000000005,0.21556376820043852,,0.2690819999999999,0.011,stop,2124.07,down,2.5135457294982353,-1,1652299200000,2099.608,
main,C_CHANNEL,risk_half,44.816999999999986,1656158700000,1653566700000,1653566700000,0.023570273928500002,0.0070721429999999995,0.4008995758836648,1653582000000,0.024772927381800005,1905.6097986000002,1905.324,0.04834320131030001,1813.0979945,0.5437720430037405,-0.006940008547238623,0.0145029066,1905.324,-2.4605901164575466,,-2.390804000000005,0.026000000000000002,stop,1813.37,down,2.514084638918736,-1,1653566400000,1905.324,
main,C_CHANNEL,risk_half,42.376500000000036,1657555500000,1654963500000,1654963500000,0.022036838978250005,0.0066120435,0.334516695957821,1655664900000,0.015996782932566254,1103.2264091425002,1103.06095,0.03803362191081626,1519.7819985,0.5155865401542172,-0.055061610429696164,0.0114103586325,1601.623,11.987016859026985,,12.09152245,0.029,stop,1520.01,down,2.5079331636275923,-1,1654963200000,1103.06095,
main,C_CHANNEL,risk_half,35.887000000000015,1659182700000,1656590700000,1656590700000,0.017303744049,0.005191902,0.43034595644757884,1656635100000,0.018524346235200006,1089.6674256000003,1089.5040000000001,0.035828090284200004,1017.867297,0.5002925081814051,-0.012460020548400001,0.010748372400000001,1089.5040000000001,-2.489492483232611,,-2.4304560000000053,0.034,stop,1018.02,down,2.5379007057751597,-1,1656590400000,1089.5040000000001,
main,C_CHANNEL,risk_half,59.15900000000001,1660781100000,1658189100000,1658189100000,0.017273030566,0.005181131999999999,0.46409266409266414,1658348400000,0.01634167618083,1485.60692553,1485.8298,0.033614706746829995,1570.2755060000002,0.5234109767621269,-0.006205981586954367,0.010084370339999999,1461.802,-1.9025294586737904,,-1.8526243999999996,0.022,stop,1570.04,up,2.531676974567078,1,1658188800000,1485.8298,
main,C_CHANNEL,risk_half,57.21800000000002,1661616300000,1659024300000,1659024300000,0.018157538222250004,0.0054464445,0.31786882034746194,1659350700000,0.01748649163275,1665.3801555000002,1665.63,0.03564402985500001,1729.2893545000002,0.5164707378105395,-0.03404124772389663,0.010693179,1613.884,-1.4117784565788956,,-1.3313999999999973,0.021,stop,1729.03,up,2.5269206509203936,1,1659024000000,1665.63,
main,C_CHANNEL,risk_half,48.514500000000034,1662941100000,1660349100000,1660349100000,0.025406590417000004,0.007620833999999999,0.31236591361145144,1660496100000,0.025235545750252504,1941.1958269425,1941.48705,0.05064213616725251,1954.3531090000001,0.5348910642377501,-0.009612667419291952,0.015192633494999998,1860.371,-0.4023441370815496,,-0.3268966999999998,0.026000000000000002,stop,1954.06,up,2.5233912047789464,1,1660348800000,1941.48705,
main,C_CHANNEL,risk_half,18.190999999999985,1671537900000,1668945900000,1668945900000,0.037283686607999994,0.011186783999999998,0.319156585357085,1669162800000,0.036795798542000005,1149.8687044375001,1149.69625,0.07407948515,1165.1152064999999,0.5510519799571565,-0.012251537177236805,0.022223867999999997,1203.162,0.8894451096727477,,0.998,0.064,stop,1165.29,down,2.5223853444362425,-1,1668945600000,1149.69625,
main,C_CHANNEL,risk_half,10.401500000000045,1675814700000,1673222700000,1673222700000,0.07729939317000002,0.02318634,0.39142948512951764,1674057000000,0.0921998619459,1536.664365765,1536.8949,0.16949925511590003,1288.3232195000003,0.5620006109920418,-0.7022688424308222,0.050850448199999995,1268.847,28.929169454253238,,29.851787999999985,0.12,stop,1288.13,up,2.524608957210424,1,1673222400000,1536.8949,
main,C_CHANNEL,risk_half,18.60749999999998,1680984300000,1678392300000,1678392300000,0.0422300945355,0.012670929,0.36891394281038253,1678641900000,0.04215378081880501,1479.0800287300003,1478.8582000000001,0.08438387535430501,1481.757703,0.5393837874668268,-0.003108009246732002,0.025315166610000002,1525.0349999999999,0.0651355487889442,,0.17794259999999396,0.057,stop,1481.98,down,2.596931880846057,-1,1678392000000,1478.8582000000001,
main,C_CHANNEL,risk_half,25.817999999999984,1683979500000,1681387500000,1681387500000,0.04569957390800001,0.013707816,0.32728440974317996,1681731000000,0.047576571143695005,2068.5465714650004,2068.8569,0.09327614505169501,1986.9379960000003,0.5439332546061109,-0.11482155411456599,0.02798292861,1933.5140000000001,3.5458967722237418,,3.7819774000000055,0.046,stop,1986.64,up,2.59709471971803,1,1681387200000,2068.8569,
main,C_CHANNEL,risk_half,25.949,1701749100000,1699157100000,1699157100000,0.04627935586225001,0.0138817245,0.5391928964838438,1699376700000,0.0454259140406575,1854.118940435,1854.3971,0.0917052699029075,1888.9533005000003,0.5565283625270295,-0.07394720844195302,0.027511543184999997,1837.952,-1.8725361215298744,,-1.6793721000000081,0.049,stop,1888.67,up,2.6059594616485895,1,1699156800000,1854.3971,
main,C_CHANNEL,risk_half,26.0255,1702094700000,1699502700000,1699502700000,0.04418939741550001,0.013254830999999998,0.6131888917547932,1699749900000,0.046380989707815,2016.5647699049998,2016.8673,0.090570387123315,1921.2781485000003,0.5239012166509207,-0.22190996555335232,0.027171215369999994,1867.6090000000002,4.070704231953312,,4.410355799999994,0.046,stop,1920.99,up,2.6012781213447647,1,1699502400000,2016.8673,
main,C_CHANNEL,risk_half,41.629,1704557100000,1701965100000,1701965100000,0.032620412328000004,0.009784655999999997,0.37579072401314917,1702164600000,0.032608815643845,2329.2011174175,2329.55055,0.065229227971845,2330.029452,0.5245462322291509,-0.08795463074493874,0.019568768309999998,2239.552,-0.17637722702679065,,-0.003624599999997372,0.028,stop,2329.68,up,2.611454881924649,1,1701964800000,2329.55055,
main,C_CHANNEL,risk_half,29.831999999999947,1710345900000,1707753900000,1707753900000,0.05992881797450002,0.017975949,0.5255072636578644,1708096200000,0.06464418576742251,2750.816415635,2751.2291,0.12457300374192253,2550.1624670000006,0.5431315826140006,-0.15859922768370327,0.037372114155,2497.666,9.147563354419342,,9.468107699999992,0.047,stop,2549.78,up,2.611013938857082,1,1707753600000,2751.2291,
main,C_CHANNEL,risk_half,46.41649999999997,1710893100000,1708301100000,1708301100000,0.04034089022600001,0.012100452,0.6561315097699558,1708526100000,0.040155817023805,2868.2726445575,2868.70295,0.08049670724980501,2881.4921590000004,0.5199095359252949,-0.09412376306967687,0.02414900439,2790.747,-0.5447668747094943,,-0.345997400000002,0.028,stop,2881.06,up,2.633882847243131,1,1708300800000,2868.70295,
main,C_CHANNEL,risk_half,45.60300000000002,1711483500000,1708891500000,1708891500000,0.04014846136600001,0.012042732,0.6847405418213413,1709141400000,0.041106161550740004,3162.0124269800003,3162.4868,0.08125462291674002,3088.3431820000005,0.5318749470199425,-0.2775503634719267,0.02437643052,2993.364,1.5565953830913284,,1.9397768000000006,0.026000000000000002,stop,3087.88,up,2.632520930056358,1,1708891200000,3162.4868,
main,C_CHANNEL,risk_half,84.9835,1711800300000,1709208300000,1709208300000,0.028065089132000006,0.008418264,0.7451724052452837,1709240700000,0.026800643300400006,3350.0804125500003,3350.583,0.05486573243240001,3508.1361415000006,0.5061763900800867,-0.0420485980912,0.016459663200000002,3350.583,-2.6258059937236036,,-2.512432000000001,0.016,stop,3507.61,up,2.636412418514086,1,1709208000000,3350.583,
main,C_CHANNEL,risk_half,53.32550000000001,1712160300000,1709568300000,1709568300000,0.040980646175,0.012292349999999999,0.6919336477476004,1709667300000,0.039738026901725,3455.48060015,3455.9990000000003,0.080718673076725,3563.5344500000006,0.5023643901442415,-0.19019692861209192,0.024215546549999998,3455.9990000000003,-2.7561541482388274,,-2.461022999999994,0.023,stop,3563.0,up,2.629847903529777,1,1709568000000,3455.9990000000003,
main,C_CHANNEL,risk_half,120.10750000000004,1712318700000,1709726700000,1709726700000,0.019502224895000003,0.00584979,0.5808412737517179,1710081600000,0.019321132895275005,3864.2265790550005,3864.8063,0.03882335779027501,3900.4449790000003,0.5094460328539856,-0.1934421080857518,0.011646999449999999,3642.855,-0.5944494653260255,,-0.3505369999999994,0.01,stop,3899.86,up,2.62295751815918,1,1709726400000,3864.8063,
main,C_CHANNEL,risk_half,71.83849999999995,1712736300000,1710144300000,1710144300000,0.03604410580500001,0.010811610000000001,0.6301628631234995,1710264000000,0.03482201291445001,3869.11254605,3869.693,0.07086611871945002,4004.9006450000006,0.4961803118779704,-0.1583720334962443,0.0212597811,3869.693,-2.6734239333157017,,-2.422926,0.018000000000000002,stop,4004.3,up,2.6214713944958636,1,1710144000000,3869.693,
main,C_CHANNEL,risk_half,70.54199999999999,1717142700000,1714550700000,1714550700000,0.022816497012,0.006845975999999999,0.31018433848152516,1714589400000,0.0240802034888,3010.0254360999998,3009.5739999999996,0.0468967005008,2852.0621265,0.5496022408117593,0.0033908606695473836,0.014068953599999998,3009.5739999999996,-2.5709187934312494,,-2.5133439999999974,0.016,stop,2852.49,down,2.6147878346625744,-1,1714550400000,3009.5739999999996,
main,C_CHANNEL,risk_half,55.73599999999999,1718841900000,1716249900000,1716249900000,0.03854876144700001,0.011562894,0.41149954329232824,1716494400000,0.0382618133169825,3643.9822206649997,3644.5289,0.07681057476398251,3671.3106140000004,0.5134993060609094,-0.07651823422733428,0.023043160035,3552.9179999999997,-0.7272250690263333,,-0.550853100000009,0.021,stop,3670.76,up,2.6083605376789962,1,1716249600000,3644.5289,
main,C_CHANNEL,risk_half,63.32000000000003,1719417900000,1716825900000,1716825900000,0.03770155938575,0.011308771499999998,0.4654021896489318,1716861600000,0.036469683726749996,3838.9140765,3839.4900000000002,0.0741712431125,3968.5851985,0.5105755374003701,-0.007402571,0.022251318,3839.4900000000002,-2.5453251321124952,,-2.441499999999991,0.019,stop,3967.99,up,2.6065424750064294,1,1716825600000,3839.4900000000002,
main,C_CHANNEL,risk_half,55.57250000000006,1722729900000,1720137900000,1720137900000,0.028891530620250003,0.0086687595,0.4420108468919486,1720298100000,0.029199164092731253,3073.5962202875003,3073.13525,0.058090694712981256,3041.2137495,0.5358323705600394,0.020243538638970465,0.017427194962499996,3170.455,-0.6531141010365126,,-0.5978397499999951,0.019,stop,3041.67,down,2.6001791621761483,-1,1720137600000,3073.13525,
main,C_CHANNEL,risk_half,68.48149999999995,1725379500000,1722787500000,1722787500000,0.023943202980750002,0.0071840385,0.44665670123745954,1723133400000,0.021769723693808755,2561.1439639775003,2560.75985,0.04571292667455876,2816.8474095,0.5363062488323578,-0.01687397809066436,0.013713976117499999,2963.0229999999997,4.284371669117275,,4.360672550000001,0.017,stop,2817.27,down,2.5985463769235566,-1,1722787200000,2560.75985,
main,C_CHANNEL,risk_half,31.192499999999974,1732061100000,1729469100000,1729469100000,0.05624506049375001,0.0168709875,0.4050720041029517,1729516500000,0.05502594237037501,2684.19231075,2684.5950000000003,0.11127100286412503,2743.6614875000005,0.5294983507600661,-0.011163029000000001,0.033381246749999996,2684.5950000000003,-2.5606702786141384,,-2.4048549999999898,0.041,stop,2743.25,up,2.609257306096351,1,1729468800000,2684.5950000000003,
main,C_CHANNEL,risk_half,70.12749999999991,1733832300000,1731240300000,1731240300000,0.027459118250000008,0.008236499999999999,0.31522587536116775,1731273000000,0.026200421847125004,3082.4025702500003,3082.8650000000002,0.05365954009712501,3230.4845000000005,0.4993415261629004,-0.014584114364878838,0.01609780575,3082.8650000000002,-2.5856364602120077,,-2.5012949999999963,0.017,stop,3230.0,up,2.602855630399816,1,1731240000000,3082.8650000000002,
main,C_CHANNEL,risk_half,80.83949999999993,1733961900000,1731369900000,1731369900000,0.030177205902000005,0.009051804,0.5436279331178866,1731419100000,0.028915730989650005,3212.8589988500003,3213.3410000000003,0.05909293689165001,3353.022878,0.49530049543340293,-0.0349647986567119,0.0177278247,3213.3410000000003,-2.6170075602483616,,-2.5052219999999936,0.018000000000000002,stop,3352.52,up,2.5963915392492862,1,1731369600000,3213.3410000000003,
main,C_CHANNEL,risk_half,73.34749999999997,1734969900000,1732377900000,1732377900000,0.027762883808000002,0.008327616,0.4217372815834239,1732451700000,0.026527500278000004,3315.9375347500004,3316.4350000000004,0.05429038408600001,3470.3604760000003,0.5012890738986768,-0.027676200222873606,0.01628706,3316.4350000000004,-2.552733644308872,,-2.4544799999999958,0.016,stop,3469.84,up,2.5898490203486655,1,1732377600000,3316.4350000000004,
main,C_CHANNEL,risk_half,70.46799999999999,1735920300000,1733328300000,1733328300000,0.03253012878750001,0.009757575,0.349929798714341,1733437500000,0.03130466259615,3682.9014819,3683.4539999999997,0.06383479138365,3827.0739750000002,0.5048497865136867,-0.06847347759780001,0.0191503827,3683.4539999999997,-2.583240651681456,,-2.431782000000005,0.017,stop,3826.5,up,2.5834671862378933,1,1733328000000,3683.4539999999997,
main,C_CHANNEL,risk_half,96.54749999999999,1736093100000,1733501100000,1733501100000,0.024052387317000004,0.007214633999999999,0.3641746234590985,1733645700000,0.02370966161721,3951.6102695349996,3952.2030999999997,0.04776204893421,4008.7312195000004,0.5096836523621937,-0.058886570804832596,0.014328599579999997,3803.1850000000004,-0.7921000193190524,,-0.6711228000000047,0.012,stop,4008.13,up,2.5770090846086897,1,1733500800000,3952.2030999999997,
main,C_CHANNEL,risk_half,30.667999999999985,1749269100000,1746677100000,1746677100000,0.037103534695500005,0.011129391,0.4453239284211369,1747075500000,0.04728744629392875,2424.9972458425,2425.36105,0.08439098098942877,1902.7453690000002,0.5682046724759515,-0.11012008428109785,0.025317753142499996,1839.164,20.173312131586965,,20.39314095,0.039,stop,1902.46,up,2.5750288345603924,1,1746676800000,2425.36105,
main,C_CHANNEL,risk_half,54.56299999999999,1755216300000,1752624300000,1752624300000,0.037612200984000005,0.011281968,0.6198395281854343,1753159800000,0.04406245903959,3671.8715866325,3672.42245,0.08167466002359,3134.3500820000004,0.5331977111278998,-0.153884075427864,0.02450268882,3028.4939999999997,12.664957375728537,,12.925018799999998,0.024,stop,3133.88,up,2.6254621148893595,1,1752624000000,3672.42245,
main,C_CHANNEL,risk_half,76.62849999999992,1756253100000,1753661100000,1753661100000,0.03285419739050001,0.009854781,0.8089105599011936,1753749600000,0.031791008933255004,3740.1186980300004,3740.6798000000003,0.064645206323755,3865.1996930000005,0.5217058326885656,-0.015988001913130698,0.01939351449,3718.2129999999997,-2.2070101227268877,,-2.1069833999999923,0.017,stop,3864.62,up,2.65712450832868,1,1753660800000,3740.6798000000003,
main,C_CHANNEL,risk_half,94.61499999999997,1757606700000,1755014700000,1755014700000,0.029077170921500004,0.008721843,0.3158281033932564,1755176400000,0.029187582705775005,4490.39733935,4491.071,0.05826475362727501,4473.410911,0.515587493134229,-0.030386310986239007,0.01747943145,4281.75,0.13217250393648725,,0.23830300000000174,0.013000000000000001,stop,4472.74,up,2.6516069830218636,1,1755014400000,4491.071,
main,C_CHANNEL,risk_half,82.57300000000001,1766001900000,1763409900000,1763409900000,0.02232077638125,0.0066972375,0.42526124270181015,1763482500000,0.023599634414250004,3146.6179219000005,3146.146,0.04592041079550001,2976.1035175,0.5174391105610783,0.011413823850408948,0.013776066,3146.146,-2.592222652945096,,-2.54394,0.015,stop,2976.55,down,2.6519374142817043,-1,1763409600000,3146.146,
main,C_CHANNEL,risk_half,88.7415,1766174700000,1763582700000,1763582700000,0.020120861418,0.006037163999999999,0.3305584426938134,1763615100000,0.021411122186650006,3058.7317409500006,3058.273,0.041531983604650005,2874.408774,0.5257930034914711,0.0030046753422000006,0.0124595373,3058.273,-2.6190488455624585,,-2.568062,0.014,stop,2874.84,down,2.6454568576493416,-1,1763582400000,3058.273,
main,C_CHANNEL,risk_double,91.02050000000001,1644120300000,1641528300000,1641528300000,0.08235774448500001,0.024711030000000002,0.34501172830264026,1641917700000,0.08128688005332751,3187.720786405,3187.2427,0.1636446245383275,3229.71547,0.5330652317094375,0.0926252844171088,0.049093436655,3420.0910000000003,2.07070952322378,,2.190822300000002,0.051000000000000004,stop,3230.2,down,10.0,-1,1641528000000,3187.2427,
main,C_CHANNEL,risk_double,69.92549999999991,1645315500000,1642723500000,1642723500000,0.08936439333000001,0.02681334,0.4103035581792964,1643188800000,0.075494590990275,2516.4863663425,2516.10895,0.16485898432027501,2978.8131110000004,0.5253950681018714,0.024253028590293314,0.04945832055,3139.7709999999997,27.598998723720047,,27.789063000000024,0.06,stop,2979.26,down,10.020707095232238,-1,1642723200000,2516.10895,
main,C_CHANNEL,risk_double,60.18000000000002,1649203500000,1646611500000,1646611500000,0.09513485263124999,0.028544737499999997,0.3207337297253568,1646796300000,0.09963396660356251,2656.9057760950004,2656.5073,0.19476881923481248,2536.9294035,0.5273667731490941,0.046610181876697916,0.058430444624999994,2669.73,-9.14638658198316,,-8.93979750000002,0.075,stop,2537.31,down,10.296697082469436,-1,1646611200000,2656.5073,
main,C_CHANNEL,risk_double,65.39950000000006,1650801900000,1648209900000,1648209900000,0.11877281325000001,0.0356265,0.3141469594594593,1648742700000,0.12468984621712499,3325.06256579,3325.5614,0.243462659467125,3167.2750200000005,0.5259627602636531,-0.3959522478212515,0.07303906574999999,3036.431,11.194651026961587,,11.907104999999989,0.075,stop,3166.8,up,10.205233216649606,1,1648209600000,3325.5614,
main,C_CHANNEL,risk_double,46.50049999999997,1653465900000,1650873900000,1650873900000,0.14745667818000002,0.04424363999999999,0.3693569100069155,1650903300000,0.15243566442037498,2903.53646515,2903.1009999999997,0.299892342600375,2808.698632,0.5518237599385971,-0.07525707477344684,0.08996748074999997,2903.1009999999997,-10.333121898123803,,-9.868004999999975,0.105,stop,2809.12,down,10.317179726919221,-1,1650873600000,2903.1009999999997,
main,C_CHANNEL,risk_double,114.04650000000004,1654891500000,1652299500000,1652299500000,0.04778440626375,0.014337472499999998,0.34169543250121354,1652644500000,0.04724826617700001,2099.9229412000004,2099.608,0.09503267244075,2123.7513895,0.5074152388208688,-0.09539572205744548,0.028509826499999995,2344.6230000000005,0.8818517790017939,,1.1007899999999995,0.045,stop,2124.07,down,10.213848507937982,-1,1652299200000,2099.608,
main,C_CHANNEL,risk_double,44.816999999999986,1656158700000,1653566700000,1653566700000,0.097907291703,0.029376593999999995,0.4008995758836648,1653582000000,0.10290292912440001,1905.6097986000002,1905.324,0.20081022082740002,1813.0979945,0.5437720430037405,-0.02882772781160658,0.06024284279999999,1905.324,-10.220912791439039,,-9.93103200000002,0.108,stop,1813.37,down,10.222667025728,-1,1653566400000,1905.324,
main,C_CHANNEL,risk_double,42.376500000000036,1657555500000,1654963500000,1654963500000,0.09118691991,0.027360179999999994,0.334516695957821,1655664900000,0.06619358454855001,1103.2264091425002,1103.06095,0.15738050445855,1519.7819985,0.5155865401542172,-0.22784114660563928,0.047215277099999994,1601.623,49.601449071835795,,50.03388599999999,0.12,stop,1520.01,down,10.12045789781361,-1,1654963200000,1103.06095,
main,C_CHANNEL,risk_double,35.887000000000015,1659182700000,1656590700000,1656590700000,0.0737953790325,0.022141934999999998,0.43034595644757884,1656635100000,0.07900088835600003,1089.6674256000003,1089.5040000000001,0.15279626738850002,1017.867297,0.5002925081814051,-0.053138322927,0.045838646999999996,1089.5040000000001,-10.616953237315547,,-10.365180000000022,0.145,stop,1018.02,down,10.616472388531971,-1,1656590400000,1089.5040000000001,
main,C_CHANNEL,risk_double,59.15900000000001,1660781100000,1658189100000,1658189100000,0.07458808653500001,0.022373069999999995,0.46409266409266414,1658348400000,0.070566328962675,1485.60692553,1485.8298,0.14515441549767502,1570.2755060000002,0.5234109767621269,-0.026798556852757494,0.04354614464999999,1461.802,-8.215468117000459,,-7.999968999999999,0.095,stop,1570.04,up,10.510302856158816,1,1658188800000,1485.8298,
main,C_CHANNEL,risk_double,57.21800000000002,1661616300000,1659024300000,1659024300000,0.07608873159800002,0.022823195999999997,0.31786882034746194,1659350700000,0.073276726842,1665.3801555000002,1665.63,0.14936545844000002,1729.2893545000002,0.5164707378105395,-0.1426490380810906,0.044809511999999996,1613.884,-5.916024008521085,,-5.579199999999988,0.088,stop,1729.03,up,10.428148174988813,1,1659024000000,1665.63,
main,C_CHANNEL,risk_double,48.514500000000034,1662941100000,1660349100000,1660349100000,0.10455789133150001,0.031362663,0.31236591361145144,1660496100000,0.10385397674142376,1941.1958269425,1941.48705,0.20841186807292378,1954.3531090000001,0.5348910642377501,-0.03955982361016303,0.06252353015249999,1860.371,-1.6558008718356079,,-1.3453056499999991,0.107,stop,1954.06,up,10.368987934903606,1,1660348800000,1941.48705,
main,C_CHANNEL,risk_double,18.190999999999985,1671537900000,1668945900000,1668945900000,0.1526300920515,0.045795896999999995,0.319156585357085,1669162800000,0.1506328002813125,1149.8687044375001,1149.69625,0.3032628923328125,1165.1152064999999,0.5510519799571565,-0.05015473031931314,0.090978959625,1203.162,3.641165917722811,,4.0855625,0.262,stop,1165.29,down,10.352429926185248,-1,1668945600000,1149.69625,
main,C_CHANNEL,risk_double,10.401500000000045,1675814700000,1673222700000,1673222700000,0.31950415843600005,0.095836872,0.39142948512951764,1674057000000,0.38109276270972,1536.664365765,1536.8949,0.70059692114572,1288.3232195000003,0.5620006109920418,-2.9027112153807324,0.21018185256,1268.847,119.5739004109134,,123.38739039999994,0.496,stop,1288.13,up,10.388841585362478,1,1673222400000,1536.8949,
main,C_CHANNEL,risk_double,18.60749999999998,1680984300000,1678392300000,1678392300000,0.1904058648355,0.057130329,0.36891394281038253,1678641900000,0.19006178369180504,1479.0800287300003,1478.8582000000001,0.3804676485273051,1481.757703,0.5393837874668268,-0.01401330484930044,0.11414031260999999,1525.0349999999999,0.29368133401330976,,0.8023025999999727,0.257,stop,1481.98,down,11.584580589471615,-1,1678392000000,1478.8582000000001,
main,C_CHANNEL,risk_double,25.817999999999984,1683979500000,1681387500000,1681387500000,0.20664155158400005,0.061983168,0.32728440974317996,1681731000000,0.21512884343236008,2068.5465714650004,2068.8569,0.42177039501636016,1986.9379960000003,0.5439332546061109,-0.5191931142571681,0.12653150328,1933.5140000000001,16.033620187446488,,17.101115200000027,0.20800000000000002,stop,1986.64,up,11.587517402811752,1,1681387200000,2068.8569,
main,C_CHANNEL,risk_double,25.949,1701749100000,1699157100000,1699157100000,0.20872933970525004,0.06260941049999999,0.5391928964838438,1699376700000,0.2048801429180675,1854.118940435,1854.3971,0.41360948262331754,1888.9533005000003,0.5565283625270295,-0.33351700134023704,0.12408267436499998,1837.952,-8.445520058328617,,-7.574310900000036,0.221,stop,1888.67,up,11.747853604686215,1,1699156800000,1854.3971,
main,C_CHANNEL,risk_double,26.0255,1702094700000,1699502700000,1699502700000,0.19981292744400006,0.059934888000000006,0.6131888917547932,1699749900000,0.20972273607011999,2016.5647699049998,2016.8673,0.4095356635141201,1921.2781485000003,0.5239012166509207,-1.003418974676028,0.12286114776000001,1867.6090000000002,18.40666261404976,,19.942478399999978,0.20800000000000002,stop,1920.99,up,11.663398404102928,1,1699502400000,2016.8673,
main,C_CHANNEL,risk_double,41.629,1704557100000,1701965100000,1701965100000,0.14795687020200002,0.04438040399999999,0.37579072401314917,1702164600000,0.14790427095601127,2329.2011174175,2329.55055,0.2958611411580113,2330.029452,0.5245462322291509,-0.3989370751645436,0.08875834197749999,2239.552,-0.7999967083000863,,-0.01644014999998808,0.127,stop,2329.68,up,11.847465030243423,1,1701964800000,2329.55055,
main,C_CHANNEL,risk_double,29.831999999999947,1710345900000,1707753900000,1707753900000,0.27159230273550006,0.081465471,0.5255072636578644,1708096200000,0.2929619482651275,2750.816415635,2751.2291,0.5645542510006276,2550.1624670000006,0.5431315826140006,-0.7187582020559319,0.16936724074499998,2497.666,41.45597860619829,,42.908658299999956,0.213,stop,2549.78,up,11.839465063160421,1,1707753600000,2751.2291,
main,C_CHANNEL,risk_double,46.41649999999997,1710893100000,1708301100000,1708301100000,0.18729699033500002,0.056180669999999995,0.6561315097699558,1708526100000,0.1864377218962375,2868.2726445575,2868.70295,0.37373471223123755,2881.4921590000004,0.5199095359252949,-0.43700318568064267,0.11212037752499998,2790.747,-2.529274775436938,,-1.6064165000000095,0.13,stop,2881.06,up,12.254024849222402,1,1708300800000,2868.70295,
main,C_CHANNEL,risk_double,45.60300000000002,1711483500000,1708891500000,1708891500000,0.19147727728400002,0.057434568,0.6847405418213413,1709141400000,0.19604477047276,3162.0124269800003,3162.4868,0.38752204775676,3088.3431820000005,0.5318749470199425,-1.3237017334814967,0.11625682248,2993.364,7.42376259628172,,9.251243200000003,0.124,stop,3087.88,up,12.22873210146803,1,1708891200000,3162.4868,
main,C_CHANNEL,risk_double,84.9835,1711800300000,1709208300000,1709208300000,0.13330917337700002,0.03998675399999999,0.7451724052452837,1709240700000,0.1273030556769,3350.0804125500003,3350.583,0.2606122290539,3508.1361415000006,0.5061763900800867,-0.19973084093319998,0.07818340019999999,3350.583,-12.472578470187118,,-11.934052000000003,0.076,stop,3507.61,up,12.302969727430845,1,1709208000000,3350.583,
main,C_CHANNEL,risk_double,53.32550000000001,1712160300000,1709568300000,1709568300000,0.19421262752500001,0.058255049999999996,0.6919336477476004,1709667300000,0.188323692708175,3455.48060015,3455.9990000000003,0.382536320233175,3563.5344500000006,0.5023643901442415,-0.9013680529877399,0.11476063365,3455.9990000000003,-13.061774006870966,,-11.663108999999972,0.109,stop,3563.0,up,12.178243942728976,1,1709568000000,3455.9990000000003,
main,C_CHANNEL,risk_double,120.10750000000004,1712318700000,1709726700000,1709726700000,0.08776001202750001,0.026324054999999996,0.5808412737517179,1710081600000,0.08694509802873751,3864.2265790550005,3864.8063,0.1747051100562375,3900.4449790000003,0.5094460328539856,-0.870489486385883,0.05241149752499999,3642.855,-2.675022593967115,,-1.5774164999999971,0.045,stop,3899.86,up,12.047626202660263,1,1709726400000,3864.8063,
main,C_CHANNEL,risk_double,71.83849999999995,1712736300000,1710144300000,1710144300000,0.17221072773500004,0.05165547,0.6301628631234995,1710264000000,0.16637183948015002,3869.11254605,3869.693,0.33858256721515007,4004.9006450000006,0.4961803118779704,-0.7566663822598338,0.10157450970000001,3869.693,-12.773025459175019,,-11.576201999999999,0.08600000000000001,stop,4004.3,up,12.020875976720589,1,1710144000000,3869.693,
main,C_CHANNEL,risk_double,70.54199999999999,1717142700000,1714550700000,1714550700000,0.10410026761725,0.031234765499999994,0.31018433848152516,1714589400000,0.10986592841764999,3010.0254360999998,3009.5739999999996,0.21396619603489997,2852.0621265,0.5496022408117593,0.015470801804809938,0.06418960079999998,3009.5739999999996,-11.729816995030072,,-11.467131999999987,0.073,stop,2852.49,down,11.893145722128835,-1,1714550400000,3009.5739999999996,
main,C_CHANNEL,risk_double,55.73599999999999,1718841900000,1716249900000,1716249900000,0.17622290947200003,0.052858944,0.41149954329232824,1716494400000,0.17491114659192,3643.9822206649997,3644.5289,0.35113405606392,3671.3106140000004,0.5134993060609094,-0.3497976421820995,0.10534016015999999,3552.9179999999997,-3.324457458406095,,-2.5181856000000407,0.096,stop,3670.76,up,11.775847552178536,1,1716249600000,3644.5289,
main,C_CHANNEL,risk_double,63.32000000000003,1719417900000,1716825900000,1716825900000,0.17263345613475004,0.05178226949999999,0.4654021896489318,1716861600000,0.16699276232775004,3838.9140765,3839.4900000000002,0.3396262184625001,3968.5851985,0.5105755374003701,-0.033895983000000005,0.10188761399999999,3839.4900000000002,-11.65490981546248,,-11.179499999999962,0.08700000000000001,stop,3967.99,up,11.742602977594476,1,1716825600000,3839.4900000000002,
main,C_CHANNEL,risk_double,55.57250000000006,1722729900000,1720137900000,1720137900000,0.13229279810325004,0.0396937935,0.4420108468919486,1720298100000,0.13370143558250627,3073.5962202875003,3073.13525,0.2659942336857563,3041.2137495,0.5358323705600394,0.09269409797844372,0.0797982085125,3170.455,-2.9905750942198215,,-2.7374767499999777,0.08700000000000001,stop,3041.67,down,11.626053879439851,-1,1720137600000,3073.13525,
main,C_CHANNEL,risk_double,68.48149999999995,1725379500000,1722787500000,1722787500000,0.10844862526575001,0.032539468499999995,0.44665670123745954,1723133400000,0.09860404261313375,2561.1439639775003,2560.75985,0.20705266787888377,2816.8474095,0.5363062488323578,-0.07642919488124444,0.06211624476749999,2963.0229999999997,19.40568344247236,,19.751281550000005,0.077,stop,2817.27,down,11.596148128497653,-1,1722787200000,2560.75985,
main,C_CHANNEL,risk_double,31.192499999999974,1732061100000,1729469100000,1729469100000,0.25927601056875005,0.07777113749999999,0.4050720041029517,1729516500000,0.25365617336587504,2684.19231075,2684.5950000000003,0.512932183934625,2743.6614875000005,0.5294983507600661,-0.051458841000000005,0.15387940574999998,2684.5950000000003,-11.804065430684686,,-11.085794999999951,0.189,stop,2743.25,up,11.790204962922378,1,1729468800000,2684.5950000000003,
main,C_CHANNEL,risk_double,70.12749999999991,1733832300000,1731240300000,1731240300000,0.12437365325000002,0.0373065,0.31522587536116775,1731273000000,0.11867249895462502,3082.4025702500003,3082.8650000000002,0.24304615220462505,3230.4845000000005,0.4993415261629004,-0.06605745918209825,0.07291359075,3082.8650000000002,-11.711412202136739,,-11.329394999999982,0.077,stop,3230.0,up,11.67216430861553,1,1731240000000,3082.8650000000002,
main,C_CHANNEL,risk_double,80.83949999999993,1733961900000,1731369900000,1731369900000,0.13412091512000002,0.040230239999999994,0.5436279331178866,1731419100000,0.128514359954,3212.8589988500003,3213.3410000000003,0.26263527507400003,3353.022878,0.49530049543340293,-0.15539910514094177,0.07879033199999999,3213.3410000000003,-11.63114471221494,,-11.13431999999997,0.08,stop,3352.52,up,11.555050186594162,1,1731369600000,3213.3410000000003,
main,C_CHANNEL,risk_double,73.34749999999997,1734969900000,1732377900000,1732377900000,0.12493297713600002,0.037474272,0.4217372815834239,1732451700000,0.11937375125100003,3315.9375347500004,3316.4350000000004,0.24430672838700004,3470.3604760000003,0.5012890738986768,-0.12454290100293124,0.07329177,3316.4350000000004,-11.487301399389924,,-11.045159999999983,0.07200000000000001,stop,3469.84,up,11.438738739472013,1,1732377600000,3316.4350000000004,
main,C_CHANNEL,risk_double,70.46799999999999,1735920300000,1733328300000,1733328300000,0.14542881105000002,0.04362209999999999,0.349929798714341,1733437500000,0.1399502563122,3682.9014819,3683.4539999999997,0.28537906736220003,3827.0739750000002,0.5048497865136867,-0.3061167233784,0.08561347559999999,3683.4539999999997,-11.548605266340626,,-10.87149600000002,0.076,stop,3826.5,up,11.323865725478113,1,1733328000000,3683.4539999999997,
main,C_CHANNEL,risk_double,96.54749999999999,1736093100000,1733501100000,1733501100000,0.10623137731675002,0.031864633499999996,0.3641746234590985,1733645700000,0.10471767214267749,3951.6102695349996,3952.2030999999997,0.2109490494594275,4008.7312195000004,0.5096836523621937,-0.26008235438801064,0.06328464814499998,3803.1850000000004,-3.4984417519924813,,-2.9641257000000203,0.053,stop,4008.13,up,11.208379672814708,1,1733500800000,3952.2030999999997,
main,C_CHANNEL,risk_double,30.667999999999985,1749269100000,1746677100000,1746677100000,0.16078198368050003,0.048227361,0.4453239284211369,1747075500000,0.20491226727369127,2424.9972458425,2425.36105,0.3656942509541913,1902.7453690000002,0.5682046724759515,-0.4771870318847574,0.1097102636175,1839.164,87.41768590354354,,88.37027744999999,0.169,stop,1902.46,up,11.173395255294784,1,1746676800000,2425.36105,
main,C_CHANNEL,risk_double,54.56299999999999,1755216300000,1752624300000,1752624300000,0.17238925451000003,0.05170902,0.6198395281854343,1753159800000,0.2019529372647875,3671.8715866325,3672.42245,0.37434219177478756,3134.3500820000004,0.5331977111278998,-0.7053020123777101,0.112303990425,3028.4939999999997,58.04772130542248,,59.23966949999999,0.11,stop,3133.88,up,12.047572114330219,1,1752624000000,3672.42245,
main,C_CHANNEL,risk_double,76.62849999999992,1756253100000,1753661100000,1753661100000,0.16040578725950003,0.048114518999999994,0.8089105599011936,1753749600000,0.15521492596824502,3740.1186980300004,3740.6798000000003,0.31562071322774504,3865.1996930000005,0.5217058326885656,-0.0780590681641087,0.09468598250999999,3718.2129999999997,-10.775402363901863,,-10.287036599999963,0.083,stop,3864.62,up,12.62804932738444,1,1753660800000,3740.6798000000003,
main,C_CHANNEL,risk_double,94.61499999999997,1757606700000,1755014700000,1755014700000,0.1409124436965,0.042267393,0.3158281033932564,1755176400000,0.141447516189525,4490.39733935,4491.071,0.282359959886025,4473.410911,0.515587493134229,-0.14725673785638901,0.08470801395,4281.75,0.640528288307592,,1.1548530000000083,0.063,stop,4472.74,up,12.52029530374542,1,1755014400000,4491.071,
main,C_CHANNEL,risk_double,82.57300000000001,1766001900000,1763409900000,1763409900000,0.10713972663000002,0.03214674,0.42526124270181015,1763482500000,0.11327824518840003,3146.6179219000005,3146.146,0.22041797181840006,2976.1035175,0.5174391105610783,0.05478635448196296,0.0661251168,3146.146,-12.442668734136463,,-12.210912000000002,0.07200000000000001,stop,2976.55,down,12.526700586628497,-1,1763409600000,3146.146,
main,C_CHANNEL,risk_double,88.7415,1766174700000,1763582700000,1763582700000,0.094855489542,0.028460916000000003,0.3305584426938134,1763615100000,0.10093814745135002,3058.7317409500006,3058.273,0.19579363699335,2874.408774,0.5257930034914711,0.014164898041800003,0.0587378187,3058.273,-12.34694455765159,,-12.106578,0.066,stop,2874.84,down,12.402273899287131,-1,1763582400000,3058.273,
main,C_CHANNEL,flow55,46.50049999999997,1653465900000,1650873900000,1650873900000,0.071621815116,0.021489767999999996,0.3693569100069155,1650903300000,0.07404017986132501,2903.53646515,2903.1009999999997,0.14566199497732502,2808.698632,0.5518237599385971,-0.03655343631853133,0.04369849064999999,2903.1009999999997,-5.018944921945848,,-4.7930309999999885,0.051000000000000004,stop,2809.12,down,5.0,-1,1650873600000,2903.1009999999997,
main,C_CHANNEL,flow55,18.190999999999985,1671537900000,1668945900000,1668945900000,0.0734022580095,0.022023980999999998,0.319156585357085,1669162800000,0.0724417283795625,1149.8687044375001,1149.69625,0.14584398638906249,1165.1152064999999,0.5510519799571565,-0.024120213817684956,0.043753240124999995,1203.162,1.751095059668222,,1.9648125,0.126,stop,1165.29,down,4.974905275390271,-1,1668945600000,1149.69625,
main,C_CHANNEL,flow55,10.401500000000045,1675814700000,1673222700000,1673222700000,0.15266630151075003,0.0457930215,0.39142948512951764,1674057000000,0.1820947273431525,1536.664365765,1536.8949,0.3347610288539025,1288.3232195000003,0.5620006109920418,-1.386980963800874,0.100429635195,1268.847,57.13510967215015,,58.95728129999998,0.23700000000000002,stop,1288.13,up,4.983660750688612,1,1673222400000,1536.8949,
main,C_CHANNEL,flow55,25.949,1701749100000,1699157100000,1699157100000,0.09350318837475002,0.028046749500000002,0.5391928964838438,1699376700000,0.0917788875515325,1854.118940435,1854.3971,0.18528207592628254,1888.9533005000003,0.5565283625270295,-0.14940354358680305,0.055584546435,1837.952,-3.783287265948114,,-3.393017100000016,0.099,stop,1888.67,up,5.269336299049363,1,1699156800000,1854.3971,
main,C_CHANNEL,flow55,30.667999999999985,1749269100000,1746677100000,1746677100000,0.0751584420755,0.022544151,0.4453239284211369,1747075500000,0.09578739121077876,2424.9972458425,2425.36105,0.17094583328627877,1902.7453690000002,0.5682046724759515,-0.22306376046683932,0.051284679442499995,1839.164,40.86388867680437,,41.30918294999999,0.079,stop,1902.46,up,5.250419862719622,1,1746676800000,2425.36105,
main,C_CHANNEL,min50,91.02050000000001,1644120300000,1641528300000,1641528300000,0.040371443375,0.012113249999999999,0.34501172830264026,1641917700000,0.0398465098300625,3187.720786405,3187.2427,0.0802179532050625,3229.71547,0.5330652317094375,0.04540455118485727,0.024065410125,3420.0910000000003,1.015053687854794,,1.0739325000000008,0.025,stop,3230.2,down,5.0,-1,1641528000000,3187.2427,
main,C_CHANNEL,min50,69.92549999999991,1645315500000,1642723500000,1642723500000,0.04468219666500001,0.01340667,0.4103035581792964,1643188800000,0.0377472954951375,2516.4863663425,2516.10895,0.08242949216013751,2978.8131110000004,0.5253950681018714,0.012126514295146657,0.024729160275,3139.7709999999997,13.799499361860024,,13.894531500000012,0.03,stop,2979.26,down,5.005075268439274,-1,1642723200000,2516.10895,
main,C_CHANNEL,min50,60.18000000000002,1649203500000,1646611500000,1646611500000,0.04693319396475,0.014082070499999997,0.3207337297253568,1646796300000,0.0491527568577575,2656.9057760950004,2656.5073,0.09608595082250751,2536.9294035,0.5273667731490941,0.022994356392504304,0.028825686014999997,2669.73,-4.512217380445025,,-4.4103001000000095,0.037,stop,2537.31,down,5.074072765248575,-1,1646611200000,2656.5073,
main,C_CHANNEL,min50,65.39950000000006,1650801900000,1648209900000,1648209900000,0.058594587870000006,0.01757574,0.3141469594594593,1648742700000,0.061513657467115,3325.06256579,3325.5614,0.120108245337115,3167.2750200000005,0.5259627602636531,-0.19533644225848407,0.03603260577,3036.431,5.522694506634382,,5.874171799999995,0.037,stop,3166.8,up,5.05151167834635,1,1648209600000,3325.5614,
main,C_CHANNEL,min50,46.50049999999997,1653465900000,1650873900000,1650873900000,0.071621815116,0.021489767999999996,0.3693569100069155,1650903300000,0.07404017986132501,2903.53646515,2903.1009999999997,0.14566199497732502,2808.698632,0.5518237599385971,-0.03655343631853133,0.04369849064999999,2903.1009999999997,-5.018944921945848,,-4.7930309999999885,0.051000000000000004,stop,2809.12,down,5.0791251508795225,-1,1650873600000,2903.1009999999997,
main,C_CHANNEL,min50,44.816999999999986,1656158700000,1653566700000,1653566700000,0.048047096854249995,0.014416291499999996,0.4008995758836648,1653582000000,0.05049865966290001,1905.6097986000002,1905.324,0.09854575651715,1813.0979945,0.5437720430037405,-0.014146940500140268,0.029563617299999997,1905.324,-5.015818314317305,,-4.8735620000000095,0.053,stop,1813.37,down,5.054030426269793,-1,1653566400000,1905.324,
main,C_CHANNEL,min50,42.376500000000036,1657555500000,1654963500000,1654963500000,0.045593459955,0.013680089999999997,0.334516695957821,1655664900000,0.033096792274275005,1103.2264091425002,1103.06095,0.078690252229275,1519.7819985,0.5155865401542172,-0.11392057330281964,0.023607638549999997,1601.623,24.800724535917897,,25.016942999999994,0.06,stop,1520.01,down,5.028951334698206,-1,1654963200000,1103.06095,
main,C_CHANNEL,min50,35.887000000000015,1659182700000,1656590700000,1656590700000,0.03562535539500001,0.010689210000000001,0.43034595644757884,1656635100000,0.03813835989600002,1089.6674256000003,1089.5040000000001,0.07376371529100004,1017.867297,0.5002925081814051,-0.025652983482000007,0.022129002000000002,1089.5040000000001,-5.125425700773024,,-5.003880000000011,0.07,stop,1018.02,down,5.152954957377797,-1,1656590400000,1089.5040000000001,
main,C_CHANNEL,min50,59.15900000000001,1660781100000,1658189100000,1658189100000,0.036116336638,0.010833276,0.46409266409266414,1658348400000,0.03416895928719,1485.60692553,1485.8298,0.07028529592519,1570.2755060000002,0.5234109767621269,-0.012976143318177313,0.021085501619999995,1461.802,-3.97801614086338,,-3.8736691999999993,0.046,stop,1570.04,up,5.127327828873932,1,1658188800000,1485.8298,
main,C_CHANNEL,min50,57.21800000000002,1661616300000,1659024300000,1659024300000,0.037179721121750005,0.0111522435,0.31786882034746194,1659350700000,0.03580567334325001,1665.3801555000002,1665.63,0.07298539446500002,1729.2893545000002,0.5164707378105395,-0.06970350724416928,0.021895557000000003,1613.884,-2.890784458709167,,-2.726199999999994,0.043000000000000003,stop,1729.03,up,5.107437748169614,1,1659024000000,1665.63,
main,C_CHANNEL,min50,48.514500000000034,1662941100000,1660349100000,1660349100000,0.05081318083400001,0.015241667999999998,0.31236591361145144,1660496100000,0.05047109150050501,1941.1958269425,1941.48705,0.10128427233450502,1954.3531090000001,0.5348910642377501,-0.019225334838583904,0.030385266989999996,1860.371,-0.8046882741630992,,-0.6537933999999996,0.052000000000000005,stop,1954.06,up,5.092983825876068,1,1660348800000,1941.48705,
main,C_CHANNEL,min50,18.190999999999985,1671537900000,1668945900000,1668945900000,0.07514993081924999,0.022548361499999996,0.319156585357085,1669162800000,0.07416653143621876,1149.8687044375001,1149.69625,0.14931646225546874,1165.1152064999999,0.5510519799571565,-0.024694504622867926,0.04479498393749999,1203.162,1.7927877991841321,,2.01159375,0.129,stop,1165.29,down,5.088960384505253,-1,1668945600000,1149.69625,
main,C_CHANNEL,min50,10.401500000000045,1675814700000,1673222700000,1673222700000,0.15653127116925003,0.0469523385,0.39142948512951764,1674057000000,0.1867047204404475,1536.664365765,1536.8949,0.34323599160969753,1288.3232195000003,0.5620006109920418,-1.4220944059224154,0.102972157605,1268.847,58.58156814486281,,60.44987069999998,0.243,stop,1288.13,up,5.097924323501173,1,1673222400000,1536.8949,
main,C_CHANNEL,min50,18.60749999999998,1680984300000,1678392300000,1678392300000,0.08816458332850001,0.026453343,0.36891394281038253,1678641900000,0.08800526170943504,1479.0800287300003,1478.8582000000001,0.17616984503793504,1481.757703,0.5393837874668268,-0.006488650883528215,0.052850961870000004,1525.0349999999999,0.1359847422084975,,0.3714941999999874,0.11900000000000001,stop,1481.98,down,5.390832164225486,-1,1678392000000,1478.8582000000001,
main,C_CHANNEL,min50,25.817999999999984,1683979500000,1681387500000,1681387500000,0.09537302380800002,0.028607616,0.32728440974317996,1681731000000,0.09929023543032002,2068.5465714650004,2068.8569,0.19466325923832004,1986.9379960000003,0.5439332546061109,-0.23962759119561605,0.05839915536,1933.5140000000001,7.40013239420607,,7.892822400000012,0.096,stop,1986.64,up,5.391512087936526,1,1681387200000,2068.8569,
main,C_CHANNEL,min50,25.949,1701749100000,1699157100000,1699157100000,0.09633661832550003,0.028896651000000002,0.5391928964838438,1699376700000,0.09456006596218501,1854.118940435,1854.3971,0.19089668428768503,1888.9533005000003,0.5565283625270295,-0.153930923695494,0.057268926629999994,1837.952,-3.897932334613208,,-3.495835800000017,0.10200000000000001,stop,1888.67,up,5.428512749907555,1,1699156800000,1854.3971,
main,C_CHANNEL,min50,26.0255,1702094700000,1699502700000,1699502700000,0.092221351128,0.027662256,0.6131888917547932,1699749900000,0.09679510895544,2016.5647699049998,2016.8673,0.18901646008344,1921.2781485000003,0.5239012166509207,-0.46311644985047445,0.056705145119999995,1867.6090000000002,8.495382744946042,,9.20422079999999,0.096,stop,1920.99,up,5.409023088234489,1,1699502400000,2016.8673,
main,C_CHANNEL,min50,41.629,1704557100000,1701965100000,1701965100000,0.06757085410800001,0.020268216,0.37579072401314917,1702164600000,0.0675468324051075,2329.2011174175,2329.55055,0.13511768651310752,2330.029452,0.5245462322291509,-0.18219173511451597,0.040535305785,2239.552,-0.3653528274126378,,-0.007508099999994557,0.058,stop,2329.68,up,5.451500001959221,1,1701964800000,2329.55055,
main,C_CHANNEL,min50,29.831999999999947,1710345900000,1707753900000,1707753900000,0.12495796088300003,0.037481766,0.5255072636578644,1708096200000,0.134790004366115,2750.816415635,2751.2291,0.25974796524911503,2550.1624670000006,0.5431315826140006,-0.33069626197878554,0.07792483377000001,2497.666,19.073642739002036,,19.742011799999982,0.098,stop,2549.78,up,5.449673237822158,1,1707753600000,2751.2291,
main,C_CHANNEL,min50,46.41649999999997,1710893100000,1708301100000,1708301100000,0.08356327261100002,0.025065221999999998,0.6561315097699558,1708526100000,0.0831799066921675,2868.2726445575,2868.70295,0.1667431793031675,2881.4921590000004,0.5199095359252949,-0.1949706520729021,0.050022937664999996,2790.747,-1.1284456690410951,,-0.7167089000000042,0.058,stop,2881.06,up,5.545041451517169,1,1708300800000,2868.70295,
main,C_CHANNEL,min50,45.60300000000002,1711483500000,1708891500000,1708891500000,0.08647360909600002,0.025938192,0.6847405418213413,1709141400000,0.08853634795544,3162.0124269800003,3162.4868,0.17500995705144,3088.3431820000005,0.5318749470199425,-0.5978007828626115,0.05250308112,2993.364,3.352666978965938,,4.177980800000001,0.056,stop,3087.88,up,5.539399223171967,1,1708891200000,3162.4868,
main,C_CHANNEL,min50,84.9835,1711800300000,1709208300000,1709208300000,0.05963831440550001,0.017888811,0.7451724052452837,1709240700000,0.05695136701335001,3350.0804125500003,3350.583,0.11658968141885002,3508.1361415000006,0.5061763900800867,-0.08935327094380001,0.0349767843,3350.583,-5.579837736662658,,-5.338918000000002,0.034,stop,3507.61,up,5.556162558066795,1,1709208000000,3350.583,
main,C_CHANNEL,min50,53.32550000000001,1712160300000,1709568300000,1709568300000,0.08730659402500003,0.02618805,0.6919336477476004,1709667300000,0.08465927470367501,3455.48060015,3455.9990000000003,0.17196586872867503,3563.5344500000006,0.5023643901442415,-0.40520215226054357,0.05158964265,3455.9990000000003,-5.871806663639242,,-5.243048999999988,0.049,stop,3563.0,up,5.528263369383483,1,1709568000000,3455.9990000000003,
main,C_CHANNEL,min50,120.10750000000004,1712318700000,1709726700000,1709726700000,0.039004449790000006,0.01169958,0.5808412737517179,1710081600000,0.03864226579055001,3864.2265790550005,3864.8063,0.07764671558055002,3900.4449790000003,0.5094460328539856,-0.3868842161715036,0.023293998899999998,3642.855,-1.188898930652051,,-0.7010739999999988,0.02,stop,3899.86,up,5.498904336065286,1,1709726400000,3864.8063,
main,C_CHANNEL,min50,71.83849999999995,1712736300000,1710144300000,1710144300000,0.07809556257750001,0.023425154999999996,0.6301628631234995,1710264000000,0.075447694647975,3869.11254605,3869.693,0.15354325722547502,4004.9006450000006,0.4961803118779704,-0.34313940590852926,0.046062859049999995,3869.693,-5.79241852218402,,-5.249672999999999,0.039,stop,4004.3,up,5.492959841412027,1,1710144000000,3869.693,
main,C_CHANNEL,min50,70.54199999999999,1717142700000,1714550700000,1714550700000,0.04705902508725,0.014119825499999999,0.31018433848152516,1714589400000,0.049665419695650005,3010.0254360999998,3009.5739999999996,0.09672444478290002,2852.0621265,0.5496022408117593,0.00699365013094148,0.029017216799999995,3009.5739999999996,-5.302520011451951,,-5.183771999999995,0.033,stop,2852.49,down,5.4639977488011064,-1,1714550400000,3009.5739999999996,
main,C_CHANNEL,min50,55.73599999999999,1718841900000,1716249900000,1716249900000,0.080768833508,0.024227015999999997,0.41149954329232824,1716494400000,0.08016760885463,3643.9822206649997,3644.5289,0.16093644236263,3671.3106140000004,0.5134993060609094,-0.1603239193334623,0.04828090673999999,3552.9179999999997,-1.5237096684361264,,-1.1541684000000185,0.044,stop,3670.76,up,5.437485148743845,1,1716249600000,3644.5289,
main,C_CHANNEL,min50,63.32000000000003,1719417900000,1716825900000,1716825900000,0.07937170397,0.023807939999999996,0.4654021896489318,1716861600000,0.07677828153,3838.9140765,3839.4900000000002,0.1561499855,3968.5851985,0.5105755374003701,-0.015584360000000004,0.04684487999999999,3839.4900000000002,-5.35857922549999,,-5.139999999999982,0.04,stop,3967.99,up,5.429866600401665,1,1716825600000,3839.4900000000002,
main,C_CHANNEL,min50,55.57250000000006,1722729900000,1720137900000,1720137900000,0.06082427499000001,0.01825002,0.4420108468919486,1720298100000,0.06147192440575001,3073.5962202875003,3073.13525,0.12229619939575001,3041.2137495,0.5358323705600394,0.04261797608204308,0.0366888315,3170.455,-1.3749770548137108,,-1.2586099999999898,0.04,stop,3041.67,down,5.403073704274164,-1,1720137600000,3073.13525,
main,C_CHANNEL,min50,68.48149999999995,1725379500000,1722787500000,1722787500000,0.05070325337100001,0.015213258,0.44665670123745954,1723133400000,0.04610059135159501,2561.1439639775003,2560.75985,0.09680384472259503,2816.8474095,0.5363062488323578,-0.03573313007434806,0.02904136119,2963.0229999999997,9.072787064013053,,9.234365400000003,0.036000000000000004,stop,2817.27,down,5.396198819000097,-1,1722787200000,2560.75985,
main,C_CHANNEL,min50,31.192499999999974,1732061100000,1729469100000,1729469100000,0.11934927470625004,0.0357994125,0.4050720041029517,1729516500000,0.11676236551762502,2684.19231075,2684.5950000000003,0.23611164022387504,2743.6614875000005,0.5294983507600661,-0.023687403000000003,0.07083337725000001,2684.5950000000003,-5.433617420473903,,-5.102984999999978,0.08700000000000001,stop,2743.25,up,5.44156275432016,1,1729468800000,2684.5950000000003,
main,C_CHANNEL,min50,70.12749999999991,1733832300000,1731240300000,1731240300000,0.05653347875000002,0.0169575,0.31522587536116775,1731273000000,0.05394204497937501,3082.4025702500003,3082.8650000000002,0.11047552372937502,3230.4845000000005,0.4993415261629004,-0.030026117810044668,0.033142541250000004,3082.8650000000002,-5.323369182789427,,-5.149724999999992,0.035,stop,3230.0,up,5.414394667217791,1,1731240000000,3082.8650000000002,
main,C_CHANNEL,min50,80.83949999999993,1733961900000,1731369900000,1731369900000,0.062030923243000004,0.018606486,0.5436279331178866,1731419100000,0.059437891478725004,3212.8589988500003,3213.3410000000003,0.12146881472172501,3353.022878,0.49530049543340293,-0.07187208612768556,0.03644052855,3213.3410000000003,-5.3794044293994085,,-5.149622999999986,0.037,stop,3352.52,up,5.387777821303845,1,1731369600000,3213.3410000000003,
main,C_CHANNEL,min50,73.34749999999997,1734969900000,1732377900000,1732377900000,0.05726094785400001,0.017175707999999998,0.4217372815834239,1732451700000,0.05471296932337501,3315.9375347500004,3316.4350000000004,0.11197391717737501,3470.3604760000003,0.5012890738986768,-0.057082162959676816,0.03359206125,3316.4350000000004,-5.2650131413870485,,-5.062364999999992,0.033,stop,3469.84,up,5.360880799156848,1,1732377600000,3316.4350000000004,
main,C_CHANNEL,min50,70.46799999999999,1735920300000,1733328300000,1733328300000,0.06888733155000001,0.0206631,0.349929798714341,1733437500000,0.06629222667420001,3682.9014819,3683.4539999999997,0.13517955822420002,3827.0739750000002,0.5048497865136867,-0.1450026584424,0.04055375159999999,3683.4539999999997,-5.470391968266613,,-5.149656000000011,0.036000000000000004,stop,3826.5,up,5.334555733449913,1,1733328000000,3683.4539999999997,
main,C_CHANNEL,min50,96.54749999999999,1736093100000,1733501100000,1733501100000,0.05010914024375,0.0150304875,0.3641746234590985,1733645700000,0.049395128369187496,3951.6102695349996,3952.2030999999997,0.0995042686129375,4008.7312195000004,0.5096836523621937,-0.12268035584340126,0.029851249125,3803.1850000000004,-1.6502083735813593,,-1.3981725000000098,0.025,stop,4008.13,up,5.307203773608579,1,1733500800000,3952.2030999999997,
main,C_CHANNEL,min50,30.667999999999985,1749269100000,1746677100000,1746677100000,0.07610981476,0.02282952,0.4453239284211369,1747075500000,0.0969998898337,2424.9972458425,2425.36105,0.1731097045937,1902.7453690000002,0.5682046724759515,-0.22588735237148283,0.0519338526,1839.164,41.3811530904348,,41.832083999999995,0.08,stop,1902.46,up,5.298952731740672,1,1746676800000,2425.36105,
main,C_CHANNEL,min50,54.56299999999999,1755216300000,1752624300000,1752624300000,0.07835875205000002,0.0235041,0.6198395281854343,1753159800000,0.09179678966581252,3671.8715866325,3672.42245,0.17015554171581254,3134.3500820000004,0.5331977111278998,-0.32059182380805,0.051047268374999996,3028.4939999999997,26.38532786610112,,26.927122499999996,0.05,stop,3133.88,up,5.505858497192846,1,1752624000000,3672.42245,
main,C_CHANNEL,min50,76.62849999999992,1756253100000,1753661100000,1753661100000,0.0715061943205,0.021448640999999997,0.8089105599011936,1753749600000,0.069192195913555,3740.1186980300004,3740.6798000000003,0.140698390234055,3865.1996930000005,0.5217058326885656,-0.03479741592857857,0.04220941389,3718.2129999999997,-4.803492620052638,,-4.585787399999983,0.037,stop,3864.62,up,5.637785136523352,1,1753660800000,3740.6798000000003,
main,C_CHANNEL,min50,94.61499999999997,1757606700000,1755014700000,1755014700000,0.062627752754,0.018785507999999996,0.3158281033932564,1755176400000,0.06286556275090001,4490.39733935,4491.071,0.1254933155049,4473.410911,0.515587493134229,-0.065447439047284,0.037648006199999993,4281.75,0.2846792392478187,,0.5132680000000037,0.028,stop,4472.74,up,5.613767673423088,1,1755014400000,4491.071,
main,C_CHANNEL,min50,82.57300000000001,1766001900000,1763409900000,1763409900000,0.047617656280000004,0.014287439999999998,0.42526124270181015,1763482500000,0.05034588675040001,3146.6179219000005,3146.146,0.09796354303040002,2976.1035175,0.5174391105610783,0.024349490880872425,0.0293889408,3146.146,-5.5300749929495385,,-5.427072,0.032,stop,2976.55,down,5.6151910696193275,-1,1763409600000,3146.146,
main,C_CHANNEL,min50,88.7415,1766174700000,1763582700000,1763582700000,0.041678927223000005,0.012505554,0.3305584426938134,1763615100000,0.044351610243775014,3058.7317409500006,3058.273,0.08603053746677503,2874.408774,0.5257930034914711,0.006223970351700001,0.02580904155,3058.273,-5.425172608665092,,-5.319557,0.029,stop,2874.84,down,5.58754069465458,-1,1763582400000,3058.273,
recent,A_ACCEPT,base,42.736999999999966,1768089900000,1767657900000,1767657900000,0.100112154571,0.030029141999999995,0.605453112199949,1767798900000,0.09772016507620501,3152.2633895550002,3152.7363,0.19783231964720502,3229.4243410000004,0.5010235988130601,-0.052647078097907425,0.05934958958999999,3152.7363,-5.03445838733512,1767643200000,-4.724629400000001,0.062,stop,3228.94,up,5.0,1,1767657600000,3152.7363,3381.3474
recent,A_ACCEPT,base,33.803499999999985,1768766700000,1768334700000,1768334700000,0.08517396917925,0.0255483585,0.1990238246120245,1768408200000,0.0898684412614675,3391.261934395,3391.7707,0.1750424104407175,3214.1120445000006,0.5113768984783305,-0.050061802006,0.052512935564999995,3124.55965,9.163839951988251,1768320000000,9.441457099999996,0.053,target,3213.63,range,4.974827708063325,1,1768334400000,3124.55965,3391.7707
recent,A_ACCEPT,base,35.897499999999965,1769342700000,1768910700000,1768910700000,0.09017908110850002,0.027057783,0.20672981009471533,1768948200000,0.08546278199467501,2946.9924825750004,2946.5505000000003,0.17564186310317503,3109.6234865,0.47038321179271425,0.0021663391961270757,0.05269277235,3191.85975,9.259122703742936,1768896000000,9.485290999999993,0.058,target,3110.09,range,5.020646907823266,-1,1768910400000,3191.85975,2946.5505000000003
recent,A_ACCEPT,base,46.52299999999998,1769990700000,1769558700000,1769558700000,0.0679525413525,0.020382704999999994,0.06643896080324047,1769697000000,0.0655069707302625,2911.420921345,2911.8577,0.13345951208276252,3020.1129490000003,0.5355685696775109,-0.030849869246688994,0.04003774447499999,2911.8577,-5.055450625804469,1769544000000,-4.851103499999993,0.045,stop,3019.66,range,5.06694252134198,1,1769558400000,2911.8577,3235.2645999999995
recent,A_ACCEPT,base,53.59349999999997,1770149100000,1769717100000,1769717100000,0.044668018792000004,0.013402415999999999,0.06432381031132421,1769877900000,0.03984263629912,2490.164768695,2489.7913,0.08451065509112,2791.7511745,0.5312650555250704,-0.011585603398235292,0.025353414239999997,2943.35935,9.554668727270649,1769702400000,9.676118400000007,0.032,target,2792.17,range,5.041665268212959,-1,1769716800000,2943.35935,2489.7913
recent,A_ACCEPT,base,74.777,1770321900000,1769889900000,1769889900000,0.0214161570945,0.006425811,0.2822950286132734,1770321900000,0.017334079722000004,1926.0088580000001,1925.72,0.0387502368165,2379.5730105,0.5416069494066525,-0.03492988079866798,0.011625255000000001,2650.6877,8.090474627384827,1769875200000,8.175779999999998,0.018000000000000002,time,2379.93,range,5.089438611849312,-1,1769889600000,2650.6877,1838.4145999999996
recent,A_ACCEPT,base,45.85499999999998,1772481900000,1772049900000,1772049900000,0.0341333892405,0.010238480999999999,0.02795303377034443,1772212500000,0.0316198905548625,1916.357003325,1916.6445,0.0657532797953625,2068.690257,0.516823971522496,-0.00023814136638946898,0.019725871275,1916.6445,-5.092988792436757,1772035200000,-5.0072715,0.033,stop,2068.38,range,5.129890984986237,1,1772049600000,1916.6445,2371.851
recent,A_ACCEPT,base,64.70299999999999,1773086700000,1772654700000,1772654700000,0.035919947184,0.010774368,0.03430820035198022,1772805300000,0.033469018943992505,2028.425390545,2028.7297,0.0693889661279925,2176.966496,0.5027237737822634,0.0011674165336861924,0.020816580015000002,2028.7297,-4.970078029609306,1772640000000,-4.881039899999993,0.033,stop,2176.64,range,5.104426041024053,1,1772654400000,2028.7297,2472.4605999999994
recent,A_ACCEPT,base,40.84199999999991,1774080300000,1773648300000,1773648300000,0.05749250758275,0.0172451655,0.2963635043913769,1773864600000,0.055052253823065014,2158.9119146300004,2159.2358000000004,0.11254476140581501,2254.6081405,0.5085532965897988,-0.017217104246117106,0.03376331937,2159.2358000000004,-5.01026938502191,1773633600000,-4.84674419999998,0.051000000000000004,stop,2254.27,range,5.079575650876006,1,1773648000000,2159.2358000000004,2444.338399999999
recent,A_ACCEPT,base,39.90099999999997,1775059500000,1774627500000,1774627500000,0.054573537741250004,0.016374517499999998,0.09188817134643804,1774859700000,0.0570047771841625,2072.900988515,2072.5901,0.11157831492541251,1984.4922815,0.5037345734524339,-0.025231620296591116,0.03347338582499999,2072.5901,-4.9992888210469975,1774612800000,-4.8290054999999965,0.055,stop,1984.79,range,5.054524303950896,-1,1774627200000,2072.5901,1809.1898
recent,A_ACCEPT,base,24.383999999999993,1775880300000,1775448300000,1775448300000,0.05973827939800001,0.017918795999999997,0.234855185865596,1775880300000,0.06264872128200001,2237.4543315,2237.79,0.12238700068000002,2133.5099785,0.5094429908921531,-0.028774247999492908,0.036716232,2046.2215999999999,5.6697225193205,1775433600000,5.857599999999995,0.056,time,2133.19,range,5.02952785984566,1,1775448000000,2046.2215999999999,2307.1268000000005
recent,A_ACCEPT,base,22.30250000000003,1778875500000,1778443500000,1778443500000,0.11363304240000001,0.0340848,0.025075942581451474,1778445900000,0.11122186221779999,2317.1221295375,2317.4697499999997,0.2248549046178,2367.35505,0.5549927189126885,0.0,0.0674563644,2317.4697499999997,-5.047215269017825,1778428800000,-4.754904000000024,0.096,stop,2367.0,range,5.057876472442263,1,1778443200000,2317.4697499999997,2466.0605000000005
recent,A_ACCEPT,base,22.26600000000003,1778889900000,1778457900000,1778457900000,0.09124097409350002,0.027368186999999995,0.0823740469427417,1778509800000,0.08883633345086502,2307.4372324900005,2307.7834000000003,0.18007730754436502,2369.8954310000004,0.4909093935007918,-0.0035784921480000002,0.05402308526999999,2307.7834000000003,-4.992937084962355,1778443200000,-4.755258199999977,0.077,stop,2369.54,range,5.032640396097174,1,1778457600000,2307.7834000000003,2493.0531999999994
recent,A_ACCEPT,base,29.590499999999917,1780373100000,1779941100000,1779941100000,0.0534230953335,0.016029333,0.4468542863018678,1780373100000,0.054055357087500006,2002.0502625000001,2001.75,0.10747845242100001,1978.6331605,0.5463797284539404,0.10237755622725145,0.032243508,2068.9490499999997,-1.2696244041937546,1779926400000,-1.2322799999999965,0.054,time,1978.93,down,5.007675710672363,-1,1779940800000,2068.9490499999997,1798.8919000000008
recent,A_ACCEPT,base,60.76000000000001,1781121900000,1780689900000,1780689900000,0.0304150470585,0.009125883,0.6743902840404167,1780870200000,0.0328249049973,1683.3284614000002,1683.076,0.0632399520558,1559.746003,0.4964552717003661,-0.019099340542662893,0.0189718776,1683.076,-4.90205517019847,1780675200000,-4.800744,0.039,stop,1559.98,down,5.0013275886513915,-1,1780689600000,1683.076,1313.788
recent,A_ACCEPT,base,24.99150000000002,1782648300000,1782216300000,1782216300000,0.053905512960000006,0.01617408,0.10750271471501816,1782648300000,0.05140418447125001,1581.6672145000002,1581.43,0.10530969743125002,1658.6311680000001,0.5099944029005657,-0.008488340648721882,0.0315930225,1732.98915,4.888858939420022,1782201600000,5.034250000000003,0.065,time,1658.88,range,4.976817312800399,-1,1782216000000,1732.98915,1510.6617
recent,A_ACCEPT,base,31.900999999999964,1783440300000,1783008300000,1783008300000,0.04833412903200001,0.014498064,0.09494339622641539,1783440300000,0.051158660049750004,1795.0407035,1795.31,0.09949278908175002,1695.9343520000002,0.5295263919843589,-0.09979206224758097,0.029847964499999997,1611.3199,5.44977718417066,1782993600000,5.678909999999994,0.057,time,1695.68,range,5.0012616074975,1,1783008000000,1611.3199,1864.4002000000003
recent,A_ACCEPT,base,29.28449999999999,1784491500000,1784059500000,1784059500000,0.05344295024025002,0.0160304805,0.2812249654067443,1784491500000,0.053095514478000004,1863.000508,1863.28,0.10653846471825001,1875.1912365000003,0.483756875184595,-0.07022175900074787,0.0319615245,1790.4115499999998,-0.8716317482190096,1784044800000,-0.6629100000000062,0.057,time,1874.91,range,5.028510493418354,1,1784059200000,1790.4115499999998,2043.9069000000006
recent,A_ACCEPT,base,20.87050000000005,1784995500000,1784563500000,1784563500000,0.09677222365650003,0.029027313,0.46695719844357975,1784901000000,0.09436506356693251,1850.2953640575,1850.57295,0.19113728722343254,1897.4945815000003,0.5007709541509564,-0.02720812471249986,0.057341079135,1850.57295,-5.032665591070975,1784548800000,-4.756979100000005,0.10200000000000001,stop,1897.21,up,5.024152334677258,1,1784563200000,1850.57295,1990.4841000000001
recent,A_ACCEPT,cost_x2,42.736999999999966,1768089900000,1767657900000,1767657900000,0.190564612238,0.057152238,0.605453112199949,1767798900000,0.18595563826749,3151.79047911,3152.7363,0.37652025050549,3229.9086819999998,0.5010235988130601,-0.05009963883510546,0.11295567051,3152.7363,-5.035593859850583,1767643200000,-4.496018300000002,0.059000000000000004,stop,3228.94,up,5.0,1,1767657600000,3152.7363,3381.3474
recent,A_ACCEPT,cost_x2,33.803499999999985,1768766700000,1768334700000,1768334700000,0.16394429853900003,0.049168539000000004,0.1990238246120245,1768408200000,0.17292841160829003,3390.75316879,3391.7707,0.33687271014729003,3214.594089,0.5113768984783305,-0.048172677402,0.10106263071,3124.55965,8.599067681740703,1768320000000,9.085175699999997,0.051000000000000004,target,3213.63,range,4.974822030700748,1,1768334400000,3124.55965,3391.7707
recent,A_ACCEPT,cost_x2,35.897499999999965,1769342700000,1768910700000,1768910700000,0.17100363351500003,0.051316485,0.20672981009471533,1768948200000,0.16210889558325003,2947.43446515,2946.5505000000003,0.33311252909825007,3109.156973,0.47038321179271425,0.0020542871687411926,0.09993456825,3191.85975,8.563679689820495,1768896000000,8.994672499999993,0.055,target,3110.09,range,5.017817369109451,-1,1768910400000,3191.85975,2946.5505000000003
recent,A_ACCEPT,cost_x2,46.52299999999998,1769990700000,1769558700000,1769558700000,0.129884333614,0.038953614,0.06643896080324047,1769697000000,0.12517231813567004,2910.98414269,2911.8577,0.25505665174967007,3020.565898,0.5355685696775109,-0.029478763946836153,0.07651657833,2911.8577,-4.99655089402649,1769544000000,-4.635498899999993,0.043000000000000003,stop,3019.66,range,5.060635767558554,1,1769558400000,2911.8577,3235.2645999999995
recent,A_ACCEPT,cost_x2,53.59349999999997,1770149100000,1769717100000,1769717100000,0.08653130281900001,0.025967181,0.06432381031132421,1769877900000,0.07720668535908999,2490.5382373899997,2489.7913,0.16373798817809,2791.3323490000002,0.5312650555250704,-0.011223553292040438,0.04912224009,2943.35935,9.149655918439883,1769702400000,9.373739700000007,0.031,target,2792.17,range,5.035653013088422,-1,1769716800000,2943.35935,2489.7913
recent,A_ACCEPT,cost_x2,74.777,1770321900000,1769889900000,1769889900000,0.042825888378000006,0.012851622,0.2822950286132734,1770321900000,0.034673358888,1926.297716,1925.72,0.07749924726600001,2379.2160209999997,0.5416069494066525,-0.03492988079866798,0.023250510000000002,2650.6877,8.040100361935329,1769875200000,8.175779999999998,0.018000000000000002,time,2379.93,range,5.081401292680621,-1,1769889600000,2650.6877,1838.4145999999996
recent,A_ACCEPT,cost_x2,45.85499999999998,1772481900000,1772049900000,1772049900000,0.06620801644799999,0.019856448000000002,0.02795303377034443,1772212500000,0.06131422421280001,1916.0695066500002,1916.6445,0.1275222406608,2069.000514,0.516823971522496,-0.0002309249613473641,0.0382562352,1916.6445,-5.021545400822135,1772035200000,-4.855536,0.032,stop,2068.38,range,5.121601794490298,1,1772049600000,1916.6445,2371.851
recent,A_ACCEPT,cost_x2,64.70299999999999,1773086700000,1772654700000,1772654700000,0.07185066873599999,0.021548736,0.03430820035198022,1772805300000,0.06692799567597,2028.1210810900002,2028.7297,0.13877866441197,2177.2929919999997,0.5027237737822634,0.0011674165336861924,0.041633160030000005,2028.7297,-5.060284307908267,1772640000000,-4.881039899999993,0.033,stop,2176.64,range,5.096494067486187,1,1772654400000,2028.7297,2472.4605999999994
recent,A_ACCEPT,cost_x2,40.84199999999991,1774080300000,1773648300000,1773648300000,0.11274731405,0.03381405,0.2963635043913769,1773864600000,0.10792940146300004,2158.5880292600004,2159.2358000000004,0.22067671551300005,2254.946281,0.5085532965897988,-0.016879513966781477,0.06620258700000001,2159.2358000000004,-5.05546881647976,1773633600000,-4.751709999999981,0.05,stop,2254.27,range,5.0711926459466445,1,1773648000000,2159.2358000000004,2444.338399999999
recent,A_ACCEPT,cost_x2,39.90099999999997,1775059500000,1774627500000,1774627500000,0.107146506402,0.032153598,0.09188817134643804,1774859700000,0.11195344135961999,2073.21187703,2072.5901,0.21909994776162,1984.194563,0.5037345734524339,-0.024772863563925822,0.06572955761999999,2072.5901,-5.050807768945537,1774612800000,-4.741205399999997,0.054,stop,1984.79,range,5.045915301864246,-1,1774627200000,2072.5901,1809.1898
recent,A_ACCEPT,cost_x2,24.383999999999993,1775880300000,1775448300000,1775448300000,0.11522681767799998,0.034557678,0.234855185865596,1775880300000,0.12080440780200001,2237.118663,2237.79,0.23603122548,2133.829957,0.5094429908921531,-0.027746596285225293,0.070809876,2046.2215999999999,5.31381230223479,1775433600000,5.648399999999995,0.054,time,2133.19,range,5.020661263019519,1,1775448000000,2046.2215999999999,2307.1268000000005
recent,A_ACCEPT,cost_x2,22.30250000000003,1778875500000,1778443500000,1778443500000,0.21309390899999997,0.063909,0.025075942581451474,1778445900000,0.20850970581675,2316.774509075,2317.4697499999997,0.42160361481674996,2367.7101,0.5549927189126885,0.0,0.12648068324999998,2317.4697499999997,-5.005806798066733,1778428800000,-4.457722500000022,0.09,stop,2367.0,range,5.047230324530692,1,1778443200000,2317.4697499999997,2466.0605000000005
recent,A_ACCEPT,cost_x2,22.26600000000003,1778889900000,1778457900000,1778457900000,0.175398563788,0.05260378799999999,0.0823740469427417,1778509800000,0.17072473880852002,2307.0910649800003,2307.7834000000003,0.34612330259652,2370.250862,0.4909093935007918,-0.003439070376,0.10383657948,2307.7834000000003,-5.023387352452489,1778443200000,-4.569988399999978,0.074,stop,2369.54,range,5.022201290540359,1,1778457600000,2307.7834000000003,2493.0531999999994
recent,A_ACCEPT,cost_x2,29.590499999999917,1780373100000,1779941100000,1779941100000,0.10287348869200003,0.030871308,0.4468542863018678,1780373100000,0.10412222730000001,2002.3505249999998,2001.75,0.20699571599200003,1978.3363210000002,0.5463797284539404,0.0985857948855014,0.062098608,2068.9490499999997,-1.3571485291064784,1779926400000,-1.1866399999999968,0.052000000000000005,time,1978.93,down,4.997084353778097,-1,1779940800000,2068.9490499999997,1798.8919000000008
recent,A_ACCEPT,cost_x2,60.76000000000001,1781121900000,1780689900000,1780689900000,0.06082096823400001,0.018251766,0.6743902840404167,1780870200000,0.06565965598920001,1683.5809228,1683.076,0.12648062422320003,1559.5120060000002,0.4964552717003661,-0.019099340542662893,0.0379437552,1683.076,-4.984267719965859,1780675200000,-4.800744,0.039,stop,1559.98,down,4.990298611132563,-1,1780689600000,1683.076,1313.788
recent,A_ACCEPT,cost_x2,24.99150000000002,1782648300000,1782216300000,1782216300000,0.104478087168,0.031352832000000004,0.10750271471501816,1782648300000,0.099659979027,1581.904429,1581.43,0.204138066195,1658.3823360000001,0.5099944029005657,-0.008227160936453516,0.06124185900000001,1732.98915,4.605742913868559,1782201600000,4.879350000000003,0.063,time,1658.88,range,4.965377272532734,-1,1782216000000,1732.98915,1510.6617
recent,A_ACCEPT,cost_x2,31.900999999999964,1783440300000,1783008300000,1783008300000,0.094986567424,0.028487424,0.09494339622641539,1783440300000,0.100507198792,1794.771407,1795.31,0.195493766216,1696.188704,0.5295263919843589,-0.0980413243134129,0.05864863199999999,1611.3199,5.227096277470589,1782993600000,5.579279999999994,0.056,time,1695.68,range,4.988405987102077,1,1783008000000,1611.3199,1864.4002000000003
recent,A_ACCEPT,cost_x2,29.28449999999999,1784491500000,1784059500000,1784059500000,0.105026458488,0.031498488,0.2812249654067443,1784491500000,0.10431237689600001,1862.721016,1863.28,0.209338835384,1875.472473,0.483756875184595,-0.0689897983165242,0.06280159199999999,1790.4115499999998,-0.9924102257005283,1784044800000,-0.6512800000000061,0.056,time,1874.91,range,5.014541468489429,1,1784059200000,1790.4115499999998,2043.9069000000006
recent,A_ACCEPT,cost_x2,20.87050000000005,1784995500000,1784563500000,1784563500000,0.18408457881100002,0.055208810999999997,0.46695719844357975,1784901000000,0.17945172447715502,1850.017778115,1850.57295,0.363536303288155,1897.779163,0.5007709541509564,-0.02587439310894595,0.109060483845,1850.57295,-5.022265030242089,1784548800000,-4.523793850000004,0.097,stop,1897.21,up,5.009579417360928,1,1784563200000,1850.57295,1990.4841000000001
recent,A_ACCEPT,delay60,42.736999999999966,1768093500000,1767661500000,1767661500000,0.11271515473750002,0.033809475,0.605453112199949,1767798900000,0.11032921863442502,3152.2633895550002,3152.7363,0.22304437337192504,3220.4329925,0.5010235988130601,-0.059440249465379354,0.06691320615,3152.7363,-5.054356828987301,1767643200000,-4.7049589999999855,0.07,stop,3219.95,up,5.0,1,1767657600000,3152.7363,3354.3773999999994
recent,A_ACCEPT,delay60,33.803499999999985,1768770300000,1768338300000,1768338300000,0.08827338902250001,0.026478044999999995,0.1990238246120245,1768342200000,0.09291572979961249,3378.753810895,3379.2607,0.1811891188221125,3209.941419,0.5113768984783305,0.0,0.054356945774999985,3124.55965,9.103492435402863,1768320000000,9.339038499999988,0.055,target,3209.46,range,4.974728215855063,1,1768334400000,3124.55965,3379.2607
recent,A_ACCEPT,delay60,35.897499999999965,1769346300000,1768914300000,1768914300000,0.0837811209465,0.025138106999999996,0.20672981009471533,1768948200000,0.07903249659652498,2927.1295035749995,2926.6904999999992,0.16281361754302498,3103.0044795,0.47038321179271425,0.0020169364929458976,0.048844300049999984,3191.85975,9.336452018899944,1768896000000,9.54609300000003,0.054,target,3103.47,range,5.020245678032078,-1,1768910400000,3191.85975,2926.6904999999992
recent,A_ACCEPT,delay60,46.52299999999998,1769994300000,1769562300000,1769562300000,0.06502252691625002,0.0195038325,0.06643896080324047,1769697000000,0.0625955498089175,2911.420921345,2911.8577,0.1276180767251675,3024.3035775000003,0.5355685696775109,-0.029478763946836153,0.038285314665,2911.8577,-5.011051055337022,1769544000000,-4.815668899999996,0.043000000000000003,stop,3023.85,range,5.066927938126578,1,1769558400000,2911.8577,3247.8345999999997
recent,A_ACCEPT,delay60,53.59349999999997,1770152700000,1769720700000,1769720700000,0.052011422116250004,0.015605767499999998,0.06432381031132421,1769869500000,0.04716045205685749,2549.2136246949995,2548.8312999999994,0.0991718741731075,2811.4282225,0.5312650555250704,-0.0050480771584095535,0.02975178121499999,2943.35935,9.59772016745351,1769702400000,9.731691900000019,0.037,target,2811.85,range,5.041872682849894,-1,1769716800000,2943.35935,2548.8312999999994
recent,A_ACCEPT,delay60,74.777,1770325500000,1769893500000,1769893500000,0.0213574858965,0.006408207,0.2822950286132734,1770325500000,0.017096984163000005,1899.6649070000003,1899.38,0.03845447005950001,2373.0539885,0.5416069494066525,-0.03492988079866798,0.011536533000000002,2650.6877,8.447619116141825,1769875200000,8.532539999999996,0.018000000000000002,time,2373.41,range,5.089861283687161,-1,1769889600000,2650.6877,1818.8545999999997
recent,A_ACCEPT,delay60,45.85499999999998,1772485500000,1772053500000,1772053500000,0.033150091768,0.009943536000000001,0.02795303377034443,1772212500000,0.030661712053200004,1916.357003325,1916.6445,0.06381180382120001,2071.8807355000004,0.516823971522496,-0.0002309249613473641,0.0191434296,1916.6445,-5.040802158382558,1772035200000,-4.957616000000002,0.032,stop,2071.57,range,5.13209937926787,1,1772049600000,1916.6445,2381.4210000000003
recent,A_ACCEPT,delay60,64.70299999999999,1773090300000,1772658300000,1772658300000,0.043045655880000006,0.01291176,0.03430820035198022,1772805300000,0.040568507810900004,2028.425390545,2028.7297,0.08361416369090001,2152.282794,0.5027237737822634,0.0014150503438620518,0.0250841382,2028.7297,-5.036495251547045,1772640000000,-4.929211999999998,0.04,stop,2151.96,range,5.106895368475957,1,1772654400000,2028.7297,2398.4206
recent,A_ACCEPT,delay60,40.84199999999991,1774083900000,1773651900000,1773651900000,0.06612974297375002,0.0198359475,0.2963635043913769,1773864600000,0.06368790148158501,2158.9119146300004,2159.2358000000004,0.12981764445533503,2241.6862025,0.5085532965897988,-0.019917826480802137,0.03894518433000001,2159.2358000000004,-5.033418455266116,1773633600000,-4.844737799999972,0.059000000000000004,stop,2241.35,range,5.081712892218222,1,1773648000000,2159.2358000000004,2405.578399999999
recent,A_ACCEPT,delay60,39.90099999999997,1775063100000,1774631100000,1774631100000,0.05662755959175001,0.0169908165,0.09188817134643804,1774859700000,0.059077678172677506,2072.900988515,2072.5901,0.11570523776442751,1986.9319155,0.5037345734524339,-0.026149133761921704,0.034711461855,2072.5901,-5.042091533381338,1774612800000,-4.865525699999993,0.057,stop,1987.23,range,5.056545799941893,-1,1774627200000,2072.5901,1816.5098000000003
recent,A_ACCEPT,delay60,24.383999999999993,1775883900000,1775451900000,1775451900000,0.06178535641350001,0.018532826999999998,0.234855185865596,1775883900000,0.06490270313400001,2238.024246,2238.36,0.1266880595475,2130.5295315000003,0.5094429908921531,-0.02980189971376051,0.038006558999999995,2046.2215999999999,6.078203481738719,1775433600000,6.272700000000006,0.058,time,2130.21,range,5.031335342274985,1,1775448000000,2046.2215999999999,2298.1868000000004
recent,A_ACCEPT,delay60,22.26600000000003,1778893500000,1778461500000,1778461500000,0.143132346632,0.04293326399999999,0.0823740469427417,1778509800000,0.14075367118189003,2307.4372324900005,2307.7834000000003,0.28388601781389,2346.431912,0.4909093935007918,-0.005669818728000001,0.08516570021999999,2307.7834000000003,-5.046906736761831,1778443200000,-4.6721851999999595,0.122,stop,2346.08,range,5.061726359683679,1,1778457600000,2307.7834000000003,2422.6731999999993
recent,A_ACCEPT,delay60,29.590499999999917,1780376700000,1779944700000,1779944700000,0.05445503052,0.01633896,0.4468542863018678,1780376700000,0.05473513403875001,1990.3685105000002,1990.07,0.10919016455875001,1980.182928,0.5463797284539404,0.10427343689812649,0.0327570375,2068.9490499999997,-0.5651237651606364,1779926400000,-0.5274499999999955,0.055,time,1980.48,down,5.036491825999869,-1,1779940800000,2068.9490499999997,1803.5419000000006
recent,A_ACCEPT,delay60,60.76000000000001,1781125500000,1780693500000,1780693500000,0.05396006977525001,0.0161904495,0.6743902840404167,1780870200000,0.05639150345690001,1683.3284614000002,1683.076,0.11035157323215003,1610.7483515000001,0.4964552717003661,-0.03281168759893369,0.033105363299999996,1683.076,-5.0060306241310855,1780675200000,-4.829762000000001,0.067,stop,1610.99,down,5.033666207174066,-1,1780689600000,1683.076,1466.818
recent,A_ACCEPT,delay60,24.99150000000002,1782651900000,1782219900000,1782219900000,0.049557665235,0.014869529999999999,0.10750271471501816,1782651900000,0.047253787005000006,1575.1262335000004,1574.89,0.09681145224000001,1651.9221745000002,0.5099944029005657,-0.007835391368050967,0.02904354,1732.98915,4.50310961639194,1782201600000,4.636799999999998,0.06,time,1652.17,range,5.008636054053411,-1,1782216000000,1732.98915,1490.5317
recent,A_ACCEPT,delay60,31.900999999999964,1783443900000,1783011900000,1783011900000,0.047551131600000004,0.0142632,0.09494339622641539,1783443900000,0.050443112398,1801.5397285,1801.81,0.097994243998,1698.2547000000002,0.5295263919843589,-0.0980413243134129,0.029398403999999996,1611.3199,5.587926027688573,1782993600000,5.813359999999997,0.056,time,1698.0,range,5.03115160213537,1,1783008000000,1611.3199,1871.3602
recent,A_ACCEPT,delay60,29.28449999999999,1784495100000,1784063100000,1784063100000,0.05438895712000001,0.016314239999999997,0.2812249654067443,1784495100000,0.054116321334,1866.080046,1866.36,0.10850527845400001,1875.4812800000002,0.483756875184595,-0.07145371968497152,0.032551572,1790.4115499999998,-0.7252305701389807,1784044800000,-0.5127200000000085,0.058,time,1875.2,range,5.059091232273813,1,1784059200000,1790.4115499999998,2044.7769000000005
recent,A_ACCEPT,delay60,20.87050000000005,1784999100000,1784567100000,1784567100000,0.098639033636,0.029587271999999998,0.46695719844357975,1784901000000,0.09621535893099001,1850.2953640575,1850.57295,0.19485439256699,1896.904493,0.5007709541509564,-0.02774161735392143,0.058456210019999996,1850.57295,-5.069945419940922,1784548800000,-4.78889319999999,0.10400000000000001,stop,1896.62,up,5.0554650794231195,1,1784563200000,1850.57295,1988.7140999999997
recent,A_ACCEPT,stop_5bp,42.736999999999966,1768089900000,1767657900000,1767657900000,0.09849744240050001,0.029544800999999996,0.605453112199949,1767798900000,0.0960959541528525,3150.687021405,3152.7363,0.1945933965533525,3229.4243410000004,0.5010235988130601,-0.051797931676973434,0.154550795295,3152.7363,-5.049367823525349,1767643200000,-4.6484257000000015,0.061,stop,3228.94,up,5.0,1,1767657600000,3152.7363,3381.3474
recent,A_ACCEPT,stop_5bp,33.803499999999985,1768766700000,1768334700000,1768334700000,0.08356691315700002,0.025066314,0.1990238246120245,1768408200000,0.08817281029427002,3391.261934395,3391.7707,0.17173972345127003,3214.1120445000006,0.5113768984783305,-0.049117239704000004,0.05152212546,3124.55965,8.990937311384702,1768320000000,9.263316399999997,0.052000000000000005,target,3213.63,range,4.974753160882373,1,1768334400000,3124.55965,3391.7707
recent,A_ACCEPT,stop_5bp,35.897499999999965,1769342700000,1768910700000,1768910700000,0.08862426936525,0.0265912695,0.20672981009471533,1768948200000,0.08398928575338752,2946.9924825750004,2946.5505000000003,0.17261355511863752,3109.6234865,0.47038321179271425,0.002128988520331781,0.051784276275,3191.85975,9.099482657126678,1768896000000,9.321751499999992,0.057,target,3110.09,range,5.019707847439297,-1,1768910400000,3191.85975,2946.5505000000003
recent,A_ACCEPT,stop_5bp,46.52299999999998,1769990700000,1769558700000,1769558700000,0.066442484878,0.019929755999999996,0.06643896080324047,1769697000000,0.06401922983489,2909.964992495,2911.8577,0.13046171471289,3020.1129490000003,0.5355685696775109,-0.030164316596762573,0.10320888621999999,2911.8577,-5.007136117529668,1769544000000,-4.743301199999992,0.044,stop,3019.66,range,5.06520526072493,1,1769558400000,2911.8577,3235.2645999999995
recent,A_ACCEPT,stop_5bp,53.59349999999997,1770149100000,1769717100000,1769717100000,0.044668018792000004,0.013402415999999999,0.06432381031132421,1769877900000,0.03984263629912,2490.164768695,2489.7913,0.08451065509112,2791.7511745,0.5312650555250704,-0.011585603398235292,0.025353414239999997,2943.35935,9.554668727270649,1769702400000,9.676118400000007,0.032,target,2792.17,range,5.040169580137283,-1,1769716800000,2943.35935,2489.7913
recent,A_ACCEPT,stop_5bp,74.777,1770321900000,1769889900000,1769889900000,0.0214161570945,0.006425811,0.2822950286132734,1770321900000,0.017334079722000004,1926.0088580000001,1925.72,0.0387502368165,2379.5730105,0.5416069494066525,-0.03492988079866798,0.011625255000000001,2650.6877,8.090474627384827,1769875200000,8.175779999999998,0.018000000000000002,time,2379.93,range,5.087942923773636,-1,1769889600000,2650.6877,1838.4145999999996
recent,A_ACCEPT,stop_5bp,45.85499999999998,1772481900000,1772049900000,1772049900000,0.0341333892405,0.010238480999999999,0.02795303377034443,1772212500000,0.031604078237737504,1915.398681075,1916.6445,0.0657374674782375,2068.690257,0.516823971522496,-0.00023814136638946898,0.051350505525000006,1916.6445,-5.124597614369634,1772035200000,-5.0072715,0.033,stop,2068.38,range,5.128395296910561,1,1772049600000,1916.6445,2371.851
recent,A_ACCEPT,stop_5bp,64.70299999999999,1773086700000,1772654700000,1772654700000,0.035919947184,0.010774368,0.03430820035198022,1772805300000,0.03345228192396751,2027.411025695,2028.7297,0.0693722291079675,2176.966496,0.5027237737822634,0.0011674165336861924,0.054290620065,2028.7297,-5.003535332639281,1772640000000,-4.881039899999993,0.033,stop,2176.64,range,5.102772308838713,1,1772654400000,2028.7297,2472.4605999999994
recent,A_ACCEPT,stop_5bp,40.84199999999991,1774080300000,1773648300000,1773648300000,0.05749250758275,0.0172451655,0.2963635043913769,1773864600000,0.055024723566615016,2157.8322967300005,2159.2358000000004,0.11251723114936502,2254.6081405,0.5085532965897988,-0.017217104246117106,0.08882383227000001,2159.2358000000004,-5.065302367665456,1773633600000,-4.84674419999998,0.051000000000000004,stop,2254.27,range,5.077754632175516,1,1773648000000,2159.2358000000004,2444.338399999999
recent,A_ACCEPT,stop_5bp,39.90099999999997,1775059500000,1774627500000,1774627500000,0.054573537741250004,0.016374517499999998,0.09188817134643804,1774859700000,0.057033275298037506,2073.937283565,2072.5901,0.11160681303928752,1984.4922815,0.5037345734524339,-0.025231620296591116,0.090469613575,2072.5901,-5.056313546910887,1774612800000,-4.8290054999999965,0.055,stop,1984.79,range,5.052428120337189,-1,1774627200000,2072.5901,1809.1898
recent,A_ACCEPT,stop_5bp,24.383999999999993,1775880300000,1775448300000,1775448300000,0.05867152440875001,0.0175988175,0.234855185865596,1775880300000,0.06152999411625,2237.4543315,2237.79,0.12020151852500001,2133.5099785,0.5094429908921531,-0.028260422142359107,0.036060585,2046.2215999999999,5.568477474332634,1775433600000,5.752999999999995,0.055,time,2133.19,range,5.027146552602633,1,1775448000000,2046.2215999999999,2307.1268000000005
recent,A_ACCEPT,stop_5bp,22.30250000000003,1778875500000,1778443500000,1778443500000,0.11126568735,0.03337469999999999,0.025075942581451474,1778445900000,0.10885027954913747,2315.9633946624995,2317.4697499999997,0.22011596689913748,2367.35505,0.5549927189126885,0.0,0.174972101725,2317.4697499999997,-5.050931568624199,1778428800000,-4.655843500000024,0.094,stop,2367.0,range,5.054988939974296,1,1778443200000,2317.4697499999997,2466.0605000000005
recent,A_ACCEPT,stop_5bp,22.26600000000003,1778889900000,1778457900000,1778457900000,0.09005602637800002,0.027012755999999995,0.0823740469427417,1778509800000,0.08763876695002001,2306.2833407900002,2307.7834000000003,0.17769479332802002,2369.8954310000004,0.4909093935007918,-0.003532018224,0.14101725595999998,2307.7834000000003,-5.0157456675120295,1778443200000,-4.693501599999978,0.076,stop,2369.54,range,5.029734282131175,1,1778457600000,2307.7834000000003,2493.0531999999994
recent,A_ACCEPT,stop_5bp,29.590499999999917,1780373100000,1779941100000,1779941100000,0.05243377875325,0.0157324935,0.4468542863018678,1780373100000,0.053054331956250006,2002.0502625000001,2001.75,0.10548811070950001,1978.6331605,0.5463797284539404,0.10048167555637638,0.031646406,2068.9490499999997,-1.2461128411531295,1779926400000,-1.2094599999999966,0.053,time,1978.93,down,5.004655553793615,-1,1779940800000,2068.9490499999997,1798.8919000000008
recent,A_ACCEPT,stop_5bp,60.76000000000001,1781121900000,1780689900000,1780689900000,0.0304150470585,0.009125883,0.6743902840404167,1780870200000,0.0328413149883,1684.1699994,1683.076,0.0632563620468,1559.746003,0.4964552717003661,-0.019099340542662893,0.051791859600000004,1683.076,-4.934891562189466,1780675200000,-4.800744,0.039,stop,1559.98,down,4.998424989587849,-1,1780689600000,1683.076,1313.788
recent,A_ACCEPT,stop_5bp,24.99150000000002,1782648300000,1782216300000,1782216300000,0.05307619737600001,0.015925248,0.10750271471501816,1782648300000,0.05061335086400001,1581.6672145000002,1581.43,0.10368954824000001,1658.6311680000001,0.5099944029005657,-0.0083577507925877,0.031106976,1732.98915,4.813645724967405,1782201600000,4.956800000000003,0.064,time,1658.88,range,4.973750531776902,-1,1782216000000,1732.98915,1510.6617
recent,A_ACCEPT,stop_5bp,31.900999999999964,1783440300000,1783008300000,1783008300000,0.04833412903200001,0.014498064,0.09494339622641539,1783440300000,0.051158660049750004,1795.0407035,1795.31,0.09949278908175002,1695.9343520000002,0.5295263919843589,-0.09979206224758097,0.029847964499999997,1611.3199,5.44977718417066,1782993600000,5.678909999999994,0.057,time,1695.68,range,4.99781876040174,1,1783008000000,1611.3199,1864.4002000000003
recent,A_ACCEPT,stop_5bp,29.28449999999999,1784491500000,1784059500000,1784059500000,0.05344295024025002,0.0160304805,0.2812249654067443,1784491500000,0.053095514478000004,1863.000508,1863.28,0.10653846471825001,1875.1912365000003,0.483756875184595,-0.07022175900074787,0.0319615245,1790.4115499999998,-0.8716317482190096,1784044800000,-0.6629100000000062,0.057,time,1874.91,range,5.0250676463225945,1,1784059200000,1790.4115499999998,2043.9069000000006
recent,A_ACCEPT,stop_5bp,20.87050000000005,1784995500000,1784563500000,1784563500000,0.09487472907500002,0.028458149999999998,0.46695719844357975,1784901000000,0.09246850387912502,1849.3700775825,1850.57295,0.18734323295412503,1897.4945815000003,0.5007709541509564,-0.026674632071078307,0.14874539174999998,1850.57295,-5.026468256775234,1784548800000,-4.663705000000005,0.1,stop,1897.21,up,5.020709487581499,1,1784563200000,1850.57295,1990.4841000000001
recent,A_ACCEPT,risk_half,42.736999999999966,1768089900000,1767657900000,1767657900000,0.0500560772855,0.015014570999999997,0.605453112199949,1767798900000,0.048860082538102506,3152.2633895550002,3152.7363,0.09891615982360251,3229.4243410000004,0.5010235988130601,-0.026323539048953713,0.029674794794999994,3152.7363,-2.51722919366756,1767643200000,-2.3623147000000007,0.031,stop,3228.94,up,2.5,1,1767657600000,3152.7363,3381.3474
recent,A_ACCEPT,risk_half,33.803499999999985,1768766700000,1768334700000,1768334700000,0.04178345657850001,0.012533157,0.1990238246120245,1768408200000,0.04408640514713501,3391.261934395,3391.7707,0.08586986172563502,3214.1120445000006,0.5113768984783305,-0.024558619852000002,0.02576106273,3124.55965,4.495468655692351,1768320000000,4.631658199999999,0.026000000000000002,target,3213.63,range,2.493706927015831,1,1768334400000,3124.55965,3391.7707
recent,A_ACCEPT,risk_half,35.897499999999965,1769342700000,1768910700000,1768910700000,0.04508954055425001,0.0135288915,0.20672981009471533,1768948200000,0.042731390997337505,2946.9924825750004,2946.5505000000003,0.08782093155158752,3109.6234865,0.47038321179271425,0.0010831695980635379,0.026346386175,3191.85975,4.629561351871468,1768896000000,4.7426454999999965,0.029,target,3110.09,range,2.5049455986550617,-1,1768910400000,3191.85975,2946.5505000000003
recent,A_ACCEPT,risk_half,46.52299999999998,1769990700000,1769558700000,1769558700000,0.033221242439,0.009964877999999998,0.06643896080324047,1769697000000,0.032025630134794994,2911.420921345,2911.8577,0.065246872573795,3020.1129490000003,0.5355685696775109,-0.015082158298381287,0.019574008409999996,2911.8577,-2.471553639282185,1769544000000,-2.371650599999996,0.022,stop,3019.66,range,2.51651950203474,1,1769558400000,2911.8577,3235.2645999999995
recent,A_ACCEPT,risk_half,53.59349999999997,1770149100000,1769717100000,1769717100000,0.022334009396000002,0.006701207999999999,0.06432381031132421,1769877900000,0.01992131814956,2490.164768695,2489.7913,0.04225532754556,2791.7511745,0.5312650555250704,-0.005792801699117646,0.012676707119999998,2943.35935,4.777334363635324,1769702400000,4.838059200000004,0.016,target,2792.17,range,2.5103406179365346,-1,1769716800000,2943.35935,2489.7913
recent,A_ACCEPT,risk_half,74.777,1770321900000,1769889900000,1769889900000,0.01070807854725,0.0032129055,0.2822950286132734,1770321900000,0.008667039861000002,1926.0088580000001,1925.72,0.01937511840825,2379.5730105,0.5416069494066525,-0.01746494039933399,0.0058126275000000005,2650.6877,4.045237313692414,1769875200000,4.087889999999999,0.009000000000000001,time,2379.93,range,2.522283953845623,-1,1769889600000,2650.6877,1838.4145999999996
recent,A_ACCEPT,risk_half,45.85499999999998,1772481900000,1772049900000,1772049900000,0.016549522056,0.0049641120000000006,0.02795303377034443,1772212500000,0.015330856026600002,1916.357003325,1916.6445,0.031880378082600004,2068.690257,0.516823971522496,-0.00011546248067368205,0.0095640588,1916.6445,-2.469327899363276,1772035200000,-2.427768,0.016,stop,2068.38,range,2.5323970471298543,1,1772049600000,1916.6445,2371.851
recent,A_ACCEPT,risk_half,64.70299999999999,1773086700000,1772654700000,1772654700000,0.017415731968,0.005223935999999999,0.03430820035198022,1772805300000,0.016227403124360003,2028.425390545,2028.7297,0.03364313509236,2176.966496,0.5027237737822634,0.000566020137544821,0.010092887279999999,2028.7297,-2.409734802234815,1772640000000,-2.3665647999999964,0.016,stop,2176.64,range,2.5262237273814456,1,1772654400000,2028.7297,2472.4605999999994
recent,A_ACCEPT,risk_half,40.84199999999991,1774080300000,1773648300000,1773648300000,0.02818260175625,0.0084535125,0.2963635043913769,1773864600000,0.026986398932875005,2158.9119146300004,2159.2358000000004,0.055169000689125,2254.6081405,0.5085532965897988,-0.008439756983390738,0.016550646750000002,2159.2358000000004,-2.4560144044225054,1773633600000,-2.3758549999999903,0.025,stop,2254.27,range,2.5201993903758586,1,1773648000000,2159.2358000000004,2444.338399999999
recent,A_ACCEPT,risk_half,39.90099999999997,1775059500000,1774627500000,1774627500000,0.02679064580025,0.0080383995,0.09188817134643804,1774859700000,0.0279841633449525,2072.900988515,2072.5901,0.0547748091452025,1984.4922815,0.5037345734524339,-0.012386431781962911,0.016432389404999997,2072.5901,-2.4541963303321626,1774612800000,-2.3706026999999983,0.027,stop,1984.79,range,2.5140593543648024,-1,1774627200000,2072.5901,1809.1898
recent,A_ACCEPT,risk_half,24.383999999999993,1775880300000,1775448300000,1775448300000,0.028802384709750002,0.0086394195,0.234855185865596,1775880300000,0.03020563347525,2237.4543315,2237.79,0.059008018185000004,2133.5099785,0.5094429908921531,-0.013873298142612647,0.017702469,2046.2215999999999,2.7336162146723835,1775433600000,2.8241999999999976,0.027,time,2133.19,range,2.5079238635389722,1,1775448000000,2046.2215999999999,2307.1268000000005
recent,A_ACCEPT,risk_half,22.30250000000003,1778875500000,1778443500000,1778443500000,0.055632843675,0.016687349999999997,0.025075942581451474,1778445900000,0.054452370044131254,2317.1221295375,2317.4697499999997,0.11008521371913126,2367.35505,0.5549927189126885,0.0,0.0330255117375,2317.4697499999997,-2.471032475456644,1778428800000,-2.327921750000012,0.047,stop,2367.0,range,2.5147579040756534,1,1778443200000,2317.4697499999997,2466.0605000000005
recent,A_ACCEPT,risk_half,22.26600000000003,1778889900000,1778457900000,1778457900000,0.04502801318900001,0.013506377999999998,0.0823740469427417,1778509800000,0.04384130741731001,2307.4372324900005,2307.7834000000003,0.08886932060631002,2369.8954310000004,0.4909093935007918,-0.001766009112,0.026660743379999997,2307.7834000000003,-2.464046873098305,1778443200000,-2.346750799999989,0.038,stop,2369.54,range,2.508580322887012,1,1778457600000,2307.7834000000003,2493.0531999999994
recent,A_ACCEPT,risk_half,29.590499999999917,1780373100000,1779941100000,1779941100000,0.02671154766675,0.0080146665,0.4468542863018678,1780373100000,0.027027678543750003,2002.0502625000001,2001.75,0.05373922621050001,1978.6331605,0.5463797284539404,0.051188778113625724,0.016121754,2068.9490499999997,-0.6348122020968773,1779926400000,-0.6161399999999982,0.027,time,1978.93,down,2.502420205704266,-1,1779940800000,2068.9490499999997,1798.8919000000008
recent,A_ACCEPT,risk_half,60.76000000000001,1781121900000,1780689900000,1780689900000,0.014817587028500001,0.004445943,0.6743902840404167,1780870200000,0.0159916203833,1683.3284614000002,1683.076,0.030809207411800002,1559.746003,0.4964552717003661,-0.009304806931040896,0.0092427096,1683.076,-2.388180723942844,1780675200000,-2.338824,0.019,stop,1559.98,down,2.500833175199024,-1,1780689600000,1683.076,1313.788
recent,A_ACCEPT,risk_half,24.99150000000002,1782648300000,1782216300000,1782216300000,0.026538098688000004,0.007962624,0.10750271471501816,1782648300000,0.025306675432000006,1581.6672145000002,1581.43,0.051844774120000006,1658.6311680000001,0.5099944029005657,-0.00417887539629385,0.015553488,1732.98915,2.4068228624837027,1782201600000,2.4784000000000015,0.032,time,1658.88,range,2.4948627233891667,-1,1782216000000,1732.98915,1510.6617
recent,A_ACCEPT,risk_half,31.900999999999964,1783440300000,1783008300000,1783008300000,0.023743080928000006,0.007121856,0.09494339622641539,1783440300000,0.025130569849,1795.0407035,1795.31,0.04887365077700001,1695.9343520000002,0.5295263919843589,-0.04902066215670645,0.014662157999999998,1611.3199,2.6770835290662895,1782993600000,2.789639999999997,0.028,time,1695.68,range,2.500879780545376,1,1783008000000,1611.3199,1864.4002000000003
recent,A_ACCEPT,risk_half,29.28449999999999,1784491500000,1784059500000,1784059500000,0.026252677311000002,0.007874622,0.2812249654067443,1784491500000,0.026082007112000004,1863.000508,1863.28,0.052334684423,1875.1912365000003,0.483756875184595,-0.0344948991582621,0.015700397999999997,1790.4115499999998,-0.42816998158126784,1784044800000,-0.32564000000000304,0.028,time,1874.91,range,2.507572489368042,1,1784059200000,1790.4115499999998,2043.9069000000006
recent,A_ACCEPT,risk_half,20.87050000000005,1784995500000,1784563500000,1784563500000,0.04838611182825001,0.0145136565,0.46695719844357975,1784901000000,0.04718253178346626,1850.2953640575,1850.57295,0.09556864361171627,1897.4945815000003,0.5007709541509564,-0.01360406235624993,0.0286705395675,1850.57295,-2.5163327955354875,1784548800000,-2.3784895500000025,0.051000000000000004,stop,1897.21,up,2.5065020644140885,1,1784563200000,1850.57295,1990.4841000000001
recent,A_ACCEPT,risk_double,42.736999999999966,1768089900000,1767657900000,1767657900000,0.200224309142,0.06005828399999999,0.605453112199949,1767798900000,0.19544033015241002,3152.2633895550002,3152.7363,0.39566463929441004,3229.4243410000004,0.5010235988130601,-0.10529415619581485,0.11869917917999998,3152.7363,-10.06891677467024,1767643200000,-9.449258800000003,0.124,stop,3228.94,up,10.0,1,1767657600000,3152.7363,3381.3474
recent,A_ACCEPT,risk_double,33.803499999999985,1768766700000,1768334700000,1768334700000,0.1703479383585,0.051096717,0.1990238246120245,1768408200000,0.179736882522935,3391.261934395,3391.7707,0.350084820881435,3214.1120445000006,0.5113768984783305,-0.100123604012,0.10502587112999999,3124.55965,18.327679903976502,1768320000000,18.88291419999999,0.106,target,3213.63,range,9.899310832253299,1,1768334400000,3124.55965,3391.7707
recent,A_ACCEPT,risk_double,35.897499999999965,1769342700000,1768910700000,1768910700000,0.18191297396025002,0.0545820795,0.20672981009471533,1768948200000,0.17239906023063753,2946.9924825750004,2946.5505000000003,0.3543120341908875,3109.6234865,0.47038321179271425,0.0043700290680494455,0.106294040775,3191.85975,18.677885454102128,1768896000000,19.134121499999985,0.117,target,3110.09,range,10.082587631293064,-1,1768910400000,3191.85975,2946.5505000000003
recent,A_ACCEPT,risk_double,46.52299999999998,1769990700000,1769558700000,1769558700000,0.13741513917950002,0.041218358999999996,0.06643896080324047,1769697000000,0.13246965192119747,2911.420921345,2911.8577,0.2698847911006975,3020.1129490000003,0.5355685696775109,-0.062385291143304406,0.080965216605,2911.8577,-10.223244598849039,1769544000000,-9.810009299999985,0.091,stop,3019.66,range,10.269366485834084,1,1769558400000,2911.8577,3235.2645999999995
recent,A_ACCEPT,risk_double,53.59349999999997,1770149100000,1769717100000,1769717100000,0.09073191317125001,0.027223657499999998,0.06432381031132421,1769877900000,0.08093035498258751,2490.164768695,2489.7913,0.1716622681538375,2791.7511745,0.5312650555250704,-0.023533256902665438,0.051499122674999995,2943.35935,19.407920852268504,1769702400000,19.654615500000013,0.065,target,2792.17,range,10.167134039845594,-1,1769716800000,2943.35935,2489.7913
recent,A_ACCEPT,risk_double,74.777,1770321900000,1769889900000,1769889900000,0.04402210069424999,0.013208611499999997,0.2822950286132734,1770321900000,0.035631163873,1926.0088580000001,1925.72,0.07965326456725,2379.5730105,0.5416069494066525,-0.0718003105305953,0.023896357499999993,2650.6877,16.63042006740214,1769875200000,16.805769999999992,0.037,time,2379.93,range,10.361213248368278,-1,1769889600000,2650.6877,1838.4145999999996
recent,A_ACCEPT,risk_double,45.85499999999998,1772481900000,1772049900000,1772049900000,0.07033546873800002,0.021097476,0.02795303377034443,1772212500000,0.06515613811305,1916.357003325,1916.6445,0.13549160685105002,2068.690257,0.516823971522496,-0.0004907155428631495,0.0406472499,1916.6445,-10.494643572293924,1772035200000,-10.318014000000002,0.068,stop,2068.38,range,10.527517449042303,1,1772049600000,1916.6445,2371.851
recent,A_ACCEPT,risk_double,64.70299999999999,1773086700000,1772654700000,1772654700000,0.07510534411200001,0.022528224,0.03430820035198022,1772805300000,0.0699806759738025,2028.425390545,2028.7297,0.14508602008580251,2176.966496,0.5027237737822634,0.002440961843162039,0.043525576395,2028.7297,-10.39198133463764,1772640000000,-10.205810699999986,0.069,stop,2176.64,range,10.422571013319361,1,1772654400000,2028.7297,2472.4605999999994
recent,A_ACCEPT,risk_double,40.84199999999991,1774080300000,1773648300000,1773648300000,0.11836692737624999,0.03550475249999999,0.2963635043913769,1773864600000,0.11334287551807502,2158.9119146300004,2159.2358000000004,0.23170980289432502,2254.6081405,0.5085532965897988,-0.0354469793302411,0.06951271635,2159.2358000000004,-10.31526049857452,1773633600000,-9.978590999999957,0.105,stop,2254.27,range,10.318651199972988,1,1773648000000,2159.2358000000004,2444.338399999999
recent,A_ACCEPT,risk_double,39.90099999999997,1775059500000,1774627500000,1774627500000,0.111131567764,0.033344472,0.09188817134643804,1774859700000,0.11608245535684,2072.900988515,2072.5901,0.22721402312084,1984.4922815,0.5037345734524339,-0.05138075405851282,0.06816398568,2072.5901,-10.180369962859341,1774612800000,-9.833611199999993,0.112,stop,1984.79,range,10.215498594987242,-1,1774627200000,2072.5901,1809.1898
recent,A_ACCEPT,risk_double,24.383999999999993,1775880300000,1775448300000,1775448300000,0.11947655879600003,0.035837591999999995,0.234855185865596,1775880300000,0.12529744256400002,2237.4543315,2237.79,0.24477400136000005,2133.5099785,0.5094429908921531,-0.057548495998985816,0.073432464,2046.2215999999999,11.339445038641,1775433600000,11.71519999999999,0.112,time,2133.19,range,10.113694895358647,1,1775448000000,2046.2215999999999,2307.1268000000005
recent,A_ACCEPT,risk_double,22.30250000000003,1778875500000,1778443500000,1778443500000,0.22963343985000004,0.0688797,0.025075942581451474,1778445900000,0.22476084656513748,2317.1221295375,2317.4697499999997,0.4543942864151375,2367.35505,0.5549927189126885,0.0,0.136318069725,2317.4697499999997,-10.199580856140189,1778428800000,-9.60886850000005,0.194,stop,2367.0,range,10.227089345745057,1,1778443200000,2317.4697499999997,2466.0605000000005
recent,A_ACCEPT,risk_double,22.26600000000003,1778889900000,1778457900000,1778457900000,0.18485184361800003,0.05544723599999999,0.0823740469427417,1778509800000,0.17998010413422003,2307.4372324900005,2307.7834000000003,0.36483194775222005,2369.8954310000004,0.4909093935007918,-0.007249932144,0.10944936755999998,2307.7834000000003,-10.1155608474562,1778443200000,-9.634029599999954,0.156,stop,2369.54,range,10.125093537183655,1,1778457600000,2307.7834000000003,2493.0531999999994
recent,A_ACCEPT,risk_double,29.590499999999917,1780373100000,1779941100000,1779941100000,0.106846190667,0.032058666,0.4468542863018678,1780373100000,0.10811071417500001,2002.0502625000001,2001.75,0.21495690484200003,1978.6331605,0.5463797284539404,0.2047551124545029,0.064487016,2068.9490499999997,-2.539248808387509,1779926400000,-2.464559999999993,0.108,time,1978.93,down,10.023937928709092,-1,1779940800000,2068.9490499999997,1798.8919000000008
recent,A_ACCEPT,risk_double,60.76000000000001,1781121900000,1780689900000,1780689900000,0.0616099671185,0.018485763,0.6743902840404167,1780870200000,0.06649147422530001,1683.3284614000002,1683.076,0.12810144134380003,1559.746003,0.4964552717003661,-0.03868840776590689,0.0384302136,1683.076,-9.92980406270972,1780675200000,-9.724584,0.079,stop,1559.98,down,9.998545440625216,-1,1780689600000,1683.076,1313.788
recent,A_ACCEPT,risk_double,24.99150000000002,1782648300000,1782216300000,1782216300000,0.10698171033600001,0.032099328,0.10750271471501816,1782648300000,0.10201753533525001,1581.6672145000002,1581.43,0.20899924567125003,1658.6311680000001,0.5099944029005657,-0.01684609144130958,0.0626999985,1732.98915,9.702504664387426,1782201600000,9.991050000000007,0.129,time,1658.88,range,9.899247399998119,-1,1782216000000,1732.98915,1510.6617
recent,A_ACCEPT,risk_double,31.900999999999964,1783440300000,1783008300000,1783008300000,0.09751622524000002,0.029250480000000002,0.09494339622641539,1783440300000,0.10321484045125001,1795.0407035,1795.31,0.20073106569125004,1695.9343520000002,0.5295263919843589,-0.20133486242933002,0.0602195775,1611.3199,10.995164494379402,1782993600000,11.457449999999987,0.115,time,1695.68,range,9.996272446641994,1,1783008000000,1611.3199,1864.4002000000003
recent,A_ACCEPT,risk_double,29.28449999999999,1784491500000,1784059500000,1784059500000,0.10876109171700003,0.032623434,0.2812249654067443,1784491500000,0.10805402946400001,1863.000508,1863.28,0.21681512118100005,1875.1912365000003,0.483756875184595,-0.14290743936994305,0.065044506,1790.4115499999998,-1.773847066550967,1784044800000,-1.3490800000000127,0.116,time,1874.91,range,10.106224091585787,1,1784059200000,1790.4115499999998,2043.9069000000006
recent,A_ACCEPT,risk_double,20.87050000000005,1784995500000,1784563500000,1784563500000,0.19449319460375006,0.058339207500000004,0.46695719844357975,1784901000000,0.18965527481589375,1850.2953640575,1850.57295,0.3841484694196438,1897.4945815000003,0.5007709541509564,-0.05468299574571051,0.11524432571250001,1850.57295,-10.11467104087794,1784548800000,-9.56059525000001,0.20500000000000002,stop,1897.21,up,10.088485620920274,1,1784563200000,1850.57295,1990.4841000000001
recent,A_ACCEPT,flow55,22.30250000000003,1778875500000,1778443500000,1778443500000,0.112449364875,0.033729749999999996,0.025075942581451474,1778445900000,0.11006330115303124,2317.1221295375,2317.4697499999997,0.22251266602803124,2367.35505,0.5549927189126885,0.0,0.0667536939375,2317.4697499999997,-4.994640109965557,1778428800000,-4.705373750000024,0.095,stop,2367.0,range,5.0,1,1778443200000,2317.4697499999997,2466.0605000000005
recent,A_ACCEPT,min50,42.736999999999966,1768089900000,1767657900000,1767657900000,0.100112154571,0.030029141999999995,0.605453112199949,1767798900000,0.09772016507620501,3152.2633895550002,3152.7363,0.19783231964720502,3229.4243410000004,0.5010235988130601,-0.052647078097907425,0.05934958958999999,3152.7363,-5.03445838733512,1767643200000,-4.724629400000001,0.062,stop,3228.94,up,5.0,1,1767657600000,3152.7363,3381.3474
recent,A_ACCEPT,min50,33.803499999999985,1768766700000,1768334700000,1768334700000,0.08517396917925,0.0255483585,0.1990238246120245,1768408200000,0.0898684412614675,3391.261934395,3391.7707,0.1750424104407175,3214.1120445000006,0.5113768984783305,-0.050061802006,0.052512935564999995,3124.55965,9.163839951988251,1768320000000,9.441457099999996,0.053,target,3213.63,range,4.974827708063325,1,1768334400000,3124.55965,3391.7707
recent,A_ACCEPT,min50,35.897499999999965,1769342700000,1768910700000,1768910700000,0.09017908110850002,0.027057783,0.20672981009471533,1768948200000,0.08546278199467501,2946.9924825750004,2946.5505000000003,0.17564186310317503,3109.6234865,0.47038321179271425,0.0021663391961270757,0.05269277235,3191.85975,9.259122703742936,1768896000000,9.485290999999993,0.058,target,3110.09,range,5.020646907823266,-1,1768910400000,3191.85975,2946.5505000000003
recent,A_ACCEPT,min50,46.52299999999998,1769990700000,1769558700000,1769558700000,0.0679525413525,0.020382704999999994,0.06643896080324047,1769697000000,0.0655069707302625,2911.420921345,2911.8577,0.13345951208276252,3020.1129490000003,0.5355685696775109,-0.030849869246688994,0.04003774447499999,2911.8577,-5.055450625804469,1769544000000,-4.851103499999993,0.045,stop,3019.66,range,5.06694252134198,1,1769558400000,2911.8577,3235.2645999999995
recent,A_ACCEPT,min50,53.59349999999997,1770149100000,1769717100000,1769717100000,0.044668018792000004,0.013402415999999999,0.06432381031132421,1769877900000,0.03984263629912,2490.164768695,2489.7913,0.08451065509112,2791.7511745,0.5312650555250704,-0.011585603398235292,0.025353414239999997,2943.35935,9.554668727270649,1769702400000,9.676118400000007,0.032,target,2792.17,range,5.041665268212959,-1,1769716800000,2943.35935,2489.7913
recent,A_ACCEPT,min50,94.195,1770753900000,1770321900000,1770321900000,0.025030604846000004,0.007510308,0.6236402560285149,1770438000000,0.02752200118102501,2117.0770139250003,2116.7595,0.05255260602702501,1925.4311420000001,0.4961054468152939,-0.010995264490149934,0.01576567005,2116.7595,-5.04634054056718,1770307200000,-4.9670270000000025,0.026000000000000002,stop,1925.72,down,5.089438611849312,-1,1770321600000,2116.7595,1543.6409999999998
recent,A_ACCEPT,min50,45.85499999999998,1772481900000,1772049900000,1772049900000,0.033099044112,0.009928224000000001,0.02795303377034443,1772212500000,0.030661712053200004,1916.357003325,1916.6445,0.06376075616520001,2068.690257,0.516823971522496,-0.0002309249613473641,0.0191281176,1916.6445,-4.938655798726552,1772035200000,-4.855536,0.032,stop,2068.38,range,5.064206909146476,1,1772049600000,1916.6445,2371.851
recent,A_ACCEPT,min50,64.70299999999999,1773086700000,1772654700000,1772654700000,0.035919947184,0.010774368,0.03430820035198022,1772805300000,0.033469018943992505,2028.425390545,2028.7297,0.0693889661279925,2176.966496,0.5027237737822634,0.0011674165336861924,0.020816580015000002,2028.7297,-4.970078029609306,1772640000000,-4.881039899999993,0.033,stop,2176.64,range,5.039513630152842,1,1772654400000,2028.7297,2472.4605999999994
recent,A_ACCEPT,min50,40.84199999999991,1774080300000,1773648300000,1773648300000,0.05749250758275,0.0172451655,0.2963635043913769,1773864600000,0.055052253823065014,2158.9119146300004,2159.2358000000004,0.11254476140581501,2254.6081405,0.5085532965897988,-0.017217104246117106,0.03376331937,2159.2358000000004,-5.01026938502191,1773633600000,-4.84674419999998,0.051000000000000004,stop,2254.27,range,5.014663240004796,1,1773648000000,2159.2358000000004,2444.338399999999
recent,A_ACCEPT,min50,39.90099999999997,1775059500000,1774627500000,1774627500000,0.054573537741250004,0.016374517499999998,0.09188817134643804,1774859700000,0.0570047771841625,2072.900988515,2072.5901,0.11157831492541251,1984.4922815,0.5037345734524339,-0.025231620296591116,0.03347338582499999,2072.5901,-4.9992888210469975,1774612800000,-4.8290054999999965,0.055,stop,1984.79,range,4.989611893079686,-1,1774627200000,2072.5901,1809.1898
recent,A_ACCEPT,min50,24.383999999999993,1775880300000,1775448300000,1775448300000,0.05867152440875001,0.0175988175,0.234855185865596,1775880300000,0.06152999411625,2237.4543315,2237.79,0.12020151852500001,2133.5099785,0.5094429908921531,-0.028260422142359107,0.036060585,2046.2215999999999,5.568477474332634,1775433600000,5.752999999999995,0.055,time,2133.19,range,4.964615448974451,1,1775448000000,2046.2215999999999,2307.1268000000005
recent,A_ACCEPT,min50,22.30250000000003,1778875500000,1778443500000,1778443500000,0.11126568735,0.03337469999999999,0.025075942581451474,1778445900000,0.10890474008826251,2317.1221295375,2317.4697499999997,0.2201704274382625,2367.35505,0.5549927189126885,0.0,0.066051023475,2317.4697499999997,-4.942064950913288,1778428800000,-4.655843500000024,0.094,stop,2367.0,range,4.992457836346113,1,1778443200000,2317.4697499999997,2466.0605000000005
recent,A_ACCEPT,min50,22.26600000000003,1778889900000,1778457900000,1778457900000,0.09005602637800002,0.027012755999999995,0.0823740469427417,1778509800000,0.08768261483462002,2307.4372324900005,2307.7834000000003,0.17773864121262004,2369.8954310000004,0.4909093935007918,-0.003532018224,0.053321486759999995,2307.7834000000003,-4.92809374619661,1778443200000,-4.693501599999978,0.076,stop,2369.54,range,4.967747511591546,1,1778457600000,2307.7834000000003,2493.0531999999994
recent,A_ACCEPT,min50,29.590499999999917,1780373100000,1779941100000,1779941100000,0.05243377875325,0.0157324935,0.4468542863018678,1780373100000,0.053054331956250006,2002.0502625000001,2001.75,0.10548811070950001,1978.6331605,0.5463797284539404,0.10048167555637638,0.031646406,2068.9490499999997,-1.2461128411531295,1779926400000,-1.2094599999999966,0.053,time,1978.93,down,4.9431070428605635,-1,1779940800000,2068.9490499999997,1798.8919000000008
recent,A_ACCEPT,min50,60.76000000000001,1781121900000,1780689900000,1780689900000,0.0304150470585,0.009125883,0.6743902840404167,1780870200000,0.0328249049973,1683.3284614000002,1683.076,0.0632399520558,1559.746003,0.4964552717003661,-0.019099340542662893,0.0189718776,1683.076,-4.90205517019847,1780675200000,-4.800744,0.039,stop,1559.98,down,4.936876478654798,-1,1780689600000,1683.076,1313.788
recent,A_ACCEPT,min50,24.99150000000002,1782648300000,1782216300000,1782216300000,0.05307619737600001,0.015925248,0.10750271471501816,1782648300000,0.05061335086400001,1581.6672145000002,1581.43,0.10368954824000001,1658.6311680000001,0.5099944029005657,-0.0083577507925877,0.031106976,1732.98915,4.813645724967405,1782201600000,4.956800000000003,0.064,time,1658.88,range,4.912366202803806,-1,1782216000000,1732.98915,1510.6617
recent,A_ACCEPT,min50,31.900999999999964,1783440300000,1783008300000,1783008300000,0.04833412903200001,0.014498064,0.09494339622641539,1783440300000,0.051158660049750004,1795.0407035,1795.31,0.09949278908175002,1695.9343520000002,0.5295263919843589,-0.09979206224758097,0.029847964499999997,1611.3199,5.44977718417066,1782993600000,5.678909999999994,0.057,time,1695.68,range,4.936434431428643,1,1783008000000,1611.3199,1864.4002000000003
recent,A_ACCEPT,min50,29.28449999999999,1784491500000,1784059500000,1784059500000,0.05344295024025002,0.0160304805,0.2812249654067443,1784491500000,0.053095514478000004,1863.000508,1863.28,0.10653846471825001,1875.1912365000003,0.483756875184595,-0.07022175900074787,0.0319615245,1790.4115499999998,-0.8716317482190096,1784044800000,-0.6629100000000062,0.057,time,1874.91,range,4.963683317349498,1,1784059200000,1790.4115499999998,2043.9069000000006
recent,A_ACCEPT,min50,20.87050000000005,1784995500000,1784563500000,1784563500000,0.09582347636575003,0.028742731499999997,0.46695719844357975,1784901000000,0.09343991588490376,1850.2953640575,1850.57295,0.1892633922506538,1897.4945815000003,0.5007709541509564,-0.026941378391789082,0.0567789116925,1850.57295,-4.983325732334984,1784548800000,-4.710342050000005,0.101,stop,1897.21,up,4.959325158608403,1,1784563200000,1850.57295,1990.4841000000001
recent,R_RETEST,base,54.5615,1771689900000,1770825900000,1770825900000,0.052157795157,0.015649686,0.44970832083740436,1770995400000,0.05457211063890751,2021.1892829225003,2020.88615,0.10672990579590752,1931.770191,0.4920782992814354,-0.018810404512224127,0.03201886381499999,2020.88615,-4.954171274123143,1770796800000,-4.796612100000005,0.054,stop,1932.06,down,5.0,-1,1770825600000,2020.88615,1665.5815499999997
recent,R_RETEST,base,32.70699999999996,1780877100000,1780013100000,1780013100000,0.26535939012,0.07961976,0.5037747268499334,1780067700000,0.26757386245986003,2027.0747156050002,2026.7707,0.53293325257986,2010.2984099999999,0.48138654631817135,0.037294227739388924,0.15987987972,2026.7707,-4.924583704560547,1779940800000,-4.269064800000033,0.264,stop,2010.6,down,4.9752291436293845,-1,1780012800000,2026.7707,1962.0878999999995
recent,R_RETEST,base,49.71350000000003,1781424300000,1780560300000,1780560300000,0.1024392818025,0.030736394999999996,0.6751387383837382,1780640100000,0.09549111364381875,1660.7150198924999,1660.4659499999998,0.19793039544631874,1781.552727,0.5215102254922234,0.01756519654338037,0.05937943263749999,1822.27135,13.715971118459578,1780516800000,13.955715750000017,0.115,target,1781.82,down,4.950606225106582,-1,1780560000000,1822.27135,1660.4659499999998
recent,R_RETEST,base,20.87050000000005,1785427500000,1784563500000,1784563500000,0.09677222365650003,0.029027313,0.46695719844357975,1784901000000,0.09436506356693251,1850.2953640575,1850.57295,0.19113728722343254,1897.4945815000003,0.5007709541509564,-0.02720812471249986,0.057341079135,1850.57295,-5.032665591070975,1784548800000,-4.756979100000005,0.10200000000000001,stop,1897.21,up,5.01918608069888,1,1784563200000,1850.57295,2037.1211500000002
recent,R_RETEST,cost_x2,54.5615,1771689900000,1770825900000,1770825900000,0.102368460246,0.030719754,0.44970832083740436,1770995400000,0.10713909803978498,2021.4924158449999,2020.88615,0.209507558285785,1931.480382,0.4920782992814354,-0.018462063687923684,0.062851843785,2020.88615,-4.998607415758704,1770796800000,-4.707785950000005,0.053,stop,1932.06,down,5.0,-1,1770825600000,2020.88615,1665.5815499999997
recent,R_RETEST,cost_x2,32.70699999999996,1780877100000,1780013100000,1780013100000,0.4663192622400001,0.13993776,0.5037747268499334,1780067700000,0.47035186564072007,2027.37873121,2026.7707,0.9366711278807202,2009.99682,0.48138654631817135,0.032773715286129664,0.28100100072,2026.7707,-4.9365008133145905,1779940800000,-3.751602400000029,0.232,stop,2010.6,down,4.975006962921206,-1,1780012800000,2026.7707,1962.0878999999995
recent,R_RETEST,cost_x2,49.71350000000003,1781424300000,1780560300000,1780560300000,0.194160114486,0.05826551399999999,0.6751387383837382,1780640100000,0.18104508578656497,1660.9640897849997,1660.4659499999998,0.375205200272565,1781.285454,0.5215102254922234,0.016648751506334436,0.11256275056499998,1822.27135,12.756472250668809,1780516800000,13.227591450000016,0.109,target,1781.82,down,4.9503244588546345,-1,1780560000000,1822.27135,1660.4659499999998
recent,R_RETEST,cost_x2,20.87050000000005,1785427500000,1784563500000,1784563500000,0.18408457881100002,0.055208810999999997,0.46695719844357975,1784901000000,0.17945172447715502,1850.017778115,1850.57295,0.363536303288155,1897.779163,0.5007709541509564,-0.02587439310894595,0.109060483845,1850.57295,-5.022265030242089,1784548800000,-4.523793850000004,0.097,stop,1897.21,up,5.014106820107979,1,1784563200000,1850.57295,2037.1211500000002
recent,R_RETEST,delay60,54.5615,1771693500000,1770829500000,1770829500000,0.042011277363,0.012605274,0.44970832083740436,1770995400000,0.04446616422429501,2021.1892829225003,2020.88615,0.086477441587295,1909.6035165,0.4920782992814354,-0.01532699626921966,0.02594312259,2020.88615,-5.011578160446525,1770796800000,-4.883830599999997,0.044,stop,1909.89,down,5.0,-1,1770825600000,2020.88615,1576.9015500000003
recent,R_RETEST,delay60,32.70699999999996,1780880700000,1780016700000,1780016700000,0.3110143708455,0.09331830899999997,0.5037747268499334,1780067700000,0.31318304356097254,2027.0747156050002,2026.7707,0.6241974144064726,2013.037999,0.48138654631817135,0.04365119837678477,0.18725913094499996,2026.7707,-4.91789164697477,1779940800000,-4.150086300000035,0.309,stop,2013.34,down,4.974942109197768,-1,1780012800000,2026.7707,1973.0478999999996
recent,R_RETEST,delay60,49.71350000000003,1781427900000,1780563900000,1780563900000,0.07414869602700001,0.022247946,0.6751387383837382,1780668300000,0.06704314486348503,1596.2653538925003,1596.0259500000002,0.14119184089048503,1765.4451435,0.5215102254922234,0.008418624407731556,0.04235787297,1822.27135,14.078329110547225,1780516800000,14.253460199999987,0.084,target,1765.71,down,4.950352650962893,-1,1780560000000,1822.27135,1596.0259500000002
recent,R_RETEST,delay60,20.87050000000005,1785431100000,1784567100000,1784567100000,0.09769058138950001,0.029302779,0.46695719844357975,1784901000000,0.09529021124896125,1850.2953640575,1850.57295,0.19298079263846127,1896.904493,0.5007709541509564,-0.027474871033210658,0.0578941310775,1850.57295,-5.021195944749182,1784548800000,-4.74284614999999,0.10300000000000001,stop,1896.62,up,5.0207442965156295,1,1784563200000,1850.57295,2034.7611499999996
recent,R_RETEST,stop_5bp,54.5615,1771689900000,1770825900000,1770825900000,0.052157795157,0.015649686,0.44970832083740436,1770995400000,0.0545993926019325,2022.1997259975,2020.88615,0.1067571877589325,1931.770191,0.4920782992814354,-0.018810404512224127,0.086582789865,2020.88615,-5.008762482136158,1770796800000,-4.796612100000005,0.054,stop,1932.06,down,5.0,-1,1770825600000,2020.88615,1665.5815499999997
recent,R_RETEST,stop_5bp,32.70699999999996,1780877100000,1780013100000,1780013100000,0.252292450455,0.07569909,0.5037747268499334,1780067700000,0.25452505666985253,2028.088100955,2026.7707,0.5068175071248525,2010.2984099999999,0.48138654631817135,0.03545776955525235,0.406366729705,2026.7707,-4.93657216727465,1779940800000,-4.058845700000031,0.251,stop,2010.6,down,4.97495618758932,-1,1780012800000,2026.7707,1962.0878999999995
recent,R_RETEST,stop_5bp,49.71350000000003,1781424300000,1780560300000,1780560300000,0.1006577290755,0.030201849,0.6751387383837382,1780640100000,0.09383039862392624,1660.7150198924999,1660.4659499999998,0.19448812769942625,1781.552727,0.5215102254922234,0.01725971486436506,0.05834674685249999,1822.27135,13.477432490312454,1780516800000,13.713007650000016,0.113,target,1781.82,down,4.950273326752947,-1,1780560000000,1822.27135,1660.4659499999998
recent,R_RETEST,stop_5bp,20.87050000000005,1785427500000,1784563500000,1784563500000,0.09487472907500002,0.028458149999999998,0.46695719844357975,1784901000000,0.09246850387912502,1849.3700775825,1850.57295,0.18734323295412503,1897.4945815000003,0.5007709541509564,-0.026674632071078307,0.14874539174999998,1850.57295,-5.026468256775234,1784548800000,-4.663705000000005,0.1,stop,1897.21,up,5.017660489204508,1,1784563200000,1850.57295,2037.1211500000002
recent,R_RETEST,risk_half,54.5615,1771689900000,1770825900000,1770825900000,0.0260788975785,0.007824843,0.44970832083740436,1770995400000,0.027286055319453755,2021.1892829225003,2020.88615,0.05336495289795376,1931.770191,0.4920782992814354,-0.009405202256112064,0.016009431907499996,2020.88615,-2.4770856370615717,1770796800000,-2.3983060500000026,0.027,stop,1932.06,down,2.5,-1,1770825600000,2020.88615,1665.5815499999997
recent,R_RETEST,risk_half,32.70699999999996,1780877100000,1780013100000,1780013100000,0.13267969506,0.03980988,0.5037747268499334,1780067700000,0.13378693122993002,2027.0747156050002,2026.7707,0.26646662628993,2010.2984099999999,0.48138654631817135,0.018647113869694462,0.07993993986,2026.7707,-2.4622918522802735,1779940800000,-2.1345324000000163,0.132,stop,2010.6,down,2.4938072859073457,-1,1780012800000,2026.7707,1962.0878999999995
recent,R_RETEST,risk_half,49.71350000000003,1781424300000,1780560300000,1780560300000,0.051665029083000004,0.015501833999999999,0.6751387383837382,1780640100000,0.0481607355768825,1660.7150198924999,1660.4659499999998,0.09982576465988251,1781.552727,0.5215102254922234,0.008858968691444013,0.029947887764999997,1822.27135,6.91762021626657,1780516800000,7.038534900000009,0.058,target,1781.82,down,2.4876515562766452,-1,1780560000000,1822.27135,1660.4659499999998
recent,R_RETEST,risk_half,20.87050000000005,1785427500000,1784563500000,1784563500000,0.04838611182825001,0.0145136565,0.46695719844357975,1784901000000,0.04718253178346626,1850.2953640575,1850.57295,0.09556864361171627,1897.4945815000003,0.5007709541509564,-0.01360406235624993,0.0286705395675,1850.57295,-2.5163327955354875,1784548800000,-2.3784895500000025,0.051000000000000004,stop,1897.21,up,2.5049456068173117,1,1784563200000,1850.57295,2037.1211500000002
recent,R_RETEST,risk_double,54.5615,1771689900000,1770825900000,1770825900000,0.1052814754095,0.031589180999999994,0.44970832083740436,1770995400000,0.11015481591927626,2021.1892829225003,2020.88615,0.21543629132877626,1931.770191,0.4920782992814354,-0.03796914984874871,0.06463066955249999,2020.88615,-10.000086460730051,1770796800000,-9.682050350000011,0.109,stop,1932.06,down,10.0,-1,1770825600000,2020.88615,1665.5815499999997
recent,R_RETEST,risk_double,32.70699999999996,1780877100000,1780013100000,1780013100000,0.49453340885999997,0.14838227999999998,0.5037747268499334,1780067700000,0.49866038003883006,2027.0747156050002,2026.7707,0.99319378889883,2010.2984099999999,0.48138654631817135,0.06950287896886118,0.29795795766,2026.7707,-9.177633267590112,1779940800000,-7.9559844000000615,0.492,stop,2010.6,down,9.8999991353927,-1,1780012800000,2026.7707,1962.0878999999995
recent,R_RETEST,risk_double,49.71350000000003,1781424300000,1780560300000,1780560300000,0.20398778724150002,0.061205517,0.6751387383837382,1780640100000,0.19015186977769125,1660.7150198924999,1660.4659499999998,0.3941396570191913,1781.552727,0.5215102254922234,0.03497765224725309,0.11824252238249999,1822.27135,27.312672922845596,1780516800000,27.790077450000034,0.229,target,1781.82,down,9.808222802716799,-1,1780560000000,1822.27135,1660.4659499999998
recent,R_RETEST,risk_double,20.87050000000005,1785427500000,1784563500000,1784563500000,0.19449319460375006,0.058339207500000004,0.46695719844357975,1784901000000,0.18965527481589375,1850.2953640575,1850.57295,0.3841484694196438,1897.4945815000003,0.5007709541509564,-0.05468299574571051,0.11524432571250001,1850.57295,-10.11467104087794,1784548800000,-9.56059525000001,0.20500000000000002,stop,1897.21,up,10.081349531945254,1,1784563200000,1850.57295,2037.1211500000002
recent,R_RETEST,flow55,23.80400000000004,1785542700000,1784678700000,1784678700000,0.23467599612,0.07039224,0.401122632766188,1784701200000,0.23241037961304,1912.84263056,1913.1296,0.46708637573304,1931.4896800000001,0.553328775836064,0.0,0.14012581392,1913.1296,-4.998319389653052,1784606400000,-4.3911072000000155,0.243,stop,1931.2,up,5.0,1,1784678400000,1913.1296,1985.4112000000002
recent,R_RETEST,min50,54.5615,1771689900000,1770825900000,1770825900000,0.052157795157,0.015649686,0.44970832083740436,1770995400000,0.05457211063890751,2021.1892829225003,2020.88615,0.10672990579590752,1931.770191,0.4920782992814354,-0.018810404512224127,0.03201886381499999,2020.88615,-4.954171274123143,1770796800000,-4.796612100000005,0.054,stop,1932.06,down,5.0,-1,1770825600000,2020.88615,1665.5815499999997
recent,R_RETEST,min50,32.70699999999996,1780877100000,1780013100000,1780013100000,0.26535939012,0.07961976,0.5037747268499334,1780067700000,0.26757386245986003,2027.0747156050002,2026.7707,0.53293325257986,2010.2984099999999,0.48138654631817135,0.037294227739388924,0.15987987972,2026.7707,-4.924583704560547,1779940800000,-4.269064800000033,0.264,stop,2010.6,down,4.9752291436293845,-1,1780012800000,2026.7707,1962.0878999999995
recent,R_RETEST,min50,49.71350000000003,1781424300000,1780560300000,1780560300000,0.1024392818025,0.030736394999999996,0.6751387383837382,1780640100000,0.09549111364381875,1660.7150198924999,1660.4659499999998,0.19793039544631874,1781.552727,0.5215102254922234,0.01756519654338037,0.05937943263749999,1822.27135,13.715971118459578,1780516800000,13.955715750000017,0.115,target,1781.82,down,4.950606225106582,-1,1780560000000,1822.27135,1660.4659499999998
recent,R_RETEST,min50,20.87050000000005,1785427500000,1784563500000,1784563500000,0.09677222365650003,0.029027313,0.46695719844357975,1784901000000,0.09436506356693251,1850.2953640575,1850.57295,0.19113728722343254,1897.4945815000003,0.5007709541509564,-0.02720812471249986,0.057341079135,1850.57295,-5.032665591070975,1784548800000,-4.756979100000005,0.10200000000000001,stop,1897.21,up,5.01918608069888,1,1784563200000,1850.57295,2037.1211500000002
recent,F_REJECT,base,57.80499999999997,1769457900000,1769025900000,1769025900000,0.05017346489100001,0.015049782000000001,0.05057820531996125,1769178900000,0.0477525727894875,2894.095320575,2894.5295,0.09792603768048752,3040.8160540000003,0.4870504567390978,-0.011260789979512593,0.029377703025,2894.5295,-4.9509710306850065,1769011200000,-4.812406500000002,0.033,stop,3040.36,range,5.0,1,1769025600000,2894.5295,3367.98
recent,F_REJECT,base,35.511999999999986,1772395500000,1771963500000,1771963500000,0.07409071194000001,0.022223879999999998,0.23270701297872026,1772031000000,0.07985362016000001,1996.3405040000002,1996.64,0.15394433210000003,1852.2677985000003,0.4997606375018833,-0.003265190035203392,0.04618356,1792.4488,11.368606917864795,1771948800000,11.572000000000008,0.08,target,1851.99,range,4.975245144846575,1,1771963200000,1792.4488,1996.64
recent,F_REJECT,base,29.034499999999888,1777838700000,1777406700000,1777406700000,0.10715207040000001,0.0321408,0.11568317437649851,1777485900000,0.10475466901731376,2252.7885810175003,2253.1265500000004,0.21190673941731375,2304.3456,0.5591514408136893,-0.026227754993540096,0.06357191537250001,2253.1265500000004,-5.032937259783336,1777392000000,-4.731230849999962,0.093,stop,2304.0,range,5.032088179435899,1,1777406400000,2253.1265500000004,2403.99
recent,F_REJECT,base,25.356000000000016,1778213100000,1777781100000,1777781100000,0.11955502405600002,0.035871888,0.07255520504731874,1777846200000,0.12193413857768004,2344.8872803400004,2344.5356,0.24148916263368006,2299.1350780000002,0.5196632049452791,0.01726297024030636,0.07244664336000001,2344.5356,-4.982455235753392,1777766400000,-4.685782400000015,0.10400000000000001,stop,2299.48,range,5.006923493136982,-1,1777780800000,2344.5356,2218.83
recent,F_REJECT,base,29.98549999999998,1779581100000,1779149100000,1779149100000,0.08833147273375003,0.0264954675,0.22356633276771246,1779478200000,0.08594445657247377,2070.9507607825003,2071.2614500000004,0.1742759293062238,2128.4692225000003,0.4891792943704952,-0.08710034048124311,0.052282672552500006,2071.2614500000004,-5.035408592339969,1779134400000,-4.721749649999973,0.083,stop,2128.15,range,4.982011216958215,1,1779148800000,2071.2614500000004,2264.21
recent,F_REJECT,base,40.870500000000014,1782893100000,1782461100000,1782461100000,0.05361890162900001,0.016083258,0.002300732564540322,1782893100000,0.05357086316500001,1575.6136225,1575.85,0.10718976479400003,1577.0265185,0.509247667466095,-0.024680349336606587,0.032156928,1506.7829499999998,-0.22794704213060976,1782446400000,-0.06392000000000371,0.068,time,1576.79,range,4.956834173996515,1,1782460800000,1506.7829499999998,1746.99
recent,F_REJECT,base,24.153499999999998,1785312300000,1784880300000,1784880300000,0.11922522110100002,0.035762202,0.17667742052416002,1784901000000,0.11688429767505751,1855.3063123025001,1855.58465,0.23610951877605751,1892.4638270000003,0.5351648975021729,0.0,0.07083275188499999,1855.58465,-4.917956370661073,1784865600000,-4.611014100000006,0.126,stop,1892.18,range,4.955694438785862,1,1784880000000,1855.58465,1958.75
recent,F_REJECT,cost_x2,57.80499999999997,1769457900000,1769025900000,1769025900000,0.09732070745600001,0.029187456,0.05057820531996125,1769178900000,0.09259715651680002,2893.6611411500003,2894.5295,0.18991786397280003,3041.272108,0.4870504567390978,-0.010919553919527362,0.0569749392,2894.5295,-4.924388357092322,1769011200000,-4.666576000000001,0.032,stop,3040.36,range,5.0,1,1769025600000,2894.5295,3367.98
recent,F_REJECT,cost_x2,35.511999999999986,1772395500000,1771963500000,1771963500000,0.142646010969,0.042780968999999995,0.23270701297872026,1772031000000,0.15369515761600003,1996.0410080000001,1996.64,0.29634116858500004,1852.545597,0.4997606375018833,-0.0031427454088832655,0.08890335299999999,1792.4488,10.749662733006124,1771948800000,11.138050000000007,0.077,target,1851.99,range,4.975378058214539,1,1771963200000,1792.4488,1996.64
recent,F_REJECT,cost_x2,29.034499999999888,1777838700000,1777406700000,1777406700000,0.20281282559999997,0.06082559999999999,0.11568317437649851,1777485900000,0.19821565385908005,2252.4506120350006,2253.1265500000004,0.40102847945908005,2304.6911999999998,0.5591514408136893,-0.024817660639048687,0.12030814092,2253.1265500000004,-5.023017881018051,1777392000000,-4.476863599999964,0.088,stop,2304.0,range,5.02912637187957,1,1777406400000,2253.1265500000004,2403.99
recent,F_REJECT,cost_x2,25.356000000000016,1778213100000,1777781100000,1777781100000,0.22298264513200003,0.066914868,0.07255520504731874,1777846200000,0.22748817918596004,2345.23896068,2344.5356,0.45047082431796004,2298.790156,0.5196632049452791,0.01610103955105497,0.13514085396,2344.5356,-4.9399038387269245,1777766400000,-4.370393200000014,0.097,stop,2299.48,range,5.004011282474479,-1,1777780800000,2344.5356,2218.83
recent,F_REJECT,cost_x2,29.98549999999998,1779581100000,1779149100000,1779149100000,0.16817428715500002,0.050437155,0.22356633276771246,1779478200000,0.16358056565363507,2070.6400715650007,2071.2614500000004,0.3317548528086351,2128.788445,0.4891792943704952,-0.08290273371106274,0.099526051365,2071.2614500000004,-5.008379087884657,1779134400000,-4.494195449999974,0.079,stop,2128.15,range,4.979311763280845,1,1779148800000,2071.2614500000004,2264.21
recent,F_REJECT,cost_x2,40.870500000000014,1782893100000,1782461100000,1782461100000,0.10409936044200001,0.031220441999999998,0.002300732564540322,1782893100000,0.10397489817000001,1575.377245,1575.85,0.20807425861200002,1577.263037,0.509247667466095,-0.023954456709059335,0.062422272,1506.7829499999998,-0.3564909873210618,1782446400000,-0.062040000000003606,0.066,time,1576.79,range,4.954269867841422,1,1782460800000,1506.7829499999998,1746.99
recent,F_REJECT,cost_x2,24.153499999999998,1785312300000,1784880300000,1784880300000,0.225236970826,0.06755082600000001,0.17667742052416002,1784901000000,0.220748328977995,1855.027974605,1855.58465,0.44598529980399504,1892.747654,0.5351648975021729,0.0,0.133795198005,1855.58465,-4.934627147808991,1784865600000,-4.354846650000007,0.11900000000000001,stop,1892.18,range,4.952487412904817,1,1784880000000,1855.58465,1958.75
recent,F_REJECT,delay60,57.80499999999997,1769461500000,1769029500000,1769029500000,0.055983476261999995,0.016792523999999996,0.05057820531996125,1769178900000,0.053540763430637496,2894.095320575,2894.5295,0.1095242396926375,3026.133852,0.4870504567390978,-0.012625734219453509,0.03285716272499999,2894.5295,-5.007575636637081,1769011200000,-4.85256849999999,0.037,stop,3025.68,range,5.0,1,1769025600000,2894.5295,3367.98
recent,F_REJECT,delay60,35.511999999999986,1772399100000,1771967100000,1771967100000,0.0758740894065,0.022758813,0.23270701297872026,1772031000000,0.08184996066400001,1996.3405040000002,1996.64,0.1577240500705,1850.5875465000001,0.4997606375018833,-0.0033468197860834774,0.047317485000000006,1792.4488,11.790671645143425,1771948800000,11.999060000000012,0.082,target,1850.31,range,4.974962121816815,1,1771963200000,1792.4488,1996.64
recent,F_REJECT,delay60,29.034499999999888,1777842300000,1777410300000,1777410300000,0.12741436428825,0.0382185765,0.11568317437649851,1777485900000,0.12502976624647127,2252.7885810175003,2253.1265500000004,0.25244413053472126,2295.7543115,0.5591514408136893,-0.03130409466970915,0.0757331335575,2253.1265500000004,-5.052944308761882,1777392000000,-4.6934629499999385,0.111,stop,2295.41,range,5.033915480042532,1,1777406400000,2253.1265500000004,2403.99
recent,F_REJECT,delay60,25.356000000000016,1778216700000,1777784700000,1777784700000,0.127775130855,0.03833829,0.07255520504731874,1777846200000,0.13014124405887004,2344.8872803400004,2344.5356,0.25791637491387004,2302.25461,0.5196632049452791,0.018424900929557744,0.07737480774,2344.5356,-4.971717881724364,1777766400000,-4.654851600000028,0.111,stop,2302.6,range,5.008650758498723,-1,1777780800000,2344.5356,2218.83
recent,F_REJECT,delay60,29.98549999999998,1779584700000,1779152700000,1779152700000,0.08212550197775002,0.0246339555,0.22356633276771246,1779478200000,0.07973160429012625,2070.9507607825003,2071.2614500000004,0.16185710626787628,2133.1299215000004,0.4891792943704952,-0.08080393032597252,0.0485570252475,2071.2614500000004,-5.030456411841352,1779134400000,-4.7392383499999635,0.077,stop,2132.81,range,4.983792169090101,1,1779148800000,2071.2614500000004,2264.21
recent,F_REJECT,delay60,40.870500000000014,1782896700000,1782464700000,1782464700000,0.06867537976200001,0.020599523999999994,0.002300732564540322,1782896700000,0.069521010284,1580.0229610000001,1580.26,0.138196390046,1560.8040855000002,0.509247667466095,-0.03193927561207911,0.04145895599999999,1506.7829499999998,1.5211253783419179,1782446400000,1.7327200000000047,0.088,time,1560.57,range,4.958639887030895,1,1782460800000,1506.7829499999998,1746.99
recent,F_REJECT,delay60,24.153499999999998,1785315900000,1784883900000,1784883900000,0.14240303225125,0.042714502499999994,0.17667742052416002,1784901000000,0.14007562657883876,1855.3063123025001,1855.58465,0.28247865883008877,1886.1328775000002,0.5351648975021729,0.0,0.08474349482249999,1855.58465,-4.937290003652594,1784865600000,-4.570067849999985,0.151,stop,1885.85,range,4.966245513922605,1,1784880000000,1855.58465,1958.75
recent,F_REJECT,stop_5bp,57.80499999999997,1769457900000,1769025900000,1769025900000,0.05017346489100001,0.015049782000000001,0.05057820531996125,1769178900000,0.0477286929211125,2892.648055825,2894.5295,0.0979021578121125,3040.8160540000003,0.4870504567390978,-0.011260789979512593,0.077137439775,2894.5295,-4.9987068875666365,1769011200000,-4.812406500000002,0.033,stop,3040.36,range,5.0,1,1769025600000,2894.5295,3367.98
recent,F_REJECT,stop_5bp,35.511999999999986,1772395500000,1771963500000,1771963500000,0.07316457804075002,0.0219460815,0.23270701297872026,1772031000000,0.07885544990800002,1996.3405040000002,1996.64,0.15202002794875003,1852.2677985000003,0.4997606375018833,-0.00322437515976335,0.0456062655,1792.4488,11.226499331391485,1771948800000,11.427350000000008,0.079,target,1851.99,range,4.975006465562167,1,1771963200000,1792.4488,1996.64
recent,F_REJECT,stop_5bp,29.034499999999888,1777838700000,1777406700000,1777406700000,0.10484772480000001,0.031449599999999994,0.11568317437649851,1777485900000,0.10245062180728376,2251.6620177425,2253.1265500000004,0.20729834660728377,2304.3456,0.5591514408136893,-0.02566371725174353,0.16472203543250002,2253.1265500000004,-5.027168049291517,1777392000000,-4.629483949999963,0.091,stop,2304.0,range,5.031138962219124,1,1777406400000,2253.1265500000004,2403.99
recent,F_REJECT,stop_5bp,25.356000000000016,1778213100000,1777781100000,1777781100000,0.11610632143900003,0.034837122,0.07255520504731874,1777846200000,0.11847600718107001,2346.05954814,2344.5356,0.23458232862007006,2299.1350780000002,0.5196632049452791,0.016764999944912908,0.18875588414000002,2344.5356,-4.957188812815139,1777766400000,-4.550615600000015,0.101,stop,2299.48,range,5.006003121972666,-1,1777780800000,2344.5356,2218.83
recent,F_REJECT,stop_5bp,29.98549999999998,1779581100000,1779149100000,1779149100000,0.08726723812250002,0.026176245,0.22356633276771246,1779478200000,0.08486652033235753,2069.9151300575004,2071.2614500000004,0.17213375845485757,2128.4692225000003,0.4891792943704952,-0.08605093878869802,0.13657448028500002,2071.2614500000004,-5.059620277528551,1779134400000,-4.664861099999973,0.082,stop,2128.15,range,4.98121717790859,1,1779148800000,2071.2614500000004,2264.21
recent,F_REJECT,stop_5bp,40.870500000000014,1782893100000,1782461100000,1782461100000,0.05361890162900001,0.016083258,0.002300732564540322,1782893100000,0.05357086316500001,1575.6136225,1575.85,0.10718976479400003,1577.0265185,0.509247667466095,-0.024680349336606587,0.032156928,1506.7829499999998,-0.22794704213060976,1782446400000,-0.06392000000000371,0.068,time,1576.79,range,4.955919076520947,1,1782460800000,1506.7829499999998,1746.99
recent,F_REJECT,stop_5bp,24.153499999999998,1785312300000,1784880300000,1784880300000,0.11638652536050002,0.034910721,0.17667742052416002,1784901000000,0.11404427897861626,1854.3785199775,1855.58465,0.23043080433911628,1892.4638270000003,0.5351648975021729,0.0,0.1832647137675,1855.58465,-4.91492356810665,1784865600000,-4.501228050000006,0.123,stop,1892.18,range,4.954779341310294,1,1784880000000,1855.58465,1958.75
recent,F_REJECT,risk_half,57.80499999999997,1769457900000,1769025900000,1769025900000,0.024326528432000005,0.007296864,0.05057820531996125,1769178900000,0.023152762564600003,2894.095320575,2894.5295,0.047479290996600004,3040.8160540000003,0.4870504567390978,-0.005459776959763681,0.0142437348,2894.5295,-2.4004708027563666,1769011200000,-2.3332880000000005,0.016,stop,3040.36,range,2.5,1,1769025600000,2894.5295,3367.98
recent,F_REJECT,risk_half,35.511999999999986,1772395500000,1771963500000,1771963500000,0.037045355970000006,0.011111939999999999,0.23270701297872026,1772031000000,0.03992681008000001,1996.3405040000002,1996.64,0.07697216605000001,1852.2677985000003,0.4997606375018833,-0.001632595017601696,0.02309178,1792.4488,5.684303458932398,1771948800000,5.786000000000004,0.04,target,1851.99,range,2.493998822993109,1,1771963200000,1792.4488,1996.64
recent,F_REJECT,risk_half,29.034499999999888,1777838700000,1777406700000,1777406700000,0.0529999488,0.015897599999999998,0.11568317437649851,1777485900000,0.05181413736340251,2252.7885810175003,2253.1265500000004,0.10481408616340251,2304.3456,0.5591514408136893,-0.012972868061320907,0.031444173194999994,2253.1265500000004,-2.489409827419715,1777392000000,-2.3401786999999814,0.046,stop,2304.0,range,2.5082095816404397,1,1777406400000,2253.1265500000004,2403.99
recent,F_REJECT,risk_half,25.356000000000016,1778213100000,1777781100000,1777781100000,0.05977751202800001,0.017935944,0.07255520504731874,1777846200000,0.06096706928884002,2344.8872803400004,2344.5356,0.12074458131684003,2299.1350780000002,0.5196632049452791,0.00863148512015318,0.036223321680000004,2344.5356,-2.491227617876696,1777766400000,-2.3428912000000075,0.052000000000000005,stop,2299.48,range,2.5019860570718904,-1,1777780800000,2344.5356,2218.83
recent,F_REJECT,risk_half,29.98549999999998,1779581100000,1779149100000,1779149100000,0.04363361906125001,0.0130881225,0.22356633276771246,1779478200000,0.04245449059604126,2070.9507607825003,2071.2614500000004,0.08608810965729127,2128.4692225000003,0.4891792943704952,-0.04302546939434901,0.025826380417500003,2071.2614500000004,-2.4873705094691414,1779134400000,-2.3324305499999864,0.041,stop,2128.15,range,2.495757988027199,1,1779148800000,2071.2614500000004,2264.21
recent,F_REJECT,risk_half,40.870500000000014,1782893100000,1782461100000,1782461100000,0.026809450814500004,0.008041629,0.002300732564540322,1782893100000,0.026785431582500005,1575.6136225,1575.85,0.05359488239700001,1577.0265185,0.509247667466095,-0.012340174668303294,0.016078464,1506.7829499999998,-0.11397352106530488,1782446400000,-0.031960000000001855,0.034,time,1576.79,range,2.4895395617535265,1,1782460800000,1506.7829499999998,1746.99
recent,F_REJECT,risk_half,24.153499999999998,1785312300000,1784880300000,1784880300000,0.05961261055050001,0.017881101,0.17667742052416002,1784901000000,0.058442148837528754,1855.3063123025001,1855.58465,0.11805475938802876,1892.4638270000003,0.5351648975021729,0.0,0.035416375942499995,1855.58465,-2.4589781853305364,1784865600000,-2.305507050000003,0.063,stop,1892.18,range,2.4892546279508623,1,1784880000000,1855.58465,1958.75
recent,F_REJECT,risk_double,57.80499999999997,1769457900000,1769025900000,1769025900000,0.10034692978200002,0.030099564000000002,0.05057820531996125,1769178900000,0.095505145578975,2894.095320575,2894.5295,0.19585207536097504,3040.8160540000003,0.4870504567390978,-0.022521579959025186,0.05875540605,2894.5295,-9.901942061370013,1769011200000,-9.624813000000003,0.066,stop,3040.36,range,10.0,1,1769025600000,2894.5295,3367.98
recent,F_REJECT,risk_double,35.511999999999986,1772395500000,1771963500000,1771963500000,0.14725528998075005,0.04416996149999999,0.23270701297872026,1772031000000,0.15870907006800003,1996.3405040000002,1996.64,0.30596436004875005,1852.2677985000003,0.4997606375018833,-0.006489565194966744,0.0917898255,1792.4488,22.59510624925628,1771948800000,22.999350000000014,0.159,target,1851.99,range,9.9009805793863,1,1771963200000,1792.4488,1996.64
recent,F_REJECT,risk_double,29.034499999999888,1777838700000,1777406700000,1777406700000,0.21660848640000002,0.0649728,0.11568317437649851,1777485900000,0.21176212661564503,2252.7885810175003,2253.1265500000004,0.42837061301564505,2304.3456,0.5591514408136893,-0.05301954772887675,0.12851096871,2253.1265500000004,-10.174109729454486,1777392000000,-9.564208599999924,0.188,stop,2304.0,range,10.126931641878862,1,1777406400000,2253.1265500000004,2403.99
recent,F_REJECT,risk_double,25.356000000000016,1778213100000,1777781100000,1777781100000,0.23911004811200004,0.071743776,0.07255520504731874,1777846200000,0.24386827715536008,2344.8872803400004,2344.5356,0.4829783252673601,2299.1350780000002,0.5196632049452791,0.03452594048061272,0.14489328672000001,2344.5356,-9.964910471506784,1777766400000,-9.37156480000003,0.20800000000000002,stop,2299.48,range,10.025190544584317,-1,1777780800000,2344.5356,2218.83
recent,F_REJECT,risk_double,29.98549999999998,1779581100000,1779149100000,1779149100000,0.17666294546750005,0.052990935,0.22356633276771246,1779478200000,0.17188891314494753,2070.9507607825003,2071.2614500000004,0.3485518586124476,2128.4692225000003,0.4891792943704952,-0.17420068096248623,0.10456534510500001,2071.2614500000004,-10.070817184679939,1779134400000,-9.443499299999946,0.166,stop,2128.15,range,9.92554143986925,1,1779148800000,2071.2614500000004,2264.21
recent,F_REJECT,risk_double,40.870500000000014,1782893100000,1782461100000,1782461100000,0.10723780325800002,0.032166516,0.002300732564540322,1782893100000,0.10714172633000002,1575.6136225,1575.85,0.21437952958800005,1577.0265185,0.509247667466095,-0.049360698673213174,0.064313856,1506.7829499999998,-0.4558940842612195,1782446400000,-0.12784000000000742,0.136,time,1576.79,range,9.824833268022452,1,1782460800000,1506.7829499999998,1746.99
recent,F_REJECT,risk_double,24.153499999999998,1785312300000,1784880300000,1784880300000,0.23750421028850005,0.071240577,0.17667742052416002,1784901000000,0.23284094219396378,1855.3063123025001,1855.58465,0.47034515248246384,1892.4638270000003,0.5351648975021729,0.0,0.1411033390725,1855.58465,-9.796881341554993,1784865600000,-9.185432850000014,0.251,stop,1892.18,range,9.82027432717984,1,1784880000000,1855.58465,1958.75
recent,F_REJECT,flow55,29.034499999999888,1777838700000,1777406700000,1777406700000,0.1059998976,0.031795199999999996,0.11568317437649851,1777485900000,0.10362827472680503,2252.7885810175003,2253.1265500000004,0.20962817232680503,2304.3456,0.5591514408136893,-0.025945736122641814,0.06288834638999999,2253.1265500000004,-4.97881965483943,1777392000000,-4.680357399999963,0.092,stop,2304.0,range,5.0,1,1777406400000,2253.1265500000004,2403.99
recent,F_REJECT,min50,57.80499999999997,1769457900000,1769025900000,1769025900000,0.05017346489100001,0.015049782000000001,0.05057820531996125,1769178900000,0.0477525727894875,2894.095320575,2894.5295,0.09792603768048752,3040.8160540000003,0.4870504567390978,-0.011260789979512593,0.029377703025,2894.5295,-4.9509710306850065,1769011200000,-4.812406500000002,0.033,stop,3040.36,range,5.0,1,1769025600000,2894.5295,3367.98
recent,F_REJECT,min50,35.511999999999986,1772395500000,1771963500000,1771963500000,0.07409071194000001,0.022223879999999998,0.23270701297872026,1772031000000,0.07985362016000001,1996.3405040000002,1996.64,0.15394433210000003,1852.2677985000003,0.4997606375018833,-0.003265190035203392,0.04618356,1792.4488,11.368606917864795,1771948800000,11.572000000000008,0.08,target,1851.99,range,4.975245144846575,1,1771963200000,1792.4488,1996.64
recent,F_REJECT,min50,29.034499999999888,1777838700000,1777406700000,1777406700000,0.10715207040000001,0.0321408,0.11568317437649851,1777485900000,0.10475466901731376,2252.7885810175003,2253.1265500000004,0.21190673941731375,2304.3456,0.5591514408136893,-0.026227754993540096,0.06357191537250001,2253.1265500000004,-5.032937259783336,1777392000000,-4.731230849999962,0.093,stop,2304.0,range,5.032088179435899,1,1777406400000,2253.1265500000004,2403.99
recent,F_REJECT,min50,25.356000000000016,1778213100000,1777781100000,1777781100000,0.11955502405600002,0.035871888,0.07255520504731874,1777846200000,0.12193413857768004,2344.8872803400004,2344.5356,0.24148916263368006,2299.1350780000002,0.5196632049452791,0.01726297024030636,0.07244664336000001,2344.5356,-4.982455235753392,1777766400000,-4.685782400000015,0.10400000000000001,stop,2299.48,range,5.006923493136982,-1,1777780800000,2344.5356,2218.83
recent,F_REJECT,min50,29.98549999999998,1779581100000,1779149100000,1779149100000,0.08833147273375003,0.0264954675,0.22356633276771246,1779478200000,0.08594445657247377,2070.9507607825003,2071.2614500000004,0.1742759293062238,2128.4692225000003,0.4891792943704952,-0.08710034048124311,0.052282672552500006,2071.2614500000004,-5.035408592339969,1779134400000,-4.721749649999973,0.083,stop,2128.15,range,4.982011216958215,1,1779148800000,2071.2614500000004,2264.21
recent,F_REJECT,min50,40.870500000000014,1782893100000,1782461100000,1782461100000,0.05361890162900001,0.016083258,0.002300732564540322,1782893100000,0.05357086316500001,1575.6136225,1575.85,0.10718976479400003,1577.0265185,0.509247667466095,-0.024680349336606587,0.032156928,1506.7829499999998,-0.22794704213060976,1782446400000,-0.06392000000000371,0.068,time,1576.79,range,4.956834173996515,1,1782460800000,1506.7829499999998,1746.99
recent,F_REJECT,min50,24.153499999999998,1785312300000,1784880300000,1784880300000,0.11922522110100002,0.035762202,0.17667742052416002,1784901000000,0.11688429767505751,1855.3063123025001,1855.58465,0.23610951877605751,1892.4638270000003,0.5351648975021729,0.0,0.07083275188499999,1855.58465,-4.917956370661073,1784865600000,-4.611014100000006,0.126,stop,1892.18,range,4.955694438785862,1,1784880000000,1855.58465,1958.75
recent,P_RESUME,base,49.994499999999995,1769616300000,1768406700000,1768406700000,0.10388821089450001,0.031161789,0.4548411066001874,1768502400000,0.10150978829744252,3274.5092999175004,3275.00055,0.20539799919194252,3351.2326095000003,0.5205598386704392,-0.03257108236226722,0.061619294115,3275.00055,-4.994814275669206,,-4.695225899999988,0.062,stop,3350.73,up,5.0,1,1768406400000,3275.00055,
recent,P_RESUME,base,30.164999999999917,1781021100000,1779811500000,1779811500000,0.08546602817249999,0.025643654999999994,0.3838191667741511,1780068600000,0.08335333027437251,2033.0080554725002,2032.70315,0.16881935844687251,2084.5372724999997,0.5275466897738286,0.06681422855489123,0.050645903745,2142.6765,4.123390666362978,,4.276041699999989,0.082,stop,2084.85,down,4.975025928621654,-1,1779811200000,2032.70315,
recent,P_RESUME,base,38.800500000000056,1781712300000,1780502700000,1780502700000,0.0762995833455,0.022893308999999997,0.6813643390878633,1780809000000,0.06665051555292126,1606.0365193475002,1605.79565,0.14295009889842125,1838.544177,0.5241678753104804,-0.010900975800422472,0.0428854648425,1896.27005,19.144284510458643,,19.341021049999995,0.083,stop,1838.82,down,4.995642881953469,-1,1780502400000,1605.79565,
recent,P_RESUME,base,76.91300000000001,1788638700000,1787429100000,1787429100000,0.09997053333100003,0.029986662,0.7847912524850892,1787460300000,0.09753702395149502,2378.9518036950003,2379.3087,0.19750755728249506,2438.3056910000005,0.5344559038836616,-0.019857667203712,0.05925215901,2379.3087,-5.084383983496221,,-4.807766600000001,0.082,stop,2437.94,up,5.0913643045057615,1,1787428800000,2379.3087,
recent,P_RESUME,base,60.11999999999998,1788696300000,1787486700000,1787486700000,0.0752467353175,0.022570635,0.6420128489448778,1787665800000,0.07587966054337,2447.7309852700005,2448.0982000000004,0.15112639586087,2427.3140425,0.5508903092468932,-0.0856685209395928,0.04533794826,2349.368,1.0290555349395578,,1.3111884000000336,0.062,stop,2426.95,up,5.065942384588281,1,1787486400000,2448.0982000000004,
recent,P_RESUME,cost_x2,49.994499999999995,1769616300000,1768406700000,1768406700000,0.197752377921,0.059307921,0.4548411066001874,1768502400000,0.19316706494026506,3274.0180498350005,3275.00055,0.39091944286126507,3351.7352189999997,0.5205598386704392,-0.030995062247963966,0.11727543073499999,3275.00055,-5.007227485844181,,-4.468037549999989,0.059000000000000004,stop,3350.73,up,5.0,1,1768406400000,3275.00055,
recent,P_RESUME,cost_x2,30.164999999999917,1781021100000,1779811500000,1779811500000,0.16256951451,0.048785489999999994,0.3838191667741511,1780068600000,0.15859841095371,2033.312960945,2032.70315,0.32116792546371,2084.224545,0.5275466897738286,0.06355499789367704,0.09635074370999999,2142.6765,3.7134906287199705,,4.067454299999989,0.078,stop,2084.85,down,4.974963862570779,-1,1779811200000,2032.70315,
recent,P_RESUME,cost_x2,38.800500000000056,1781712300000,1780502700000,1780502700000,0.14706146832000003,0.04413168,0.6813643390878633,1780809000000,0.1285021910956,1606.277388695,1605.79565,0.2755636594156,1838.268354,0.5241678753104804,-0.010506964626913227,0.0826707756,1896.27005,18.2732066003575,,18.641947999999992,0.08,stop,1838.82,down,4.993531315714377,-1,1780502400000,1605.79565,
recent,P_RESUME,cost_x2,76.91300000000001,1788638700000,1787429100000,1787429100000,0.19021636779599999,0.057047796,0.7847912524850892,1787460300000,0.18553040277642,2378.59490739,2379.3087,0.37574677057242,2438.671382,0.5344559038836616,-0.018889000510848,0.11272361957999999,2379.3087,-5.080600790663259,,-4.573241400000001,0.078,stop,2437.94,up,5.084897348716165,1,1787428800000,2379.3087,
recent,P_RESUME,cost_x2,60.11999999999998,1788696300000,1787486700000,1787486700000,0.14566068509999996,0.04368509999999999,0.6420128489448778,1787665800000,0.14684182623240002,2447.3637705400006,2448.0982000000004,0.2925025113324,2427.6780849999996,0.5508903092468932,-0.08290502026412208,0.08775086759999999,2349.368,0.8057336008035397,,1.2688920000000325,0.06,stop,2426.95,up,5.059494344762848,1,1787486400000,2448.0982000000004,
recent,P_RESUME,delay60,49.994499999999995,1769619900000,1768410300000,1768410300000,0.08587571442525001,0.0257588505,0.4548411066001874,1768502400000,0.08349998714789626,3274.5092999175004,3275.00055,0.16937570157314627,3367.6750755000003,0.5205598386704392,-0.026792341943155294,0.0508126047075,3275.00055,-4.947622598223798,,-4.700641949999993,0.051000000000000004,stop,3367.17,up,5.0,1,1768406400000,3275.00055,
recent,P_RESUME,delay60,30.164999999999917,1781024700000,1779815100000,1779815100000,0.079055879839,0.023720322,0.3838191667741511,1780068600000,0.077254306107955,2033.0080554725002,2032.70315,0.156310185946955,2080.4178905,0.5275466897738286,0.061925382563069925,0.04689313790999999,2142.6765,3.5087626587060874,,3.6500405999999974,0.076,stop,2080.73,down,4.975261887008881,-1,1779811200000,2032.70315,
recent,P_RESUME,delay60,38.800500000000056,1781715900000,1780506300000,1780506300000,0.061113591586,0.018336828,0.6813643390878633,1780809000000,0.05380222339814126,1606.0365193475002,1605.79565,0.11491581498414126,1824.286316,0.5241678753104804,-0.008799582875039829,0.034475074282500004,1896.27005,14.4990209778583,,14.657211449999995,0.067,stop,1824.56,down,4.992805700302411,-1,1780502400000,1605.79565,
recent,P_RESUME,delay60,76.91300000000001,1788642300000,1787432700000,1787432700000,0.14155261970850003,0.042459417,0.7847912524850892,1787460300000,0.13916868051615755,2378.9518036950003,2379.3087,0.2807213002246576,2419.7029010000006,0.5344559038836616,-0.028333500766272002,0.084216284685,2379.3087,-5.07693318567596,,-4.683662100000012,0.117,stop,2419.34,up,5.065300805191703,1,1787428800000,2379.3087,
recent,P_RESUME,delay60,60.11999999999998,1788699900000,1787490300000,1787490300000,0.07406053241374999,0.0222148275,0.6420128489448778,1787665800000,0.07465579505073501,2447.7309852700005,2448.0982000000004,0.148716327464485,2428.2141775,0.5508903092468932,-0.08428677060185744,0.04461492603,2349.368,0.9575221759036862,,1.2351402000000276,0.061,stop,2427.85,up,5.039916139263323,1,1787486400000,2448.0982000000004,
recent,P_RESUME,stop_5bp,49.994499999999995,1769616300000,1768406700000,1768406700000,0.10221259458975002,0.030659179499999998,0.4548411066001874,1768502400000,0.09982258988909626,3272.8717996425003,3275.00055,0.20203518447884627,3351.2326095000003,0.5205598386704392,-0.032045742324166133,0.1605129513075,3275.00055,-5.014090328110514,,-4.619496449999988,0.061,stop,3350.73,up,5.0,1,1768406400000,3275.00055,
recent,P_RESUME,stop_5bp,30.164999999999917,1781021100000,1779811500000,1779811500000,0.0833814909,0.025018199999999994,0.3838191667741511,1780068600000,0.0813609762819,2034.0244070475,2032.70315,0.1647424671819,2084.5372724999997,0.5275466897738286,0.06518461322428414,0.1307187638,2142.6765,3.9414713822423586,,4.1717479999999885,0.08,stop,2084.85,down,4.974929548359448,-1,1779811200000,2032.70315,
recent,P_RESUME,stop_5bp,38.800500000000056,1781712300000,1780502700000,1780502700000,0.07538031125700001,0.022617486,0.6813643390878633,1780809000000,0.06588041610407251,1606.8394171725001,1605.79565,0.14126072736107254,1838.544177,0.5241678753104804,-0.01076963874258606,0.108206394145,1896.27005,18.84775993975133,,19.107996699999994,0.082,stop,1838.82,down,4.994636905270659,-1,1780502400000,1605.79565,
recent,P_RESUME,stop_5bp,76.91300000000001,1788638700000,1787429100000,1787429100000,0.09753222764000002,0.029255279999999998,0.7847912524850892,1787460300000,0.09511048597380001,2377.762149345,2379.3087,0.19264271361380003,2438.3056910000005,0.5344559038836616,-0.01937333385728,0.1529793324,2379.3087,-5.055499379871109,,-4.690504000000001,0.08,stop,2437.94,up,5.088875704969416,1,1787428800000,2379.3087,
recent,P_RESUME,stop_5bp,60.11999999999998,1788696300000,1787486700000,1787486700000,0.07403307829625,0.022206592499999997,0.6420128489448778,1787665800000,0.074618461553185,2446.5069361700002,2448.0982000000004,0.148651539849435,2427.3140425,0.5508903092468932,-0.08428677060185744,0.11927368613,2349.368,0.9378282034187139,,1.290040200000033,0.061,stop,2426.95,up,5.06359820807006,1,1787486400000,2448.0982000000004,
recent,P_RESUME,risk_half,49.994499999999995,1769616300000,1768406700000,1768406700000,0.051944105447250005,0.0155808945,0.4548411066001874,1768502400000,0.05075489414872126,3274.5092999175004,3275.00055,0.10269899959597126,3351.2326095000003,0.5205598386704392,-0.01628554118113361,0.0308096470575,3275.00055,-2.497407137834603,,-2.347612949999994,0.031,stop,3350.73,up,2.5,1,1768406400000,3275.00055,
recent,P_RESUME,risk_half,30.164999999999917,1781021100000,1779811500000,1779811500000,0.04273301408624999,0.012821827499999997,0.3838191667741511,1780068600000,0.04167666513718626,2033.0080554725002,2032.70315,0.08440967922343626,2084.5372724999997,0.5275466897738286,0.03340711427744562,0.0253229518725,2142.6765,2.061695333181489,,2.1380208499999944,0.041,stop,2084.85,down,2.4937564821554137,-1,1779811200000,2032.70315,
recent,P_RESUME,risk_half,38.800500000000056,1781712300000,1780502700000,1780502700000,0.037690155628500005,0.011308743,0.6813643390878633,1780809000000,0.03292374864662376,1606.0365193475002,1605.79565,0.07061390427512376,1838.544177,0.5241678753104804,-0.00538481937129303,0.0211843862475,1896.27005,9.456815240106074,,9.553998349999997,0.041,stop,1838.82,down,2.4989107204883676,-1,1780502400000,1605.79565,
recent,P_RESUME,risk_half,76.91300000000001,1788638700000,1787429100000,1787429100000,0.04876611382000001,0.014627639999999999,0.7847912524850892,1787460300000,0.04757903607390001,2378.9518036950003,2379.3087,0.09634514989390003,2438.3056910000005,0.5344559038836616,-0.00968666692864,0.0289034922,2379.3087,-2.4801873090225475,,-2.3452520000000003,0.04,stop,2437.94,up,2.5225527585886334,1,1787428800000,2379.3087,
recent,P_RESUME,risk_half,60.11999999999998,1788696300000,1787486700000,1787486700000,0.03762336765875,0.0112853175,0.6420128489448778,1787665800000,0.037939830271685,2447.7309852700005,2448.0982000000004,0.075563197930435,2427.3140425,0.5508903092468932,-0.0428342604697964,0.02266897413,2349.368,0.5145277674697789,,0.6555942000000168,0.031,stop,2426.95,up,2.5163522903160773,1,1787486400000,2448.0982000000004,
recent,P_RESUME,risk_double,49.994499999999995,1769616300000,1768406700000,1768406700000,0.20777642178900002,0.062323578,0.4548411066001874,1768502400000,0.20301957659488504,3274.5092999175004,3275.00055,0.41079599838388503,3351.2326095000003,0.5205598386704392,-0.06514216472453443,0.12323858823,3275.00055,-9.989628551338413,,-9.390451799999976,0.124,stop,3350.73,up,10.0,1,1768406400000,3275.00055,
recent,P_RESUME,risk_double,30.164999999999917,1781021100000,1779811500000,1779811500000,0.16988978770875,0.0509745825,0.3838191667741511,1780068600000,0.1656901565210088,2033.0080554725002,2032.70315,0.3355799442297588,2084.5372724999997,0.5275466897738286,0.13281364944447893,0.10067417451749999,2142.6765,8.19649608069714,,8.499936549999978,0.163,stop,2084.85,down,9.900103714486615,-1,1779811200000,2032.70315,
recent,P_RESUME,risk_double,38.800500000000056,1781712300000,1780502700000,1780502700000,0.152599166691,0.045786617999999994,0.6813643390878633,1780809000000,0.13330103110584252,1606.0365193475002,1605.79565,0.2859001977968425,1838.544177,0.5241678753104804,-0.021801951600844943,0.085770929685,1896.27005,38.288569020917286,,38.68204209999999,0.166,stop,1838.82,down,9.982068675293586,-1,1780502400000,1605.79565,
recent,P_RESUME,risk_double,76.91300000000001,1788638700000,1787429100000,1787429100000,0.20359852519850005,0.061070397,0.7847912524850892,1787460300000,0.19864247560853254,2378.9518036950003,2379.3087,0.4022410008070326,2438.3056910000005,0.5344559038836616,-0.040441834427072006,0.12067207993500001,2379.3087,-10.354782015169134,,-9.791427100000002,0.167,stop,2437.94,up,10.364954365502761,1,1787428800000,2379.3087,
recent,P_RESUME,risk_double,60.11999999999998,1788696300000,1787486700000,1787486700000,0.15413444169875,0.046233397499999995,0.6420128489448778,1787665800000,0.15543091756464503,2447.7309852700005,2448.0982000000004,0.309565359263395,2427.3140425,0.5508903092468932,-0.1754822928923917,0.09286966821,2349.368,2.107904079634255,,2.685821400000069,0.127,stop,2426.95,up,10.26140654535107,1,1787486400000,2448.0982000000004,
recent,P_RESUME,flow55,60.11999999999998,1788696300000,1787486700000,1787486700000,0.07403307829625,0.022206592499999997,0.6420128489448778,1787665800000,0.07465579505073501,2447.7309852700005,2448.0982000000004,0.148688873346985,2427.3140425,0.5508903092468932,-0.08428677060185744,0.04460669102999999,2349.368,1.012457865021178,,1.290040200000033,0.061,stop,2426.95,up,5.0,1,1787486400000,2448.0982000000004,
recent,P_RESUME,min50,49.994499999999995,1769616300000,1768406700000,1768406700000,0.10388821089450001,0.031161789,0.4548411066001874,1768502400000,0.10150978829744252,3274.5092999175004,3275.00055,0.20539799919194252,3351.2326095000003,0.5205598386704392,-0.03257108236226722,0.061619294115,3275.00055,-4.994814275669206,,-4.695225899999988,0.062,stop,3350.73,up,5.0,1,1768406400000,3275.00055,
recent,P_RESUME,min50,30.164999999999917,1781021100000,1779811500000,1779811500000,0.08546602817249999,0.025643654999999994,0.3838191667741511,1780068600000,0.08335333027437251,2033.0080554725002,2032.70315,0.16881935844687251,2084.5372724999997,0.5275466897738286,0.06681422855489123,0.050645903745,2142.6765,4.123390666362978,,4.276041699999989,0.082,stop,2084.85,down,4.975025928621654,-1,1779811200000,2032.70315,
recent,P_RESUME,min50,38.800500000000056,1781712300000,1780502700000,1780502700000,0.0762995833455,0.022893308999999997,0.6813643390878633,1780809000000,0.06665051555292126,1606.0365193475002,1605.79565,0.14295009889842125,1838.544177,0.5241678753104804,-0.010900975800422472,0.0428854648425,1896.27005,19.144284510458643,,19.341021049999995,0.083,stop,1838.82,down,4.995642881953469,-1,1780502400000,1605.79565,
recent,P_RESUME,min50,76.91300000000001,1788638700000,1787429100000,1787429100000,0.09997053333100003,0.029986662,0.7847912524850892,1787460300000,0.09753702395149502,2378.9518036950003,2379.3087,0.19750755728249506,2438.3056910000005,0.5344559038836616,-0.019857667203712,0.05925215901,2379.3087,-5.084383983496221,,-4.807766600000001,0.082,stop,2437.94,up,5.0913643045057615,1,1787428800000,2379.3087,
recent,P_RESUME,min50,60.11999999999998,1788696300000,1787486700000,1787486700000,0.0752467353175,0.022570635,0.6420128489448778,1787665800000,0.07587966054337,2447.7309852700005,2448.0982000000004,0.15112639586087,2427.3140425,0.5508903092468932,-0.0856685209395928,0.04533794826,2349.368,1.0290555349395578,,1.3111884000000336,0.062,stop,2426.95,up,5.065942384588281,1,1787486400000,2448.0982000000004,
recent,C_CHANNEL,base,90.654,1772899500000,1770307500000,1770307500000,0.024363844875000002,0.00731025,0.6236402560285149,1770438000000,0.026481727913437506,2118.5382330750003,2118.2205000000004,0.05084557278843751,1949.10759,0.5239748739431487,-0.01057236970206724,0.015253576875000001,2140.518,-4.2971840193655115,,-4.220512500000007,0.025,stop,1949.4,down,5.0,-1,1770307200000,2118.2205000000004,
recent,C_CHANNEL,base,38.77250000000006,1779033900000,1776441900000,1776441900000,0.0709002634445,0.021266888999999997,0.36898920510304223,1776506400000,0.06852150523225001,2362.81052525,2363.165,0.13942176867675,2444.8366705,0.5164059156013118,0.004761478169406216,0.041826424499999994,2363.165,-4.892176715007338,,-4.715689999999991,0.058,stop,2444.47,up,4.978514079903173,1,1776441600000,2363.165,
recent,C_CHANNEL,base,25.186999999999966,1782072300000,1779480300000,1779480300000,0.1055271385545,0.031662891,0.3498261567263972,1779568500000,0.10787985355110001,2115.2912461,2114.9739999999997,0.2134069921056,2069.1595795,0.5265599457025151,0.034643929882806304,0.06402199319999999,2114.9739999999997,-4.884193055422818,,-4.64140799999999,0.10200000000000001,stop,2069.47,down,4.954053196328135,-1,1779480000000,2114.9739999999997,
recent,C_CHANNEL,base,29.590499999999917,1782533100000,1779941100000,1779941100000,0.07617737667925001,0.0228566415,0.4468542863018678,1780068600000,0.07854565858177501,2040.14697615,2039.841,0.15472303526102502,1978.6331605,0.5463797284539404,0.03258581852653215,0.046416805049999996,2039.841,-4.858701021784491,,-4.690146999999987,0.077,stop,1978.93,down,4.929632231051021,-1,1779940800000,2039.841,
recent,C_CHANNEL,base,33.95800000000004,1783051500000,1780459500000,1780459500000,0.08199541384274998,0.024602314499999996,0.6813643390878633,1780821900000,0.0724878123911275,1628.9396042950002,1628.6953,0.1544832262338775,1842.5935694999998,0.5370627731824886,0.0021806687185769395,0.046345396755,1895.1360000000002,18.862900345729663,,19.06154829999998,0.089,stop,1842.87,down,4.905338725942099,-1,1780459200000,1628.6953,
recent,C_CHANNEL,base,29.901499999999988,1786665900000,1784073900000,1784073900000,0.07747907011750002,0.023240234999999998,0.5315764443496945,1784222100000,0.076262142262505,1860.052250305,1860.3312999999998,0.15374121238000502,1889.7334175000003,0.5557985071259989,-0.04330267190862572,0.04612230999,1831.317,-2.630899594278664,,-2.387733400000018,0.082,stop,1889.45,up,4.9996532276707475,1,1784073600000,1860.3312999999998,
recent,C_CHANNEL,base,60.252500000000055,1789949100000,1787357100000,1787357100000,0.051512335691500016,0.015451383,0.7847912524850892,1787375400000,0.049099666445125,2395.1056802499998,2395.4649999999997,0.10061200213662502,2512.7968630000005,0.5264039123437736,0.0,0.03018349275,2395.4649999999997,-4.9259504948866555,,-4.795155000000016,0.041,stop,2512.42,up,4.9864987296993535,1,1787356800000,2395.4649999999997,
recent,C_CHANNEL,cost_x2,90.654,1772899500000,1770307500000,1770307500000,0.04872037950000001,0.0146205,0.6236402560285149,1770438000000,0.052971399153750015,2118.8559661500003,2118.2205000000004,0.10169177865375002,1948.81518,0.5239748739431487,-0.01057236970206724,0.030507153750000002,2140.518,-4.363283802105824,,-4.220512500000007,0.025,stop,1949.4,down,5.0,-1,1770307200000,2118.2205000000004,
recent,C_CHANNEL,cost_x2,38.77250000000006,1779033900000,1776441900000,1776441900000,0.136931387096,0.041067096,0.36898920510304223,1776506400000,0.132297538828,2362.4560505,2363.165,0.269228925924,2445.203341,0.5164059156013118,0.004597289267012899,0.080768268,2363.165,-4.898479904656986,,-4.553079999999991,0.056,stop,2444.47,up,4.978183580989471,1,1776441600000,2363.165,
recent,C_CHANNEL,cost_x2,25.186999999999966,1782072300000,1779480300000,1779480300000,0.200678368423,0.06022157699999999,0.3498261567263972,1779568500000,0.20521402374339998,2115.6084921999995,2114.9739999999997,0.40589239216639994,2068.849159,0.5265599457025151,0.032945698025806,0.12176732039999998,2114.9739999999997,-4.908602014540562,,-4.413887999999991,0.097,stop,2069.47,down,4.953691181466186,-1,1779480000000,2114.9739999999997,
recent,C_CHANNEL,cost_x2,29.590499999999917,1782533100000,1779941100000,1779941100000,0.146396887754,0.043932245999999994,0.4468542863018678,1780068600000,0.15099351847019998,2040.4529522999999,2039.841,0.2973904062242,1978.3363210000002,0.5463797284539404,0.03131624118134258,0.08921671619999999,2039.841,-4.8627048812428315,,-4.507413999999987,0.074,stop,1978.93,down,4.929148171393484,-1,1779940800000,2039.841,
recent,C_CHANNEL,cost_x2,33.95800000000004,1783051500000,1780459500000,1780459500000,0.156596956815,0.04699318499999999,0.6813643390878633,1780821900000,0.13848063223015,1629.18390859,1628.6953,0.29507758904515,1842.317139,0.5370627731824886,0.0020826611357195445,0.08852491515,1895.1360000000002,17.82332965694056,,18.204849499999984,0.085,stop,1842.87,down,4.904834646987269,-1,1780459200000,1628.6953,
recent,C_CHANNEL,cost_x2,29.901499999999988,1786665900000,1784073900000,1784073900000,0.149311329965,0.044779965,0.5315764443496945,1784222100000,0.14692208284818997,1859.7732006099998,1860.3312999999998,0.29623341281318993,1890.016835,0.5557985071259989,-0.0417184278144077,0.08886981680999999,1831.317,-2.727198957437608,,-2.3003773000000174,0.079,stop,1889.45,up,4.993951295271973,1,1784073600000,1860.3312999999998,
recent,C_CHANNEL,cost_x2,60.252500000000055,1789949100000,1787357100000,1787357100000,0.10052694904000001,0.03014904,0.7847912524850892,1787375400000,0.09578985442,2394.7463605,2395.4649999999997,0.19631680346000002,2513.173726,0.5264039123437736,0.0,0.058894619999999995,2395.4649999999997,-4.933411423460007,,-4.6782000000000155,0.04,stop,2512.42,up,4.980315300484785,1,1787356800000,2395.4649999999997,
recent,C_CHANNEL,delay60,90.654,1772903100000,1770311100000,1770311100000,0.030724140687500002,0.009218625,0.6236402560285149,1770480300000,0.0328373426126625,2118.5382330750003,2118.2205000000004,0.06356148330016251,1982.2026250000001,0.5239748739431487,-0.012184317995463382,0.019068350325,2140.518,-4.302149651620632,,-4.207335500000011,0.031,stop,1982.5,down,5.0,-1,1770307200000,2118.2205000000004,
recent,C_CHANNEL,delay60,38.77250000000006,1779037500000,1776445500000,1776445500000,0.06736420311500001,0.020206229999999995,0.36898920510304223,1776506400000,0.064977289444375,2362.81052525,2363.165,0.132341492559375,2449.607386,0.5164059156013118,0.004515194815816239,0.039702341249999995,2363.165,-4.901653638993568,,-4.73412499999999,0.055,stop,2449.24,up,4.978489251741896,1,1776441600000,2363.165,
recent,C_CHANNEL,delay60,25.186999999999966,1782075900000,1779483900000,1779483900000,0.11186581761,0.03356478,0.3498261567263972,1779568500000,0.1142257272894,2115.2912461,2114.9739999999997,0.2260915448994,2071.589215,0.5265599457025151,0.03668180811120667,0.06782735879999999,2114.9739999999997,-4.909229095588205,,-4.651991999999958,0.108,stop,2071.9,down,4.953980983546928,-1,1779480000000,2114.9739999999997,
recent,C_CHANNEL,delay60,29.590499999999917,1782536700000,1779944700000,1779944700000,0.07821722565599999,0.023468687999999998,0.4468542863018678,1780068600000,0.080585805557925,2040.14697615,2039.841,0.15880303121392497,1980.182928,0.5463797284539404,0.03343220342332519,0.047640803849999996,2039.841,-4.862530631640605,,-4.68951899999999,0.079,stop,1980.48,down,4.929434838068987,-1,1779940800000,2039.841,
recent,C_CHANNEL,delay60,33.95800000000004,1783055100000,1780463100000,1780463100000,0.13416339247200004,0.040255056000000004,0.6813643390878633,1780823100000,0.11792632629600001,1637.865643,1637.62,0.25208971876800007,1863.3804510000002,0.5370627731824886,0.003528272982866048,0.075627648,1895.1360000000002,32.22557090621489,,32.549760000000035,0.14400000000000002,stop_gap,1863.66,down,4.905122184910785,-1,1780459200000,1628.6953,
recent,C_CHANNEL,delay60,29.901499999999988,1786669500000,1784077500000,1784077500000,0.09854520456375,0.029559127499999997,0.5315764443496945,1784222100000,0.0976527431410125,1860.052250305,1860.3312999999998,0.1961979477047625,1877.0515155,0.5557985071259989,-0.055448543297630486,0.05885934547499999,1831.317,-2.0365693364774073,,-1.726063500000016,0.105,stop,1876.77,up,5.066250039441859,1,1784073600000,1860.3312999999998,
recent,C_CHANNEL,delay60,60.252500000000055,1789952700000,1787360700000,1787360700000,0.046752996897750004,0.014023795499999998,0.7847912524850892,1787375400000,0.04430945508462499,2395.1056802499998,2395.4649999999997,0.091062451982375,2527.1890215000003,0.5264039123437736,0.0,0.027318626249999995,2395.4649999999997,-4.978146078232395,,-4.859765000000009,0.037,stop,2526.81,up,5.056067192759471,1,1787356800000,2395.4649999999997,
recent,C_CHANNEL,stop_5bp,90.654,1772899500000,1770307500000,1770307500000,0.024363844875000002,0.00731025,0.6236402560285149,1770438000000,0.026494966791562508,2119.5973433250006,2118.2205000000004,0.05085881166656251,1949.10759,0.5239748739431487,-0.01057236970206724,0.041731333125000006,2140.518,-4.323675014493642,,-4.220512500000007,0.025,stop,1949.4,down,5.0,-1,1770307200000,2118.2205000000004,
recent,C_CHANNEL,stop_5bp,38.77250000000006,1779033900000,1776441900000,1776441900000,0.0709002634445,0.021266888999999997,0.36898920510304223,1776506400000,0.06848723933975001,2361.62894275,2363.165,0.13938750278425,2444.8366705,0.5164059156013118,0.004761478169406216,0.1103582095,2363.165,-4.960674234114831,,-4.715689999999991,0.058,stop,2444.47,up,4.978381624927532,1,1776441600000,2363.165,
recent,C_CHANNEL,stop_5bp,25.186999999999966,1782072300000,1779480300000,1779480300000,0.103457978975,0.031042049999999998,0.3498261567263972,1779568500000,0.105817436655,2116.3487330999997,2114.9739999999997,0.20927541563000002,2069.1595795,0.5265599457025151,0.03396463714000618,0.16851535999999998,2114.9739999999997,-4.8942261384899775,,-4.550399999999991,0.1,stop,2069.47,down,4.953578253756957,-1,1779480000000,2114.9739999999997,
recent,C_CHANNEL,stop_5bp,29.590499999999917,1782533100000,1779941100000,1779941100000,0.075188060099,0.022559802,0.4468542863018678,1780068600000,0.07756434207270001,2041.16689665,2039.841,0.1527524021717,1978.6331605,0.5463797284539404,0.03216262607813563,0.12332794739999998,2039.841,-4.873153723493554,,-4.629235999999987,0.076,stop,1978.93,down,4.929107123064507,-1,1779940800000,2039.841,
recent,C_CHANNEL,stop_5bp,33.95800000000004,1783051500000,1780459500000,1780459500000,0.08107411705799998,0.024325883999999996,0.6813643390878633,1780821900000,0.07170917388558,1629.7539519450002,1628.6953,0.15278329094357998,1842.5935694999998,0.5370627731824886,0.002156166822862581,0.11748725516,1895.1360000000002,18.579259220719255,,18.847373599999983,0.088,stop,1842.87,down,4.904741354447039,-1,1780459200000,1628.6953,
recent,C_CHANNEL,stop_5bp,29.901499999999988,1786665900000,1784073900000,1784073900000,0.07653420340875002,0.0229568175,0.5315764443496945,1784222100000,0.0752944444285275,1859.1220846549998,1860.3312999999998,0.1518286478372775,1889.7334175000003,0.5557985071259989,-0.042774590543886375,0.120903260445,1831.317,-2.6741211988262092,,-2.3586147000000177,0.081,stop,1889.45,up,4.997637650550636,1,1784073600000,1860.3312999999998,
recent,C_CHANNEL,stop_5bp,60.252500000000055,1789949100000,1787357100000,1787357100000,0.051512335691500016,0.015451383,0.7847912524850892,1787375400000,0.049075112928874995,2393.9079477499995,2395.4649999999997,0.10058744862037501,2512.7968630000005,0.5264039123437736,0.0,0.07929052525,2395.4649999999997,-4.975032973870416,,-4.795155000000016,0.041,stop,2512.42,up,4.984267044556504,1,1787356800000,2395.4649999999997,
recent,C_CHANNEL,risk_half,90.654,1772899500000,1770307500000,1770307500000,0.011694645540000001,0.00350892,0.6236402560285149,1770438000000,0.012711229398450003,2118.5382330750003,2118.2205000000004,0.024405874938450006,1949.10759,0.5239748739431487,-0.005074737456992277,0.0073217169000000006,2140.518,-2.0626483292954454,,-2.025846000000003,0.012,stop,1949.4,down,2.5,-1,1770307200000,2118.2205000000004,
recent,C_CHANNEL,risk_half,38.77250000000006,1779033900000,1776441900000,1776441900000,0.03545013172225,0.010633444499999999,0.36898920510304223,1776506400000,0.034260752616125004,2362.81052525,2363.165,0.069710884338375,2444.8366705,0.5164059156013118,0.002380739084703108,0.020913212249999997,2363.165,-2.446088357503669,,-2.3578449999999953,0.029,stop,2444.47,up,2.4948433791767615,1,1776441600000,2363.165,
recent,C_CHANNEL,risk_half,25.186999999999966,1782072300000,1779480300000,1779480300000,0.05276356927725,0.0158314455,0.3498261567263972,1779568500000,0.053939926775550005,2115.2912461,2114.9739999999997,0.1067034960528,2069.1595795,0.5265599457025151,0.017321964941403152,0.032010996599999994,2114.9739999999997,-2.442096527711409,,-2.320703999999995,0.051000000000000004,stop,2069.47,down,2.4887281582830023,-1,1779480000000,2114.9739999999997,
recent,C_CHANNEL,risk_half,29.590499999999917,1782533100000,1779941100000,1779941100000,0.03858334662975001,0.011576740499999998,0.4468542863018678,1780068600000,0.039782866034925,2040.14697615,2039.841,0.078366212664675,1978.6331605,0.5463797284539404,0.016504505487464335,0.023509810349999997,2039.841,-2.460900517527209,,-2.3755289999999936,0.039,stop,1978.93,down,2.482622916963724,-1,1779940800000,2039.841,
recent,C_CHANNEL,risk_half,33.95800000000004,1783051500000,1780459500000,1780459500000,0.04145835531375,0.012439372499999999,0.6813643390878633,1780821900000,0.0366511410966375,1628.9396042950002,1628.6953,0.0781094964103875,1842.5935694999998,0.5370627731824886,0.0011025853071456376,0.023433065774999998,1895.1360000000002,9.537421523121742,,9.63786149999999,0.045,stop,1842.87,down,2.4764706656699063,-1,1780459200000,1628.6953,
recent,C_CHANNEL,risk_half,29.901499999999988,1786665900000,1784073900000,1784073900000,0.03873953505875001,0.011620117499999999,0.5315764443496945,1784222100000,0.0381310711312525,1860.052250305,1860.3312999999998,0.07687060619000251,1889.7334175000003,0.5557985071259989,-0.02165133595431286,0.023061154995,1831.317,-1.315449797139332,,-1.193866700000009,0.041,stop,1889.45,up,2.5003142194777106,1,1784073600000,1860.3312999999998,
recent,C_CHANNEL,risk_half,60.252500000000055,1789949100000,1787357100000,1787357100000,0.025127968630000004,0.00753726,0.7847912524850892,1787375400000,0.0239510568025,2395.1056802499998,2395.4649999999997,0.049079025432500006,2512.7968630000005,0.5264039123437736,0.0,0.014723654999999999,2395.4649999999997,-2.402902680432515,,-2.3391000000000077,0.02,stop,2512.42,up,2.497025594984862,1,1787356800000,2395.4649999999997,
recent,C_CHANNEL,risk_double,90.654,1772899500000,1770307500000,1770307500000,0.04970224354500001,0.01491291,0.6236402560285149,1770438000000,0.054022724943412516,2118.5382330750003,2118.2205000000004,0.10372496848841253,1949.10759,0.5239748739431487,-0.02156763419221718,0.031117296825,2140.518,-8.766255399505642,,-8.609845500000015,0.051000000000000004,stop,1949.4,down,10.0,-1,1770307200000,2118.2205000000004,
recent,C_CHANNEL,risk_double,38.77250000000006,1779033900000,1776441900000,1776441900000,0.14302294522425002,0.0429004485,0.36898920510304223,1776506400000,0.13822441572712502,2362.81052525,2363.165,0.28124736095137504,2444.8366705,0.5164059156013118,0.009605050790009092,0.08437399425,2363.165,-9.868701304411355,,-9.512684999999982,0.117,stop,2444.47,up,9.912337446004944,1,1776441600000,2363.165,
recent,C_CHANNEL,risk_double,25.186999999999966,1782072300000,1779480300000,1779480300000,0.21001969731925,0.06301536149999999,0.3498261567263972,1779568500000,0.21470206147915002,2115.2912461,2114.9739999999997,0.4247217587984,2069.1595795,0.5265599457025151,0.06894821339421255,0.12741631979999998,2114.9739999999997,-9.720501865204238,,-9.237311999999982,0.203,stop,2069.47,down,9.813650432960829,-1,1779480000000,2114.9739999999997,
recent,C_CHANNEL,risk_double,29.590499999999917,1782533100000,1779941100000,1779941100000,0.150376120198,0.045119604,0.4468542863018678,1780068600000,0.1550511701874,2040.14697615,2039.841,0.3054272903854,1978.6331605,0.5463797284539404,0.06432525215627126,0.09162797879999998,2039.841,-9.591202017029126,,-9.258471999999974,0.152,stop,1978.93,down,9.716445414308788,-1,1779940800000,2039.841,
recent,C_CHANNEL,risk_double,33.95800000000004,1783051500000,1780459500000,1780459500000,0.16122693733125001,0.0483753375,0.6813643390878633,1780821900000,0.14253221537581254,1628.9396042950002,1628.6953,0.30375915270706255,1842.5935694999998,0.5370627731824886,0.004287831750010834,0.091128589125,1895.1360000000002,37.089972589917885,,37.48057249999997,0.17500000000000002,stop,1842.87,down,9.620533394138498,-1,1780459200000,1628.6953,
recent,C_CHANNEL,risk_double,29.901499999999988,1786665900000,1784073900000,1784073900000,0.15590300694375003,0.0467638875,0.5315764443496945,1784222100000,0.15345431065016252,1860.052250305,1860.3312999999998,0.30935731759391255,1889.7334175000003,0.5557985071259989,-0.08713342518199077,0.092807087175,1831.317,-5.293883329950969,,-4.804585500000036,0.165,stop,1889.45,up,9.991433120037675,1,1784073600000,1860.3312999999998,
recent,C_CHANNEL,risk_double,60.252500000000055,1789949100000,1787357100000,1787357100000,0.10302467138300003,0.030902766,0.7847912524850892,1787375400000,0.09819933289025,2395.1056802499998,2395.4649999999997,0.20122400427325005,2512.7968630000005,0.5264039123437736,0.0,0.0603669855,2395.4649999999997,-9.851900989773311,,-9.590310000000033,0.082,stop,2512.42,up,9.938494286738168,1,1787356800000,2395.4649999999997,
recent,C_CHANNEL,flow55,29.901499999999988,1786665900000,1784073900000,1784073900000,0.07747907011750002,0.023240234999999998,0.5315764443496945,1784222100000,0.076262142262505,1860.052250305,1860.3312999999998,0.15374121238000502,1889.7334175000003,0.5557985071259989,-0.04330267190862572,0.04612230999,1831.317,-2.630899594278664,,-2.387733400000018,0.082,stop,1889.45,up,5.0,1,1784073600000,1860.3312999999998,
recent,C_CHANNEL,min50,38.77250000000006,1779033900000,1776441900000,1776441900000,0.07212268177975,0.021633559499999996,0.36898920510304223,1776506400000,0.069702910494875,2362.81052525,2363.165,0.141825592274625,2444.8366705,0.5164059156013118,0.0048435726206028755,0.04254756975,2363.165,-4.9765245894040175,,-4.796994999999991,0.059000000000000004,stop,2444.47,up,5.0,1,1776441600000,2363.165,
recent,C_CHANNEL,min50,25.186999999999966,1782072300000,1779480300000,1779480300000,0.10656171834425,0.0319733115,0.3498261567263972,1779568500000,0.10893749917415002,2115.2912461,2114.9739999999997,0.2154992175184,2069.1595795,0.5265599457025151,0.03498357625420637,0.0646496598,2114.9739999999997,-4.932077301064219,,-4.686911999999991,0.10300000000000001,stop,2069.47,down,4.97511737705298,-1,1779480000000,2114.9739999999997,
recent,C_CHANNEL,min50,29.590499999999917,1782533100000,1779941100000,1779941100000,0.07617737667925001,0.0228566415,0.4468542863018678,1780068600000,0.07854565858177501,2040.14697615,2039.841,0.15472303526102502,1978.6331605,0.5463797284539404,0.03258581852653215,0.046416805049999996,2039.841,-4.858701021784491,,-4.690146999999987,0.077,stop,1978.93,down,4.950456990547659,-1,1779940800000,2039.841,
recent,C_CHANNEL,min50,33.95800000000004,1783051500000,1780459500000,1780459500000,0.0829167106275,0.024878744999999997,0.6813643390878633,1780821900000,0.073302282193275,1628.9396042950002,1628.6953,0.156218992820775,1842.5935694999998,0.5370627731824886,0.002205170614291275,0.046866131549999995,1895.1360000000002,19.074843046243483,,19.27572299999998,0.09,stop,1842.87,down,4.926163485438738,-1,1780459200000,1628.6953,
recent,C_CHANNEL,min50,29.901499999999988,1786665900000,1784073900000,1784073900000,0.07747907011750002,0.023240234999999998,0.5315764443496945,1784222100000,0.076262142262505,1860.052250305,1860.3312999999998,0.15374121238000502,1889.7334175000003,0.5557985071259989,-0.04330267190862572,0.04612230999,1831.317,-2.630899594278664,,-2.387733400000018,0.082,stop,1889.45,up,5.021537700669955,1,1784073600000,1860.3312999999998,
recent,C_CHANNEL,min50,60.252500000000055,1789949100000,1787357100000,1787357100000,0.051512335691500016,0.015451383,0.7847912524850892,1787375400000,0.049099666445125,2395.1056802499998,2395.4649999999997,0.10061200213662502,2512.7968630000005,0.5264039123437736,0.0,0.03018349275,2395.4649999999997,-4.9259504948866555,,-4.795155000000016,0.041,stop,2512.42,up,5.008383202698562,1,1787356800000,2395.4649999999997,
