family,source,side,rvol,volume_pass,entry,exit,reference_entry,reference_exit,filled_entry,filled_exit,gross_bp,impact_bp,fees_bp,funding_bp,net_bp,period,scenario
P,1641153600000,-1,1.5091230967933906,True,1641157200000,1641243600000,47012.47,45904.75,47005.4181295,45911.63571250001,235.62259119761228,2.964656611321692,9.882171032706855,2.9996829922701367,225.7754465458539,main,base
P,1641225600000,-1,1.1296833338329717,True,1641229200000,1641315600000,46484.0,46767.95,46477.0274,46774.9651925,-61.08553480767514,3.009162830221949,10.03054734881895,3.009171039202091,-71.11607394751394,main,base
B,1641412800000,-1,2.9976141758226444,True,1641416400000,1641502800000,43958.56,43209.99,43951.966216,43216.4714985,170.28992760454386,2.9744565108597225,9.914842264453158,2.948055692031996,160.34868452126295,main,base
B,1641528000000,-1,1.8465612135159124,True,1641531600000,1641618000000,41679.99,41880.01,41673.7380015,41886.292001500005,-47.98945489190474,3.0071984182337017,10.02399832665507,2.9885273345070384,-58.032124302286476,main,base
F,1641542400000,1,3.438038387537247,False,1641546000000,1641632400000,42089.3,41948.86,42095.61339500001,41942.567671000004,-33.367150320865946,2.994994927452088,9.983318927375842,-2.9643363040012543,-49.30980047969513,main,base
P,1641816000000,-1,1.1124688294227805,True,1641819600000,1641906000000,40931.6,41796.79,40925.46026,41803.059518500006,-211.37458589451728,3.03170618788503,10.1057031460412,2.7844264798559113,-221.72756874858757,main,base
B,1641931200000,1,1.967315470800481,True,1641934800000,1642021200000,42774.08,43794.97,42780.49611200001,43788.4007545,238.67024141723198,3.0358005362146496,10.119317220440509,0.0627188354761777,225.57784249605302,main,base
F,1642089600000,-1,1.8590226065496487,False,1642093200000,1642179600000,43224.79,43183.62,43218.3062815,43190.097543,9.5246269559663,2.9985713059567316,9.995236972174997,-1.5096099213469538,-4.978791243512382,main,base
P,1642320000000,1,0.7503934196235518,False,1642323600000,1642410000000,43063.92,42770.0,43070.379588,42763.5845,-68.25203093448025,2.9897621953616773,9.965879103435082,-1.1964670578758276,-82.40413929115283,main,base
F,1642464000000,1,1.3063380871139154,False,1642467600000,1642554000000,42337.99,42242.57,42344.340698500004,42236.2336145,-22.537678335697624,2.996619348250753,9.988732851158026,-2.472130587113327,-37.99516112221973,main,base
F,1642593600000,1,1.8399705480654747,False,1642597200000,1642683600000,42075.64,42019.9,42081.951346,42013.597015,-13.247570328103853,2.9980128644518094,9.993377208403722,-2.987081936936432,-29.226042337895816,main,base
B,1642694400000,1,1.7210704848276839,True,1642698000000,1642784400000,43257.23,38704.37,43263.718584500006,38698.5643445,-1052.5084477207627,2.8421237328425564,9.4738247142732,-2.0879860533644563,-1066.9123822212428,main,base
F,1642708800000,-1,1.0565595690451468,False,1642712400000,1642798800000,42715.35,38337.36,42708.9426975,38343.110604,1024.921954285754,2.8462617068564104,9.487462153710553,2.1144739056844566,1014.7027043308714,main,base
B,1642723200000,-1,4.208655861553183,True,1642726800000,1642813200000,40884.57,36468.67,40878.4373145,36474.1403005,1080.089627945213,2.837986555809522,9.459874179305299,1.1203039517102824,1068.9120711618084,main,base
B,1642737600000,-1,7.101975589963081,True,1642741200000,1642827600000,38820.0,36258.38,38814.177,36263.818757,659.8712004121593,2.9010193199382317,9.670014909453888,1.1798852481961786,648.4800514309633,main,base
F,1642780800000,1,2.3705245272873205,False,1642784400000,1642870800000,38704.37,35085.03,38710.1756555,35079.7672455,-935.1243800118704,2.8597313429981828,9.532507944322566,-1.1779494823153995,-948.6945687815065,main,base
B,1642838400000,-1,3.833834135273988,True,1642842000000,1642928400000,35583.23,35820.2,35577.8925155,35825.57303,-66.59597793679603,3.0099893966911706,10.033302983666742,1.8382251820652231,-77.80104513508873,main,base
F,1643040000000,1,2.806807664986054,False,1643043600000,1643130000000,34385.57,36805.52,34390.7278355,36799.999171999996,703.7690519598766,3.1055653577947337,10.351831743301043,-0.854406539808123,689.4572483189727,main,base
F,1643184000000,-1,2.106218526539805,False,1643187600000,1643274000000,37571.86,36420.01,37566.224221000004,36425.4730015,306.5725252888727,2.9540141212058155,9.846690744416168,-1.8741295076845705,291.89769091556616,main,base
B,1643198400000,1,1.314792482363786,False,1643202000000,1643288400000,37736.7,36650.16,37742.360505000004,36644.662476000005,-287.92660725500474,2.9568110089132404,9.856058290868045,1.8659430073269154,-298.8735335474591,main,base
F,1643227200000,-1,2.821206668948858,False,1643230800000,1643317200000,36998.47,35574.01,36992.9202295,35579.34610150001,385.005109670751,2.9422492335510637,9.8074685697814,-2.227026159711327,370.0283657077072,main,base
P,1643385600000,1,1.1655910614883198,False,1643389200000,1643475600000,37082.53,37519.06,37088.092379500005,37513.432141,117.7185051828985,3.0176577757792344,10.058850423703563,-0.11657977850648683,104.52541720490922,main,base
F,1643745600000,-1,1.3348917591239904,False,1643749200000,1643835600000,38491.19,37539.98,38485.4163215,37545.610997,247.12408216009925,2.9629313876764414,9.876419424613788,0.9504825369590189,235.23521388476803,main,base
F,1643904000000,1,1.0100266593548486,False,1643907600000,1643994000000,36668.57,40249.04,36674.070285500005,40243.002644,976.4411320103296,3.146466169803303,10.488147332920265,-0.3404494865542282,962.4660690210519,main,base
B,1643990400000,1,2.2836020054411317,True,1643994000000,1644080400000,40249.04,41276.9,40255.077356,41270.708465,255.3750350318916,3.0383062552544953,10.127668364388319,-2.8348033068102994,239.37425710543846,main,base
B,1644004800000,1,1.9969877433643173,True,1644008400000,1644094800000,40568.01,41631.01,40574.09520150001,41624.765348500005,262.0291209748765,3.0393043681469494,10.130994908303366,-2.812514384805663,246.0463073136205,main,base
B,1644019200000,1,1.148958738568236,False,1644022800000,1644109200000,41465.14,41462.86,41471.359771,41456.640571,-0.5498594723179123,2.9999175210793236,9.999725111503304,-3.0022976395893033,-16.551799744489845,main,base
B,1644206400000,1,1.7451890875725677,True,1644210000000,1644296400000,42783.5,44338.06,42789.917525000004,44331.409290999996,363.3550317295214,3.0545032547607747,10.181650264237382,-0.5653406829096758,349.55353752761357,main,base
B,1644249600000,1,1.1800969014543121,False,1644253200000,1644339600000,43776.5,43009.26,43783.06647500001,43002.808611,-175.2629835642406,2.9737105524673186,9.912381652941649,-3.0173703301792054,-191.1664460998288,main,base
P,1644249600000,1,1.1800969014543121,True,1644253200000,1644339600000,43776.5,43009.26,43783.06647500001,43002.808611,-175.2629835642406,2.9737105524673186,9.912381652941649,-3.0173703301792054,-191.1664460998288,main,base
F,1644523200000,-1,1.5612484737606158,False,1644526800000,1644613200000,44077.85,42335.99,44071.2383225,42342.340398500004,395.1780769706328,2.940723288455185,9.802381323158912,-0.8875987210286778,381.54737363799006,main,base
B,1645200000000,-1,1.6823834554677044,True,1645203600000,1645290000000,39923.9,39929.4,39917.911415,39935.38941,-1.3776209238075439,3.000206643138847,10.000688913783476,1.869662534685684,-12.508853946044182,main,base
F,1645214400000,1,1.5589260408109789,False,1645218000000,1645304400000,40010.2,40042.0,40016.20153,40035.9937,7.94797326681769,3.0011921959905945,10.003973390535414,-1.8656297661230834,-6.922822085831402,main,base
B,1645344000000,-1,2.7360358747384663,True,1645347600000,1645434000000,38142.4,39045.1,38136.678640000006,39050.956765,-236.66575779185288,3.0354998636687776,10.118350628827761,-0.5642873974869277,-250.38389568183638,main,base
B,1645444800000,-1,2.0687628764076527,True,1645448400000,1645534800000,37523.6,37621.7,37517.97146,37627.343255,-26.143546994424455,3.0039215320493144,10.013073734263237,-0.6447167797260599,-39.80525904046306,main,base
P,1645444800000,-1,2.0687628764076527,False,1645448400000,1645534800000,37523.6,37621.7,37517.97146,37627.343255,-26.143546994424455,3.0039215320493144,10.013073734263237,-0.6447167797260599,-39.80525904046306,main,base
F,1645459200000,1,2.2095326725594098,False,1645462800000,1645549200000,38679.3,37688.4,38685.10189500001,37682.74674,-256.18354003304125,2.9615724689958935,9.87192744374898,0.5781145470278168,-268.43892539875833,main,base
B,1645488000000,-1,2.5627019447192168,True,1645491600000,1645578000000,37211.3,38123.3,37205.718305,38129.018495000004,-245.08684190017547,3.036763026285496,10.122561802463231,-0.3376608348303945,-258.5838275637546,main,base
B,1645502400000,-1,2.6716881890008577,True,1645506000000,1645592400000,36604.9,37980.1,36599.409265,37985.797015000004,-375.6874079699704,3.0563531111967515,10.187871880540584,-0.3432545539838726,-389.2748875156916,main,base
B,1645675200000,-1,4.164425064159808,True,1645678800000,1645765200000,35050.0,38703.7,35044.7425,38709.505555,-1042.4251069900135,3.1563637660502106,10.521290735378033,-1.4652291452054842,-1057.5679906366472,main,base
F,1645689600000,1,4.912133656122663,False,1645693200000,1645779600000,35490.2,38328.8,35495.52353,38323.05068,799.8264309584071,3.119973964644919,10.39985322849688,-0.822414636731793,785.4841891285334,main,base
P,1645819200000,-1,0.9021827449389261,False,1645822800000,1645909200000,39094.2,39303.0,39088.335869999995,39308.89545,-53.409457157328426,3.008011418574973,10.026708734287949,2.701726734654764,-63.74245057553658,main,base
F,1645848000000,-1,1.3438634427227383,False,1645851600000,1645938000000,39354.3,38530.6,39348.396855000006,38536.379590000004,209.30368473076751,2.9686044472909288,9.895332459858263,2.3079968605702623,198.7477446841886,main,base
B,1646064000000,1,2.2424144379141064,True,1646067600000,1646154000000,40987.2,43380.2,40993.34808,43373.69297,583.8408088378811,3.087576121327383,10.291876616358278,-2.57850695775698,567.8828491424385,main,base
B,1646078400000,1,1.6553412793114661,True,1646082000000,1646168400000,41882.0,44057.9,41888.282300000006,44051.291315,519.5310634640183,3.0779296595209056,10.259726566902248,-2.523417706388828,503.66998953120634,main,base
F,1646150400000,-1,2.052508674727312,False,1646154000000,1646240400000,43380.2,44235.0,43373.69297,44241.63525000001,-197.0484230132648,3.0295572634536736,10.098538990138358,1.9785966669125548,-208.1979225999443,main,base
F,1646395200000,1,1.313957863431274,False,1646398800000,1646485200000,41502.0,39054.8,41508.225300000006,39048.94178,-589.658329719049,2.9115512505439285,9.705215059515206,-2.8631906925514437,-605.1382867216595,main,base
P,1646395200000,1,1.313957863431274,False,1646398800000,1646485200000,41502.0,39054.8,41508.225300000006,39048.94178,-589.658329719049,2.9115512505439285,9.705215059515206,-2.8631906925514437,-605.1382867216595,main,base
B,1646409600000,-1,1.0730363905126419,False,1646413200000,1646499600000,40754.2,39313.6,40748.08687,39319.49704,353.4850395787425,2.9469772440635276,9.823230968832661,2.076219264215004,342.79105063006125,main,base
B,1646424000000,-1,1.1397119778895213,False,1646427600000,1646514000000,39457.5,39434.8,39451.581375,39440.715220000006,5.753025407082833,2.9991370461891957,9.997123055819554,2.1444504881878252,-5.098784206738091,main,base
B,1646568000000,-1,1.2926429613778452,False,1646571600000,1646658000000,38469.7,38567.5,38463.929545,38573.285125,-25.42260532315119,3.0038133907985225,10.012713209356976,-0.6551289425185256,-39.09426086582522,main,base
B,1646683200000,-1,1.816948913562312,True,1646686800000,1646773200000,37560.5,38500.2,37554.865925,38505.97503,-250.1830380319743,3.0375274557064182,10.125110282743838,2.396215495956445,-260.9494602744681,main,base
P,1646683200000,-1,1.816948913562312,True,1646686800000,1646773200000,37560.5,38500.2,37554.865925,38505.97503,-250.1830380319743,3.0375274557064182,10.125110282743838,2.396215495956445,-260.9494602744681,main,base
B,1646798400000,1,2.049372245295813,True,1646802000000,1646888400000,41631.4,39526.4,41637.64471000001,39520.471040000004,-505.6279635083134,2.924155805474658,9.747223940343106,-3.0319771694081874,-521.3313204235395,main,base
B,1646812800000,1,2.133396242598802,True,1646816400000,1646902800000,42045.7,39204.8,42052.006855,39198.91928,-675.669569064136,2.898649564641227,9.662215890685612,-2.7808706288281564,-691.011305148291,main,base
B,1646841600000,1,0.8770864094230534,False,1646845200000,1646931600000,42231.9,39115.4,42238.23478500001,39109.53269,-737.9492753108432,2.8893076087052276,9.631080708540226,-0.9349650590790374,-751.4046286871678,main,base
B,1647216000000,-1,1.3666782910776376,False,1647219600000,1647306000000,37817.3,39564.9,37811.62740500001,39570.834735000004,-462.11654454442765,3.069317481681376,10.231092931013055,0.18736539730795437,-475.2295895598141,main,base
F,1647403200000,-1,2.822738532463052,False,1647406800000,1647493200000,39091.6,41328.4,39085.73626,41334.59926,-572.1945379570043,3.085829180694042,10.286140183568847,2.6845173895247427,-582.8819899317424,main,base
B,1647633600000,1,1.3229378678230415,False,1647637200000,1647723600000,41711.1,42170.1,41717.356665,42163.774485,110.04265051748816,3.0165063975770496,10.055013072059957,-3.003289847517088,93.96784120033406,main,base
F,1647648000000,-1,0.8675607712631355,True,1647651600000,1647738000000,41854.0,42018.0,41847.721900000004,42024.30270000001,-39.183829502556506,3.0058775744261874,10.019594853538491,3.0035724258522483,-49.20572950466894,main,base
P,1647921600000,1,1.7169141704241015,True,1647925200000,1648011600000,42992.4,41933.9,42998.848860000006,41927.609915,-246.2063062308687,2.9630690540664406,9.876915312357534,-2.956737550846196,-262.00302814813887,main,base
F,1647936000000,-1,2.4192966465465684,False,1647939600000,1648026000000,42535.9,42208.9,42529.519615000005,42215.231335000004,76.87623865957931,2.988468564200906,9.961556114952312,2.9860681271192098,66.91228210754531,main,base
B,1648137600000,1,1.5374872685305754,True,1648141200000,1648227600000,43974.7,44139.6,43981.296205,44132.97906,37.49883455714342,3.005624825184105,10.018746604865981,-1.5456786760456802,22.92878445104765,main,base
F,1648180800000,-1,0.8475739611866179,True,1648184400000,1648270800000,44082.7,44376.9,44076.087595,44383.556535,-66.73819888527798,3.0100107298331884,10.033374104807555,2.4535561495284064,-77.32802757039033,main,base
B,1648209600000,1,1.6454545442960755,True,1648213200000,1648299600000,44808.9,44330.8,44815.621335,44324.15038000001,-106.6975533878311,2.983995366991491,9.94665922562259,-0.7979865811799219,-120.42619456162512,main,base
P,1648209600000,1,1.6454545442960755,True,1648213200000,1648299600000,44808.9,44330.8,44815.621335,44324.15038000001,-106.6975533878311,2.983995366991491,9.94665922562259,-0.7979865811799219,-120.42619456162512,main,base
F,1648224000000,-1,1.6044693404838406,False,1648227600000,1648314000000,44139.6,44281.4,44132.97906,44288.04221000001,-32.12534776028847,3.004818802165433,10.016065083281225,1.2617517944117558,-43.88447985132338,main,base
B,1648425600000,1,3.6582366274260294,True,1648429200000,1648515600000,46916.0,47392.4,46923.0374,47385.29114,101.54318356211132,3.0152314775346043,10.050763976042289,-3.0163166614715666,85.46087144706286,main,base
B,1648742400000,-1,1.5926715053589375,True,1648746000000,1648832400000,45695.4,46017.5,45688.54569,46024.402625,-70.4884955597278,3.0105732743350284,10.035249534417032,2.682708048512542,-80.8516103199673,main,base
B,1648756800000,-1,1.5860035592348414,True,1648760400000,1648846800000,45741.9,46131.2,45735.038715,46138.11968,-85.10796447021126,3.012766194671708,10.042560365332442,2.6799808788004,-95.48331015141501,main,base
P,1649419200000,-1,1.2609472890364222,True,1649422800000,1649509200000,43144.0,42489.7,43137.5284,42496.073455,151.65492304839674,2.977251761542267,9.924161164356574,2.9038773168336274,141.65738743933153,main,base
B,1649462400000,-1,1.2254602194786781,False,1649466000000,1649552400000,42415.1,42605.8,42408.737735,42612.190870000006,-44.96040325261625,3.0067440604876614,10.022483573656553,2.1986276842629158,-55.79100320249755,main,base
P,1649635200000,-1,2.193803205541659,True,1649638800000,1649725200000,42286.5,39521.9,42280.157025,39527.828285,653.7783926312177,2.901933241105636,9.673061770304944,1.3245786972783278,642.5279763170854,main,base
B,1649678400000,-1,2.72232960883075,True,1649682000000,1649768400000,41133.5,40588.0,41127.329975,40594.088200000006,132.6169667059696,2.9801074549953297,9.933681570374512,-0.6436977422295694,119.05947993837016,main,base
B,1649692800000,-1,1.1258798875121532,False,1649696400000,1649782800000,40756.0,40074.1,40749.8866,40080.111115,167.3127883011094,2.9749030817556084,9.916331057390323,-2.3349363777112573,152.0866177842522,main,base
B,1649707200000,-1,1.8247983878223557,True,1649710800000,1649797200000,39813.7,39495.8,39807.727945,39501.72437,79.84688687562175,2.988022966968405,9.960070568045673,-2.3901990272192735,64.50859431338839,main,base
B,1650456000000,1,1.7639265269322282,True,1650459600000,1650546000000,42076.2,42636.8,42082.51143,42630.404480000005,133.23446508952944,3.019985169763377,10.066607239959884,0.1399617827679839,120.28783446257417,main,base
F,1650556800000,-1,1.2405617540508918,False,1650560400000,1650646800000,41805.0,39359.0,41798.729250000004,39364.90385,585.0974763784236,2.912235378542869,9.707407379500061,-1.3992948808148764,571.0785387395658,main,base
B,1650643200000,-1,1.4759254411412133,False,1650646800000,1650733200000,39359.0,39798.0,39353.09615,39803.9697,-111.53738662059504,3.016730607994077,10.055777058614295,-2.8704566759235197,-127.48035096312692,main,base
F,1650830400000,1,1.159777144861292,False,1650834000000,1650920400000,39479.1,40166.3,39485.021865,40160.275055000006,174.0667847038064,3.0261100177058946,10.08702033734305,0.940531517182509,161.89418586594,main,base
B,1651363200000,-1,1.6838911000289678,True,1651366800000,1651453200000,37660.7,38648.9,37655.050895,38654.697335000004,-262.39554761329566,3.0393593321419177,10.131217453472718,2.0522243525829538,-273.51390004632736,main,base
F,1651377600000,1,1.800093917328626,False,1651381200000,1651467600000,37930.0,38951.7,37935.6895,38945.857245,269.36461903506387,3.0404046928548008,10.134662107171104,-2.0376537219963318,254.1518985130416,main,base
P,1651492800000,-1,1.2475199945816309,False,1651496400000,1651582800000,38488.9,38442.5,38483.126665,38448.26637500001,12.055423771529313,2.998191686435456,9.993971383957454,3.0078973959416873,2.071158097078089,main,base
B,1651694400000,1,2.8482118222627983,True,1651698000000,1651784400000,39811.1,36450.7,39817.071665,36445.232395,-844.086197065643,2.873387070440802,9.578020207931958,-2.9178749901010024,-859.4554793341168,main,base
B,1651982400000,-1,3.9339175462800826,True,1651986000000,1652072400000,34391.5,33649.4,34386.341275,33654.44741000001,215.78006193390766,2.9676329907121337,9.892093785528402,2.994476806449268,205.91481196411638,main,base
P,1652025600000,-1,0.6749651899429728,False,1652029200000,1652115600000,34382.3,31691.4,34377.142655,31696.153710000006,782.6410682240576,2.8826038397675915,9.608620767807857,2.9053171247138794,773.0551607411961,main,base
F,1652040000000,1,1.7897559889919001,False,1652043600000,1652130000000,34220.1,30940.0,34225.233015000005,30935.359,-958.5302205428969,2.856220466920415,9.520806779495095,-2.9190880499194924,-973.826335839232,main,base
B,1652112000000,-1,2.436644795707636,True,1652115600000,1652202000000,31691.4,31204.7,31686.64629,31209.380705000003,153.57478685069157,2.9769637819734545,9.92320108846564,2.9345220412219084,143.60914402147438,main,base
B,1652140800000,-1,5.984308789203879,True,1652144400000,1652230800000,30776.6,31032.0,30771.98351,31036.654800000004,-82.985125062548,3.0124477687607563,10.041498786415655,2.8080583988078813,-93.23101321891653,main,base
F,1652342400000,1,8.37201945459753,False,1652346000000,1652432400000,28080.3,30324.4,28084.512045000003,30319.85134,799.1723735145288,3.119875856028688,10.399526248829252,2.3183840301585525,787.9713554398294,main,base
B,1652659200000,1,1.7184183528470076,True,1652662800000,1652749200000,31105.0,30139.6,31109.665750000004,30135.07906,-310.3681080212189,2.9534447837975475,9.844839223597493,-2.275785755721503,-325.4421777843354,main,base
B,1652889600000,-1,1.259828842988953,False,1652893200000,1652979600000,29208.4,30150.0,29204.018740000003,30154.522500000003,-322.3730159817034,3.0483559523976176,10.161210685967053,1.3048560314075077,-334.2777265886606,main,base
B,1652918400000,-1,1.224379789740852,False,1652922000000,1653008400000,28899.4,30262.4,28895.065090000004,30266.939360000004,-471.63608933057435,3.070745413399673,10.235853417371988,2.401758523743851,-482.5409296376021,main,base
F,1653580800000,1,2.1071918638571807,False,1653584400000,1653670800000,29575.2,28725.6,29579.636280000002,28721.29116,-287.2677107847122,2.956909843382154,9.856387689685953,-2.9421864120736294,-303.02319472985397,main,base
P,1653609600000,-1,0.9866817184343851,False,1653613200000,1653699600000,29071.1,28790.1,29066.739335,28794.418515,96.6595691253513,2.985501064632166,9.951662965969641,2.9733365989652953,86.6957416937148,main,base
P,1653854400000,-1,0.30094028300352416,False,1653858000000,1653944400000,29172.7,31268.9,29168.324095,31273.590335000004,-718.5485059661947,3.107782275896213,10.359328144121045,3.109156499583172,-728.9064598866288,main,base
B,1653883200000,1,1.605136124024641,True,1653886800000,1653973200000,30321.5,31684.4,30326.048225000002,31679.647340000003,449.4830400870674,3.0674224560132455,10.224707808815529,-3.0662642528153294,433.1246455694233,main,base
F,1654027200000,-1,1.1283424627424161,False,1654030800000,1654117200000,31804.3,29623.5,31799.529355,29627.943525000002,685.6934439682682,2.8971459834056787,9.657101851007567,2.9561231887380006,676.0953193225929,main,base
B,1654488000000,1,2.661378519748968,True,1654491600000,1654578000000,31212.5,29509.1,31217.181875000002,29504.673635,-545.7428914697642,2.91813856627998,9.72716948498198,-2.9827635840576696,-561.3709631050838,main,base
P,1654660800000,-1,3.318462892158892,False,1654664400000,1654750800000,30228.9,30248.7,30224.365665,30253.237305000002,-6.550023322052497,3.000982503498948,10.003275502912777,3.0171799606174887,-16.537101367846734,main,base
B,1654891200000,-1,1.5679027600492057,True,1654894800000,1654981200000,29184.3,28397.2,29179.922355,28401.459580000002,269.6998043468572,2.9595450293487313,9.865129870341244,0.8563200666324657,257.7314495137997,main,base
B,1654948800000,-1,2.0298435777446677,True,1654952400000,1655038800000,28457.0,27422.0,28452.73145,27426.1133,363.7066451136803,2.945444003233502,9.818119399444777,1.7121831686189204,352.6552648796209,main,base
P,1654948800000,-1,2.0298435777446677,True,1654952400000,1655038800000,28457.0,27422.0,28452.73145,27426.1133,363.7066451136803,2.945444003233502,9.818119399444777,1.7121831686189204,352.6552648796209,main,base
B,1655006400000,-1,2.787708810305756,True,1655010000000,1655096400000,27422.2,25373.8,27418.08667,25377.60607,746.9860186272441,2.887952097206824,9.62645096673498,0.6458943828494292,735.1175099461518,main,base
F,1655020800000,1,1.9643490335577365,False,1655024400000,1655110800000,27553.5,24172.9,27557.633025000003,24169.274065,-1226.9221695973283,2.8159616745614326,9.386630934364057,-0.30003373207058526,-1239.4247959383245,main,base
F,1655049600000,1,1.3178218766128413,False,1655053200000,1655139600000,27923.0,23722.7,27927.18845,23719.141595,-1504.2438133438382,2.774363427998866,9.247990911614083,-0.2036146828510427,-1516.469782366302,main,base
B,1655078400000,-1,2.693272160496983,True,1655082000000,1655168400000,26291.2,21737.3,26287.25632,21740.560595000003,1732.100474683545,2.7401849287988718,9.133819855122626,-0.0019569741966893243,1720.2245129254266,main,base
B,1655107200000,-1,6.332909616112197,True,1655110800000,1655197200000,24172.9,22599.9,24169.274065,22603.289985000003,650.7287085951623,2.9023906937114052,9.674586841049274,-0.6252926371251764,637.5264384232765,main,base
B,1655121600000,-1,6.848189121633527,True,1655125200000,1655211600000,23668.8,22141.4,23665.24968,22144.721210000003,645.3221118096388,2.9032016832287013,9.677290544936795,-0.6386101698422892,632.1030094116311,main,base
B,1655280000000,-1,6.137064958328424,True,1655283600000,1655370000000,20255.3,21773.8,20252.261705,21777.06607,-749.6803305801445,3.1124520495870027,10.374896391314866,-0.04816465361319481,-763.2158436746596,main,base
F,1655294400000,1,6.005939318878436,False,1655298000000,1655384400000,21183.7,21128.5,21186.877555000003,21125.330725,-26.057770833235328,2.9960913343760662,9.986973068916196,0.04605378231051916,-38.99478145421707,main,base
B,1655539200000,-1,4.822995682101036,True,1655542800000,1655629200000,18997.5,18657.9,18994.650375,18660.698685000003,178.76036320568417,2.9731859455194063,9.910606411369917,0.5059355136990336,166.38250636249387,main,base
B,1655582400000,-1,3.3044445593441263,True,1655586000000,1655672400000,17798.0,20634.0,17795.3303,20637.095100000002,-1593.437464883695,3.239015619733022,10.796838240251716,0.7895675644172034,-1606.6837511792623,main,base
P,1655755200000,-1,1.8445373735652728,False,1655758800000,1655845200000,20446.0,20851.3,20442.933100000002,20854.427695000002,-198.22948253937165,3.029734422381319,10.099129608480878,1.7309885948218782,-209.62735797541197,main,base
F,1655812800000,-1,1.9037691976198925,False,1655816400000,1655902800000,21088.9,20352.5,21085.736665,20355.552875,349.1884356225319,2.9476217346577203,9.825379593056061,-0.06092702309437308,336.3545072717237,main,base
F,1656259200000,-1,0.8417388085649207,True,1656262800000,1656349200000,21344.2,20746.4,21340.99837,20749.511960000003,280.0760862435693,2.9579885870641993,9.859940951171748,1.7171957509687583,268.9753524563022,main,base
F,1656360000000,1,0.8732354307757806,True,1656363600000,1656450000000,20905.9,20269.0,20909.035885000005,20265.95965,-304.6508401934389,2.954302373972244,9.847697428716296,0.5769046053080394,-316.87593539081945,main,base
B,1656446400000,-1,1.22725486539878,False,1656450000000,1656536400000,20269.0,20215.9,20265.95965,20218.932385000004,26.197641718880334,2.9960703537429363,9.986899214317432,1.7714830496965523,14.986155200516516,main,base
B,1656576000000,-1,1.3841135608163784,False,1656579600000,1656666000000,19226.1,19515.9,19223.216085,19518.827385000004,-150.73259787476553,3.0226098896818447,10.075377603882226,-2.174665563147662,-166.00525093147724,main,base
F,1656633600000,1,1.939254521872174,False,1656637200000,1656723600000,20289.0,19168.7,20292.043350000004,19165.824695,-552.1711272117892,2.9171743309206692,9.723955849228647,0.7433412919888251,-564.0689160999498,main,base
B,1656979200000,1,1.1070368200129475,False,1656982800000,1657069200000,20384.1,20254.3,20387.157615,20251.261855,-63.67708164696959,2.990448437753031,9.968166234957641,-1.992643495632029,-78.62833981531229,main,base
F,1657065600000,-1,1.6907044803679843,False,1657069200000,1657155600000,20254.3,20523.3,20251.261855,20526.378495,-132.81130426625458,3.0199216956400314,10.066415612980949,2.3629204411527436,-143.5347211337228,main,base
B,1657209600000,1,1.0269051457995177,False,1657213200000,1657299600000,21084.9,21682.9,21088.062735000003,21679.647565000003,283.6152886662967,3.042542293300047,10.141786373186498,-2.0963273840381085,268.334632615772,main,base
B,1657224000000,1,2.263453858767613,True,1657227600000,1657314000000,21612.6,21850.9,21615.84189,21847.622365000003,110.2597558831436,3.016538963382334,10.05512160845988,-2.045142799094284,95.14295251220709,main,base
P,1657296000000,1,1.5226253549047155,False,1657299600000,1657386000000,21682.9,21683.5,21686.152435000004,21680.247475,0.27671575296595236,3.0000415073638806,10.000138337122802,-2.604561013657326,-15.328025105178058,main,base
B,1657512000000,-1,1.2691985109818151,False,1657515600000,1657602000000,20522.0,19995.7,20518.9217,19998.699355000004,256.4564857226388,2.961531527143844,9.871752522902252,2.3448194071876873,245.96802107978033,main,base
B,1657584000000,-1,1.3548965778198823,False,1657587600000,1657674000000,19805.1,19417.1,19802.129235,19420.012565,195.90913451585703,2.9706136298229087,9.90203073955698,0.7909001993215756,183.8273903457987,main,base
B,1657612800000,-1,1.3928047095511913,False,1657616400000,1657702800000,19765.1,19842.4,19762.135234999998,19845.376360000002,-39.1093391887736,3.0058664008789195,10.019557602794826,0.21199304298952498,-51.922770149457826,main,base
B,1657656000000,-1,1.3386378143818878,False,1657659600000,1657746000000,19449.5,19661.3,19446.582575,19664.249195,-108.89740096146394,3.0163346101445767,10.054456867785806,-0.17890631387888575,-122.14709875327321,main,base
P,1657656000000,-1,1.3386378143818878,False,1657659600000,1657746000000,19449.5,19661.3,19446.582575,19664.249195,-108.89740096146394,3.0163346101445767,10.054456867785806,-0.17890631387888575,-122.14709875327321,main,base
F,1657886400000,-1,1.1888438322849302,False,1657890000000,1657976400000,20975.6,20686.1,20972.45366,20689.202915,138.01750605465398,2.97929737409297,9.93098089565972,1.5430100917230873,126.65023787662436,main,base
F,1657900800000,-1,0.9331650810548248,True,1657904400000,1657990800000,20745.2,21454.3,20742.08822,21457.518145000002,-341.8140099878519,3.051272101499056,10.170932641044676,1.480444589061955,-353.5557701413336,main,base
B,1657915200000,1,1.1770934569221128,False,1657918800000,1658005200000,20923.3,21201.1,20926.438495000002,21197.919835,132.77064325417084,3.019915596488517,10.066375363828843,-1.4678429831340216,118.21650931071946,main,base
F,1657929600000,-1,0.875609615117184,True,1657933200000,1658019600000,20678.7,21285.0,20675.598195000002,21288.192750000002,-293.20024953212686,3.0439800374300123,10.146622114784778,1.6989455308677186,-304.691906153474,main,base
P,1658116800000,1,1.1878733556586019,True,1658120400000,1658206800000,21286.3,21887.2,21289.492945,21883.91692,282.294245594585,3.042344136840867,10.141125950728874,-3.1641705092655843,265.94660499774966,main,base
B,1658131200000,1,2.648380695677643,True,1658134800000,1658221200000,22283.1,21918.2,22286.442465,21914.91227,-163.75638937131632,2.975436541594998,9.918134087043546,-3.0010403719132444,-179.6510003718681,main,base
B,1658160000000,1,1.3854630451132766,False,1658163600000,1658250000000,22194.8,23227.1,22198.129220000003,23223.615934999998,465.10894443743547,3.069766341667335,10.232519589047884,-3.0339464432448144,448.77271206347547,main,base
F,1658203200000,-1,2.5897262848731533,False,1658206800000,1658293200000,21887.2,23384.1,21883.91692,23387.607615,-683.9157132936135,3.1025873569955613,10.342009150325305,3.1200657703644143,-694.24024403057,main,base
B,1658246400000,1,2.311788061834658,True,1658250000000,1658336400000,23227.1,23680.1,23230.584065,23676.547984999997,195.0308045343586,3.029254620680875,10.09750077495684,-2.857884333057621,179.04616480566324,main,base
F,1658304000000,-1,1.3075503510174005,False,1658307600000,1658394000000,23359.6,22871.9,23356.09606,22875.330785000002,208.779259918833,2.9686831110118166,9.89559471159609,2.8150875752565394,198.73006967148163,main,base
B,1658332800000,1,1.4216454960110005,False,1658336400000,1658422800000,23680.1,23026.8,23683.652015,23023.34598,-275.8856592666413,2.9586171511109147,9.862077861791125,-2.9047641716943766,-291.61111845123776,main,base
B,1658577600000,-1,1.2340588540480364,False,1658581200000,1658667600000,22275.0,22485.0,22271.65875,22488.372750000002,-94.27609427609428,3.014141414143021,10.047145117845117,2.3958700821494574,-104.94151072593294,main,base
F,1658606400000,1,0.7248349387187956,True,1658610000000,1658696400000,22313.6,22713.2,22316.94704,22709.79302,179.08360820306999,3.0268625412305994,10.08952837283092,-2.2450145924077707,163.7222026966007,main,base
B,1658721600000,-1,1.5710954702051012,True,1658725200000,1658811600000,21880.8,21116.1,21877.51788,21119.267415000002,349.4844795437099,2.947577328069988,9.82523154889218,1.3295007924861066,338.0411714592338,main,base
F,1658736000000,1,0.8887077056913255,True,1658739600000,1658826000000,22038.3,21057.0,22041.605745,21053.84145,-445.2702794680167,2.9332094580805164,9.777398255536951,-1.545805415561842,-459.526692597196,main,base
B,1658793600000,-1,2.1485937377743656,True,1658797200000,1658883600000,20985.7,21194.3,20982.552145,21197.479145,-99.40102069504402,3.0149101531047973,10.049707965424075,1.6869852849785418,-110.77865352859435,main,base
B,1658851200000,-1,0.9838680476289788,False,1658854800000,1658941200000,20925.3,21518.7,20922.161205,21521.927805000003,-283.58016372525196,3.0425370245593606,10.141811350374907,1.2880218287250886,-295.4764902714611,main,base
B,1659024000000,1,2.123130593456846,True,1659027600000,1659114000000,23762.5,23840.6,23766.064375,23837.02391,32.866912151498596,3.004930036822895,10.016430991057339,-3.020957825256602,16.824593298361762,main,base
F,1659052800000,-1,1.201028583085893,False,1659056400000,1659142800000,23876.8,23914.4,23873.21848,23917.987160000004,-15.74750385311356,3.0023621255790123,10.007874932989345,3.003463509815386,-25.75427740186653,main,base
F,1659081600000,-1,1.340799574301351,False,1659085200000,1659171600000,23919.3,23885.4,23915.712105,23888.982810000005,14.172655554300427,2.997874101668565,9.992912609273683,2.995207329873366,4.177076173231544,main,base
B,1659196800000,1,1.1327307281088177,False,1659200400000,1659286800000,24572.6,23758.9,24576.28589,23755.336165,-331.14118978048606,2.9503288215335335,9.834454240698992,-2.533765007365928,-346.45973785008454,main,base
F,1659427200000,1,0.7692937430797075,True,1659430800000,1659517200000,22800.0,23284.5,22803.420000000002,23281.007325,212.5,3.0318750000014116,10.106234062499999,-0.22679221906454147,199.13509871843405,main,base
B,1659643200000,-1,1.1003359955949485,False,1659646800000,1659733200000,22498.3,22969.7,22494.925255,22973.145455,-209.52694203562112,3.031429041306202,10.104779185538463,1.0839278734734952,-221.5792223889923,main,base
P,1659715200000,-1,1.365026612682021,False,1659718800000,1659805200000,23024.8,23146.6,23021.346279999998,23150.07199,-52.89948229734863,3.0079349223459766,10.026453708609846,2.5696736350899947,-63.36419729321446,main,base
B,1659945600000,1,1.562961793667962,True,1659949200000,1660035600000,24120.4,23770.7,24124.018060000002,23767.134395,-144.98101192351731,2.978252848211669,9.927520367614136,-2.7653081786060763,-160.6520933179492,main,base
B,1659960000000,1,1.6972782896168408,True,1659963600000,1660050000000,24117.4,23239.5,24121.017610000003,23236.014075,-364.0110459668129,2.945398343105812,9.818021777845042,-2.765652159488585,-379.54011824725234,main,base
F,1660233600000,-1,1.6316677354500357,False,1660237200000,1660323600000,24328.5,23977.3,24324.850725,23980.896595000002,144.3574408615413,2.978346383871784,9.927810452761166,0.6929149373746191,132.14419896228299,main,base
B,1660752000000,-1,1.1632646477941142,False,1660755600000,1660842000000,23408.4,23326.8,23404.888740000002,23330.299020000002,34.859281283642694,2.9947711078084103,9.982567744912082,2.554196374829475,24.436138805751682,main,base
B,1660766400000,-1,1.320611633869919,False,1660770000000,1660856400000,23390.9,23404.9,23387.391365000003,23408.410735000005,-5.9852335737402145,3.0008977850368304,10.002993065679389,2.5561073075665446,-16.433017116889886,main,base
B,1660881600000,-1,1.765036177438552,True,1660885200000,1660971600000,22779.8,21228.2,22776.38303,21231.384230000003,681.1297728689447,2.897830534070085,9.659384028832564,-0.3343608360566617,668.2381974699853,main,base
B,1660953600000,-1,2.4949390915923253,True,1660957200000,1661043600000,20980.8,21155.5,20977.652879999998,21158.673325000003,-83.26660565850717,3.012489990851082,10.041639547824678,-1.3428727880892122,-97.66360798527214,main,base
F,1661040000000,1,1.832134086135915,False,1661043600000,1661130000000,21155.5,21441.2,21158.673325000003,21437.98382,135.04762354943193,3.020257143533751,10.067513683202952,1.5102225550510855,123.4700752777463,main,base
P,1661198400000,-1,1.2592541365725196,False,1661202000000,1661288400000,21121.2,21470.0,21118.03182,21473.220500000003,-165.14213207582867,3.024771319813107,10.08258345169782,-0.6592433664631874,-178.90873021380276,main,base
B,1661529600000,-1,4.3453619564161565,True,1661533200000,1661619600000,20711.5,19990.9,20708.393275,19993.898635000005,347.9226516669476,2.947811602252382,9.826012579967651,-1.3132639288021721,333.8355635559254,main,base
B,1661558400000,-1,1.7907344982050042,True,1661562000000,1661648400000,20293.2,19981.5,20290.156020000002,19984.497225000003,153.598249659985,2.97696026255167,9.923189355301286,-1.1980860984766835,139.50001394365535,main,base
F,1661587200000,1,1.3825721011043446,False,1661590800000,1661677200000,20186.7,20023.8,20189.728005,20020.79643,-80.6966963396699,2.9878954955494876,9.95965770408239,1.4429250315517188,-92.20132450775007,main,base
B,1661731200000,-1,1.4744163895069506,False,1661734800000,1661821200000,19630.0,20247.0,19627.0555,20250.037050000003,-314.3148242485991,3.0471472236393597,10.157180985736119,-1.541485078487986,-329.0606375364626,main,base
B,1662494400000,-1,3.156492054971641,True,1662498000000,1662584400000,18972.8,19374.8,18969.95408,19377.70622,-211.88227357058526,3.0317823410358558,10.10595702795581,-0.9271649374232442,-225.94717787700017,main,base
B,1662710400000,1,3.6388492411584408,True,1662714000000,1662800400000,20766.5,21318.2,20769.614975,21315.00227,265.66826379023945,3.03985023956867,10.132814206775336,-3.05204330050803,249.4435560433874,main,base
B,1662739200000,1,1.3850774446143768,False,1662742800000,1662829200000,21288.4,21401.1,21291.593260000005,21397.889834999998,52.9396290937774,3.007940944365975,10.026465844074707,-2.975183238819263,36.93003906651745,main,base
F,1662796800000,-1,1.3478378688025663,False,1662800400000,1662886800000,21318.2,21663.7,21315.00227,21666.949555000003,-162.06809205279995,3.024310213808864,10.081046201133304,2.7306077875152313,-172.4428406802269,main,base
F,1662955200000,-1,3.3870260758067645,False,1662958800000,1663045200000,21706.9,22277.7,21703.643965000003,22281.041655000005,-262.9578613252004,3.0394436791998536,10.1314986525022,2.8890734597090395,-273.23973019719335,main,base
F,1662998400000,-1,1.1820595341359228,False,1663002000000,1663088400000,22209.9,20758.7,22206.568515000003,20761.813805,653.4023115817723,2.9019896532625804,9.673249839035744,2.9445764726540866,643.7716485621282,main,base
F,1663056000000,-1,1.519276757657675,False,1663059600000,1663146000000,22224.3,20373.3,22220.966355,20376.355995,832.8721264561764,2.87506918103213,9.58350147136243,0.6445217230764718,821.0580775268584,main,base
B,1663084800000,-1,3.621211483483051,True,1663088400000,1663174800000,20758.7,20134.2,20755.586195,20137.22013,300.8377210518963,2.9548743418430137,9.849558576644972,-0.21554866685372392,287.8177394665546,main,base
F,1663358400000,1,1.3792392807556884,False,1663362000000,1663448400000,19746.7,20068.8,19749.662005000002,20065.789679999998,163.11586239726057,3.024467379360833,10.08154569750895,-0.8869056732714526,149.12294364711937,main,base
B,1663560000000,-1,2.18236271085662,True,1663563600000,1663650000000,18804.4,19325.0,18801.57934,19327.89875,-276.85009891301956,3.04152751483776,10.13844581321393,-0.03961964020216537,-290.0696918812734,main,base
B,1664251200000,1,3.4186040046974657,True,1664254800000,1664341200000,20039.4,18757.4,20042.405910000005,18754.58639,-639.7397127658512,2.904039043087397,9.680178124095532,-1.96243477926491,-654.286364712299,main,base
F,1664294400000,-1,1.2617289464975254,False,1664298000000,1664384400000,19102.1,19501.1,19099.234685,19504.025165,-208.8775579648311,3.0313316336945477,10.104454444799265,0.552490252204384,-221.46085379112054,main,base
B,1664870400000,1,1.7317779463978749,True,1664874000000,1664960400000,19879.8,20128.9,19882.78197,20125.880665,125.30307145947252,3.0187954607197223,10.062642137999376,-3.050591421999718,109.1710424387537,main,base
F,1665273600000,1,0.9079644381898797,True,1665277200000,1665363600000,19386.6,19484.2,19389.507990000002,19481.27737,50.34405207720909,3.0075516078137854,10.025168250234698,-0.9997877858774025,36.3115444332832,main,base
F,1665676800000,1,2.3585291065999665,False,1665680400000,1665766800000,19077.5,19297.0,19080.361625,19294.10545,115.05700432446599,3.0172585506498537,10.057519872886907,-2.209158137531034,99.77306776339819,main,base
B,1665720000000,1,2.9754354746394114,True,1665723600000,1665810000000,19803.7,19178.2,19806.670555000004,19175.32327,-315.8500684215576,2.952622489738517,9.842098654544355,-2.2296650593121488,-330.8744546251526,main,base
F,1666195200000,1,0.6764344847958429,True,1666198800000,1666285200000,19173.0,19173.4,19175.87595,19170.52399,0.20862671465157,3.0000312940079374,10.000104297710322,-1.8084367209221301,-14.599945597988821,main,base
F,1666368000000,1,1.7157534444794829,False,1666371600000,1666458000000,19116.9,19185.0,19119.767535000003,19182.12225,35.62293049605246,3.005343439574866,10.01780879352824,-1.178416981997925,21.42136128095143,main,base
B,1666555200000,1,1.0727304600577927,False,1666558800000,1666645200000,19490.4,19371.0,19493.323560000004,19368.09435,-61.2609284570873,2.990810860733239,9.969374130341091,-2.2252979802363186,-76.44641142839795,main,base
P,1666584000000,-1,1.973182090150168,False,1666587600000,1666674000000,19328.7,19331.7,19325.800695,19334.599755000003,-1.5520961057908704,3.0002328144164845,10.000776164460104,1.6643633300745366,-12.888741754592923,main,base
B,1666713600000,1,1.5149366443495507,True,1666717200000,1666803600000,19806.0,20753.8,19808.9709,20750.68693,478.541856003231,3.071781278400324,10.239235037362414,-1.4529768906086862,463.77786279685955,main,base
P,1666713600000,1,1.5149366443495507,True,1666717200000,1666803600000,19806.0,20753.8,19808.9709,20750.68693,478.541856003231,3.071781278400324,10.239235037362414,-1.4529768906086862,463.77786279685955,main,base
B,1666728000000,1,2.8640831606990784,True,1666731600000,1666818000000,20180.0,20736.2,20183.027000000002,20733.08957,275.6194251734394,3.0413429137772527,10.137789041129832,-1.4260485775716374,261.0142446409607,main,base
F,1667044800000,-1,2.426392663703158,False,1667048400000,1667134800000,20757.4,20715.6,20754.28639,20718.70734,20.137396783798987,2.996979390483698,9.989929791303343,0.49421269834675796,7.6447003003587035,main,base
B,1667620800000,1,2.211173185722413,True,1667624400000,1667710800000,21355.0,21219.8,21358.203250000002,21216.61703,-63.3107000702415,2.9905033949896143,9.968349398267383,-2.0986497410011706,-78.36820260449967,main,base
B,1667880000000,-1,2.737283004216862,True,1667883600000,1667970000000,19626.1,18245.7,19623.156085,18248.436855000004,703.349111642149,2.8944976332550367,9.648272692995555,-0.4512448077085217,690.3550965081898,main,base
F,1668412800000,1,4.102483160452684,False,1668416400000,1668502800000,16754.4,16911.2,16756.913160000004,16908.66332,93.58735615718813,3.0140381034255563,10.046786659026884,2.969704076362151,83.49623547109783,main,base
P,1669348800000,-1,0.4879321558041713,False,1669352400000,1669438800000,16382.0,16621.9,16379.5427,16624.393285000002,-146.44121596874706,3.0219661823956177,10.073231591075572,0.5692635899157612,-158.96715015230248,main,base
F,1669910400000,-1,2.185410040886644,False,1669914000000,1670000400000,16974.5,16926.0,16971.953825,16928.538900000003,28.572270169960824,2.99571415947609,9.985711721994758,0.7278508288906427,16.318695117380617,main,base
B,1670400000000,-1,2.1314720237301326,True,1670403600000,1670490000000,16785.8,16825.3,16783.28213,16827.823795,-23.53179473126095,3.0035297692100755,10.011767662250236,0.18461795204005743,-36.362474210681206,main,base
F,1670414400000,1,1.2568613562952176,False,1670418000000,1670504400000,16785.6,16818.8,16788.11784,16816.27718,19.77885806882133,3.00296682870958,10.009887945620056,-0.18462015175829258,6.581383142733402,main,base
B,1670932800000,1,2.9390058207773646,True,1670936400000,1671022800000,17416.8,17910.1,17419.41252,17907.413484999997,283.2322814753567,3.042484842223394,10.141594898316566,-3.0622043084837625,266.985997426333,main,base
F,1671048000000,-1,6.308173633199895,False,1671051600000,1671138000000,17762.0,17410.2,17759.3357,17412.811530000003,198.0632811620309,2.970290507826999,9.900953504672898,2.5062126347866234,187.69824978431765,main,base
B,1671192000000,-1,4.582587090928396,True,1671195600000,1671282000000,17025.1,16685.9,17022.546234999998,16688.402885000003,199.23524678268973,2.9701147129839263,9.900367433965148,0.7664417906713754,187.13120642641206,main,base
B,1671235200000,-1,3.4515719605299684,True,1671238800000,1671325200000,16697.7,16741.2,16695.195345,16743.711180000002,-26.05149212166945,3.0039077238194305,10.013027699922743,2.383355868173461,-36.68507167723816,main,base
P,1671465600000,-1,0.6317054075416613,False,1671469200000,1671555600000,16627.1,16825.4,16624.605935,16827.923810000004,-119.2631306722176,3.017889469601655,10.059640510070912,0.8992163624980832,-131.44144428939208,main,base
F,1672416000000,1,1.5089027111428248,False,1672419600000,1672506000000,16540.2,16596.1,16542.681030000003,16593.610585,33.79644744319768,3.0050694671180853,10.016895688988043,-3.007986626505121,17.766495660586425,main,base
F,1672704000000,-1,1.0465087393066244,False,1672707600000,1672794000000,16689.0,16655.6,16686.49665,16658.09834,20.013182335671075,2.9969980226502266,9.98999190784349,1.879557504301736,8.905749909479095,main,base
P,1672704000000,-1,1.0465087393066244,True,1672707600000,1672794000000,16689.0,16655.6,16686.49665,16658.09834,20.013182335671075,2.9969980226502266,9.98999190784349,1.879557504301736,8.905749909479095,main,base
B,1672804800000,1,2.0747734560921773,True,1672808400000,1672894800000,16852.5,16829.0,16855.027875000003,16826.47565,-13.944518617415813,2.9979083222092218,9.993028786530191,-1.3733155215624973,-28.308771247717726,main,base
F,1672833600000,-1,1.1314442465974122,False,1672837200000,1672923600000,16808.0,16813.6,16805.4788,16816.12204,-3.3317467872433033,3.000499762017527,10.00166612327463,1.4808752246396846,-14.853037447895776,main,base
P,1673020800000,1,1.7185672276306467,False,1673024400000,1673110800000,16820.5,16916.4,16823.023075,16913.862540000002,57.013762967808006,3.008552064445485,10.028502605451683,-1.3269938734371942,42.64971442447364,main,base
B,1673222400000,1,2.047478977826861,True,1673226000000,1673312400000,17178.9,17211.0,17181.476835,17208.41835,18.685713287811527,3.0028028569931298,10.00934145521541,-0.26587642083125196,5.407692554771735,main,base
F,1673251200000,-1,1.5516956197189178,False,1673254800000,1673341200000,17182.7,17250.9,17180.122595,17253.487635,-39.69108463745554,3.0059536626955383,10.019848519150077,1.3016211314763102,-51.41526568782484,main,base
F,1673294400000,-1,2.566132891271987,False,1673298000000,1673384400000,17212.8,17466.6,17210.21808,17469.21999,-147.44841048521988,3.022117261574764,10.073735263873399,1.5233928161981816,-159.0208701944699,main,base
B,1673380800000,1,2.4369936283822176,True,1673384400000,1673470800000,17466.6,17542.4,17469.21999,17539.768640000002,43.39711220272,3.0065095668317112,10.021695301317946,-0.5018791350118704,29.867028199558476,main,base
B,1673467200000,1,2.856305564818723,True,1673470800000,1673557200000,17542.4,19042.2,17545.031360000004,19039.343670000002,854.957132433418,3.1282435698660094,10.42741444443178,-2.8362612302817563,838.5652131888384,main,base
P,1673467200000,1,2.856305564818723,True,1673470800000,1673557200000,17542.4,19042.2,17545.031360000004,19039.343670000002,854.957132433418,3.1282435698660094,10.42741444443178,-2.8362612302817563,838.5652131888384,main,base
B,1673481600000,1,4.684083631055941,True,1673485200000,1673571600000,18263.9,18769.5,18266.639585000004,18766.684575,276.8302498371096,3.0415245374775797,10.13839436264982,-3.0142957986629364,260.63603513831924,main,base
B,1673553600000,1,10.881313316147324,True,1673557200000,1673643600000,19042.2,19464.0,19045.056330000003,19461.0804,221.50801903141408,3.033226202856512,10.110737396414281,-2.7014365228576533,205.6626189092856,main,base
F,1673568000000,-1,4.039727864728165,False,1673571600000,1673658000000,18769.5,20901.8,18766.684575,20904.93527,-1136.0451796797993,3.1704067769536635,10.568107793228377,2.665402217427209,-1147.1182920325543,main,base
B,1673625600000,1,3.264664177065662,True,1673629200000,1673715600000,19126.6,20822.3,19129.46899,20819.176655,886.5663526188663,3.1329849528942106,10.443216683832986,-7.011305533654702,865.9788454484843,main,base
B,1673640000000,1,5.167049769264391,True,1673643600000,1673730000000,19464.0,20895.0,19466.9196,20891.86575,735.2034525277436,3.1102805178792843,10.367546586004934,-6.889767592478423,714.835857831381,main,base
B,1673654400000,1,7.927930516178187,True,1673658000000,1673744400000,20901.8,20774.7,20904.93527,20771.583795000002,-60.80816006276902,2.990878775991033,9.96960048058062,-6.957246272113718,-80.72588559145439,main,base
F,1673971200000,-1,3.023874514921654,False,1673974800000,1674061200000,21160.0,20851.2,21156.826,20854.327680000002,145.93572778827942,2.9781096408319887,9.927021190926277,2.9996909813724013,136.03028793789358,main,base
B,1674259200000,1,5.634535830877508,True,1674262800000,1674349200000,22571.4,22878.0,22574.785710000004,22874.5683,135.83561498179046,3.020375342248727,10.06790761981977,-3.0306722040777268,119.71665981564425,main,base
P,1674849600000,1,0.9747016644371238,True,1674853200000,1674939600000,23104.6,22959.1,23108.06569,22955.656134999997,-62.974472615842735,2.99055382910849,9.968517486777525,-2.9889046942370787,-78.92244862596583,main,base
B,1675022400000,1,1.559150533627869,True,1675026000000,1675112400000,23701.0,22694.0,23704.555150000004,22690.5959,-424.8765874857601,2.936268511878622,9.787593572001182,-2.9773817637762123,-440.5778313334161,main,base
F,1675123200000,1,0.9239582292633989,True,1675126800000,1675213200000,22825.0,23076.3,22828.42375,23072.838555,110.09857612267218,3.016514786419526,10.055041030668125,-3.0320062192446877,93.99501408633984,main,base
P,1675512000000,1,0.3775489235166889,False,1675515600000,1675602000000,23405.3,23160.1,23408.810795,23156.625985,-104.76259650591992,2.984285610524857,9.94762655894178,-2.995830004315262,-120.69033867970181,main,base
F,1675670400000,1,1.6827890334917504,False,1675674000000,1675760400000,22858.2,22869.4,22861.628730000004,22865.96959,4.8997733854812395,3.0007349660096234,10.002449519209739,-3.0057122483087033,-11.109123348046825,main,base
B,1675915200000,-1,2.2950912882626326,True,1675918800000,1676005200000,22563.9,21781.1,22560.515415,21784.367165,346.9258417206258,2.947961123742306,9.82651105970156,2.9722654328374083,337.12363497001934,main,base
P,1675915200000,-1,2.2950912882626326,True,1675918800000,1676005200000,22563.9,21781.1,22560.515415,21784.367165,346.9258417206258,2.947961123742306,9.82651105970156,2.9722654328374083,337.12363497001934,main,base
F,1675929600000,1,2.377460669657248,False,1675933200000,1676019600000,22712.0,21882.2,22715.4068,21878.917670000003,-365.3575202536101,2.945196371961448,9.817348641687216,-2.919122050017612,-381.03918731727634,main,base
P,1675958400000,-1,1.026284540213787,False,1675962000000,1676048400000,22503.0,21602.1,22499.62455,21605.340315,400.34662045060725,2.939948006933424,9.799796663778162,2.903803937252811,390.51067971714843,main,base
B,1675972800000,-1,1.9671270287538878,True,1675976400000,1676062800000,21989.5,21716.0,21986.201575,21719.257400000002,124.37754382773596,2.9813433684272477,9.937801899770344,2.9716137247322587,114.43001228427063,main,base
F,1676016000000,1,1.9398336587064018,False,1676019600000,1676106000000,21882.2,21678.3,21885.482330000003,21675.048254999998,-93.18075879025028,2.9860228861829308,9.953416609161785,-2.300602410781288,-108.42080069637628,main,base
F,1676318400000,1,1.5094538837329472,False,1676322000000,1676408400000,21655.0,22243.4,21658.24825,22240.06349,271.71553913645874,3.0407573308711853,10.135837390902795,-2.9142427733528926,255.62470164133188,main,base
B,1676462400000,1,1.841095687571788,True,1676466000000,1676552400000,22763.6,24607.2,22767.01454,24603.50892,809.8894726668902,3.121483420900952,10.404883994622995,-3.0594043064527883,793.3037009449134,main,base
B,1676491200000,1,1.5256836129731444,True,1676494800000,1676581200000,24144.8,24581.5,24148.421720000002,24577.812775000002,180.86710181902552,3.027130065273134,10.090419985876878,-4.435917160195832,163.3136346076797,main,base
B,1676505600000,1,4.504140009583215,True,1676509200000,1676595600000,24609.9,23718.5,24613.591485000004,23714.942225,-362.2119553513023,2.9456682066989877,9.818921188221001,-4.319108677788058,-379.29565342401037,main,base
B,1676563200000,1,2.0789383790912845,True,1676566800000,1676653200000,24905.4,24090.7,24909.135810000003,24087.086395000002,-327.11781380744765,2.9509323279291197,9.836465626932313,-2.8625647658359235,-342.767776528145,main,base
F,1676980800000,-1,4.5470716902109976,False,1676984400000,1677070800000,24634.1,24128.4,24630.404885,24132.019260000005,205.28454459468668,2.9692073183115055,9.897342331361813,2.9657277498049455,195.3837226948183,main,base
B,1677081600000,-1,1.713035038142458,True,1677085200000,1677171600000,23627.9,23749.2,23624.355815000003,23752.762380000004,-51.33761358394071,3.00770064203838,10.025672657112988,1.7525474874682903,-62.61843939562378,main,base
B,1677254400000,-1,2.1452863141211735,True,1677258000000,1677344400000,23179.9,23002.2,23176.423015,23005.650330000004,76.66124530304303,2.9885008132064654,9.961663627755081,0.17433314303620442,63.88541400511769,main,base
F,1677369600000,1,1.202074490871781,False,1677373200000,1677459600000,23088.1,23482.3,23091.563215000002,23478.777654999998,170.73730623134892,3.0256105959367057,10.085355847817707,-1.769705495483626,155.8566342921109,main,base
P,1677614400000,-1,0.6782264163697308,False,1677618000000,1677704400000,23259.9,23406.6,23256.411015,23410.11099,-63.069918615298036,3.009460487793348,10.031539689551545,2.0567758008417925,-74.05414299180114,main,base
F,1677672000000,-1,1.752035603882064,False,1677675600000,1677762000000,23719.0,23346.8,23715.44215,23350.302020000003,156.92061216746097,2.9764619081768173,9.92152792487036,2.7149149145575957,146.7375372489714,main,base
F,1678363200000,1,1.6842618349823528,False,1678366800000,1678453200000,21603.6,19920.6,21606.84054,19917.61191,-779.0368271954675,2.883144475921342,9.610540014164306,-0.21236818016999628,-791.742879865723,main,base
B,1678392000000,-1,3.3198101881693884,True,1678395600000,1678482000000,20098.0,19958.2,20094.9853,19961.193730000003,69.55916011543401,2.9895661259835213,9.965215203005274,-1.012321950172725,55.592056836272484,main,base
P,1678521600000,-1,2.789899836338323,False,1678525200000,1678611600000,20060.5,20367.8,20057.490925000002,20370.855170000003,-153.18661050322737,3.022977991576178,10.076604794247402,0.7256592076648344,-165.56053408138615,main,base
B,1678665600000,1,3.9583445554715793,True,1678669200000,1678755600000,22436.7,24172.6,22440.065505000002,24168.97411,773.6877526552469,3.1160531628986976,10.386785849746175,-3.288355596798661,756.8965580458034,main,base
B,1678723200000,1,5.307907171884984,True,1678726800000,1678813200000,23982.0,25888.0,23985.5973,25884.1168,794.7627387207073,3.119214410808725,10.397321762154949,-5.7450356729530485,775.5011668747906,main,base
F,1678780800000,-1,3.013157470581208,False,1678784400000,1678870800000,24235.1,24768.8,24231.464734999998,24772.515320000002,-220.21778329777914,3.0330326674962245,10.110125407982636,6.6841665741012,-226.67677479915682,main,base
P,1678953600000,1,1.7015073582314562,True,1678957200000,1679043600000,24577.9,25986.3,24581.586685000002,25982.402055,573.0351250513663,3.0859552687581924,10.286474584891304,-2.408874471099239,557.2538207266176,main,base
B,1679054400000,1,5.085429809019468,True,1679058000000,1679144400000,26631.0,27493.1,26634.994650000004,27488.976035,323.7204761368325,3.048558071421669,10.161835959032707,-3.047332092608614,307.4627500137695,main,base
B,1679256000000,1,2.1725649849042834,True,1679259600000,1679346000000,27879.6,27988.9,27883.78194,27984.701665,39.20429274451675,3.005880643912813,10.019599206050303,-2.913033116119672,23.265779778433963,main,base
P,1679299200000,1,2.1611111475885805,False,1679302800000,1679389200000,28303.3,27633.2,28307.545495000002,27629.05502,-236.75684460822538,2.964486473310105,9.881639334459233,-1.8944280461025251,-251.49739846209727,main,base
B,1679515200000,-1,3.1517477119527797,True,1679518800000,1679605200000,27294.9,28276.9,27290.805765,28281.141535000002,-359.7741702662402,3.053966125540487,10.17991406819589,0.9613361417928178,-372.0467143181838,main,base
F,1679529600000,1,1.8027955846815056,False,1679533200000,1679619600000,27305.5,28187.7,27309.595825000004,28183.471845,323.08509274688276,3.048462763913742,10.161518314991486,-1.9720609722436386,307.9030506957339,main,base
B,1681156800000,1,2.7783633395851144,True,1681160400000,1681246800000,29107.8,30148.5,29112.16617,30143.977725,357.53303238307285,3.0536299548576333,10.178739701214107,-3.088633651570026,341.2120290754311,main,base
F,1681243200000,-1,1.2846758177819086,False,1681246800000,1681333200000,30148.5,29934.8,30143.977725,29939.290220000003,70.88246513093544,2.9893676302312464,9.964553451249648,1.947898072438041,59.876442121892595,main,base
F,1681459200000,-1,2.013713614225595,False,1681462800000,1681549200000,30722.7,30371.2,30718.091595,30375.755680000002,114.41051730479417,2.9828384224043916,9.942786160558805,0.6806099989840909,102.16550272081506,main,base
F,1681790400000,1,1.1421726682615885,False,1681794000000,1681880400000,29480.3,30189.9,29484.722045000002,30185.371515000003,240.70311360467912,3.036105467041343,10.120333504068821,-1.6716824379598025,225.87499219560917,main,base
P,1681992000000,-1,1.3664932590001981,False,1681995600000,1682082000000,28876.3,28206.6,28871.968555,28210.830990000002,231.92029449756402,2.965211955826564,9.884022458729131,2.172132458798392,221.24319254180674,main,base
B,1682020800000,-1,2.557769949119982,True,1682024400000,1682110800000,28192.5,27263.7,28188.271125,27267.789555000003,329.4493216280923,2.950582601756847,9.835250630486831,2.6230817061275165,319.2865701019761,main,base
B,1682107200000,-1,2.8999709514893444,True,1682110800000,1682197200000,27263.7,27621.4,27259.610445000002,27625.543210000003,-131.20009389774708,3.019680014084902,10.065609886955915,1.8961567816466585,-142.38922701714122,main,base
B,1682467200000,1,3.948910196973611,True,1682470800000,1682557200000,28287.1,29215.2,28291.343065,29210.817720000003,328.10008802599145,3.049215013204033,10.164025436506394,-1.4756931798567832,313.41115439642425,main,base
B,1682524800000,1,3.0518469075590673,True,1682528400000,1682614800000,29803.6,29121.1,29808.07054,29116.731835,-228.9991813069562,2.9656501228046066,9.88551758428512,-1.1181553536369102,-242.9685043676828,main,base
B,1682913600000,-1,2.167666824909207,True,1682917200000,1683003600000,28543.7,27916.9,28539.418445000003,27921.087535000002,219.59311511822196,2.9670610327318063,9.890186972957254,-0.4875669602135416,206.24830015231936,main,base
F,1682928000000,1,1.602428280324752,False,1682931600000,1683018000000,28561.4,28017.8,28565.684210000003,28013.59733,-190.32680470845344,2.9714509792938664,9.904850872156127,-0.753289122381956,-203.9563956822854,main,base
B,1682956800000,-1,0.9749392778767735,False,1682960400000,1683046800000,28350.4,28457.1,28346.14744,28461.368565,-37.63615328178688,3.0056454229933047,10.018820899352388,0.8238228715597394,-49.836796732572836,main,base
B,1682971200000,-1,1.662631140005762,True,1682974800000,1683061200000,27663.7,28661.6,27659.550445,28665.899240000002,-360.7254271843599,3.0541088140790578,10.18038976799922,0.8442727450726851,-373.1156530213655,main,base
F,1682985600000,1,1.687703263103043,False,1682989200000,1683075600000,28033.0,28492.1,28037.204950000003,28487.826184999998,163.77126957514307,3.024565690437512,10.081873351942354,-1.6122171489909596,149.05261338377227,main,base
F,1683345600000,-1,1.2410564268283446,False,1683349200000,1683435600000,29342.6,28828.9,29338.19861,28833.224335000003,175.0696938921558,2.973739545916258,9.91245202282688,2.398295242526225,164.5817975659389,main,base
F,1683547200000,1,1.74936498397087,False,1683550800000,1683637200000,27756.9,27744.9,27761.063535000005,27740.738265000004,-4.323249354214627,2.999351512597294,9.997838699566595,-1.5826699684608379,-18.903109534839352,main,base
B,1683576000000,-1,1.3181760190586742,False,1683579600000,1683666000000,27519.1,27636.0,27514.972135,27640.1454,-42.47958690509554,3.0063719380356955,10.021242979421567,1.2387226107872544,-54.26847921176555,main,base
F,1683590400000,1,1.0755417604883342,False,1683594000000,1683680400000,27568.3,27735.9,27572.435245,27731.739615000002,60.79446320592935,3.0091191694810813,10.030392672018225,-1.0996361479210823,46.65531521650895,main,base
P,1683648000000,-1,0.8827444386146412,True,1683651600000,1683738000000,27691.2,28166.6,27687.04632,28170.82499,-171.67908938579686,3.025751863408547,10.085852420624603,1.2352672704042165,-183.55542639942578,main,base
B,1683864000000,-1,1.49544144879272,False,1683867600000,1683954000000,26644.6,26785.0,26640.60331,26789.017750000003,-52.693603957275194,3.0079040405945863,10.026350753998937,0.6629097405044279,-65.06494901136428,main,base
F,1683921600000,1,1.137875005460286,False,1683925200000,1684011600000,26425.6,26891.6,26429.563840000003,26887.56626,176.3441511261807,3.026451622670035,10.088158849751757,-1.0001385905788975,162.22940206318,main,base
B,1684123200000,1,1.741652004277313,True,1684126800000,1684213200000,27271.8,27100.3,27275.89077,27096.234955,-62.88547143936228,2.9905671792847905,9.968561980690678,-0.6848008888302203,-76.52940148816796,main,base
P,1684195200000,-1,0.6556523109103504,False,1684198800000,1684285200000,27194.1,27087.4,27190.020884999998,27091.463110000004,39.23645202451896,2.9941145321975124,9.980378831253839,1.7274686203992777,27.98942728146688,main,base
F,1684339200000,1,0.8002290866802546,True,1684342800000,1684429200000,26891.7,27060.1,26895.733755000005,27056.040985,62.62155237489553,3.0093932328573234,10.031306079571022,-2.8767834936366983,46.704069568830484,main,base
P,1684656000000,-1,0.5222669272971736,False,1684659600000,1684746000000,27035.9,26810.3,27031.844615,26814.321545000003,83.44460513613461,2.9874833092306536,9.958271439086548,0.8237037402361925,71.32255412805361,main,base
B,1684814400000,1,1.974922974494956,True,1684818000000,1684904400000,27372.8,26791.3,27376.90592,26787.281305,-212.43716389992986,2.9681344254152413,9.893797350837328,-2.9889634966097742,-228.28805917279223,main,base
B,1685246400000,1,1.7131992235045437,True,1685250000000,1685336400000,27157.0,27944.7,27161.07355,27940.508295,290.05412969031954,3.0435081194543105,10.145005310785432,-3.0393195124645582,273.82629674761523,main,base
F,1685275200000,-1,1.051027490996285,False,1685278800000,1685365200000,27132.8,27870.9,27128.73008,27875.080635000006,-272.03237410072023,3.040804856115974,10.136036589478419,3.0670147982707276,-282.1422007480439,main,base
F,1685332800000,-1,1.9765796962891882,False,1685336400000,1685422800000,27944.7,27767.0,27940.508295,27771.165050000003,63.58987571883066,2.990461518643729,9.968200292899907,2.600530961892386,53.23174486917941,main,base
B,1685548800000,-1,1.2709716597381582,False,1685552400000,1685638800000,26928.7,27080.8,26924.660695000002,27084.86212,-56.48248894302307,3.0084723733417302,10.028245480658184,2.1693818409870578,-67.34982495603593,main,base
B,1685592000000,-1,2.3100042220087182,True,1685595600000,1685682000000,26797.1,27051.8,26793.080435,27055.857770000002,-95.04759843415918,3.014257139765783,10.047530927786962,2.4444198298095015,-105.66496667190242,main,base
F,1685678400000,1,1.6306243349415601,False,1685682000000,1685768400000,27051.8,27151.1,27055.857770000002,27147.027335,36.707354039287324,3.0055061031069146,10.018350923968091,-2.6689720964857635,21.01452491572655,main,base
F,1685923200000,-1,2.518455584623106,False,1685926800000,1686013200000,27018.7,25679.2,27014.647195,25683.051880000003,495.7677460425557,2.925634838094111,9.752078944397768,1.0224375491625113,484.1124698092263,main,base
B,1685980800000,-1,1.9839693615644407,True,1685984400000,1686070800000,25796.8,26360.9,25792.93048,26364.854135000005,-218.6705327792603,3.032800579918355,10.10935166667959,-0.5840670103130647,-232.39675203617134,main,base
F,1686067200000,1,2.419309344373593,False,1686070800000,1686157200000,26360.9,26313.5,26364.854135000005,26309.552975,-17.981176666958053,2.997302823501812,9.99101076025477,-2.4488854127108706,-33.41837566342551,main,base
P,1686326400000,-1,0.7334039376717205,False,1686330000000,1686416400000,26474.9,25580.5,26470.928765,25584.337075000003,337.82941578627356,2.949325587633564,9.831059954900681,1.476999510191671,326.526029753931,main,base
B,1686384000000,-1,5.873772441141727,True,1686387600000,1686474000000,25660.1,25727.4,25656.250985,25731.259110000003,-26.227489370658304,3.0039341234059957,10.013115711747034,1.1532666568870074,-38.09127254892433,main,base
F,1686672000000,-1,2.013699396274704,False,1686675600000,1686762000000,25850.8,25955.9,25846.92238,25959.793385000004,-40.656382007520925,3.0060984573020306,10.02033124023241,0.8843066117041429,-52.79850509335121,main,base
P,1686672000000,-1,2.013699396274704,False,1686675600000,1686762000000,25850.8,25955.9,25846.92238,25959.793385000004,-40.656382007520925,3.0060984573020306,10.02033124023241,0.8843066117041429,-52.79850509335121,main,base
F,1686830400000,1,1.7243013564636342,False,1686834000000,1686920400000,24944.4,25555.4,24948.141660000005,25551.566690000003,244.94475713987907,3.0367417135715775,10.122454007713156,-1.1560816888788297,230.6294797297155,main,base
F,1687233600000,-1,1.7935618202247219,False,1687237200000,1687323600000,26951.4,28775.3,26947.357290000004,28779.616295000003,-676.7366444785791,3.1015104966725553,10.338419077487627,0.35547739909168813,-689.8210966536476,main,base
B,1687291200000,1,4.819330857600009,True,1687294800000,1687381200000,28147.2,29977.7,28151.422080000004,29973.203345,650.331116416553,3.0975496674632637,10.325116783374545,-1.9284855582308553,634.9799644074843,main,base
B,1687305600000,1,2.8466706280795098,True,1687309200000,1687395600000,28399.7,30131.4,28403.959955000002,30126.88029,609.7599622531226,3.091463994338617,10.304834249129392,-2.3401985233870617,594.0234654862676,main,base
B,1687363200000,1,4.746402627983899,True,1687366800000,1687453200000,30163.1,29957.7,30167.624465,29953.206345000002,-68.09644897241922,2.989785532654348,9.965956882747463,-2.905557793462874,-83.95774918128392,main,base
B,1687536000000,1,3.6382601115321145,True,1687539600000,1687626000000,31090.3,30503.9,31094.963545000002,30499.324415000003,-188.61188216260305,2.9717082176761727,9.90570820480986,-2.947497495273124,-204.43679608036223,main,base
F,1688112000000,-1,3.5674102642390526,False,1688115600000,1688202000000,30841.6,30429.8,30836.97376,30434.36447,133.5209587051253,2.9799718561938886,9.933229506575534,2.9494040110454716,123.55716135340136,main,base
B,1688414400000,1,1.1406784745860497,False,1688418000000,1688504400000,31113.0,30787.0,31117.666950000003,30782.38195,-104.77935268215857,2.9842830970987984,9.947618182110372,-2.989514240374763,-120.70076820174252,main,base
F,1688644800000,-1,5.280377217568566,False,1688648400000,1688734800000,30588.6,30190.4,30584.01171,30194.928560000004,130.1792170939491,2.9804731174366137,9.934900628011745,0.6303239766833527,117.89416732518409,main,base
F,1688702400000,1,1.9010380406913843,False,1688706000000,1688792400000,30076.0,30227.0,30080.511400000003,30222.46595,50.20614443410028,3.007530921665593,10.025099306756218,-0.7333916146790934,36.44012259099938,main,base
B,1689019200000,1,1.4755990604457419,False,1689022800000,1689109200000,30773.3,30561.0,30777.915995000003,30556.41585,-68.98837628723577,2.989651743557734,9.965510985984604,-2.004114893430344,-83.94765391020846,main,base
B,1689278400000,1,5.025502458262908,True,1689282000000,1689368400000,31364.9,30170.4,31369.604735000004,30165.874440000003,-380.83972848630157,2.942874040727439,9.809608698736486,-2.989791566300546,-396.582002792066,main,base
B,1689364800000,-1,4.6044152093542925,True,1689368400000,1689454800000,30170.4,30284.7,30165.874440000003,30289.242705000004,-37.88481425503118,3.0056827221388187,10.018945248488587,-0.13253572190318366,-51.04197794756176,main,base
P,1690473600000,-1,0.8652701778067285,False,1690477200000,1690563600000,29263.7,29346.9,29259.310445000003,29351.302035000004,-28.431127984499817,3.0042646691979225,10.01421769632685,2.1049258325644398,-39.34468451746015,main,base
F,1690761600000,1,1.8230175440842373,False,1690765200000,1690851600000,29449.7,29272.3,29454.117455000003,29267.909155,-60.23830463468268,2.990964254305001,9.969885365555506,-2.177088002883553,-75.37624225742674,main,base
B,1690862400000,-1,3.1615565758750077,True,1690866000000,1690952400000,28852.2,29667.3,28847.872170000002,29671.750095000003,-282.5087861584207,3.042376317924506,10.141275581238174,2.7111345664687456,-292.9813034911146,main,base
F,1690905600000,1,1.5697422917874158,False,1690909200000,1690995600000,28922.2,29014.3,28926.538330000003,29009.947855,31.84405059089507,3.004776607589693,10.015919636991653,-3.0628970441429075,15.760457302170817,main,base
B,1690934400000,1,3.3758207315624,True,1690938000000,1691024400000,29816.7,29158.0,29821.172505000002,29153.6263,-220.91646627561087,2.96686253005921,9.889558335597165,-2.953255926310423,-236.7261430675777,main,base
F,1690948800000,-1,4.69290195456433,False,1690952400000,1691038800000,29667.3,29126.2,29662.849905,29130.568930000005,182.3893647214268,2.9726415952932457,9.908791638436933,2.968128072929454,172.47605956062608,main,base
F,1691438400000,1,2.012851131951567,False,1691442000000,1691528400000,29186.5,29966.9,29190.877975000003,29962.404965,267.38389323831274,3.0401075839867673,10.133671892827163,-2.5150815578188763,251.69503220367992,main,base
F,1691481600000,-1,1.1243627241484861,False,1691485200000,1691571600000,29169.4,29823.4,29165.02459,29827.873510000005,-224.20755997723643,3.033631133997957,10.112120595555618,2.4025458775541786,-234.95076582923582,main,base
B,1691496000000,1,1.9058170310863378,True,1691499600000,1691586000000,29561.0,30064.6,29565.434150000005,30060.09031,170.3595954128746,3.025553939313131,10.085167020736781,-2.3707189107516276,154.87815554207305,main,base
B,1691524800000,1,2.6943220577372227,True,1691528400000,1691614800000,29966.9,29493.6,29971.395035000005,29489.17596,-157.9409281574013,2.976308860776928,9.921041381490912,-2.6343420811778335,-173.47262048084698,main,base
F,1691539200000,-1,3.023597826133966,False,1691542800000,1691629200000,29765.0,29612.7,29760.53525,29617.141905000004,51.167478582227204,2.9923248782135063,9.974412423147994,2.83487301927117,41.03561430013687,main,base
F,1691985600000,1,2.881961586430237,False,1691989200000,1692075600000,29404.0,29366.4,29408.410600000003,29361.99504,-12.787375867228453,2.9980818936208453,9.993607271119576,-3.007172493538294,-28.786237525507172,main,base
B,1692028800000,1,1.3059428963935484,False,1692032400000,1692118800000,29638.6,29271.9,29643.04579,29267.509215000002,-123.72379262178278,2.9814414311071293,9.938147382973556,-2.9735651123723796,-139.61694654823583,main,base
B,1692230400000,-1,3.345210324741094,True,1692234000000,1692320400000,28566.6,26723.3,28562.31501,26727.308495,645.2640496243863,2.90321039255703,9.677319580384085,2.9105812002100353,635.5941008516552,main,base
B,1692288000000,-1,2.8964381158031,True,1692291600000,1692378000000,27927.5,25889.5,27923.310875,25893.383425000004,729.7466654731,2.890538000180615,9.63507193626354,1.429294088972763,718.6503496256286,main,base
P,1692374400000,-1,2.071760501899531,False,1692378000000,1692464400000,25889.5,26240.1,25885.616575,26244.036015,-135.42169605438443,3.020313254409294,10.067721004654397,-0.5947502017753017,-149.1044805152234,main,base
P,1692590400000,-1,0.7913992925134579,True,1692594000000,1692680400000,26043.7,26003.4,26039.793445000003,26007.300510000005,15.473991790720701,2.997678901231728,9.992261843555257,-0.11055438055526383,2.3734966653784526,main,base
B,1692734400000,-1,2.104631259639385,True,1692738000000,1692824400000,25850.7,26578.2,25846.822395000003,26582.186730000005,-281.42371386461485,3.042213557080477,10.14073296371085,0.2999483634872556,-294.30671202191894,main,base
F,1692748800000,1,3.840593793061181,False,1692752400000,1692838800000,26027.3,26500.0,26031.204095,26496.025,181.6169944635059,3.0272425491696158,10.090794875957169,0.0625178259278827,168.561474864307,main,base
B,1693324800000,1,5.321866287434916,True,1693328400000,1693414800000,27988.3,27146.4,27992.498245000002,27142.32804,-300.804264639152,2.954879360305682,9.849620428000271,-1.4266043073489425,-315.0353687348069,main,base
F,1694376000000,1,1.0778727862263153,False,1694379600000,1694466000000,25807.0,25086.3,25810.87105,25082.537055,-279.26531561204354,2.958110202658248,9.86038828709265,-0.3310406469981004,-292.4148547487925,main,base
B,1694448000000,-1,3.5988709501029317,True,1694451600000,1694538000000,25175.4,26094.4,25171.62369,26098.314160000005,-365.0388871676319,3.0547558330771336,10.182546821500354,0.46461724561318474,-377.8115725765962,main,base
F,1694476800000,1,1.6320033788313864,False,1694480400000,1694566800000,25192.9,25910.6,25196.678935000004,25906.71341,284.88185163280014,3.0427322777450563,10.142419559677528,-0.4318241886955714,271.264875606682,main,base
B,1694707200000,1,2.2682728719376133,True,1694710800000,1694797200000,26607.6,26365.9,26611.59114,26361.945115000002,-90.83870773763779,2.986374193839768,9.954587459034261,-0.4085895394548926,-104.18825892996671,main,base
B,1695038400000,1,3.8674500330374424,True,1695042000000,1695128400000,27354.6,27124.9,27358.70319,27120.831265,-83.97125163592123,2.9874043122554803,9.958020672025913,0.6271226695773785,-96.28955395062526,main,base
B,1695816000000,1,3.15326000736309,True,1695819600000,1695906000000,26710.8,26464.2,26714.806620000003,26460.23037,-92.3222067478318,2.9861516689890784,9.953845820791592,-0.11414411964502624,-105.37634835725748,main,base
B,1695916800000,1,2.291046517978164,True,1695920400000,1696006800000,27047.6,26864.5,27051.65714,26860.470325000002,-67.69547020807707,2.9898456794683264,9.966157342056226,0.5994276304027686,-80.05204559919886,main,base
P,1695974400000,1,1.6817071786546833,False,1695978000000,1696064400000,26995.1,26916.8,26999.149265,26912.76248,-29.00526391826638,2.995649210412078,9.985499543435662,-0.2973101154528273,-42.283722787566944,main,base
F,1696248000000,-1,2.2696635672677776,False,1696251600000,1696338000000,28305.0,27458.1,28300.75425,27462.218715000003,299.2050874403821,2.9551192368847845,9.850375015898253,0.42088902006340667,286.82048220766245,main,base
F,1696262400000,-1,2.2325377071695196,False,1696266000000,1696352400000,27986.8,27371.6,27982.60198,27375.70574,219.81791415953262,2.967027312876968,9.890074556576673,0.817762159626579,207.77857444970553,main,base
F,1696636800000,-1,2.55318712663755,False,1696640400000,1696726800000,27901.6,27950.9,27897.41476,27955.092635000005,-17.66923760644655,3.0026503856416658,10.008835943996045,0.5246100646231217,-30.15611387146114,main,base
B,1696996800000,-1,2.5849457417867914,True,1697000400000,1697086800000,27111.1,26809.4,27107.033335,26813.421410000003,111.28283249296307,2.983307575125931,9.944350237541082,2.44505704301533,100.80023172331138,main,base
B,1697040000000,-1,1.6747419252030864,True,1697043600000,1697130000000,26672.8,26665.2,26668.79908,26669.199780000003,2.849344650729787,2.9995725983025805,9.998575113973788,2.0049764441311004,-8.143826617415481,main,base
P,1697040000000,-1,1.6747419252030864,False,1697043600000,1697130000000,26672.8,26665.2,26668.79908,26669.199780000003,2.849344650729787,2.9995725983025805,9.998575113973788,2.0049764441311004,-8.143826617415481,main,base
F,1697054400000,1,2.0279026747272755,False,1697058000000,1697144400000,26714.4,26734.4,26718.407160000002,26730.389840000003,7.486598987811817,3.001122989847804,10.003742737998982,-2.0018542695707184,-7.520121009605688,main,base
F,1697472000000,-1,7.902218000664384,False,1697475600000,1697562000000,28078.3,28566.7,28074.088255,28570.985005000002,-173.94215461762337,3.0260913231933793,10.086984122970408,-0.062402238059364144,-187.11763230184653,main,base
B,1697774400000,1,4.004459321639547,True,1697778000000,1697864400000,29307.0,29540.4,29311.396050000003,29535.968940000002,79.6396765277925,3.0119459514798494,10.039813865288158,-0.3037124744725527,66.28420423655193,main,base
B,1698033600000,1,4.401517239110209,True,1698037200000,1698123600000,30643.2,34392.2,30647.796480000005,34387.04117,1223.4361946532988,3.1835154291993333,10.61162633961205,-2.09938137551639,1207.5416715089711,main,base
F,1698048000000,-1,4.700659517526886,False,1698051600000,1698138000000,30675.8,34125.8,30671.19863,34130.91887000001,-1124.66504541039,3.1686997568135196,10.562416872583603,2.2525573421147564,-1136.1436046976723,main,base
B,1698091200000,1,4.164626970413238,True,1698094800000,1698181200000,31511.5,33659.1,31516.226725000004,33654.051135,681.5289656157272,3.102229344842709,10.340713368135443,-3.197673447083446,664.8883494556655,main,base
F,1698854400000,-1,2.882266603759829,False,1698858000000,1698944400000,34458.4,34647.1,34453.23124,34652.297065,-54.76168365333187,3.008214252548223,10.02738494895294,3.057614123169677,-64.73966873166336,main,base
B,1698883200000,1,4.224174474607722,True,1698886800000,1698973200000,35437.9,34512.5,35443.215685,34507.323125,-261.132854937793,2.9608300717589855,9.869453157495224,-2.9590269409728003,-276.92216510802,main,base
P,1699027200000,1,0.8918802895731097,False,1699030800000,1699117200000,34661.8,34693.9,34666.99927000001,34688.695915000004,9.260915474671986,3.0013891373218335,10.004629763168678,-3.0053495897192297,-6.7504530155377545,main,base
B,1699387200000,1,1.9587160860982666,True,1699390800000,1699477200000,35638.6,35619.0,35643.945790000005,35613.65715,-5.4996548685971245,2.999175051771838,9.99725058503982,-2.970885500552772,-21.466966005961552,main,base
B,1699920000000,-1,1.377175617343359,False,1699923600000,1700010000000,36270.3,35512.0,36264.859455000005,35517.3268,209.06912818476903,2.968639630772341,9.895449755723003,4.080448158960828,200.28548695723453,main,base
F,1699934400000,1,1.1795383847745724,False,1699938000000,1700024400000,36528.0,35597.5,36533.4792,35592.160375,-254.73609286027155,2.961789586071536,9.87265105877683,-4.05166116020469,-271.6221946653246,main,base
B,1700078400000,1,3.270907811869005,True,1700082000000,1700168400000,37546.6,35960.1,37552.23199,35954.705985,-422.5415883195816,2.9366187617519866,9.788760896459335,-3.6908020757306925,-438.9577700535236,main,base
B,1700092800000,1,2.19110739569909,True,1700096400000,1700182800000,37795.0,36379.1,37800.669250000006,36373.643135,-374.62627331657666,2.943806059004205,9.81271496031221,-3.6212158898489215,-391.00401022574204,main,base
B,1700438400000,1,1.3039246340105244,False,1700442000000,1700528400000,37315.0,37408.0,37320.597250000006,37402.3888,24.922953235964087,3.0037384429868794,10.012459607396488,-3.0068867654541074,8.899868420126612,main,base
B,1700510400000,1,1.94197422830547,True,1700514000000,1700600400000,37564.0,36940.5,37569.634600000005,36934.958925,-165.98338835054838,2.9751024917489794,9.917020754578852,-2.9745207874781707,-181.8500323843544,main,base
B,1700611200000,-1,2.219272504312328,True,1700614800000,1700701200000,36109.9,37319.4,36104.483515,37324.997910000006,-334.9496952359325,3.050242454286942,10.167499968845108,3.0553647102174195,-345.1120729488472,main,base
F,1700625600000,1,1.6158996652508861,False,1700629200000,1700715600000,36410.0,37350.7,36415.461500000005,37345.097395,258.36308706399257,3.0387544630609526,10.129162166300466,-3.0301816574973905,242.16498877713377,main,base
B,1701100800000,-1,1.1531681018469138,False,1701104400000,1701190800000,37075.1,37868.7,37069.538735,37874.380305,-214.05201874034017,3.032107802810598,10.107042063271578,3.016177973896227,-224.17499063252612,main,base
B,1701662400000,1,3.948900321089853,True,1701666000000,1701752400000,40915.1,41779.7,40921.237265,41773.433045,211.3156267490483,3.0316973440133324,10.105641964702519,-3.0486227076793173,195.12966473265314,main,base
B,1701806400000,1,3.480193191781919,True,1701810000000,1701896400000,43797.5,43756.1,43804.069625000004,43749.536585,-9.4525943261605,2.9985821108512174,9.995274411781494,-3.0040738695455227,-25.450524718338734,main,base
F,1702900800000,1,2.2086340488377356,False,1702904400000,1702990800000,40941.1,42968.1,40947.241165,42961.654785,495.1014994711915,3.074265224920836,10.247513617123136,-3.6682672750885565,478.111453354059,main,base
B,1703088000000,1,1.9654139447170689,True,1703091600000,1703178000000,43725.8,43713.2,43732.358870000004,43706.643019999996,-2.881593933102612,2.999567760910482,9.998559419152993,-8.54188976815599,-24.421610881322078,main,base
F,1703232000000,-1,2.1098867495488123,False,1703235600000,1703322000000,43638.4,43646.1,43631.85424,43652.646915000005,-1.7645009899531352,3.000264675150131,10.00088238283255,4.444112638515134,-10.321535409420681,main,base
F,1703592000000,1,1.3721120466573777,False,1703595600000,1703682000000,42800.0,42948.1,42806.420000000006,42941.657784999996,34.60280373831742,3.005190420562685,10.017298806658879,-9.442158116623489,12.138156394472363,main,base
F,1703894400000,1,1.6135343436400276,False,1703898000000,1703984400000,42131.4,42395.1,42137.719710000005,42388.740735,62.58989732123715,3.009388484598788,10.031290254418321,-10.93987210940454,38.6093464728155,main,base
B,1704139200000,1,1.053513617485865,False,1704142800000,1704229200000,43753.2,44825.1,43759.76298,44818.376234999996,244.98779517841018,3.036748169277878,10.12247552350457,-15.866481870791338,215.96208961483637,main,base
B,1704153600000,1,2.1301990191890563,True,1704157200000,1704243600000,45179.7,45168.0,45186.476955,45161.2248,-2.5896586298707365,2.9996115512049846,9.998705364909462,-11.025619281938443,-26.613594827923627,main,base
B,1704168000000,1,4.105949925745778,True,1704171600000,1704258000000,45211.5,45218.8,45218.281725,45212.01718,1.6146334450312223,3.0002421950169955,10.000807195625008,-11.01786429276167,-22.40428023837245,main,base
F,1704297600000,1,4.458292722818414,False,1704301200000,1704387600000,43009.1,43913.2,43015.551365,43906.61302,210.21132737025385,3.0315316991057344,10.105089897835574,-3.014957037955456,194.0597487353571,main,base
B,1704715200000,1,1.242430100218035,False,1704718800000,1704805200000,45102.9,46175.9,45109.665435,46168.973615,237.90044542590385,3.035685066813887,10.118932380179544,-3.0768667159189316,221.66896126299147,main,base
B,1704744000000,1,3.834962803188745,True,1704747600000,1704834000000,46796.1,46636.1,46803.119415,46629.104585,-34.19088342831988,2.994871367485768,9.982907122602098,-3.0063134856770115,-50.174975404084755,main,base
P,1704974400000,1,1.2372691497785058,False,1704978000000,1705064400000,47451.0,45879.7,47458.11765000001,45872.818045,-331.14159870181936,2.95032876019568,9.834454036268994,-2.9322821723074335,-346.85866367059145,main,base
F,1704988800000,-1,4.612280444210343,False,1704992400000,1705078800000,46038.0,43661.2,46031.094300000004,43667.74918,516.2691689473919,2.9225596246573486,9.741826695338634,2.9723849118319654,506.57716753922796,main,base
B,1705089600000,-1,4.03605486214625,True,1705093200000,1705179600000,43686.7,42870.5,43680.146994999996,42876.930575000006,186.83031677833233,2.9719754524849327,9.906570829337074,2.9540080337027055,176.905778530213,main,base
F,1705449600000,-1,0.8190917309431303,True,1705453200000,1705539600000,43089.5,42671.1,43083.036575,42677.500665,97.10022163172036,2.9854349667558826,9.951442606667518,2.968668062608756,87.13201212090571,main,base
B,1705608000000,-1,2.9984425573543736,True,1705611600000,1705698000000,40847.3,41635.5,40841.17290500001,41641.745325,-192.9625703534865,3.0289443855529474,10.09649575736952,3.0234134436657993,-203.0645970527432,main,base
F,1705622400000,1,1.4634307916371645,False,1705626000000,1705712400000,41287.1,41490.9,41293.293065000005,41484.676365,49.3616650237006,3.0074042497557008,10.024677130386973,-2.99951316512906,33.33007047842887,main,base
P,1705680000000,-1,0.8960688875399467,False,1705683600000,1705770000000,40408.6,41566.8,40402.53871,41573.03502000001,-286.62215468984436,3.042993323204758,10.143332574006525,3.0904572414879508,-296.7180233455677,main,base
F,1705694400000,1,2.742928489368025,False,1705698000000,1705784400000,41635.5,41748.7,41641.745325,41742.437695,27.188336875982536,3.0040782505314128,10.013592129312725,-2.999388754509733,11.171277741628664,main,base
B,1706011200000,-1,3.4980217735567307,True,1706014800000,1706101200000,39065.7,40030.4,39059.840144999995,40036.40456,-246.9429704318634,3.037041445565713,10.123490005938715,3.0479655014332274,-257.0555363819346,main,base
B,1706270400000,1,3.0381125957347797,True,1706274000000,1706360400000,41128.1,41730.6,41134.269215,41724.34041,146.49351659814096,3.021974027490498,10.073235771285326,-2.9320786003715225,130.46622819899358,main,base
B,1706299200000,1,1.7305590354819733,True,1706302800000,1706389200000,41961.0,42049.6,41967.29415,42043.29256,21.114844736779045,3.0031672267101346,10.010555838755034,-2.7138166449798624,5.387305026334013,main,base
F,1706313600000,-1,0.8623780503653707,True,1706317200000,1706403600000,41772.8,41976.3,41766.534080000005,41982.59644500001,-48.71591083192891,3.007307386626041,10.024361609109278,2.8366076011184305,-58.9109722265458,main,base
F,1707148800000,-1,1.1209973074444597,False,1707152400000,1707238800000,42727.5,43144.2,42721.090875,43150.671630000004,-97.52501316482291,3.0146287519760326,10.0487698209584,2.685644165647695,-107.90276757210965,main,base
B,1707336000000,1,1.4413227217005566,False,1707339600000,1707426000000,44113.4,45471.8,44120.01701,45464.979230000004,307.93364374543825,3.0461900465618617,10.15394372684944,-1.9306579086557891,292.8028520633711,main,base
B,1707350400000,1,2.4158896420759306,True,1707354000000,1707440400000,44656.7,45264.9,44663.398505000005,45258.110265,136.19456878811118,3.0204291853195704,10.068087069801399,-1.2349030539421026,121.8711494790481,main,base
B,1707408000000,1,1.5325278028113414,True,1707411600000,1707498000000,45045.0,47254.5,45051.75675000001,47247.411825,490.50949050949055,3.0735764235775065,10.24521795704296,-2.3685695493457657,474.82212657952425,main,base
F,1707436800000,-1,1.1202695598432346,False,1707440400000,1707526800000,45264.9,47073.6,45258.110265,47080.661040000006,-399.5811324006011,3.0599371698614712,10.199820534785232,2.8780285725347188,-409.96286153271313,main,base
B,1707480000000,1,3.0207044512714516,True,1707483600000,1707570000000,47309.5,47209.1,47316.596425,47202.018635,-21.22195330747555,2.9968167070042067,9.989390614992763,-2.7736027741224665,-36.98176340359498,main,base
B,1707624000000,1,1.8157219118394317,True,1707627600000,1707714000000,48288.8,48068.0,48296.043320000004,48060.7898,-45.72488858700214,2.9931412667125197,9.977140985073143,-2.994765167407349,-61.689936006195154,main,base
F,1707638400000,-1,1.762474805641991,False,1707642000000,1707728400000,48128.5,48113.9,48121.280725000004,48121.117085000005,3.0335456122668574,2.9995449681580966,9.998482999677947,3.0055136903855306,-6.958968665183655,main,base
F,1707710400000,-1,1.9539362299059333,False,1707714000000,1707800400000,48068.0,49922.5,48060.7898,49929.98837500001,-385.8076058916535,3.057871140885712,10.192932738516271,3.080257856136931,-395.9781519149185,main,base
B,1707753600000,1,2.3639321681694927,True,1707757200000,1707843600000,49594.4,48498.2,49601.83916,48490.92527,-221.0330198570815,2.966845047021253,9.889500067547951,-2.998420966920056,-236.88778593857077,main,base
F,1707768000000,-1,2.9700396010295034,False,1707771600000,1707858000000,50177.5,49395.4,50169.973375,49402.809310000004,155.8666733097501,2.9766199990038036,9.922054973344629,2.963577077411589,145.93157541481327,main,base
F,1707796800000,-1,1.5033036918231413,False,1707800400000,1707886800000,49922.5,49396.6,49915.011625,49404.009490000004,105.34328208723551,2.984198507688172,9.947320458210228,2.973940314153538,95.38570343549064,main,base
B,1707912000000,1,4.658869195155326,True,1707915600000,1708002000000,51611.1,52357.3,51618.841665,52349.446405,144.58130130921535,3.021687195196745,10.072279807057011,-3.235996835784776,128.25133747117684,main,base
B,1707969600000,1,2.806624908093905,True,1707973200000,1708059600000,52180.0,52152.9,52187.827000000005,52145.077065000005,-5.19356075124541,2.999220965887558,9.997403609141434,-2.983191683180721,-21.173377009455123,main,base
F,1708012800000,-1,1.6154385879741595,False,1708016400000,1708102800000,52295.2,52066.3,52287.35572,52074.10994500001,43.770747602073264,2.993434387860775,9.978111343392895,2.9752252622563833,33.77442713307598,main,base
F,1708444800000,-1,2.0458755084890443,False,1708448400000,1708534800000,51428.9,51371.7,51421.185665000005,51379.405755,11.122151164035078,2.9983316773253206,9.994438090256647,3.13995343112854,1.2693348275816512,main,base
B,1708963200000,1,1.3288768812506997,False,1708966800000,1709053200000,53438.9,57084.1,53446.91583500001,57075.537384999996,682.1248191860232,3.102318722879431,10.341011250231574,-13.448937381739483,655.2325518311726,main,base
B,1708977600000,1,3.4489611977071912,True,1708981200000,1709067600000,54492.9,57012.4,54501.07393500001,57003.84814,462.35381123045386,3.0693530716856228,10.231142229079385,-13.188808447504869,435.864507482184,main,base
B,1709107200000,1,2.217433816742315,True,1709110800000,1709197200000,59503.7,62879.1,59512.625555000006,62869.668135,567.2588427274273,3.085088826410383,10.28358687695051,-20.79396051616602,533.0962065079004,main,base
P,1709107200000,1,2.217433816742315,True,1709110800000,1709197200000,59503.7,62879.1,59512.625555000006,62869.668135,567.2588427274273,3.085088826410383,10.28358687695051,-20.79396051616602,533.0962065079004,main,base
B,1709136000000,1,2.5692995099246936,True,1709139600000,1709226000000,62530.2,62235.5,62539.57953,62226.164675,-47.12922715743706,2.992930615927284,9.976438921113319,-20.293331385016153,-80.39192807949382,main,base
B,1709553600000,1,2.867509842431089,True,1709557200000,1709643600000,65199.9,67399.1,65209.67998500001,67388.990135,337.3011308299559,3.0505951696266593,10.168625267830167,-20.044973496334016,304.03693689616506,main,base
B,1709568000000,1,1.3871993105370046,False,1709571600000,1709658000000,66618.8,65621.9,66628.79282,65612.056715,-149.6424432742722,2.977553633508087,9.925190001546108,-22.11114570196401,-184.65633261129042,main,base
B,1709582400000,1,2.74479699515839,True,1709586000000,1709672400000,67485.9,61956.7,67496.022885,61947.406494999996,-819.3118858902375,2.8771032171173205,9.590405505446324,-21.827048217331328,-853.6064428301324,main,base
B,1709596800000,1,2.830000183131962,True,1709600400000,1709686800000,68114.3,63475.5,68124.517145,63465.978675,-681.031736360794,2.897845239546449,9.659535209199829,-20.11146476521564,-713.7005815747559,main,base
F,1709654400000,-1,2.283905439563652,False,1709658000000,1709744400000,65621.9,67164.2,65612.056715,67174.27463,-235.02824514377104,3.0352542367712876,10.117531749690272,11.972828548613384,-236.2082025816192,main,base
F,1709913600000,-1,1.9888837473969905,False,1709917200000,1710003600000,67863.8,68160.0,67853.62043000001,68170.224,-43.646244389497355,3.006546936657679,10.021826395663076,7.731291786800824,-48.94332593501729,main,base
B,1710144000000,1,3.742033660422327,True,1710147600000,1710234000000,71315.0,71752.9,71325.69725000001,71742.137065,61.403631774520676,3.0092105447666757,10.03069721061488,-15.792597374184952,32.57112664495416,main,base
P,1710144000000,1,3.742033660422327,False,1710147600000,1710234000000,71315.0,71752.9,71325.69725000001,71742.137065,61.403631774520676,3.0092105447666757,10.03069721061488,-15.792597374184952,32.57112664495416,main,base
F,1710187200000,-1,1.1530320488423462,False,1710190800000,1710277200000,72186.0,71094.1,72175.1721,71104.76411500001,151.26201756573215,2.977310697366626,9.924357646565815,13.74032869858472,152.10067792038444,main,base
B,1710633600000,-1,2.5789904050026027,True,1710637200000,1710723600000,65273.4,67360.9,65263.60899,67371.004135,-319.8086816375419,3.0479713022459736,10.159928326469895,6.491529142637567,-326.52505212362024,main,base
F,1710864000000,1,1.262077692853294,False,1710867600000,1710954000000,65009.0,63144.8,65018.751350000006,63135.32828,-286.7602947284218,2.956985955791857,9.856641359657894,-4.27155303951176,-303.8454750833833,main,base
B,1710892800000,-1,2.355475731301524,True,1710896400000,1710982800000,63283.5,67696.3,63274.007475,67706.45444500001,-697.3065649023843,3.104595984736761,10.34870558044356,3.951706224460089,-706.8081602431045,main,base
P,1710892800000,-1,2.355475731301524,False,1710896400000,1710982800000,63283.5,67696.3,63274.007475,67706.45444500001,-697.3065649023843,3.104595984736761,10.34870558044356,3.951706224460089,-706.8081602431045,main,base
F,1710921600000,1,2.654554762919545,False,1710925200000,1711011600000,62737.5,67336.0,62746.910625000004,67325.8996,732.9746961546125,3.1099462044231583,10.366432374975096,-4.20218894639236,715.2961286288219,main,base
P,1711108800000,-1,1.3499017663555524,True,1711112400000,1711198800000,64301.5,64728.2,64291.854775,64737.909230000005,-66.35926067043492,3.00995388910179,10.033184607279768,3.189060604714368,-76.21333856210211,main,base
F,1711353600000,-1,0.8212123371360589,True,1711357200000,1711443600000,66986.1,70749.6,66976.052085,70760.21244000002,-561.8329772893181,3.084274946595567,10.280958626117954,7.228167650995422,-567.9700432110362,main,base
B,1711382400000,1,1.500612433071542,True,1711386000000,1711472400000,70214.7,69796.7,70225.23220500001,69786.230495,-59.531693505775856,2.991070245975753,9.970238618124126,-6.709713795401818,-79.20271616527755,main,base
B,1711396800000,1,1.3287707239694688,False,1711400400000,1711486800000,70950.0,69889.3,70960.6425,69878.816605,-149.49964763918211,2.9775750528547813,9.925261388653984,-6.6401767615221985,-169.04266084221308,main,base
F,1711411200000,-1,1.340282094103225,False,1711414800000,1711501200000,69951.6,70665.0,69941.10726,70675.59975000001,-101.98480091949207,3.015297720139354,10.051000049319818,7.418953395051883,-107.63214529389937,main,base
F,1711440000000,-1,1.1853417010453315,False,1711443600000,1711530000000,70749.6,69604.0,70738.98756000001,69614.4406,161.92317695082457,2.975711523457217,9.919026267286318,8.420949037094761,157.4493881971758,main,base
F,1711555200000,-1,2.173539596857324,False,1711558800000,1711645200000,69304.8,70749.1,69294.40428,70759.71236500001,-208.3982639009135,3.0312597395863743,10.104214761820248,8.495297065441727,-213.03844133687835,main,base
P,1711584000000,1,0.6616669749887197,False,1711587600000,1711674000000,69747.1,70793.6,69757.562065,70782.98096,150.04208060263434,3.0225063120910765,10.075009787145273,-7.882794146941281,129.06177035645672,main,base
B,1711987200000,-1,0.9753614705812123,False,1711990800000,1712077200000,68621.6,65581.8,68611.30676,65591.63727,442.9800529279414,2.9335529920612,9.77847675003206,3.6357561784459205,433.90377936429405,main,base
F,1712001600000,1,0.8306888481717494,True,1712005200000,1712091600000,69768.9,65678.0,69779.365335,65668.1483,-586.3500786166895,2.9120474882075014,9.70686893694755,-3.5759687507592153,-602.5449637926038,main,base
B,1712073600000,-1,1.493815555975162,False,1712077200000,1712163600000,65581.8,66219.6,65571.96273,66229.53294000002,-97.25259142018105,3.0145878887156132,10.04863358965445,3.0119471505256032,-107.30386574802552,main,base
F,1712088000000,1,1.2254813933633641,False,1712091600000,1712178000000,65678.0,65729.4,65687.8517,65719.54058999999,7.826060476871127,3.0011739090721137,10.0039124432839,-3.007535485799507,-8.186561361284395,main,base
F,1712116800000,1,1.6103436535427533,False,1712120400000,1712206800000,66357.4,65506.6,66367.35361,65496.77401,-128.21478840340274,2.980767781740837,9.93590222190743,-2.984014767990006,-144.11547317504102,main,base
F,1712520000000,-1,0.9895493455057823,True,1712523600000,1712610000000,69326.9,71760.1,69316.500965,71770.86401500001,-350.9748741109168,3.052646231117047,10.175513760171018,5.665937500903978,-358.53709660130085,main,base
B,1712563200000,1,1.0702643645642873,False,1712566800000,1712653200000,72057.2,70544.6,72068.00858000001,70534.01831000001,-209.91656628345137,2.968512515057969,9.895057460600748,-7.601435856541889,-230.38157211565198,main,base
B,1712577600000,1,2.832604147578771,True,1712581200000,1712667600000,72242.3,70732.5,72253.136345,70721.890125,-208.9911312347479,2.96865133031451,9.89552010871747,-7.581959375629101,-229.437262049409,main,base
P,1712779200000,1,1.3287758085860872,False,1712782800000,1712869200000,69852.7,70547.6,69863.177905,70537.01786,99.48076452306192,3.014922114679265,10.04973292120419,-5.4381823082794405,80.97792717889902,main,base
P,1713340800000,-1,0.9437988047161209,False,1713344400000,1713430800000,63304.2,61313.7,63294.70437,61322.897055,314.43411337636365,2.9528348829938302,9.842759360753316,1.8714071374184578,303.50992627003495,main,base
B,1713369600000,-1,2.341862141654602,True,1713373200000,1713459600000,60166.0,63500.0,60156.9751,63509.52500000001,-554.1335638068011,3.0831200345719236,10.277108341920686,0.9625550176630576,-566.5312371656306,main,base
B,1713513600000,1,3.3164533999730255,True,1713517200000,1713603600000,64598.1,63706.8,64607.789715000006,63697.24398000001,-137.97619434627265,2.9793035708486872,9.93102225104144,-1.4980634461450915,-152.38458361430787,main,base
B,1713988800000,-1,1.166330849853142,False,1713992400000,1714078800000,64082.5,64758.9,64072.887625,64768.61383500001,-105.55143759996902,3.015832715641016,10.052783635157805,1.2242518111137695,-117.39580213965407,main,base
F,1714003200000,1,1.187018347564956,False,1714006800000,1714093200000,64517.4,64285.7,64527.07761000001,64276.057145,-35.912792517988066,2.9946130811229734,9.982046297200444,-0.687646966435297,-49.57709886274678,main,base
F,1714060800000,1,1.1124677005665025,False,1714064400000,1714150800000,64401.5,63639.0,64411.16022500001,63629.45415,-118.39786340380272,2.9822403204908507,9.940809948137856,-0.7876840803593412,-132.10859775279079,main,base
B,1714363200000,-1,0.9832359030904025,False,1714366800000,1714453200000,62515.6,63384.7,62506.22266,63394.207705,-139.02130028344902,3.0208531950429527,10.069521076739248,2.235819922094095,-149.87585463313712,main,base
F,1714406400000,1,0.8018000379373877,True,1714410000000,1714496400000,62761.9,60315.5,62771.31428500001,60306.452675,-389.7906213801688,2.941531406793891,9.80513392360652,-2.879570610771344,-405.41685732134056,main,base
B,1714478400000,-1,3.187231247344282,True,1714482000000,1714568400000,61204.7,57946.3,61195.519295,57954.99194500001,532.3774154599229,2.920143387681795,9.73377136396388,2.8239837913782764,522.5474844996555,main,base
B,1714492800000,-1,1.0621746875248865,False,1714496400000,1714582800000,60315.5,57021.7,60306.452675,57030.253255,546.0951165123398,2.918085732524098,9.726911484610092,2.7916164456671293,536.2417357408727,main,base
B,1714507200000,-1,1.6487277720531268,True,1714510800000,1714597200000,59931.9,57334.1,59922.910215,57342.70011500001,433.4586422255932,2.934981203667214,9.783238169489039,2.8094844603397475,423.5499073127767,main,base
B,1714550400000,-1,3.7042509696679997,True,1714554000000,1714640400000,57153.0,57804.6,57144.42705,57813.270690000005,-114.00976326701985,3.0171014644914305,10.057013432365755,2.2842911833921256,-124.7995869804849,main,base
F,1714564800000,1,3.4725339135417768,False,1714568400000,1714654800000,57946.3,58532.9,57954.99194500001,58524.120065,101.23165758642027,3.0151847486387573,10.05060823641889,-2.253018639747665,85.91284596161495,main,base
F,1714795200000,-1,0.9330595783755914,True,1714798800000,1714885200000,63032.8,63315.3,63023.34508000001,63324.79729500001,-44.817936058686904,3.006722690409564,10.02241232937455,2.076075940630531,-55.77099513784049,main,base
F,1714996800000,-1,2.707747307357698,False,1715000400000,1715086800000,63579.9,63634.7,63570.363015,63644.24520500001,-8.619076154570177,3.0012928614244863,10.004310184507998,1.5354389672309936,-20.089240233271667,main,base
B,1715126400000,-1,1.2270840736810562,False,1715130000000,1715216400000,62565.9,61367.9,62556.515115,61377.10518500001,191.47810548557598,2.9712782841780667,9.904246586399301,2.0285760379840583,180.6311566529827,main,base
F,1715140800000,1,0.7499290885462534,True,1715144400000,1715230800000,62503.4,61476.6,62512.77551000001,61467.37851,-164.27906321896137,2.9753581405174074,9.917872789320263,-2.030604503673509,-179.20289865247253,main,base
B,1715212800000,-1,1.841812151520685,True,1715216400000,1715302800000,61367.9,62818.5,61358.694815,62827.92277500001,-236.3776502047485,3.035456647531569,10.118206553426141,1.1703988749411607,-248.36091453076503,main,base
P,1715270400000,1,0.9975559693042663,False,1715274000000,1715360400000,61832.4,61037.6,61841.67486000001,61028.44436,-128.54102379982064,2.980718846430385,9.935739128676875,-1.4634536345023,-142.9209354094302,main,base
P,1715356800000,-1,1.9451110183588567,True,1715360400000,1715446800000,61037.6,61160.0,61028.44436,61169.174000000006,-20.0532131014328,3.003007981965799,10.0100281105417,1.7687456964525772,-31.297503497487718,main,base
B,1715788800000,1,2.3086861035238395,True,1715792400000,1715878800000,64728.8,65134.1,64738.50932000001,65124.329885,62.61509559886722,3.009392264341125,10.031302851667265,-1.1009249249039565,48.47347555795488,main,base
B,1715803200000,1,2.169316323135252,True,1715806800000,1715893200000,65900.9,65247.9,65910.785135,65238.112815,-99.0881763374996,2.9851367735501535,9.950463343444477,-1.0813440981704836,-113.10512055266473,main,base
F,1715832000000,-1,0.9541717441027978,True,1715835600000,1715922000000,65789.9,65422.8,65780.031515,65432.61342000001,55.798838423525694,2.9916301742372187,9.972096395875356,1.3322923632009618,44.16740421661408,main,base
B,1715961600000,1,1.1443719640949017,False,1715965200000,1716051600000,66898.4,66856.9,66908.43476,66846.87146499999,-6.203436853497244,2.99906948447414,9.996898746831016,-0.784515710001045,-19.983920794803446,main,base
B,1716235200000,1,3.2754092556578374,True,1716238800000,1716325200000,69490.0,69749.9,69500.4235,69739.437515,37.40106490142383,3.005610159735329,10.018697727370846,-3.107197332464193,21.269559681853462,main,base
B,1716249600000,1,4.979537315834095,True,1716253200000,1716339600000,71347.2,70133.5,71357.90208,70122.979975,-170.11179135270862,2.9744832312982172,9.914956862707998,-3.0080554260563384,-186.00928687277116,main,base
F,1716508800000,1,3.5698800356958427,False,1716512400000,1716598800000,67871.3,68555.0,67881.480695,68544.71675,100.73477301893392,3.015110215952232,10.05035983140149,-3.007193690596025,84.66210928098417,main,base
B,1716825600000,1,0.9954256460832912,False,1716829200000,1716915600000,70224.8,67748.8,70235.33372000001,67738.63768,-352.58199382554307,2.947112700927566,9.823735446736766,-2.9273219717250885,-368.2801639449325,main,base
F,1716840000000,-1,0.9443855104497237,True,1716843600000,1716930000000,69699.3,68368.9,69688.845105,68379.155335,190.87709632665016,2.9713684355526535,9.904547136054452,2.9493926050907255,180.95057336013377,main,base
F,1716926400000,1,0.9898577898912171,True,1716930000000,1717016400000,68368.9,67516.3,68379.155335,67506.172555,-124.70582384680627,2.9812941264250945,9.937656441013386,-3.2337640586945238,-140.85853847293927,main,base
F,1717185600000,1,1.2186848112938289,False,1717189200000,1717275600000,67755.0,67836.9,67765.16325000001,67826.72446499999,12.08766880672927,3.001813150323145,10.006042927828206,-3.020578876283407,-3.940766147705486,main,base
B,1717516800000,1,1.586380807784369,True,1717520400000,1717606800000,70858.1,71355.9,70868.72871500002,71345.196615,70.25308327488153,3.0105379624932334,10.035121272656195,-3.980461646439438,53.22696239329267,main,base
P,1717516800000,1,1.586380807784369,True,1717520400000,1717606800000,70858.1,71355.9,70868.72871500002,71345.196615,70.25308327488153,3.0105379624932334,10.035121272656195,-3.980461646439438,53.22696239329267,main,base
B,1717603200000,1,1.310555679218098,False,1717606800000,1717693200000,71355.9,70977.5,71366.603385,70966.853375,-53.029952673849564,2.9920455070981737,9.973489000909526,-3.2131650104724017,-69.20865219232967,main,base
P,1717675200000,1,0.5786654201344529,False,1717678800000,1717765200000,71230.1,71274.0,71240.784515,71263.3089,6.163124858731656,3.000924468728416,10.003081100195,-3.1719194865785374,-10.012800196770298,main,base
B,1718092800000,-1,3.0742236052487506,True,1718096400000,1718182800000,67537.3,67399.5,67527.16940500001,67409.60992500001,20.403539969765284,2.9969394690055204,9.989796699749622,2.976573855226963,10.393377656237107,main,base
B,1718107200000,-1,2.670252603622774,True,1718110800000,1718197200000,67043.2,69340.1,67033.14352,69350.50101500002,-342.5999952269595,3.0513899992854845,10.171325692613125,2.9985108323084226,-352.8242000865497,main,base
B,1718121600000,-1,1.4088907685370924,False,1718125200000,1718211600000,66506.7,69613.5,66496.723995,69623.94202500001,-467.1409046005895,3.0700711356923858,10.233605487868141,3.074957839207478,-477.3696233849426,main,base
P,1718222400000,-1,3.1132385917051484,False,1718226000000,1718312400000,68101.6,66725.5,68091.38476,66735.50882500001,202.0657370751944,2.969690139441174,9.898951976532125,2.9729545876885415,192.17004954690964,main,base
P,1718294400000,-1,2.101976520092981,False,1718298000000,1718384400000,66983.7,65286.1,66973.652445,65295.892915000004,253.43479085210262,2.9619847813726063,9.873263596964636,2.986966601390936,243.58650907515633,main,base
P,1718380800000,-1,1.0329485259408773,False,1718384400000,1718470800000,65286.1,66175.9,65276.307085,66185.82638500001,-136.29241140150748,3.020443861711999,10.06815642763161,3.039367886038223,-146.34164380481286,main,base
P,1718899200000,-1,1.5847907034089186,False,1718902800000,1718989200000,64863.8,63642.5,64854.07043000001,63652.046375000005,188.28684104230754,2.971756973843843,9.905842457965768,2.0416755478402435,177.45091715833814,main,base
B,1719187200000,-1,1.7069954355903014,True,1719190800000,1719277200000,63056.0,60386.7,63046.541600000004,60395.758005,423.3221263638675,2.9365016810457565,9.78830718765859,2.4242544343123567,413.0215719294755,main,base
B,1719259200000,-1,3.1558591180620925,True,1719262800000,1719349200000,59491.9,61897.0,59482.976215,61906.284550000004,-404.27352295018284,3.0606410284430297,10.202167081989314,2.1660270499009107,-415.3703040107143,main,base
F,1719273600000,1,4.18391178619115,False,1719277200000,1719363600000,60386.7,61739.4,60395.758005,61730.139090000004,224.00627952843993,3.0336009419298406,10.111986339293257,-2.4137018187521426,208.44699042846472,main,base
P,1719561600000,-1,1.0503907586625272,True,1719565200000,1719651600000,61456.4,60973.2,61447.181540000005,60982.345980000006,78.62484623245167,2.9882062730659187,9.960681680020308,2.9700559383501144,68.64601421771556,main,base
B,1719604800000,-1,1.2185720382025003,False,1719608400000,1719694800000,60248.0,61044.7,60238.9628,61053.856705000006,-132.23675474704507,3.019835513213279,10.06612829513013,3.0306092373175875,-142.29210931807089,main,base
F,1719619200000,1,1.0480181423652135,False,1719622800000,1719709200000,60768.8,61016.3,60777.91532000001,61007.147555,40.728136807045715,3.006109220521739,10.020361013793263,-3.013723228960091,24.687943343770627,main,base
B,1719792000000,1,2.6224717836619402,True,1719795600000,1719882000000,62924.7,62912.7,62934.138705000005,62903.263094999995,-1.907041273140754,2.999713943810627,9.999046622391525,-3.0079812871462237,-17.91378312648913,main,base
F,1720051200000,1,1.9452306982055356,False,1720054800000,1720141200000,60417.8,57363.5,60426.86267000001,57354.895475,-505.5298273025504,2.9241705259061215,9.747273001085773,-2.86975117168169,-521.0710220012239,main,base
F,1720108800000,1,2.1482221998456796,False,1720112400000,1720198800000,58288.5,56425.0,58297.24327500001,56416.53625,-319.7028573389262,2.9520445714009824,9.840172549044837,-2.0830830012855026,-334.5781574606575,main,base
B,1720152000000,-1,6.783571658841122,True,1720155600000,1720242000000,53923.3,56040.1,53915.21150500001,56048.506015000006,-392.5575771512492,3.0588836365734444,10.19630823039391,1.795252280183149,-404.0175167380333,main,base
F,1720713600000,-1,2.1153519014311275,False,1720717200000,1720803600000,57618.5,58089.8,57609.857225,58098.513470000005,-81.79664517472736,3.0122694967766726,10.040904457335753,1.3419026685458562,-93.50791646029393,main,base
B,1721016000000,1,2.2464843173667264,True,1721019600000,1721106000000,62575.0,64465.6,62584.38625,64455.930159999996,302.1334398721532,3.0453200159817015,10.151044059928086,0.253633475045681,289.19070927128905,main,base
F,1721044800000,-1,1.5317927010809183,False,1721048400000,1721134800000,62586.2,63714.1,62576.81207,63723.657115,-180.21544685569685,3.027032317028417,10.090121239586363,0.3105729833133748,-193.02202742899826,main,base
B,1721088000000,1,2.494401574103904,True,1721091600000,1721178000000,64580.6,65470.7,64590.287090000005,65460.879394999996,137.82776871072716,3.0206741653077733,10.068903547272711,-0.7868574559620704,123.95133354218459,main,base
F,1721116800000,-1,3.2036981387310015,False,1721120400000,1721206800000,62799.1,65145.4,62789.680135,65155.17181000001,-373.6200041083396,3.0560430006165458,10.186838023554479,0.11100764980370259,-386.7518774827069,main,base
B,1721160000000,1,1.6670355086000082,True,1721163600000,1721250000000,64626.4,64480.6,64636.093960000006,64470.92791,-22.560439696471242,2.9966159340461758,9.988721472184743,-0.0497908070737798,-35.595567909775944,main,base
B,1721419200000,1,2.459546740772405,True,1721422800000,1721509200000,66892.4,67311.6,66902.43386,67301.50326000001,62.66780680615611,3.0094001710215292,10.031329203317568,-0.04880638077622545,49.57827105104079,main,base
P,1721491200000,1,0.2698043019875148,False,1721494800000,1721581200000,66776.6,67524.6,66786.61649000001,67514.47131000001,112.01528679207986,3.016802293019831,10.055999242249532,0.24985784036219413,99.19234309717268,main,base
B,1721606400000,1,1.652756438227503,True,1721610000000,1721696400000,68163.7,67458.1,68173.924555,67447.981285,-103.51550752086393,2.984472673873649,9.948250009902633,-1.3256893664292517,-117.77391957106946,main,base
F,1721620800000,-1,0.7896331900444156,True,1721624400000,1721710800000,67894.6,66915.1,67884.41581,66925.13726500001,144.2677326326394,2.9783598401060236,9.927855313603732,1.3309437314082944,132.69246121033794,main,base
B,1721764800000,-1,1.4065153164901614,False,1721768400000,1721854800000,65810.2,66027.9,65800.32847,66037.804185,-33.07997848357809,3.0049619967741594,10.016542470240177,3.0104470449956087,-43.09103590559681,main,base
B,1721880000000,-1,2.6523294540806224,True,1721883600000,1721970000000,64203.8,67045.4,64194.16943,67055.45681,-442.5906254769953,3.066388593823155,10.22132850703541,3.031944189733162,-452.84639838812075,main,base
F,1721923200000,1,1.3379641417257477,False,1721926800000,1722013200000,64853.0,67367.6,64862.72795000001,67357.49486,387.73842382002465,3.0581607635741386,10.193840131528226,-2.393135095813455,372.0932878291089,main,base
F,1722268800000,-1,1.8413104705220003,False,1722272400000,1722358800000,66920.9,66150.2,66910.861865,66160.12253000001,115.16581516387215,2.982725127726312,9.942408454981928,1.4557247463761451,103.69640632754005,main,base
P,1722326400000,1,0.8679141224053422,False,1722330000000,1722416400000,66739.9,66285.2,66749.910985,66275.25722,-68.13015902031576,2.9897804761467106,9.965940030251769,-1.7784456066011485,-82.86432513331538,main,base
F,1722384000000,1,1.1277374990229991,False,1722387600000,1722474000000,66314.0,64624.7,66323.9471,64615.006295,-254.74258829206545,2.9617886117566017,9.872647811548088,-1.8989674397563108,-269.4759921551264,main,base
B,1722456000000,-1,1.5116400186814547,True,1722459600000,1722546000000,64577.4,64744.6,64567.713390000004,64754.31169,-25.891410927042138,3.0038837116391717,10.012947647319342,2.79077186556303,-36.11747042043762,main,base
B,1722470400000,-1,1.6263392110677206,True,1722474000000,1722560400000,64624.7,64877.8,64615.006295,64887.53167000001,-39.164591866578235,3.0058746887809416,10.019585233277681,2.9791168644683848,-49.21093492416847,main,base
B,1722484800000,-1,1.694412022405057,True,1722488400000,1722574800000,63717.0,64518.3,63707.44245,64527.97774500001,-125.75921653561889,3.018863882481263,10.06288904020905,3.021556784393647,-135.81941267391554,main,base
F,1722499200000,1,1.5807863986066397,False,1722502800000,1722589200000,64472.2,64569.8,64481.87083,64560.114530000006,15.138307673695923,3.0022707461509714,10.007568018463774,-2.983755535097764,-0.8552866260165858,main,base
B,1722528000000,-1,1.5764998459008865,True,1722531600000,1722618000000,62890.0,63290.0,62880.5665,63299.493500000004,-63.60311655271108,3.009540467483434,10.031806328510097,3.0669564524049924,-73.57750689629962,main,base
F,1722542400000,1,1.6821763454112648,False,1722546000000,1722632400000,64744.6,62600.0,64754.31169,62590.61,-331.23997985932397,2.9503140030215875,9.834404853068829,-2.979103914330307,-347.0038026297447,main,base
B,1722643200000,-1,2.3873846349756587,True,1722646800000,1722733200000,61117.5,60726.4,61108.332375,60735.50896000001,63.99149179858445,2.9904012762313394,9.967999454738823,2.402936220499951,53.436027288114246,main,base
F,1722657600000,1,2.021656261920135,False,1722661200000,1722747600000,61544.1,60540.6,61553.331615,60531.51891,-163.05381019464093,2.9755419284714404,9.918485323938446,-2.3862799920123257,-178.33411743906314,main,base
B,1722715200000,-1,1.748840496847864,True,1722718800000,1722805200000,60374.9,59126.9,60365.843765000005,59135.769035000005,206.70841690835098,2.9689937374637023,9.896630288414556,2.5174588136791947,196.3602516961519,main,base
F,1722729600000,1,1.2441711570275849,False,1722733200000,1722819600000,60726.4,56141.9,60735.50896000001,56133.478715000005,-754.9434842177373,2.886758477367626,9.622584878652448,-2.4609710792200756,-769.9137986529773,main,base
B,1722787200000,-1,1.1990546381266631,False,1722790800000,1722877200000,58647.3,54016.2,58638.502905,54024.30243,789.6527205856033,2.881552091913523,9.605114415753155,1.941431782284095,779.1074858602208,main,base
F,1722801600000,1,2.4396631153193082,False,1722805200000,1722891600000,59126.9,54370.3,59135.769035000005,54362.144455,-804.473090928156,2.879329036361587,9.597823790017742,-1.9256841161155078,-818.8759278706508,main,base
P,1722988800000,-1,1.4592584326747,False,1722992400000,1723078800000,56251.2,55270.6,56242.76232,55278.89059,174.32516995192967,2.9738512245071416,9.91282434063629,-0.1124185326016217,161.3260758541846,main,base
P,1723046400000,-1,1.2461534916683532,False,1723050000000,1723136400000,56098.9,59531.9,56090.485165000006,59540.82978500001,-611.9549581186084,3.091793243718413,10.306023375681164,0.6949130408974151,-624.6578616971105,main,base
B,1723132800000,1,2.1404833711566305,True,1723136400000,1723222800000,59531.9,60406.7,59540.82978500001,60397.638995,146.94642704163576,3.0220419640568283,10.07346219253879,-1.2271548551678253,132.6237680298723,main,base
F,1723449600000,1,1.4076435716354316,False,1723453200000,1723539600000,58291.1,59068.2,58299.84366500001,59059.33977,133.31366194839325,3.019997049293541,10.066646832449553,-0.44678726143973885,119.78023080521044,main,base
B,1723752000000,-1,1.8551318942855823,True,1723755600000,1723842000000,56634.9,59228.5,56626.404765,59237.384275000004,-457.9508395000253,3.0686926259260847,10.229009766062974,-1.960078426380335,-473.2086203183947,main,base
F,1723766400000,1,1.3738126244574842,False,1723770000000,1723856400000,57438.3,59151.2,57446.915745000006,59142.32732,298.2156505328316,3.04473234758048,10.149085459092626,0.611741070968821,285.6335737971273,main,base
F,1723953600000,-1,0.7924337874677488,True,1723957200000,1724043600000,59429.4,58548.5,59420.485590000004,58557.282275000005,148.2262987679501,2.977766055185248,9.925875733643618,-0.8048515644691273,134.51780541465212,main,base
B,1724126400000,1,1.4416909162832638,False,1724130000000,1724216400000,60841.0,59330.0,60850.126150000004,59321.1005,-248.35226245459478,2.962747160632341,9.875842495192387,0.3828376020486896,-260.8080145083708,main,base
B,1724270400000,1,1.1842226266099987,False,1724274000000,1724360400000,61204.4,60636.8,61213.58066000001,60627.70448,-92.73843057035091,2.9860892354157587,9.953637740097118,0.8056719824787721,-104.87248556338501,main,base
B,1724443200000,1,2.016559250011498,True,1724446800000,1724533200000,63580.8,64097.4,63590.33712000001,64087.785390000005,81.25094368111105,3.01218764155296,10.04061937801978,-0.49232338268163667,67.70581327885667,main,base
F,1724630400000,-1,1.2443390502733211,False,1724634000000,1724720400000,64068.1,62690.2,64058.489785,62699.60353,215.068029175206,2.967739795624318,9.89244985531021,0.9918551045483086,203.19969462881974,main,base
B,1724760000000,-1,1.3217807668723862,False,1724763600000,1724850000000,62400.0,59917.1,62390.64,59926.087565,397.9006410256413,2.940314903846742,9.801019836939105,0.3472997057279294,385.5066059905834,main,base
B,1724774400000,-1,1.0006171935174217,False,1724778000000,1724864400000,61532.6,59158.3,61523.370109999996,59167.17374500001,385.8605032129303,2.9421209245191595,9.807040808855794,-0.31539318268568395,372.7959482968697,main,base
P,1724961600000,-1,1.831273648825189,False,1724965200000,1725051600000,59496.8,59018.0,59487.87548,59026.8527,80.47491629801988,2.987928762555899,9.959756506232267,0.7352978864935542,68.26252891572526,main,base
P,1725033600000,-1,1.5964906909353191,False,1725037200000,1725123600000,58517.3,58940.0,58508.522405,58948.84100000001,-72.23504843866635,3.0108352572670287,10.036122941847967,0.5675503313363476,-84.714456306445,main,base
F,1725206400000,1,0.8806562182196405,True,1725210000000,1725296400000,58099.9,58316.7,58108.61498500001,58307.952495,37.31503840798274,3.0055972557621176,10.01865472057611,0.3458271127029316,24.636613544347437,main,base
F,1725249600000,1,1.7595815570388054,False,1725253200000,1725339600000,57431.2,59076.0,57439.81468,59067.1386,286.39485157893324,3.0429592277381707,10.1431759461756,-0.6306381607906504,272.57807824422883,main,base
F,1725336000000,-1,1.4433161474827,False,1725339600000,1725426000000,59076.0,56674.9,59067.1386,56683.401235000005,406.44254858148804,2.939033617713616,9.796748242518115,1.1763244730163198,394.8830911942726,main,base
B,1725638400000,-1,2.927227050674704,True,1725642000000,1725728400000,54050.1,54439.6,54041.992485,54447.765940000005,-72.0627713917273,3.010809415709182,10.036036790403719,-1.554970353707476,-86.66458795154767,main,base
B,1725652800000,-1,2.5658696020980156,True,1725656400000,1725742800000,52869.0,54138.4,52861.06965,54146.52076000001,-240.10289583688012,3.0360154343769716,10.120069455635628,-1.5897085837622134,-254.8486893106549,main,base
F,1725667200000,1,2.560165340783465,False,1725670800000,1725757200000,53886.0,54114.4,53894.08290000001,54106.28284,42.38577738188054,3.0063578666091613,10.021189709757637,1.1277295870908348,30.485959392604574,main,base
P,1725811200000,-1,0.5672005667489537,False,1725814800000,1725901200000,53883.7,56391.2,53875.617444999996,56399.65868,-465.35408667185067,3.0698031130015635,10.232711944892426,-1.8949098729677383,-480.5515116027124,main,base
B,1725912000000,1,2.3307634700144098,True,1725915600000,1726002000000,56976.5,57536.1,56985.046475,57527.469585,98.2159311295005,3.014732389669857,10.049100599369917,1.0090484336467334,86.16114657410746,main,base
F,1725926400000,-1,1.8533604738796237,False,1725930000000,1726016400000,56944.7,57606.9,56936.158295,57615.54103500001,-116.2882586087914,3.0174432387919916,10.058152850923792,-1.3118275452732608,-130.67568224378044,main,base
B,1726113600000,1,2.036020676604072,True,1726117200000,1726203600000,58142.2,57813.9,58150.921330000005,57805.227915,-56.465011643865495,2.991530248254438,9.971771729053941,0.35307624538592347,-69.07523737578795,main,base
F,1726156800000,-1,1.3286308226348162,False,1726160400000,1726246800000,58033.5,59420.2,58024.794975000004,59429.11303,-238.94819371569818,3.035842229057183,10.119492017972378,-0.3448831277194754,-252.4484110904472,main,base
B,1726243200000,1,1.6012151378958546,True,1726246800000,1726333200000,59420.2,59945.5,59429.11303,59936.508175,88.40428002598493,3.0132606420040124,10.044195509691992,0.5639025493069745,75.9107264235959,main,base
B,1726272000000,1,1.6326188577319272,True,1726275600000,1726362000000,60369.0,59993.0,60378.05535,59984.00105,-62.28362238897448,2.990657456642221,9.968862860077193,-0.2673446094795296,-75.51048731517342,main,base
B,1726588800000,1,1.8802798614646947,True,1726592400000,1726678800000,60857.3,59883.0,60866.42859500001,59874.017550000004,-160.0958307384657,2.975985625390069,9.919964091818075,-0.7533974958013955,-173.74517795147523,main,base
B,1726704000000,1,2.219263843566056,True,1726707600000,1726794000000,62206.6,62740.1,62215.93099000001,62730.688985,85.7626039680677,3.01286439059639,10.042874869788736,-1.5232997665368881,71.18356494114569,main,base
B,1726747200000,1,1.6301174393541789,True,1726750800000,1726837200000,62896.0,63399.5,62905.434400000006,63389.990075,80.05278555075044,3.0120079178332526,10.040020388816458,-1.16485033218033,65.83590691192039,main,base
F,1726819200000,-1,2.1642203457128195,False,1726822800000,1726909200000,63273.9,63008.2,63264.408915,63017.65123,41.992037791254276,2.993701194332499,9.979000831701539,2.0126950645766297,31.032030829796863,main,base
P,1727035200000,1,0.47546176999989676,False,1727038800000,1727125200000,63182.8,63280.0,63192.277420000006,63270.508,15.38393360218241,3.002307590040527,10.00769081300607,-1.3294367831118594,1.0444984160239532,main,base
B,1727064000000,1,2.5347897789097367,True,1727067600000,1727154000000,63880.4,63052.7,63889.98206000001,63043.242095,-129.5702594222961,2.9805644610872153,9.935224588058308,-0.8939182351208449,-143.37996670656247,main,base
P,1727208000000,1,1.0378125172857238,False,1727211600000,1727298000000,64185.0,63472.5,64194.62775000001,63462.979125,-111.00724468333723,2.983348913298887,9.944504703201684,-0.3679656657536661,-124.30306396559146,main,base
B,1727366400000,1,1.976736202325991,True,1727370000000,1727456400000,65313.6,66266.3,65323.39704,66256.360055,145.8654859018649,3.0218798228868815,10.07292180303949,-1.9007405693510218,130.8699437065875,main,base
F,1727380800000,-1,1.1923307150341402,False,1727384400000,1727470800000,64632.1,65770.0,64622.405184999996,65779.8655,-176.05802689375736,3.0264087040344423,10.088042217798895,1.9207825407245764,-187.25169527486614,main,base
F,1727438400000,-1,1.5087923147975209,False,1727442000000,1727528400000,65711.0,65508.3,65701.14335,65518.12624500001,30.847194533639282,2.995372920820772,9.984574089193591,1.6052845102015987,19.472532033826518,main,base
B,1728230400000,1,0.4747515032275856,False,1728234000000,1728320400000,62566.1,63792.0,62575.484915,63782.4312,195.93677726436545,3.0293905165901798,10.097953693373888,-0.5837266740213125,182.22570638038005,main,base
F,1728244800000,-1,0.45197002001143627,True,1728248400000,1728334800000,62590.1,62995.8,62580.711485,63005.24937000001,-64.81855756741152,3.0097227836364056,10.032414140175524,0.5835028456494692,-77.27719164557398,main,base
F,1728489600000,1,0.9202956809998557,True,1728493200000,1728579600000,61784.4,60277.7,61793.66766000001,60268.658344999996,-243.86414693676792,2.963420377960437,9.878086216342638,-1.3395191098744545,-258.04517264094545,main,base
P,1728489600000,1,0.9202956809998557,True,1728493200000,1728579600000,61784.4,60277.7,61793.66766000001,60268.658344999996,-243.86414693676792,2.963420377960437,9.878086216342638,-1.3395191098744545,-258.04517264094545,main,base
B,1728504000000,-1,1.4017049205921166,False,1728507600000,1728594000000,60388.5,59771.4,60379.441725000004,59780.365710000005,102.18833055962618,2.984671750416025,9.948898170595397,1.370482533795793,90.62524317241055,main,base
B,1728878400000,1,1.803894955637749,True,1728882000000,1728968400000,64116.0,65587.4,64125.6174,65577.56189,229.49029883336362,3.03442354482497,10.114727937644272,-3.065043272300362,213.27610407859402,main,base
B,1728892800000,1,3.305918497317602,True,1728896400000,1728982800000,64404.0,65733.0,64413.6606,65723.14005,206.3536426308925,3.030953046394804,10.103161344792248,-3.067464978057419,190.15206326164798,main,base
P,1729180800000,1,0.9285299635213363,False,1729184400000,1729270800000,67354.2,68771.9,67364.30313,68761.584215,210.48427566506575,3.0315726413500594,10.10522635151186,-3.029837760835702,194.31763891136814,main,base
B,1729267200000,1,1.0342906196374098,False,1729270800000,1729357200000,68771.9,68028.0,68782.21578500001,68017.7958,-108.16917956316377,2.9837746230664375,9.945923522906886,-2.9800952005047123,-124.07897290964179,main,base
F,1729713600000,1,1.9047128441130325,False,1729717200000,1729803600000,66654.4,68172.6,66664.39816,68162.37411,227.77191003144753,3.0341657865053704,10.113868872122472,-3.021962914048435,211.60191245877124,main,base
F,1730131200000,-1,1.076736637035769,False,1730134800000,1730221200000,68673.0,72719.9,68662.69905,72730.807985,-589.3000160179392,3.088395002405157,10.294694205510174,3.1062411573689808,-599.5768640684856,main,base
B,1730145600000,1,1.705311942935895,True,1730149200000,1730235600000,69650.0,72327.8,69660.44750000001,72316.95083,384.4651830581483,3.0576697774602493,10.192203756640344,-3.062669045226131,368.1526404788215,main,base
B,1730217600000,1,1.4912754427830321,False,1730221200000,1730307600000,72719.9,72107.7,72730.807985,72096.883845,-84.18603435923278,2.987372094846902,9.957913296772963,-2.984658426928805,-100.11597817778146,main,base
P,1730462400000,1,1.2168312766434985,False,1730466000000,1730552400000,70360.6,69452.9,70371.15409000001,69442.48206499999,-129.00685895231302,2.9806489711585793,9.935506246038265,-2.966019778799925,-144.8890339483098,main,base
F,1730764800000,1,2.3479804674490814,False,1730768400000,1730854800000,68009.5,71058.6,68019.701425,71047.94121,448.3344238672547,3.0672501635812472,10.224133586851837,-3.056065696704137,431.98697442011746,main,base
F,1730836800000,-1,1.6914555479932665,False,1730840400000,1730926800000,69415.7,76104.6,69405.287645,76116.01569000001,-963.6004534997139,3.144540068025248,10.481872496783868,3.12724045351311,-974.0996256110099,main,base
B,1730865600000,1,8.205112596750523,True,1730869200000,1730955600000,74276.3,74766.6,74287.441445,74755.38501000001,66.01028861157636,3.00990154329096,10.033000193534145,-3.006366997851939,49.961019876899314,main,base
B,1730923200000,1,1.6395362398092295,True,1730926800000,1731013200000,76104.6,76416.2,76116.01569000001,76404.73757,40.94364860993833,3.0061415472926067,10.020468753531324,-2.975522316402031,24.941515992712365,main,base
F,1730937600000,-1,2.027298674373425,False,1730941200000,1731027600000,75361.6,76006.3,75350.29576000001,76017.700945,-85.54754676121487,3.012832132014035,10.042780189446615,3.0085671708419146,-95.5945919118336,main,base
B,1731009600000,1,1.9005737702538386,True,1731013200000,1731099600000,76416.2,76563.5,76427.66243000001,76552.01547500001,19.276017388983348,3.002891402609226,10.009636562993188,-2.9895602870662246,3.2739291363147074,main,base
B,1731240000000,1,1.85365692297368,True,1731243600000,1731330000000,79707.1,82179.9,79719.05606500001,82167.573015,310.23585100950703,3.046535377651198,10.155094657815928,-6.150182334046652,290.8840386399933,main,base
F,1731268800000,-1,1.2418133235085256,False,1731272400000,1731358800000,79015.6,86925.9,79003.74766000001,86938.938885,-1001.1061106920644,3.1501659166037332,10.500628138304336,5.844300695862335,-1008.9126040511102,main,base
B,1731326400000,1,1.9978127553840554,True,1731330000000,1731416400000,82179.9,86453.5,82192.226985,86440.531975,520.0298369796028,3.0780044755471403,10.25997591625203,-11.070062400366636,495.621794187437,main,base
B,1731340800000,1,2.3834848253181042,True,1731344400000,1731430800000,84263.2,87089.8,84275.83948000001,87076.73653000001,335.44892669635215,3.0503173390051934,10.167699304678676,-13.782908539182241,308.4480015134861,main,base
B,1731513600000,1,2.8027546108563866,True,1731517200000,1731603600000,92312.1,89225.8,92325.94681500002,89212.41613,-334.3332022562592,2.949850019663383,9.83285847386204,-2.91652034051614,-350.03243109030075,main,base
F,1731528000000,-1,2.0192534454960307,False,1731531600000,1731618000000,89742.3,87669.0,89728.838655,87682.15035000001,231.0281773478062,2.965345773399406,9.884468584212796,3.000035850716552,221.17839884091057,main,base
P,1732089600000,1,0.8874912410472205,False,1732093200000,1732179600000,93212.9,97132.8,93226.881935,97118.23008000001,420.5319220837469,3.063079788312335,10.210234421147717,-3.0678980551918245,404.190709819095,main,base
B,1732118400000,1,1.0645179502019513,False,1732122000000,1732208400000,94048.2,97175.5,94062.30723,97160.923675,332.52098392101107,3.0498781475892716,10.166235552886713,-3.061326623863828,316.24354359667126,main,base
B,1732161600000,1,1.8686418296320626,True,1732165200000,1732251600000,97591.2,98841.6,97605.83868,98826.77376000001,128.12630647025642,3.0192189459703878,10.064053543762144,-2.992044312522338,112.05098966800155,main,base
B,1732579200000,-1,1.80688199110803,True,1732582800000,1732669200000,93903.3,92012.2,93889.21450500001,92026.00183000001,201.3880236370826,2.969791796454792,9.899290884079686,7.777378225754005,196.2963191823021,main,base
B,1732881600000,1,0.9126624063832207,False,1732885200000,1732971600000,96988.9,96613.0,97003.44833500001,96598.50805,-38.75701240038749,2.9941864481409777,9.980624400575737,-4.810601541929025,-56.54242479103322,main,base
B,1733140800000,-1,1.3888162137234503,False,1733144400000,1733230800000,95034.0,94875.8,95019.7449,94890.03137000001,16.646673822000242,2.9975029989270645,9.991675414588466,5.165352422511956,8.822847830996666,main,base
F,1733155200000,1,0.8002546951843134,True,1733158800000,1733245200000,96224.6,95175.3,96239.03369000001,95161.023705,-109.04695888577379,2.983642956168028,9.94548469907903,-4.939540279648174,-126.91562682066905,main,base
P,1733155200000,1,0.8002546951843134,False,1733158800000,1733245200000,96224.6,95175.3,96239.03369000001,95161.023705,-109.04695888577379,2.983642956168028,9.94548469907903,-4.939540279648174,-126.91562682066905,main,base
F,1733241600000,1,1.2090530368167296,False,1733245200000,1733331600000,95175.3,94895.2,95189.576295,94880.96572,-29.429904607603632,2.9955855143096497,9.985287254939045,-7.688934533766418,-50.099711910618744,main,base
B,1733356800000,1,2.9347324825585135,True,1733360400000,1733446800000,98376.3,97614.6,98391.05644500001,97599.95781,-77.42718520619266,2.9883859222195808,9.961292214435794,-13.366768466277204,-103.74363180912523,main,base
B,1733371200000,1,5.929123231099124,True,1733374800000,1733461200000,103459.1,97939.4,103474.61886500001,97924.70908999999,-533.515176528697,2.919972723521688,9.733282425373892,-12.710077940645395,-558.878509618238,main,base
P,1733716800000,-1,1.565988665022035,True,1733720400000,1733806800000,99515.2,97069.8,99500.27272,97084.36047000001,245.73130536842555,2.963140304196222,9.877115917467886,4.1766664726622,237.06771561942364,main,base
B,1733774400000,-1,0.7808797674929376,False,1733778000000,1733864400000,96296.4,96437.6,96281.95554,96452.06564000002,-14.66306113208922,3.002199459170669,10.007332630295629,3.0139265038402265,-24.658666717715292,main,base
F,1733788800000,1,3.4295461411313077,False,1733792400000,1733878800000,97911.9,96411.5,97926.586785,96397.038275,-153.2398002694253,2.9770140299609786,9.923391592850308,-2.9565708783549294,-169.0967767705915,main,base
F,1734033600000,-1,1.3914708371848779,False,1734037200000,1734123600000,99992.8,101628.6,99977.80108,101643.84429000001,-163.59177860806005,3.0245387667912635,10.081808158687426,2.999438959605092,-173.69868657393366,main,base
F,1734249600000,-1,1.3825582000074694,False,1734253200000,1734339600000,101960.1,104506.5,101944.80598500001,104522.175975,-249.7447530945923,3.037461712963971,10.124891107403778,3.060886294340433,-259.84621962061965,main,base
F,1734278400000,-1,0.528936721402629,True,1734282000000,1734368400000,103099.1,106769.0,103083.635135,106785.01535000002,-355.9584904232912,3.053393773565218,10.178005942098428,2.977659062696031,-366.21223107625883,main,base
F,1734321600000,-1,2.172756804839453,False,1734325200000,1734411600000,104646.4,106465.0,104630.70304,106480.96975,-173.78524249281446,3.026067786374397,10.086905655139594,2.732433936887216,-184.1657819974412,main,base
P,1734523200000,1,0.9641292943924068,False,1734526800000,1734613200000,104883.2,101983.3,104898.93248,101968.00250500001,-276.48851293629434,2.958526723059332,9.861776480170324,-2.9194594369182107,-292.2282755764422,main,base
B,1734566400000,-1,5.03734784211278,True,1734570000000,1734656400000,100813.1,97210.4,100797.97803500001,97224.98156,357.3642711115928,2.9463953593337022,9.821291062123873,2.972999324619122,347.56958401475435,main,base
F,1734580800000,1,2.4919029482798694,False,1734584400000,1734670800000,100653.5,97277.6,100668.59802500001,97263.00836,-335.3981729398376,2.9496902740602775,9.832326068393053,-2.9777134248959056,-351.15790270718685,main,base
B,1734638400000,-1,2.769517566230483,True,1734642000000,1734728400000,96409.7,96426.6,96395.238545,96441.06399000001,-1.7529356485922818,3.0002629403473677,10.00087659929447,3.031082691519007,-11.722992496715111,main,base
B,1734696000000,-1,4.993218806561882,True,1734699600000,1734786000000,93924.5,97109.8,93910.41132500001,97124.36647000001,-339.13409174390097,3.0508701137612646,10.16959248092883,2.2003899209164066,-350.1541644176747,main,base
F,1734710400000,1,1.9628367893602308,False,1734714000000,1734800400000,96688.6,97259.2,96703.10329000001,97244.61112,59.014196089300206,3.0088521294137602,10.029502671979944,-2.14284380368123,43.832997484225274,main,base
F,1735070400000,-1,1.2180334082280322,False,1735074000000,1735160400000,97266.3,99103.0,97251.710055,99117.86545000001,-188.83210320532362,3.028324815482009,10.094430214010403,3.0346757852753727,-198.92018244954065,main,base
F,1735329600000,1,0.8825557868674443,True,1735333200000,1735419600000,94548.1,95043.1,94562.28221500001,95028.843535,52.354304317061896,3.0078531456482542,10.026173225585707,-2.2757441963366984,37.044533749491244,main,base
F,1735516800000,1,0.872964358364509,True,1735520400000,1735606800000,93542.5,92435.9,93556.531375,92422.034615,-118.2991688270044,2.982255124676299,9.94085928802416,-2.8566606976709608,-134.0789439373758,main,base
B,1735574400000,-1,1.5236399551995934,True,1735578000000,1735664400000,92085.5,94832.8,92071.687175,94847.02492000001,-298.342301448111,3.0447513452181645,10.149193526396665,3.0511748039740243,-308.4850715157518,main,base
B,1735819200000,1,1.178371362314758,False,1735822800000,1735909200000,96830.0,96615.3,96844.52450000001,96600.807705,-22.172880305690086,2.9966740679559782,9.98891522281318,-2.9916430858205105,-38.150112682279754,main,base
B,1736136000000,1,1.4681639041761596,False,1736139600000,1736226000000,99423.0,101610.8,99437.91345000001,101595.55838,220.04968669221438,3.033007453004635,10.110008339619606,-3.0532400180245016,203.85343088156563,main,base
B,1736179200000,1,1.785405418925277,True,1736182800000,1736269200000,102116.5,97706.4,102131.817475,97691.74403999999,-431.86948240490085,2.9352195776399657,9.784097649008732,-2.68078596509236,-447.2695855966419,main,base
F,1736222400000,-1,0.9995518810036839,True,1736226000000,1736312400000,101610.8,96248.9,101595.55838,96263.337335,527.6899699638236,2.920846504506442,9.73611543827034,2.64227275399735,517.6752807750441,main,base
B,1736280000000,-1,1.8266866289788604,True,1736283600000,1736370000000,96504.7,93949.4,96490.22429499999,93963.49241,264.78503119537214,2.9602822453223943,9.867587625524974,2.984343381813217,254.94150470633795,main,base
F,1736438400000,1,1.5204585293755692,False,1736442000000,1736528400000,94210.2,93614.9,94224.33153000001,93600.857765,-63.18848702157547,2.9905217269482605,9.968410495625738,-1.0865669927387371,-77.2339862368882,main,base
F,1736467200000,1,2.3400188417054633,False,1736470800000,1736557200000,92725.9,94556.5,92739.808885,94542.316525,197.4205696574534,3.029613085449659,10.098695478286004,-1.2882606555171585,183.0040004382006,main,base
F,1736740800000,-1,2.267316969627515,False,1736744400000,1736830800000,94455.3,95076.8,94441.131705,95091.06152000002,-65.79831941669762,3.0098697479136076,10.032904094582305,1.7785126476659858,-77.06258061152755,main,base
B,1736769600000,-1,3.3792848242467923,True,1736773200000,1736859600000,90713.9,95953.5,90700.292915,95967.89302500001,-577.5961567080685,3.086639423507107,10.288841398065788,2.1763646669129537,-588.7952728627286,main,base
F,1736784000000,1,3.0397620195614627,False,1736787600000,1736874000000,91322.9,95703.8,91336.598435,95689.44443,479.7153835456396,3.071957307533236,10.239821713119056,-3.0756001726820785,463.32800435230524,main,base
B,1736956800000,1,1.7217042851497948,True,1736960400000,1737046800000,98948.1,99305.9,98962.94221500002,99291.00411499999,36.16037094193707,3.0054240556429943,10.01807747344315,-1.298186703200143,21.838682709650783,main,base
B,1736971200000,1,0.8893998325846512,False,1736974800000,1737061200000,99516.0,100305.3,99530.92740000002,100290.254205,79.3138791752083,3.01189708187761,10.039650991046667,-1.2907784449427036,64.97155265734132,main,base
B,1736985600000,1,2.0566125555711343,True,1736989200000,1737075600000,99831.5,100087.4,99846.47472500001,100072.38689,25.63319192839877,3.0038449787899792,10.012814673474805,-1.6736270954453127,10.942905180688673,main,base
F,1737000000000,-1,1.5112868853606085,False,1737003600000,1737090000000,99573.0,101425.0,99558.06405,101440.21375000001,-185.9941952135619,3.027899129282942,10.093011047171423,1.6779719741189756,-197.4371334158973,main,base
B,1737129600000,1,1.2110721083287317,False,1737133200000,1737219600000,104923.9,103209.0,104939.63858500001,103193.51865,-163.4422662520164,2.975483660063679,9.918291125043961,-2.640967801569995,-178.97700883869405,main,base
B,1737144000000,1,1.4968203955245718,False,1737147600000,1737234000000,104654.4,104000.0,104670.09816000001,103984.40000000001,-62.52962130593594,2.990620556804658,9.968739879068632,-2.6477686701672365,-78.13675041197646,main,base
B,1737316800000,1,0.4952492832245907,False,1737320400000,1737406800000,106291.3,103632.7,106307.24369500001,103617.155095,-250.12395181919928,2.962481407228202,9.874956783386786,-2.948751172205251,-265.9101411820195,main,base
F,1737331200000,-1,7.822334331109949,False,1737334800000,1737421200000,99769.5,101188.1,99754.534575,101203.27821500001,-142.1877427470325,3.0213281614129897,10.071104535454221,3.150986934434572,-152.12918850946514,main,base
B,1738468800000,-1,1.3395291280933548,False,1738472400000,1738558800000,99490.1,92765.2,99475.176485,92779.11478,675.9366007271084,2.898609509891804,9.661981004391391,1.2340933396977622,664.6101035525229,main,base
B,1738497600000,-1,1.2026746682365679,False,1738501200000,1738587600000,98124.5,94731.0,98109.781325,94745.20965,345.8361571269153,2.948124576431041,9.827055983724758,1.8792007303570466,334.9401772971165,main,base
F,1738512000000,1,0.7565808629197226,True,1738515600000,1738602000000,98222.3,98508.5,98237.03334500002,98493.723725,29.137985976707643,3.004370697897691,10.014566807639408,-2.451733999068994,13.667314472101548,main,base
F,1739145600000,1,1.1412686444154738,False,1739149200000,1739235600000,96677.7,97733.6,96692.20165500001,97718.93996,109.21856850132023,3.0163827852769627,10.054601092858023,-2.098907766735552,94.0486768564497,main,base
B,1739808000000,-1,0.8369573586893635,False,1739811600000,1739898000000,95294.4,94595.0,95280.10583999999,94609.18925000001,73.39360969794596,2.988990958546912,9.963297690630299,2.9567818394832224,63.398102888251984,main,base
F,1740067200000,-1,1.1669429345571696,False,1740070800000,1740157200000,97505.3,98183.2,97490.674205,98197.92748000001,-69.52442585172233,3.0104286638793845,10.034767427257801,0.23270020419402845,-82.3369217386655,main,base
B,1740081600000,1,0.9668054088770808,False,1740085200000,1740171600000,98405.1,95034.3,98419.86076500002,95020.044855,-342.54322184520953,2.9486185167248897,9.828754079819035,-0.23057243191663848,-355.55116687367007,main,base
B,1740412800000,-1,1.7298683568763407,True,1740416400000,1740502800000,94400.0,87429.1,94385.84,87442.214365,738.4427966101689,2.889233580508979,9.630723218485167,1.5936249403141047,727.5164647514888,main,base
B,1740441600000,-1,3.2934083210086826,True,1740445200000,1740531600000,91825.3,88102.1,91811.526205,88115.31531500001,405.4655960829964,2.9391801605885886,9.797236792038795,0.9814652847198048,393.7106444150888,main,base
F,1740456000000,1,3.7053008849049873,False,1740459600000,1740546000000,91861.1,88657.2,91874.87916500002,88643.90142,-348.7765768099891,2.9476835134803387,9.825637869838266,-0.9810827892217869,-362.53098098252946,main,base
F,1740484800000,1,7.097455167431276,False,1740488400000,1740574800000,89350.0,87900.1,89363.40250000001,87886.91498500001,-162.27196418578558,2.9756592053728634,9.918876188304422,-1.0805056318440707,-176.24700521130694,main,base
B,1740600000000,-1,4.491662202673899,True,1740603600000,1740690000000,84344.2,83489.2,84331.54837,83501.72338000001,101.3703372608905,2.984794449411613,9.949307228594263,1.8218093133503004,90.25804489623492,main,base
B,1740715200000,-1,11.188097867373093,True,1740718800000,1740805200000,80371.7,86130.0,80359.644245,86142.9195,-716.4586539789507,3.107468798096539,10.358283061388523,0.8974612379744402,-729.0269446004612,main,base
B,1740729600000,-1,8.200754117492261,True,1740733200000,1740819600000,78955.8,85260.1,78943.95663,85272.88901500001,-798.4593912036864,3.119768908681114,10.399289580056182,-0.6964643184853815,-812.6749140109091,main,base
F,1740744000000,1,5.235555979519119,False,1740747600000,1740834000000,80747.5,84712.8,80759.61212500001,84700.09308,491.07402705966166,3.0736611040603243,10.245500182977802,0.6810105258672787,478.43587629849077,main,base
B,1740945600000,1,5.177987855818827,True,1740949200000,1741035600000,94270.0,86032.0,94284.14050000001,86019.0952,-873.8729182136416,2.86891906226928,9.563129081362046,-0.029285228448902145,-886.334251585722,main,base
P,1740974400000,-1,2.4169031188114034,False,1740978000000,1741064400000,92820.8,83371.6,92806.87688000001,83384.10574000001,1018.0045851791836,2.8472993122231207,9.49092135706652,0.44822411636184983,1006.1145886262558,main,base
B,1741536000000,-1,0.7766551232357882,False,1741539600000,1741626000000,82451.6,78981.4,82439.23226,78993.24721,420.8772176646677,2.936868417351353,9.789529825376343,0.912574316215454,409.06339373815547,main,base
B,1741564800000,-1,1.75623016982161,True,1741568400000,1741654800000,81242.0,77630.6,81229.8137,77642.24459000002,444.5237684941279,2.9333214347273584,9.7777047764703,0.9886658151063507,432.80140809803663,main,base
P,1741622400000,-1,1.7028875306344557,False,1741626000000,1741712400000,78981.4,81350.0,78969.55279,81362.20250000001,-299.89339262155465,3.0449840088940685,10.149969188315225,1.6989392937339043,-311.38940652503004,main,base
F,1741665600000,1,2.667000980391104,False,1741669200000,1741755600000,79719.4,81776.6,79731.35791,81764.33351000001,258.05512836273374,3.038708269255216,10.12900821004674,-1.2794033025099911,243.6080085809218,main,base
B,1741968000000,1,1.0674831278003696,False,1741971600000,1742058000000,84738.4,84316.2,84751.11076,84303.55257,-49.82392870292537,2.992526410694445,9.975091772443191,0.8659964342556922,-61.92555045180732,main,base
P,1742184000000,1,0.678351369520277,True,1742187600000,1742274000000,83589.6,82958.4,83602.13844000001,82945.95624,-75.51178615521687,2.988673232076545,9.962249770306356,-1.003171313818402,-89.46588047141819,main,base
B,1742414400000,1,1.8267901829701307,True,1742418000000,1742504400000,85321.3,84490.1,85334.09819500001,84477.426485,-97.41998774045837,2.9853870018404,9.951297312628853,-0.6865382774568439,-111.04321033238446,main,base
B,1742428800000,1,1.5472181352234315,True,1742432400000,1742518800000,85979.9,84468.8,85992.79698500001,84456.12968,-175.75037886761805,2.97363744317203,9.912137991844608,-0.6431289709848305,-189.2792832736195,main,base
F,1742443200000,-1,1.5738430651199466,False,1742446800000,1742533200000,85640.5,84621.2,85627.653925,84633.89318,119.02079039706715,2.9821468814399785,9.940480678242187,0.6456777414001392,106.74384057878513,main,base
B,1742788800000,1,1.354341285021,False,1742792400000,1742878800000,86795.0,86510.0,86808.01925000001,86497.0235,-32.83599285673138,2.9950746010733815,9.9835844662711,-0.1784336205016477,-45.993085544577504,main,base
B,1742817600000,1,0.9159792886596985,False,1742821200000,1742907600000,87286.5,87044.0,87299.592975,87030.9434,-27.782073974784186,2.9958326889041373,9.986111046668158,0.25705403211937683,-40.506963678237106,main,base
P,1742904000000,1,0.7635440476602944,False,1742907600000,1742994000000,87044.0,87767.5,87057.05660000001,87754.334875,83.11888240430127,3.012467832361833,10.041553207285972,0.5127608929382281,70.5776222575917,main,base
P,1742976000000,1,1.1698810831205233,False,1742979600000,1743066000000,87918.3,87396.2,87931.487745,87383.09057,-59.38467873013989,2.9910922981904444,9.970312114485836,-0.5536556137858915,-72.89973875660206,main,base
B,1743148800000,-1,2.8467030154360096,True,1743152400000,1743238800000,85180.1,83896.2,85167.322985,83908.78443,150.7276934401355,2.977390845984247,9.924624848702924,2.1391500432752686,139.9648277887236,main,base
B,1743177600000,-1,1.114064211128001,False,1743181200000,1743267600000,83756.3,82164.3,83743.73655500001,82176.624645,190.07525404059157,2.971488711893087,9.904948117335653,1.6100617914257402,178.80887900278856,main,base
B,1743249600000,-1,1.5787240542722305,True,1743253200000,1743339600000,82417.4,83037.2,82405.03739,83049.65558,-75.20256644834743,3.0112803849679093,10.037606923416657,0.33005958417685244,-87.92139417255515,main,base
F,1743278400000,1,0.7431172095303361,True,1743282000000,1743368400000,82466.6,82524.8,82478.96999000001,82512.42128000001,7.057402633308161,3.0010586103949772,10.003528172011459,-0.5372520765126404,-6.484436225610914,main,base
B,1743393600000,-1,1.5759276552402965,True,1743397200000,1743483600000,81806.0,83025.3,81793.7291,83037.75379500001,-149.04774710901435,3.022357162067783,10.074535052135541,1.1902373231785224,-160.95440200003915,main,base
B,1743523200000,1,1.357771326037211,False,1743526800000,1743613200000,85067.0,87013.0,85079.76005000001,86999.94805,228.76085908754274,3.0343141288637607,10.114363272479341,-0.16458274101485093,215.44759894518478,main,base
B,1743609600000,1,1.6967224490673851,True,1743613200000,1743699600000,87013.0,81801.8,87026.05195000001,81789.52973000001,-598.8990150896989,2.910165147736756,9.700595409881283,-1.6498256016545287,-613.1596012489715,main,base
F,1743638400000,-1,7.0714860609725845,False,1743642000000,1743728400000,83182.0,83005.5,83169.5227,83017.950825,21.21853285566589,2.99681722007235,9.989389142182203,1.5727527865014728,9.80507927991281,main,base
P,1743638400000,-1,7.0714860609725845,False,1743642000000,1743728400000,83182.0,83005.5,83169.5227,83017.950825,21.21853285566589,2.99681722007235,9.989389142182203,1.5727527865014728,9.80507927991281,main,base
B,1743969600000,-1,3.3033314108345486,True,1743973200000,1744059600000,78843.8,78907.0,78831.97343,78918.83605000001,-8.015849058517865,3.0012023773609773,10.004008525717937,1.642208593284869,-19.378851368311913,main,base
B,1744012800000,-1,6.87189652043909,True,1744016400000,1744102800000,76223.1,79129.9,76211.66653500001,79141.769485,-381.35420889467736,3.057203131333875,10.190705706013008,1.3101443087913587,-393.29197342323295,main,base
P,1744257600000,-1,1.783637771888312,False,1744261200000,1744347600000,81978.8,80833.0,81966.50318,80845.12495000001,139.76784241779617,2.9790348236392075,9.930105596202923,0.8624099909110092,127.72111198886505,main,base
B,1744401600000,1,1.6051558473604588,True,1744405200000,1744491600000,83800.0,85475.0,83812.57,85462.17875,199.88066825775655,3.029982100238733,10.09992534307876,-1.4731718298329355,185.27758898460613,main,base
F,1744416000000,-1,0.9404168518167939,True,1744419600000,1744506000000,83322.6,85470.1,83310.10161000001,85482.92051500002,-257.73319603564937,3.038659979406231,10.128885928007527,1.633272850255893,-269.26746909280723,main,base
P,1744444800000,1,0.9611484370269955,True,1744448400000,1744534800000,83568.7,84639.8,83581.23530500001,84627.10403,128.16999666143016,3.0192254995007497,10.064075385580967,-1.9147949656126821,113.17190081073575,main,base
B,1744473600000,1,0.7499990558457525,False,1744477200000,1744563600000,84624.0,84183.8,84636.69360000001,84171.17243,-52.018339950841025,2.9921972490085755,9.973994731400078,-2.3049272960719955,-67.28945922732167,main,base
F,1744732800000,-1,0.83531419654209,True,1744736400000,1744822800000,84810.1,85000.0,84797.37848500001,85012.75000000001,-22.3912010479877,3.003358680158614,10.011197279864074,1.116822175509465,-34.28893483250092,main,base
F,1745078400000,-1,0.20406394382533125,True,1745082000000,1745168400000,84799.9,84570.0,84787.18001499999,84582.6855,27.11088102698166,2.9959333678471594,9.986442526170434,-0.36209201849939776,13.766413114464669,main,base
B,1745208000000,1,3.181064759312083,True,1745211600000,1745298000000,87315.7,88010.0,87328.797355,87996.7985,79.51605495918866,3.0119274082439826,10.039752063775474,-1.4735891600991333,64.99078632707007,main,base
B,1745337600000,1,1.84161238072699,True,1745341200000,1745427600000,90626.3,93585.5,90639.89394500002,93571.46217500001,326.52772980911686,3.048979159472166,10.163239375324823,-0.4709996558590209,312.84451161846084,main,base
B,1745366400000,1,3.3096171934992995,True,1745370000000,1745456400000,92858.2,93312.3,92872.12873000001,93298.303155,48.90252018669389,3.0073353780296914,10.024447592404334,-0.33004423261073884,35.54069298364912,main,base
F,1745409600000,-1,1.448650345573606,False,1745413200000,1745499600000,93695.7,92723.3,93681.645645,92737.20849500001,103.78277765148178,2.984432583353431,9.948100827465936,0.7015824214730119,91.55182666213544,main,base
P,1745784000000,1,0.2566050690586794,False,1745787600000,1745874000000,94211.5,94419.8,94225.63172500001,94405.63703,22.109827356533216,3.0033164741054637,10.011053255441217,0.5176407789919489,9.613098405978484,main,base
B,1746100800000,1,1.962963748095184,True,1746104400000,1746190800000,96321.1,97134.2,96335.54816500001,97119.62987,84.41556419102265,3.012662334628827,10.042201450928198,2.969395601031253,74.33009600649689,main,base
P,1746158400000,1,0.7214098598799126,False,1746162000000,1746248400000,96894.9,96470.3,96909.43423500001,96455.829455,-43.8206758044016,2.993426898631145,9.978092948648486,2.399698097615706,-54.392497554065535,main,base
B,1746403200000,-1,2.146697707550022,True,1746406800000,1746493200000,94660.0,94558.4,94645.801,94572.58376000001,10.733150221847223,2.9983900274675355,9.994632619902811,0.33912637092046094,-1.920746054602662,main,base
F,1746547200000,1,1.316282246203637,False,1746550800000,1746637200000,94186.3,96801.0,94200.42794500002,96786.47985,277.60937631056714,3.0416414064477935,10.13878386745206,-0.25838717473153394,264.17056386193576,main,base
B,1746576000000,1,3.286101797102826,True,1746579600000,1746666000000,97379.5,97725.0,97394.10692500001,97710.34125,35.47974676394929,3.0053219620163305,10.017737212400968,-0.3597194645309708,22.09696812500102,main,base
F,1746590400000,-1,2.633576425874991,False,1746594000000,1746680400000,96527.6,98905.3,96513.12086000001,98920.13579500001,-246.32333135807758,3.0369484997039344,10.123180139928893,0.3628941525148628,-259.1205658451956,main,base
B,1746676800000,1,3.135195677798184,True,1746680400000,1746766800000,98905.3,102801.3,98920.13579500001,102785.879805,393.91215637584634,3.0590868234568935,10.196926534776196,-2.0894605257211505,378.5666824918921,main,base
B,1746691200000,1,2.086048271206882,True,1746694800000,1746781200000,99615.0,102936.6,99629.94225000001,102921.15951000001,333.4437584701105,3.050016563770609,10.16669687095317,-2.6559183928239722,317.5711266425628,main,base
B,1746921600000,1,1.5120988590401436,True,1746925200000,1747011600000,104381.5,104541.4,104397.157225,104525.71879,15.318806493487273,3.0022978209738165,10.007658254336256,-1.8521280644406335,0.45672235373656644,main,base
P,1746964800000,1,1.258159832144767,False,1746968400000,1747054800000,104561.8,103828.9,104577.48427000002,103813.325665,-70.09251944782977,2.989486122083781,9.964958997215046,-2.4374990872231543,-85.48446365435176,main,base
B,1747584000000,1,1.063312875931108,False,1747587600000,1747674000000,105789.2,105314.4,105805.06838000001,105298.60283999999,-44.88170815168306,2.993267743778792,9.977562512052272,-1.4005333931687862,-59.2530718006829,main,base
F,1747598400000,-1,2.090432533139672,False,1747602000000,1747688400000,104002.5,105432.1,103986.899625,105447.91481500001,-137.45823417706362,3.020618735126532,10.068739426456096,1.4245937091571004,-149.12299862948913,main,base
B,1747612800000,1,2.7176784019883655,True,1747616400000,1747702800000,105225.2,105674.8,105240.98378000001,105658.94878,42.72740750314619,3.006409111126357,10.021360499196012,-1.6425697779855313,28.057068114838287,main,base
F,1747627200000,-1,2.452560995401897,False,1747630800000,1747717200000,102960.1,106181.1,102944.655985,106197.02716500002,-312.8396339941395,3.0469259451007202,10.15644327996962,1.6787059589344138,-324.3642972602754,main,base
P,1747670400000,1,1.5424934321959631,False,1747674000000,1747760400000,105314.4,105159.6,105330.19716000001,105143.82606,-14.698844602446425,2.997795173311112,9.992651680112125,-1.6747369251478021,-29.364028381017466,main,base
F,1747814400000,-1,2.7073511973977014,False,1747818000000,1747904400000,106339.7,110374.6,106323.749045,110391.15619000002,-379.4349617311323,3.056915244260657,10.189745938487697,2.5990474804840527,-390.0825754333966,main,base
B,1747843200000,1,2.3319415096665,True,1747846800000,1747933200000,109101.0,111228.1,109117.36515000001,111211.415785,194.96613229942952,3.0292449198461515,10.097468443689793,-3.0417139405727722,178.79770499532077,main,base
B,1747886400000,1,2.7406204715812903,True,1747890000000,1747976400000,111449.5,110793.7,111466.21742500001,110777.080945,-58.84279427005082,2.9911735808606292,9.970583016074546,-2.9280001607033865,-74.73255102768938,main,base
B,1748548800000,-1,1.6937753271863583,True,1748552400000,1748638800000,106134.1,104544.9,106118.179885,104560.581735,149.73509927535179,2.977539735109298,9.925121220229878,1.3763208067906543,138.20875912680327,main,base
F,1748577600000,1,1.70111850916157,False,1748581200000,1748667600000,106064.9,103761.7,106080.809735,103746.13574499999,-217.15006566734115,2.9674274901511386,9.891441253421256,-1.9499556605436863,-231.95889007145726,main,base
P,1748836800000,-1,0.7142160414460946,False,1748840400000,1748926800000,104736.4,105135.0,104720.68953999999,105150.77025000002,-38.05744707666159,3.005708617063219,10.019031577846862,1.5134608784529542,-49.56872639311871,main,base
F,1748923200000,-1,1.2382841574850463,False,1748926800000,1749013200000,105135.0,105369.4,105119.22975,105385.20541000001,-22.295144338231246,3.0033442716523324,10.011149244304942,1.0571170535977554,-34.252520800590766,main,base
B,1748966400000,1,1.0142969394079773,False,1748970000000,1749056400000,105760.9,105408.8,105776.764135,105392.98868000001,-33.29207675048069,2.99500618848782,9.983356458530517,-0.354509698071949,-46.624949095570976,main,base
B,1749153600000,-1,2.859279338620596,True,1749157200000,1749243600000,100428.9,104429.7,100413.83566499999,104445.364455,-398.37138512918125,3.059755707770204,10.199215570418476,-0.9769728477166626,-412.60732925508654,main,base
B,1749412800000,1,0.4945119956725663,False,1749416400000,1749502800000,106098.9,108637.3,106114.814835,108621.004405,239.24847477212384,3.035887271216427,10.119606293750454,-0.49458612646049854,225.5983950806965,main,base
F,1749427200000,-1,0.6249587495168215,True,1749430800000,1749517200000,105651.3,109870.5,105635.452305,109886.98057500001,-399.3514514255856,3.0599027177150404,10.19970567707165,1.3781496105112114,-411.2329102098611,main,base
P,1749427200000,-1,0.6249587495168215,True,1749430800000,1749517200000,105651.3,109870.5,105635.452305,109886.98057500001,-399.3514514255856,3.0599027177150404,10.19970567707165,1.3781496105112114,-411.2329102098611,main,base
B,1749470400000,1,2.1171059139007236,True,1749474000000,1749560400000,107695.5,109645.0,107711.65432500001,109628.55325,181.0196340608475,3.0271529451103554,10.09049624055787,-1.971493621739776,165.9304912534395,main,base
B,1749499200000,1,1.2278120478417198,False,1749502800000,1749589200000,108637.3,109910.5,108653.595595,109894.013425,117.19731620723242,3.017579597431624,10.058589868304901,-2.4707123163253746,101.65043442517052,main,base
B,1749513600000,1,2.3271973070595644,True,1749517200000,1749603600000,109870.5,109782.6,109886.98057500001,109766.13261,-8.000327658470125,2.998799950852498,9.99600043619534,-2.6843221932396286,-23.679450238757592,main,base
B,1749772800000,-1,2.1377556099493993,True,1749776400000,1749862800000,103733.7,105756.2,103718.139945,105772.06343000001,-194.97039052882525,3.0292455585799622,10.097499818043703,0.564717990500766,-207.53241791494818,main,base
B,1750060800000,1,2.091134657691261,True,1750064400000,1750150800000,107135.1,106518.8,107151.17026500002,106502.82218,-57.52549817940179,2.991371175274651,9.971241565322664,-1.039275758644926,-71.52738667864404,main,base
B,1750104000000,1,1.2331447193949154,False,1750107600000,1750194000000,108748.6,104305.6,108764.91229000002,104289.95416000001,-408.5569837220892,2.9387164524429394,9.795752149912735,-0.9599440206273749,-422.25139634507235,main,base
F,1750118400000,-1,2.202087013920231,False,1750122000000,1750208400000,107206.5,104787.3,107190.419025,104803.018095,225.65795917225142,2.9661513061249285,9.887154096066936,0.6190485022046065,213.42370227226417,main,base
B,1750176000000,-1,1.4064364775653164,False,1750179600000,1750266000000,103574.2,104363.7,103558.66387,104379.35455500001,-76.22554651641046,3.011433831978299,10.038118490174195,0.8743508378595458,-88.40074800070342,main,base
P,1750291200000,1,1.1006786145972156,False,1750294800000,1750381200000,104899.9,104647.8,104915.634985,104632.10283,-24.03243473063285,2.996395134790619,9.987985585067289,-0.6546132449470929,-37.671428695437854,main,base
P,1750435200000,-1,1.3487258003572047,False,1750438800000,1750525200000,103630.4,103443.0,103614.85544,103458.51645000001,18.083496734548376,2.9972874754902907,9.990956895370472,1.3322895109812738,6.427541874668887,main,base
B,1750536000000,-1,0.8212038830831223,False,1750539600000,1750626000000,102724.6,99493.3,102709.19131000001,99508.22399500001,314.55951154835384,2.952816073267866,9.84269665226246,1.6821848207155514,303.4461836435391,main,base
B,1750608000000,-1,2.7220137715899098,True,1750611600000,1750698000000,99607.6,100643.0,99592.65886000001,100658.09645000001,-103.9478915263488,3.0155921837296735,10.051981741855041,0.10278356976968321,-116.91268188216384,main,base
P,1750608000000,-1,2.7220137715899098,True,1750611600000,1750698000000,99607.6,100643.0,99592.65886000001,100658.09645000001,-103.9478915263488,3.0155921837296735,10.051981741855041,0.10278356976968321,-116.91268188216384,main,base
F,1750636800000,1,2.9399939469551777,False,1750640400000,1750726800000,100849.8,105086.3,100864.92747000001,105070.53705500001,420.08015881042894,3.0630120238217295,10.210008573393305,-0.3376746746572078,406.46946353855674,main,base
B,1750852800000,1,1.4362074347006801,False,1750856400000,1750942800000,107177.9,107059.9,107193.976685,107043.841015,-11.009732416850863,2.9983485401377807,9.994495959521508,-0.49273706981924587,-24.4953139863294,main,base
F,1750867200000,-1,1.4150002285473118,False,1750870800000,1750957200000,107087.3,107149.0,107071.236905,107165.07235000002,-5.761654276463884,3.0008642481434977,10.002881259262304,0.4653565326448205,-18.300043251224864,main,base
B,1751198400000,1,1.341623118343179,False,1751202000000,1751288400000,108151.7,107526.9,108167.922755,107510.77096499999,-57.770705407312406,2.991334394190306,9.971118980099249,-1.3986226151101633,-72.13178139671213,main,base
F,1751212800000,-1,0.3346504817026744,True,1751216400000,1751302800000,107494.5,107551.8,107478.375825,107567.93277000001,-5.330505281665845,3.0007995757936965,10.00266565242873,0.8978125950432111,-17.43615791484506,main,base
P,1751241600000,1,0.9344193680041393,True,1751245200000,1751331600000,108665.6,107327.9,108681.89984000001,107311.800815,-123.10243536132975,2.9815346346963594,9.938458015001986,-0.8838707582566248,-136.90629876928472,main,base
F,1751356800000,1,0.9701402566206864,True,1751360400000,1751446800000,106666.1,107691.5,106682.09991500001,107675.346275,96.13176069997817,3.01441976410538,10.048058670467938,-0.6305156301767854,82.43876663522808,main,base
B,1751385600000,-1,1.2412870382885883,False,1751389200000,1751475600000,106041.2,109367.0,106025.29381999999,109383.40505000002,-313.63281441552937,3.047044922164326,10.156839929668848,0.946810233192382,-325.88988903417015,main,base
B,1751400000000,-1,0.7960237579844891,False,1751403600000,1751490000000,105860.0,109092.6,105844.121,109108.96389000001,-305.3655771774047,3.045804836577426,10.152705691006991,0.9484308832420179,-317.6156568217471,main,base
F,1751428800000,1,0.9205802986849625,True,1751432400000,1751518800000,106344.0,108738.5,106359.95160000001,108722.189225,225.1655006394343,3.03377482509782,10.11256586290717,-1.2629634647935004,210.75619648663582,main,base
B,1751486400000,1,2.0989437619320443,True,1751490000000,1751576400000,109092.6,109902.8,109108.96389000001,109886.31458,74.26718219200909,3.0111400773292654,10.03712802105734,-1.3452461786946954,59.87366791492779,main,base
F,1751558400000,-1,1.6566736421007076,False,1751562000000,1751648400000,109236.7,107593.2,109220.314495,107609.33898,150.45309863809507,2.9774320352044445,9.924762166698557,1.1996612395461217,138.7505656757382,main,base
B,1752091200000,1,2.615767490132206,True,1752094800000,1752181200000,110675.8,113426.0,110692.40137,113408.9861,248.49154015602298,3.0372737310242464,10.1242271332125,-2.0529257310993008,233.27711356068693,main,base
B,1752177600000,1,3.5389380978402003,True,1752181200000,1752267600000,113426.0,117619.5,113443.0139,117601.857075,369.71241161638426,3.0554568617422997,10.184828477377323,-3.0892336968979777,353.3828925803667,main,base
F,1752235200000,-1,1.930841705886489,False,1752238800000,1752325200000,117838.1,117493.9,117820.424285,117511.52408500001,29.209568042934468,2.9956185647954703,9.98539302526093,2.9878993991621554,19.216455852040227,main,base
B,1752480000000,1,4.9980981074335915,True,1752483600000,1752570000000,122560.0,116766.6,122578.384,116749.08501000001,-472.69908616187945,2.929095137075841,9.763685909350523,-2.9085043577886753,-488.3003715660945,main,base
P,1753243200000,-1,1.3001475191131227,False,1753246800000,1753333200000,118976.8,117905.7,118958.95348000001,117923.38585500001,90.02595463989667,2.9864961068048377,9.954980270733456,2.988583641571466,80.07306190392984,main,base
B,1753416000000,-1,3.855825778984768,True,1753419600000,1753506000000,116043.5,117469.0,116026.093475,117486.62035000001,-122.84186533498213,3.01842627980115,10.061430145807392,3.0039774924249962,-132.91774426816568,main,base
P,1753574400000,-1,0.3878467056475599,True,1753578000000,1753664400000,117927.2,119228.9,117909.51092,119246.784335,-110.38165919312908,3.0165572488794963,10.055199108221005,3.0195521164875454,-120.43386343374202,main,base
B,1754006400000,-1,2.421599831762296,True,1754010000000,1754096400000,115366.9,113762.6,115349.594965,113779.66439000002,139.06068378364924,2.979140897433466,9.930459228556892,1.1944036470778272,127.34548730473671,main,base
F,1754020800000,1,2.4360160128675625,False,1754024400000,1754110800000,115648.4,113969.6,115665.74726,113952.50456,-145.16413543118526,2.9782253796865463,9.927428819594565,-1.1914963467896051,-159.26128597725597,main,base
F,1754049600000,1,1.4924324646686185,False,1754053200000,1754139600000,115674.9,113574.1,115692.251235,113557.06388500001,-181.6124327749571,2.9727581350841468,9.90920740454498,-1.1252235882672783,-195.6196219028535,main,base
B,1754078400000,-1,1.97591567964843,True,1754082000000,1754168400000,113900.1,112750.2,113883.014985,112767.11253000001,100.95689117042114,2.9848564663262085,9.949513982647952,1.0070568820436379,89.02957760349064,main,base
P,1754078400000,-1,1.97591567964843,False,1754082000000,1754168400000,113900.1,112750.2,113883.014985,112767.11253000001,100.95689117042114,2.9848564663262085,9.949513982647952,1.0070568820436379,89.02957760349064,main,base
B,1754164800000,-1,1.5057519466332463,True,1754168400000,1754254800000,112750.2,114370.1,112733.28747,114387.25551500001,-143.6715855049489,3.021550737826386,10.071846568121387,1.77709282185446,-154.9878899890422,main,base
F,1754193600000,1,0.9806222800103906,True,1754197200000,1754283600000,113424.3,114336.5,113441.31364500002,114319.349525,80.42368346112757,3.012063552520565,10.040205809954305,-1.6292557744244134,65.74215832422828,main,base
B,1754568000000,1,2.8948576433414486,True,1754571600000,1754658000000,116323.8,116450.4,116341.24857000001,116432.93243999999,10.883413368544637,3.001632512006343,10.00544089042827,-1.0453087528322018,-3.168968786722178,main,base
B,1754596800000,1,1.4191809290854362,False,1754600400000,1754686800000,117120.4,116850.0,117137.96806,116832.4725,-23.08735284373979,2.996536897073573,9.988458055129595,-1.2041369080037059,-37.276484703946664,main,base
F,1754625600000,-1,1.2892628418324104,False,1754629200000,1754715600000,116700.0,116383.9,116682.495,116401.357585,27.086546700943085,2.995937017996202,9.986454695158525,1.8496487493586737,15.953803737147032,main,base
B,1754798400000,1,2.2239839131292687,True,1754802000000,1754888400000,118460.4,122069.8,118478.16906,122051.48953,304.6925386036185,3.045703880790771,10.152323417361416,-3.0035235323365446,288.4909877731298,main,base
P,1754798400000,1,2.2239839131292687,True,1754802000000,1754888400000,118460.4,122069.8,118478.16906,122051.48953,304.6925386036185,3.045703880790771,10.152323417361416,-3.0035235323365446,288.4909877731298,main,base
B,1754870400000,1,1.5403360306912681,True,1754874000000,1754960400000,119093.0,118907.9,119110.86395000001,118890.063815,-15.542475208451028,2.997668628719271,9.992229928081416,-3.026647731884578,-31.559021497136293,main,base
B,1754884800000,1,3.7890597174545086,True,1754888400000,1754974800000,122069.8,119024.0,122088.11047000001,119006.1464,-249.5129835553104,2.9625730524678056,9.875262221696111,-2.9528397550690673,-265.3036585845434,main,base
F,1754899200000,-1,2.0741639959363853,False,1754902800000,1754989200000,121673.2,118761.3,121654.94902,118779.11419500002,239.32139534424954,2.964101790699237,9.880321353223225,2.7444160084506692,229.22138820877774,main,base
B,1755115200000,1,1.4857893402202689,False,1755118800000,1755205200000,122905.5,117811.3,122923.93582500001,117793.628305,-414.4810443796248,2.9378278433434653,9.792790563888518,-2.9556838294344026,-430.1673466162911,main,base
F,1755144000000,-1,2.1225294667570327,False,1755147600000,1755234000000,123057.0,118781.8,123038.54145,118799.61727000002,347.4162380035266,2.947887564300271,9.826265824780387,2.1361932088232565,336.7782778232692,main,base
B,1755489600000,-1,3.360460675521748,True,1755493200000,1755579600000,115414.6,115256.3,115397.28781000001,115273.58844500002,13.715769062146634,2.9979426346415257,9.993141086786247,1.1831544199780617,1.9078397606969228,main,base
B,1755619200000,-1,1.5749269691392422,True,1755622800000,1755709200000,113339.0,113797.1,113321.99915,113814.16956500002,-40.41856730692928,3.006062785096854,10.020212315046015,1.082174100800073,-52.362668306272084,main,base
P,1755619200000,-1,1.5749269691392422,False,1755622800000,1755709200000,113339.0,113797.1,113321.99915,113814.16956500002,-40.41856730692928,3.006062785096854,10.020212315046015,1.082174100800073,-52.362668306272084,main,base
F,1755662400000,1,1.3719480125211825,False,1755666000000,1755752400000,113579.1,113757.4,113596.13686500002,113740.33639,15.698310692723252,3.002354746605126,10.00784797797306,-0.7435322987429144,1.9445756694021512,main,base
P,1755748800000,-1,0.8775763637803574,False,1755752400000,1755838800000,113757.4,112805.1,113740.33639,112822.02076500002,83.71323535875366,2.987443014697466,9.958137103827973,2.232357197158163,73.00001243738639,main,base
B,1755806400000,-1,0.9864354481621126,False,1755810000000,1755896400000,112400.1,117015.7,112383.23998500001,117033.252355,-410.64020405675717,3.061596030609,10.205350900043683,2.3428497279806693,-421.56430125942916,main,base
P,1755864000000,-1,0.9750117537076045,False,1755867600000,1755954000000,112300.0,115175.8,112283.155,115193.07637000001,-256.08192341941253,3.0384122885136264,10.128060167853961,2.6795363607301868,-266.56885951504995,main,base
B,1755878400000,1,3.9238441366824763,True,1755882000000,1755968400000,116105.7,114967.9,116123.11585500001,114950.654815,-97.99691143501163,2.985300463285293,9.951008894050853,-2.963924475934891,-113.89714526828267,main,base
P,1755921600000,-1,1.432859795364789,False,1755925200000,1756011600000,115890.8,115140.0,115873.41638000001,115157.27100000001,64.78512530761742,2.9902822312039574,9.967602578461793,2.956301328712492,54.783541826664155,main,base
F,1756180800000,1,2.0037795931774776,False,1756184400000,1756270800000,110041.1,111521.3,110057.60616500002,111504.571805,134.5133772744908,3.0201770065926956,10.06724660013395,-1.5699459691381836,119.85600769862596,main,base
P,1756339200000,-1,2.0018149841339072,True,1756342800000,1756429200000,111286.9,112160.7,111270.20696499999,112177.524105,-78.51777702496906,3.01177766655472,10.03926477734576,2.1760425715095337,-89.39277689736001,main,base
B,1756483200000,-1,2.014767564594793,True,1756486800000,1756573200000,108648.0,108762.1,108631.7028,108778.41431500002,-10.501803990870133,3.001575270599682,10.005251689630738,2.352230417955232,-21.15640053314532,main,base
F,1756512000000,1,1.633604810195346,False,1756515600000,1756602000000,108259.4,109339.9,108275.63891000001,109323.499015,99.80657568765392,3.0149709863545158,10.049895802350651,-1.4840989455490021,85.25760995339975,main,base
F,1756526400000,1,0.9615150560200377,True,1756530000000,1756616400000,108373.8,108774.9,108390.05607,108758.583765,37.0107904308967,3.0055516185641022,10.018502619406167,-1.482532322256557,22.504203870669873,main,base
F,1756713600000,1,1.9985378903667355,False,1756717200000,1756803600000,109552.1,110314.0,109568.53281500001,110297.4529,69.54681836313445,3.010432022754792,10.03476819317019,-2.070563767119007,54.43105438009046,main,base
B,1756785600000,1,1.7020096784635932,True,1756789200000,1756875600000,110272.1,110966.7,110288.64081500002,110950.054995,62.98964107874895,3.0094484461630215,10.031490096316293,-1.5957680834589172,48.352934452810715,main,base
F,1756814400000,-1,1.4689848496408413,False,1756818000000,1756904400000,108749.5,111051.0,108733.187575,111067.65765000001,-211.63315693405485,3.0317449735405426,10.105832450953796,1.2494727316061016,-223.52126162694307,main,base
B,1756915200000,1,1.4778435282621514,False,1756918800000,1757005200000,111809.9,109384.8,111826.671485,109368.39228,-216.89492612013706,2.967465761082663,9.891568804059391,-1.3910424470837714,-231.14500313236286,main,base
B,1757059200000,1,2.289845784832646,True,1757062800000,1757149200000,112589.0,110906.5,112605.88835000001,110889.864025,-149.43733402019734,2.9775843998974834,9.925292540789954,-1.458128707511391,-163.79833966839618,main,base
F,1757088000000,-1,3.0506420471685844,False,1757091600000,1757178000000,110767.3,110206.2,110750.684905,110222.73093,50.655744068872835,2.992401638390491,9.974668328784759,1.2045417928395834,38.89321589453717,main,base
B,1757404800000,1,2.745314048433217,True,1757408400000,1757494800000,112965.9,112333.0,112982.844885,112316.15005,-56.02575644508601,2.9915961365339343,9.97199132370919,-2.0546046448214077,-71.04394855015053,main,base
B,1757520000000,1,2.213973002452889,True,1757523600000,1757610000000,113724.0,114428.5,113741.0586,114411.335725,61.94822552847244,3.009292233829864,10.030969466647322,-1.3484907782833306,47.559473049711926,main,base
B,1757563200000,1,0.7170673441352631,False,1757566800000,1757653200000,114103.0,115314.5,114120.11545000001,115297.202825,106.17599887820653,3.0159263998327615,10.053080036239189,-1.3815723343482835,91.7254201077863,main,base
B,1757635200000,1,1.3404409332447749,False,1757638800000,1757725200000,115795.1,116155.0,115812.46926500002,116137.57675000001,31.08076248476785,3.00466211437343,10.015538050185198,-0.9034801431148641,17.157082177094356,main,base
F,1757649600000,-1,2.0956114269790267,False,1757653200000,1757739600000,115314.5,115650.0,115297.202825,115667.34750000002,-29.094346331120544,3.0043641519512065,10.014549355241536,0.907245606753704,-41.206014231559585,main,base
B,1757707200000,1,1.6163115324699733,True,1757710800000,1757797200000,116088.3,115837.2,116105.71324500002,115819.82442,-21.63008675292909,2.996755486987969,9.989186578880043,-0.3818399442165713,-34.99786876301367,main,base
F,1758081600000,-1,0.8134081250831192,True,1758085200000,1758171600000,116264.8,117567.3,116247.36028000001,117584.93509500001,-112.02874816797518,3.0168043122251915,10.056022776240102,1.9729139845421833,-123.12866127189828,main,base
B,1758096000000,1,1.5120881356570866,True,1758099600000,1758186000000,116801.0,117187.1,116818.52015000001,117169.52193500001,33.05622383370055,3.0049584335755206,10.016525632700063,-2.0120954459344316,18.022644321490535,main,base
P,1758096000000,1,1.5120881356570866,True,1758099600000,1758186000000,116801.0,117187.1,116818.52015000001,117169.52193500001,33.05622383370055,3.0049584335755206,10.016525632700063,-2.0120954459344316,18.022644321490535,main,base
B,1758168000000,1,2.1056887350810793,True,1758171600000,1758258000000,117567.3,116929.4,117584.93509500001,116911.86059,-54.25828440391237,2.9918612573396413,9.972874927169375,-1.2864914641261205,-68.5095120525475,main,base
P,1758441600000,1,0.3625788334506352,True,1758445200000,1758531600000,115583.1,112568.2,115600.43746500001,112551.31477,-260.84263183804626,2.9608736052246414,9.869598247278367,-1.2076210164966923,-274.880724707046,main,base
F,1758700800000,1,1.5521574858760636,False,1758704400000,1758790800000,112574.4,111678.7,112591.28616,111661.948195,-79.5651586861664,2.9880652261972274,9.960223388043818,-0.6412913582186791,-93.15473865862613,main,base
F,1758816000000,1,1.6692602957857319,False,1758819600000,1758906000000,110908.0,109408.5,110924.63620000001,109392.08872500001,-135.20214952933964,2.9797196775705443,9.932409065396545,-1.4964558795036613,-149.61073415181036,main,base
B,1758830400000,-1,3.3924862750278613,True,1758834000000,1758920400000,109126.9,109233.8,109110.530965,109250.18507,-9.795934824503284,3.001469390223674,10.004898702107363,1.5208800825826823,-21.28142283425164,main,base
B,1759104000000,1,2.9889129431117425,True,1759107600000,1759194000000,112211.2,114465.8,112228.03168000001,114448.63013,200.9246848799412,3.0301387027333644,10.100447273088605,-0.3727828406730059,187.42131606344623,main,base
B,1759161600000,1,1.925009513608053,True,1759165200000,1759251600000,113580.2,112798.6,113597.23703,112781.68021,-68.81481103220378,2.9896777783457593,9.965597755594725,-1.0836438373567752,-82.85373040350105,main,base
B,1759176000000,1,1.1706029355250676,False,1759179600000,1759266000000,114190.3,114569.8,114207.42854500002,114552.61453,33.233996232604696,3.00498509943584,10.016614505566587,-1.077854106484964,19.134542521117307,main,base
B,1759320000000,1,3.958049038086343,True,1759323600000,1759410000000,116373.8,119360.0,116391.25607000002,119342.096,256.6041497312967,3.03849062246053,10.128282829554418,-2.8193060388362325,240.61807024044543,main,base
B,1759334400000,1,1.2839563688688498,False,1759338000000,1759424400000,117480.0,119694.0,117497.62200000002,119676.0459,188.45760980592442,3.0282686414726108,10.094214670582227,-2.7674849463772104,172.56764154749237,main,base
B,1759363200000,1,1.9498082980994942,True,1759366800000,1759453200000,118397.0,120097.2,118414.75955000002,120079.18542,143.60161152731885,3.02154024173077,10.071790035642795,-2.9766949132190406,127.53158633672626,main,base
B,1759420800000,1,1.7094416152006924,True,1759424400000,1759510800000,119694.0,122527.0,119711.95410000002,122508.62095,236.68688488980234,3.0355030327351744,10.118325690928534,-3.0197924347824454,220.51326373135618,main,base
B,1759435200000,1,2.1640151024904184,True,1759438800000,1759525200000,120598.9,122402.3,120616.989835,122383.93965500001,149.53701899436967,3.02243055284914,10.07475729422076,-2.997133768955189,133.44269737834458,main,base
P,1759492800000,1,1.3327697975426673,True,1759496400000,1759582800000,120320.6,121954.9,120338.64809000002,121936.60676499999,135.82877744957955,3.020374316618749,10.067904201566481,-3.0476765168553848,119.69282241453894,main,base
B,1759507200000,1,1.504072194807887,True,1759510800000,1759597200000,122527.0,121668.4,122545.37905000002,121650.14974,-70.07435095938085,2.9894888473575985,9.964968080096632,-2.8209890391008794,-85.84979692593595,main,base
P,1759708800000,1,1.099700319896756,True,1759712400000,1759798800000,123295.9,124850.4,123314.394385,124831.67244,126.07880716228198,3.0189118210753203,10.063029947670605,-2.5728127336885813,110.42405265984746,main,base
P,1760011200000,1,1.3953460819202823,True,1760014800000,1760101200000,123500.0,121534.8,123518.52500000001,121516.56978,-159.12550607287426,2.976131174089585,9.920449181376519,-0.5996028174075447,-172.6216892457479,main,base
P,1760054400000,1,0.9125623524742622,False,1760058000000,1760144400000,121682.2,112463.3,121700.45233000001,112446.43050500001,-757.6210818016107,2.88635683773052,9.621246280680332,-1.4106953067909689,-771.5393802268126,main,base
B,1760112000000,-1,2.3867672590342868,True,1760115600000,1760202000000,118150.0,111803.8,118132.2775,111820.57057000001,537.1307659754547,2.919430385104643,9.731394332204825,1.9320116776904783,526.4119529358358,main,base
B,1760126400000,-1,3.0786300416218997,True,1760130000000,1760216400000,114200.4,110184.8,114183.26994,110201.32772000002,351.62748992122545,2.947255876512573,9.824159882977645,1.9988299490993904,340.85490411083464,main,base
F,1760616000000,1,1.9047467598783498,False,1760619600000,1760706000000,111470.8,105283.8,111487.52062000001,105268.00743,-555.0332463748354,2.916745013044887,9.722525004306062,0.3800718393473471,-567.292444552839,main,base
B,1760630400000,-1,1.4785117950441018,False,1760634000000,1760720400000,109182.9,106331.1,109166.52256499999,106347.04966500001,261.194747529145,2.9608207878715005,9.869383036629364,-0.11798818031795084,248.2465555243262,main,base
B,1760688000000,-1,3.1487878252527555,True,1760691600000,1760778000000,104845.2,106663.3,104829.47322,106679.29949500001,-173.408033939561,3.026011205091714,10.086717022572326,-1.1671133315085445,-187.68787549873355,main,base
B,1760932800000,1,1.7332744783284095,True,1760936400000,1761022800000,110369.2,107743.5,110385.75538,107727.338475,-237.90151600265267,2.964314772600364,9.881067084612374,0.625986652690321,-250.12091120717506,main,base
B,1760947200000,1,1.778060378595575,True,1760950800000,1761037200000,111031.4,107649.7,111048.05471000001,107633.552545,-304.57149959380837,2.954314275062327,9.847737093065566,0.3394717301254447,-317.0340792318108,main,base
B,1761062400000,1,1.9525043887661648,True,1761066000000,1761152400000,112507.5,108177.5,112524.37612500001,108161.273375,-384.8632313401329,2.942270515299467,9.807597249072286,-0.37930462325240877,-397.99240372775705,main,base
F,1761076800000,-1,1.5039494948351317,False,1761080400000,1761166800000,110733.0,107644.4,110716.39005,107660.54666,278.9231755664532,2.958161523666051,9.860517492978609,0.38538299242836715,266.48987954223685,main,base
B,1761480000000,1,1.2347888734550372,False,1761483600000,1761570000000,113530.7,115016.3,113547.72960500001,114999.04755500001,130.8544737238479,3.0196281710593604,10.065417422776395,-2.7172541584475733,115.05217397156456,main,base
P,1761724800000,1,0.7254106003544999,False,1761728400000,1761814800000,113005.3,110649.6,113022.25079500001,110633.00256000001,-208.45924925645053,2.9687311126123554,9.895786009815469,-0.9399858211702794,-222.26375220004866,main,base
F,1761811200000,1,2.7422845376949856,False,1761814800000,1761901200000,110649.6,110013.0,110666.19744000002,109996.49805,-57.53296893978883,2.9913700546606217,9.971237830502776,-1.3561571361306324,-71.85173396108287,main,base
B,1761840000000,-1,1.3291900136298187,False,1761843600000,1761930000000,108100.0,108812.8,108083.785,108829.12192000002,-65.93894542090683,3.009890841814357,10.032974418131362,2.0525420405756707,-76.92926864027689,main,base
B,1761854400000,-1,1.4594122296150265,False,1761858000000,1761944400000,107441.2,109455.4,107425.08382,109471.81831,-187.46998358171697,3.028120497537766,10.093749052039627,2.0651276659812994,-198.52672546531306,main,base
P,1762099200000,-1,0.3450302300870551,False,1762102800000,1762189200000,110068.2,106644.1,110051.68977,106660.09661500002,311.08894303713436,2.953336658545411,9.844432196810706,1.7929035605347285,300.08407774231296,main,base
P,1762142400000,-1,1.6891711064706487,True,1762146000000,1762232400000,107843.8,106702.7,107827.62343,106718.705405,105.81044065583795,2.984128433901579,9.94708684388903,2.1930235844767982,95.07224896252413,main,base
F,1762171200000,1,1.047222134042491,False,1762174800000,1762261200000,107717.1,103907.3,107733.25756500002,103891.71390500001,-353.68571935189516,2.9469471420978994,9.823183666753005,-2.0752866671615404,-368.5311368279076,main,base
B,1762185600000,-1,1.3067593121656915,False,1762189200000,1762275600000,106644.1,102227.4,106628.10338500001,102242.73411,414.15324429574736,2.9378770133563017,9.792892316358804,2.181064512854498,403.6035394788868,main,base
B,1762243200000,-1,2.101331995901316,True,1762246800000,1762333200000,104018.5,101650.7,104002.89722500001,101665.94760500001,227.63258458831868,2.9658551123120884,9.886166635261997,1.6016129087614224,216.38217574950605,main,base
F,1762257600000,1,1.6090471831237343,False,1762261200000,1762347600000,103907.3,102622.6,103922.88609500001,102607.20661000001,-123.63905134672896,2.9814541422983254,9.938189747255487,-1.6033269303504183,-138.1620221666332,main,base
B,1762272000000,-1,1.2392143959251003,False,1762275600000,1762362000000,102227.4,103865.1,102212.06589,103880.67976500002,-160.20166804594578,3.024030250208156,10.080112849148078,1.2755765650892033,-172.0302345802128,main,base
B,1762286400000,-1,3.345275739812604,True,1762290000000,1762376400000,100710.0,103788.0,100694.8935,103803.56820000001,-305.6300268096515,3.0458445040217668,10.152837935656837,1.294795707973389,-317.53391354135664,main,base
F,1762300800000,1,4.25383124480239,False,1762304400000,1762390800000,100523.0,103631.5,100538.07845000002,103615.955275,309.23271291147296,3.046384906938231,10.15459316400227,-0.9891843563552973,295.0425504841772,main,base
B,1762718400000,1,0.7854001713233114,False,1762722000000,1762808400000,104585.4,105956.7,104601.08781,105940.806495,131.11772771342874,3.0196676591573097,10.065549030027137,-2.1360967463874294,115.89641427785686,main,base
P,1762920000000,1,0.7671039173808285,False,1762923600000,1763010000000,103200.0,102067.2,103215.48000000001,102051.88992,-109.76744186046541,2.983534883721524,9.945124511627908,-0.747402072890973,-123.44350332870582,main,base
B,1763064000000,-1,3.575815543176847,True,1763067600000,1763154000000,98132.1,94336.6,98117.380185,94350.75049000002,386.77456204442785,2.941983815695227,9.806583710885633,2.668338145430096,376.69433266327707,main,base
F,1763136000000,1,2.3492149080429168,False,1763139600000,1763226000000,96972.6,96111.4,96987.14589000001,96096.98328999999,-88.80859129279936,2.98667871130747,9.955602364997947,-2.4101048514928958,-104.16097722059769,main,base
P,1763294400000,-1,1.0661458573707734,True,1763298000000,1763384400000,95713.6,95283.4,95699.24296,95297.69251000001,44.94659066214327,2.993258011402398,9.97752333367463,2.6374501513513056,34.613259468417546,main,base
B,1763409600000,-1,2.0151136345163914,True,1763413200000,1763499600000,91880.0,92756.9,91866.21800000001,92770.81353500001,-95.43970396168852,3.0143159555949284,10.047727009958644,2.364196718795645,-106.13755020844646,main,base
F,1763424000000,1,1.9552533975363642,False,1763427600000,1763514000000,92120.2,92377.6,92134.01803,92363.74336000001,27.9417543600653,3.0041912631548358,10.013968781548455,-2.1135777252214374,12.81001659014057,main,base
F,1763452800000,1,3.04674955573073,False,1763456400000,1763542800000,91180.0,91435.4,91193.67700000001,91421.68469,28.01052862469776,3.0042015792948216,10.014003163522702,-1.6480124174482644,13.344311464431973,main,base
B,1763582400000,-1,1.6070906577397726,True,1763586000000,1763672400000,89472.8,86432.8,89459.37908,86445.76492000002,339.76806359027546,2.9490347904633807,9.830090485600095,2.3705546727139835,329.35949298692594,main,base
F,1763596800000,1,2.588566278763087,False,1763600400000,1763686800000,91850.1,87249.9,91863.87751500001,87236.812515,-500.83777807536535,2.9248743332892655,9.749618673795673,-2.2876168960293386,-515.7998879784797,main,base
B,1763668800000,-1,3.383966467542532,True,1763672400000,1763758800000,86432.8,84529.0,86419.83508,84541.67935,220.26360363195485,2.966960459455707,9.88985167841375,1.1212206410861412,208.52801213517154,main,base
B,1763697600000,-1,1.9328912709756785,True,1763701200000,1763787600000,86016.7,84206.7,86003.79749499999,84219.331005,210.42425482493516,2.9684363617772354,9.89477209076842,0.8323562640856471,198.39340263647517,main,base
B,1764014400000,1,1.424641974518346,False,1764018000000,1764104400000,89018.6,87330.6,89031.95279000001,87317.50041000001,-189.62329221084133,2.971556506168649,9.905202575641496,0.6234063992980341,-201.87664489335342,main,base
F,1764028800000,-1,1.363460587854623,False,1764032400000,1764118800000,88058.0,87536.7,88044.7913,87549.830505,59.19961843330565,2.9911200572362686,9.970395750811964,0.3003681476981081,46.53847077295553,main,base
B,1764187200000,1,1.5037761314425881,True,1764190800000,1764277200000,89811.0,91387.6,89824.47165,91373.89186,175.5464252708472,3.0263319637916553,10.087760046653528,-0.45131339576543167,161.98101986463658,main,base
B,1764201600000,1,1.0685723068392576,False,1764205200000,1764291600000,90426.5,91173.2,90440.06397500001,91159.52402,82.57535125212156,3.012386302689127,10.041281482474718,-0.8869767571878621,68.63470670976984,main,base
F,1764244800000,-1,1.0070689532688428,False,1764248400000,1764334800000,90954.7,91468.6,90941.056795,91482.32029000002,-56.500653622078765,3.008475098044668,10.028254564360063,1.2401366820709543,-68.29724660241254,main,base
B,1764561600000,-1,3.2930634623766495,True,1764565200000,1764651600000,85767.7,86924.8,85754.834845,86937.83872000001,-134.91092800669784,3.0202366392014257,10.06746558232295,0.36367769871969563,-147.63495252950253,main,base
F,1764576000000,1,1.9260823956076778,False,1764579600000,1764666000000,86811.0,86438.1,86824.02165000001,86425.13428500001,-42.955385838199554,2.9935566921252073,9.978525528734838,-0.3099174097194677,-56.237385468779074,main,base
B,1764734400000,1,1.2564396116541838,False,1764738000000,1764824400000,93302.1,93317.8,93316.09531500001,93303.80233,1.6827059626736256,3.0002524058948734,10.00084122677839,-0.2919886940891154,-11.610376364088753,main,base
P,1765080000000,1,0.2360664566344307,False,1765083600000,1765170000000,89495.2,91247.8,89508.62428,91234.11283,195.83173175768152,3.029374759764909,10.097901178498958,-0.6331772811452577,182.0712785382724,main,base
F,1765123200000,1,0.9214370677895894,True,1765126800000,1765213200000,89849.3,89929.3,89862.77739500001,89915.810605,8.903797803655676,3.0013355696712,10.004451231116994,-0.9522422737848965,-5.054231270917413,main,base
B,1765296000000,1,1.0840358052555878,False,1765299600000,1765386000000,94146.9,92126.7,94161.022035,92112.880995,-214.579555991753,2.967813066601785,9.892726315470822,-0.7831692053725104,-228.22326457919814,main,base
B,1765814400000,-1,1.7174704161178482,True,1765818000000,1765904400000,86360.6,87539.1,86347.64591,87552.23086500002,-136.46269247781973,3.020469403873178,10.068241580940846,1.2977145047828498,-148.2536889578509,main,base
F,1765987200000,-1,1.9884507821450257,False,1765990800000,1766077200000,86945.8,87984.6,86932.75813,87997.79769000002,-119.47673148099193,3.0179215097240295,10.059747326495359,1.3814770387714157,-131.1729232784399,main,base
B,1766088000000,-1,2.2285904736241973,True,1766091600000,1766178000000,84557.4,88065.0,84544.71639,88078.20975000001,-414.8188094714367,3.062222821420934,10.207440516146429,2.6347037163037337,-425.45376909270027,main,base
P,1766088000000,-1,2.2285904736241973,False,1766091600000,1766178000000,84557.4,88065.0,84544.71639,88078.20975000001,-414.8188094714367,3.062222821420934,10.207440516146429,2.6347037163037337,-425.45376909270027,main,base
F,1766102400000,1,1.7018401373728185,False,1766106000000,1766192400000,85572.8,87967.4,85585.63592000002,87954.20489,279.831909204793,3.0419747863822186,10.139894967209207,-3.0845098811382825,263.5655295700633,main,base
B,1766404800000,1,1.6766599709929622,True,1766408400000,1766494800000,90171.2,87737.3,90184.72568,87724.13940500001,-269.9198857284803,2.9595120171407308,9.86506030112719,-1.4282786162117158,-284.17273666295995,main,base
P,1766678400000,1,0.3640802935251383,False,1766682000000,1766768400000,88042.1,86821.7,88055.30631500001,86808.676745,-138.6155032649163,2.979207674509794,9.930702644530287,-1.9679504076294894,-153.49336399158585,main,base
F,1766736000000,-1,1.9814633907974784,False,1766739600000,1766826000000,88707.4,87545.7,88694.09388999999,87558.83185500001,130.95863479258745,2.980356204783274,9.9345108607061,1.434947614151126,119.4787153412492,main,base
B,1766980800000,1,2.8473365382762457,True,1766984400000,1767070800000,90100.1,87262.1,90113.61501500002,87249.010685,-314.9830022386213,2.952752549666037,9.842532122605858,-2.4316121763839944,-330.2098990872771,main,base
F,1766995200000,-1,2.3000218448082856,False,1766998800000,1767085200000,89519.0,87827.0,89505.57215,87840.17405,189.01015426892616,2.9716484768590137,9.905480747103967,1.897358605473872,178.03038365043702,main,base
P,1641153600000,-1,1.5091230967933906,True,1641157200000,1641243600000,47012.47,45904.75,46998.366259,45918.521425,235.62259119761228,5.929313222640289,19.76430672202503,2.9996829922701367,212.9286542452171,main,cost_x2
P,1641225600000,-1,1.1296833338329717,True,1641229200000,1641315600000,46484.0,46767.95,46470.0548,46781.980384999995,-61.08553480767514,6.018325660442333,20.061103860468116,3.009171039202091,-84.1557932893835,main,cost_x2
B,1641412800000,-1,2.9976141758226444,True,1641416400000,1641502800000,43958.56,43209.99,43945.372432,43222.95299699999,170.28992760454386,5.94891302171779,19.829658985417172,2.948055692031996,147.45941128944088,main,cost_x2
B,1641528000000,-1,1.8465612135159124,True,1641531600000,1641618000000,41679.99,41880.01,41667.486003,41892.574003,-47.98945489190474,6.014396836467403,20.04800385172837,2.9885273345070384,-71.06332824559348,main,cost_x2
F,1641542400000,1,3.438038387537247,False,1641546000000,1641632400000,42089.3,41948.86,42101.926790000005,41936.275342,-33.367150320865946,5.989989854904176,19.96664285982423,-2.9643363040012543,-62.28811933959561,main,cost_x2
P,1641816000000,-1,1.1124688294227805,True,1641819600000,1641906000000,40931.6,41796.79,40919.32052,41809.329036999996,-211.37458589451728,6.063412375766505,20.211437998270284,2.7844264798559113,-234.86500978869816,main,cost_x2
B,1641931200000,1,1.967315470800481,True,1641934800000,1642021200000,42774.08,43794.97,42786.912224,43781.831509,238.67024141723198,6.071601072424196,20.238598640344808,0.0627188354761777,212.42276053993916,main,cost_x2
F,1642089600000,-1,1.8590226065496487,False,1642093200000,1642179600000,43224.79,43183.62,43211.822563,43196.575086000004,9.5246269559663,5.997142611913463,19.99047251565595,-1.5096099213469538,-17.97259809295007,main,cost_x2
P,1642320000000,1,0.7503934196235518,False,1642323600000,1642410000000,43063.92,42770.0,43076.839175999994,42757.169,-68.25203093448025,5.979524390718286,19.931768444674805,-1.1964670578758276,-95.35979082774917,main,cost_x2
F,1642464000000,1,1.3063380871139154,False,1642467600000,1642554000000,42337.99,42242.57,42350.691396999995,42229.897229,-22.537678335697624,5.993238696498069,19.977469082967804,-2.472130587113327,-50.98051670227682,main,cost_x2
F,1642593600000,1,1.8399705480654747,False,1642597200000,1642683600000,42075.64,42019.9,42088.262692,42007.294030000005,-13.247570328103853,5.99602572890016,19.986756403942998,-2.987081936936432,-42.217434397883444,main,cost_x2
B,1642694400000,1,1.7210704848276839,True,1642698000000,1642784400000,43257.23,38704.37,43270.207169,38692.758689,-1052.5084477207627,5.6842474656834305,18.94780730481356,-2.0879860533644563,-1079.2284885446238,main,cost_x2
F,1642708800000,-1,1.0565595690451468,False,1642712400000,1642798800000,42715.35,38337.36,42702.535395,38348.861208,1024.921954285754,5.692523413714524,18.97477056912796,2.1144739056844566,1002.3691342085958,main,cost_x2
B,1642723200000,-1,4.208655861553183,True,1642726800000,1642813200000,40884.57,36468.67,40872.304629,36479.610601,1080.089627945213,5.675973111617265,18.919586345166405,1.1203039517102824,1056.6143724401397,main,cost_x2
B,1642737600000,-1,7.101975589963081,True,1642741200000,1642827600000,38820.0,36258.38,38808.354,36269.257514,659.8712004121593,5.802038639876463,19.339930838227716,1.1798852481961786,635.9091161822513,main,cost_x2
F,1642780800000,1,2.3705245272873205,False,1642784400000,1642870800000,38704.37,35085.03,38715.981311,35074.504491,-935.1243800118704,5.7194626859963655,19.065156157302134,-1.1779494823153995,-961.0869483374843,main,cost_x2
B,1642838400000,-1,3.833834135273988,True,1642842000000,1642928400000,35583.23,35820.2,35572.555031,35830.946059999995,-66.59597793679603,6.019978793380297,20.066615956730175,1.8382251820652231,-90.84434750484128,main,cost_x2
F,1643040000000,1,2.806807664986054,False,1643043600000,1643130000000,34385.57,36805.52,34395.885671,36794.478343999996,703.7690519598766,6.211130715587352,20.70355792124429,-0.854406539808123,675.9999567832368,main,cost_x2
F,1643184000000,-1,2.106218526539805,False,1643187600000,1643274000000,37571.86,36420.01,37560.588442,36430.936003,306.5725252888727,5.908028242413567,19.693335502953545,-1.8741295076845705,279.09703203582103,main,cost_x2
B,1643198400000,1,1.314792482363786,False,1643202000000,1643288400000,37736.7,36650.16,37748.02101,36639.16495200001,-287.92660725500474,5.913622017822625,19.712159770727176,1.8659430073269154,-311.68644603622766,main,cost_x2
F,1643227200000,-1,2.821206668948858,False,1643230800000,1643317200000,36998.47,35574.01,36987.370459000005,35584.682203000004,385.005109670751,5.884498467098194,19.61487938879635,-2.227026159711327,357.2787056551451,main,cost_x2
P,1643385600000,1,1.1655910614883198,False,1643389200000,1643475600000,37082.53,37519.06,37093.654759,37507.804282,117.7185051828985,6.035315551554544,20.117683189631347,-0.11657977850648683,91.44892666320612,main,cost_x2
F,1643745600000,-1,1.3348917591239904,False,1643749200000,1643835600000,38491.19,37539.98,38479.64264300001,37551.241994,247.12408216009925,5.925862775350993,19.752801780615254,0.9504825369590189,222.395900141092,main,cost_x2
F,1643904000000,1,1.0100266593548486,False,1643907600000,1643994000000,36668.57,40249.04,36679.570571,40236.965288,976.4411320103296,6.292932339602638,20.976148199670725,-0.3404494865542282,948.8316019845022,main,cost_x2
B,1643990400000,1,2.2836020054411317,True,1643994000000,1644080400000,40249.04,41276.9,40261.114712,41264.516930000005,255.3750350318916,6.0766125105089905,20.255298422521385,-2.8348033068102994,226.2083207920509,main,cost_x2
B,1644004800000,1,1.9969877433643173,True,1644008400000,1644094800000,40568.01,41631.01,40580.180403,41618.520697,262.0291209748765,6.0786087362921055,20.261950512238585,-2.812514384805663,232.87604734154013,main,cost_x2
B,1644019200000,1,1.148958738568236,False,1644022800000,1644109200000,41465.14,41462.86,41477.579542,41450.421142,-0.5498594723179123,5.999835042158647,19.99945030548552,-3.0022976395893033,-29.551442459551385,main,cost_x2
B,1644206400000,1,1.7451890875725677,True,1644210000000,1644296400000,42783.5,44338.06,42796.33505,44324.758582,363.3550317295214,6.109006509518148,20.363246025220008,-0.5653406829096758,336.31743851187355,main,cost_x2
B,1644249600000,1,1.1800969014543121,False,1644253200000,1644339600000,43776.5,43009.26,43789.63295,42996.357222000006,-175.2629835642406,5.947421104929651,19.82478959533083,-3.0173703301792054,-204.05256459468032,main,cost_x2
P,1644249600000,1,1.1800969014543121,True,1644253200000,1644339600000,43776.5,43009.26,43789.63295,42996.357222000006,-175.2629835642406,5.947421104929651,19.82478959533083,-3.0173703301792054,-204.05256459468032,main,cost_x2
F,1644523200000,-1,1.5612484737606158,False,1644526800000,1644613200000,44077.85,42335.99,44064.626645,42348.690796999996,395.1780769706328,5.8814465769087185,19.60470336960628,-0.8875987210286778,368.8043283030891,main,cost_x2
B,1645200000000,-1,1.6823834554677044,True,1645203600000,1645290000000,39923.9,39929.4,39911.92283,39941.37882,-1.3776209238075439,6.0004132862758714,20.001378034210088,1.869662534685684,-25.509749709607817,main,cost_x2
F,1645214400000,1,1.5589260408109789,False,1645218000000,1645304400000,40010.2,40042.0,40022.20305999999,40029.9874,7.94797326681769,6.00238439197937,20.007945588874836,-1.8656297661230834,-19.9279864801596,main,cost_x2
B,1645344000000,-1,2.7360358747384663,True,1645347600000,1645434000000,38142.4,39045.1,38130.95728,39056.81353,-236.66575779185288,6.070999727337555,20.23673675751919,-0.5642873974869277,-263.53778167419654,main,cost_x2
B,1645444800000,-1,2.0687628764076527,True,1645448400000,1645534800000,37523.6,37621.7,37512.34292,37632.986509999995,-26.143546994424455,6.00784306409669,20.026151390058526,-0.6447167797260599,-52.822258228305735,main,cost_x2
P,1645444800000,-1,2.0687628764076527,False,1645448400000,1645534800000,37523.6,37621.7,37512.34292,37632.986509999995,-26.143546994424455,6.00784306409669,20.026151390058526,-0.6447167797260599,-52.822258228305735,main,cost_x2
F,1645459200000,1,2.2095326725594098,False,1645462800000,1645549200000,38679.3,37688.4,38690.903790000004,37677.09348,-256.18354003304125,5.923144937989906,19.743893315028966,0.5781145470278168,-281.27246373903233,main,cost_x2
B,1645488000000,-1,2.5627019447192168,True,1645491600000,1645578000000,37211.3,38123.3,37200.13661,38134.736990000005,-245.08684190017547,6.073526052570992,20.245160367952746,-0.3376608348303945,-271.7431891555296,main,cost_x2
B,1645502400000,-1,2.6716881890008577,True,1645506000000,1645592400000,36604.9,37980.1,36593.91853,37991.494029999994,-375.6874079699704,6.112706222389527,20.37580011419236,-0.3432545539838726,-402.5191688605362,main,cost_x2
B,1645675200000,-1,4.164425064159808,True,1645678800000,1645765200000,35050.0,38703.7,35039.485,38715.311109999995,-1042.4251069900135,6.31272753209627,21.042737834522114,-1.4652291452054842,-1071.2458015018374,main,cost_x2
F,1645689600000,1,4.912133656122663,False,1645693200000,1645779600000,35490.2,38328.8,35500.84705999999,38317.301360000005,799.8264309584071,6.239947929285737,20.799586483029117,-0.822414636731793,771.9644819093604,main,cost_x2
P,1645819200000,-1,0.9021827449389261,False,1645822800000,1645909200000,39094.2,39303.0,39082.47174,39314.7909,-53.409457157328426,6.016022837146224,20.053425479994477,2.701726734654764,-76.77717873981436,main,cost_x2
F,1645848000000,-1,1.3438634427227383,False,1645851600000,1645938000000,39354.3,38530.6,39342.49371,38542.159179999995,209.30368473076751,5.937208894580008,19.790633524163812,2.3079968605702623,185.88383917259395,main,cost_x2
B,1646064000000,1,2.2424144379141064,True,1646067600000,1646154000000,40987.2,43380.2,40999.496159999995,43367.185939999996,583.8408088378811,6.175152242651215,20.58366565659523,-2.57850695775698,554.5034839808777,main,cost_x2
B,1646078400000,1,1.6553412793114661,True,1646082000000,1646168400000,41882.0,44057.9,41894.5646,44044.68263,519.5310634640183,6.155859319038337,20.519375204144982,-2.523417706388828,490.33241123444617,main,cost_x2
F,1646150400000,-1,2.052508674727312,False,1646154000000,1646240400000,43380.2,44235.0,43367.185939999996,44248.2705,-197.0484230132648,6.0591145269039925,20.19710753754017,1.9785966669125548,-221.32604841079643,main,cost_x2
F,1646395200000,1,1.313957863431274,False,1646398800000,1646485200000,41502.0,39054.8,41514.4506,39043.08356000001,-589.658329719049,5.823102501082597,19.41051856777987,-2.8631906925514437,-617.755141480463,main,cost_x2
P,1646395200000,1,1.313957863431274,False,1646398800000,1646485200000,41502.0,39054.8,41514.4506,39043.08356000001,-589.658329719049,5.823102501082597,19.41051856777987,-2.8631906925514437,-617.755141480463,main,cost_x2
B,1646409600000,-1,1.0730363905126419,False,1646413200000,1646499600000,40754.2,39313.6,40741.97374,39325.39408,353.4850395787425,5.89395448812527,19.646408914909387,2.076219264215004,330.0208954399228,main,cost_x2
B,1646424000000,-1,1.1397119778895213,False,1646427600000,1646514000000,39457.5,39434.8,39445.66275,39446.63044,5.753025407082833,5.998274092376548,19.994245248685296,2.1444504881878252,-18.095043445791184,main,cost_x2
B,1646568000000,-1,1.2926429613778452,False,1646571600000,1646658000000,38469.7,38567.5,38458.15909,38579.07025,-25.42260532315119,6.007626781595154,20.02543023210475,-0.6551289425185256,-52.11079127936963,main,cost_x2
B,1646683200000,-1,1.816948913562312,True,1646686800000,1646773200000,37560.5,38500.2,37549.231850000004,38511.75006,-250.1830380319743,6.075054911408962,20.250258092943387,2.396215495956445,-274.1121355403702,main,cost_x2
P,1646683200000,-1,1.816948913562312,True,1646686800000,1646773200000,37560.5,38500.2,37549.231850000004,38511.75006,-250.1830380319743,6.075054911408962,20.250258092943387,2.396215495956445,-274.1121355403702,main,cost_x2
B,1646798400000,1,2.049372245295813,True,1646802000000,1646888400000,41631.4,39526.4,41643.88942,39514.54208,-505.6279635083134,5.848311610947568,19.49452372488074,-3.0319771694081874,-534.0027760135499,main,cost_x2
B,1646812800000,1,2.133396242598802,True,1646816400000,1646902800000,42045.7,39204.8,42058.313709999995,39193.03856,-675.669569064136,5.797299129280723,19.324533131806582,-2.7808706288281564,-703.5722719540515,main,cost_x2
B,1646841600000,1,0.8770864094230534,False,1646845200000,1646931600000,42231.9,39115.4,42244.56957,39103.665380000006,-737.9492753108432,5.778615217405287,19.262272109471755,-0.9349650590790374,-763.9251276967993,main,cost_x2
B,1647216000000,-1,1.3666782910776376,False,1647219600000,1647306000000,37817.3,39564.9,37805.95481,39576.76947,-462.11654454442765,6.138634963362752,20.462255179507785,0.18736539730795437,-488.53006928999025,main,cost_x2
F,1647403200000,-1,2.822738532463052,False,1647406800000,1647493200000,39091.6,41328.4,39079.87252,41340.79852,-572.1945379570043,6.171658361386222,20.572366196318388,2.6845173895247427,-596.2540451251841,main,cost_x2
B,1647633600000,1,1.3229378678230415,False,1647637200000,1647723600000,41711.1,42170.1,41723.61333,42157.44897,110.04265051748816,6.033012795155844,20.11000963772233,-3.003289847517088,80.89633823709289,main,cost_x2
F,1647648000000,-1,0.8675607712631355,True,1647651600000,1647738000000,41854.0,42018.0,41841.4438,42030.6054,-39.183829502556506,6.011755148850637,20.03919558465141,3.0035724258522483,-62.2312078102063,main,cost_x2
P,1647921600000,1,1.7169141704241015,True,1647925200000,1648011600000,42992.4,41933.9,43005.29772,41921.31983,-246.2063062308687,5.926138108131189,19.753867555661,-2.956737550846196,-274.84304944550706,main,cost_x2
F,1647936000000,-1,2.4192966465465684,False,1647939600000,1648026000000,42535.9,42208.9,42523.13923,42221.56267,76.87623865957931,5.976937128401812,19.923100698468822,2.9860681271192098,53.962268959827895,main,cost_x2
B,1648137600000,1,1.5374872685305754,True,1648141200000,1648227600000,43974.7,44139.6,43987.89240999999,44126.35812,37.49883455714342,6.0112496503665565,20.037487584906774,-1.5456786760456802,9.904418645824405,main,cost_x2
F,1648180800000,-1,0.8475739611866179,True,1648184400000,1648270800000,44082.7,44376.9,44069.47519,44390.21307,-66.73819888527798,6.020021459664727,20.06675822034494,2.4535561495284064,-90.37142241575926,main,cost_x2
B,1648209600000,1,1.6454545442960755,True,1648213200000,1648299600000,44808.9,44330.8,44822.34267,44317.50076,-106.6975533878311,5.967990733982982,19.893334455878186,-0.7979865811799219,-133.3568651588722,main,cost_x2
P,1648209600000,1,1.6454545442960755,True,1648213200000,1648299600000,44808.9,44330.8,44822.34267,44317.50076,-106.6975533878311,5.967990733982982,19.893334455878186,-0.7979865811799219,-133.3568651588722,main,cost_x2
F,1648224000000,-1,1.6044693404838406,False,1648227600000,1648314000000,44139.6,44281.4,44126.35812,44294.68442,-32.12534776028847,6.009637604327569,20.032134985364618,1.2617517944117558,-56.90536855556891,main,cost_x2
B,1648425600000,1,3.6582366274260294,True,1648429200000,1648515600000,46916.0,47392.4,46930.074799999995,47378.18228,101.54318356211132,6.030462955067658,20.101512720607044,-3.0163166614715666,72.39489122496506,main,cost_x2
B,1648742400000,-1,1.5926715053589375,True,1648746000000,1648832400000,45695.4,46017.5,45681.691380000004,46031.30525,-70.4884955597278,6.021146548666873,20.070509642108398,2.682708048512542,-93.89744370199053,main,cost_x2
B,1648756800000,-1,1.5860035592348414,True,1648760400000,1648846800000,45741.9,46131.2,45728.17743,46145.039359999995,-85.10796447021126,6.025532389340235,20.08513349685955,2.6799808788004,-108.53864947761065,main,cost_x2
P,1649419200000,-1,1.2609472890364222,True,1649422800000,1649509200000,43144.0,42489.7,43131.0568,42502.44691,151.65492304839674,5.9545035230862196,19.848299580474684,2.9038773168336274,128.75599726166945,main,cost_x2
B,1649462400000,-1,1.2254602194786781,False,1649466000000,1649552400000,42415.1,42605.8,42402.37547,42618.58174,-44.96040325261625,6.013488120975323,20.04497389137359,2.1986276842629158,-68.82023758070225,main,cost_x2
P,1649635200000,-1,2.193803205541659,True,1649638800000,1649725200000,42286.5,39521.9,42273.81405,39533.75657,653.7783926312177,5.803866482209552,19.346025473850993,1.3245786972783278,629.9530793724354,main,cost_x2
B,1649678400000,-1,2.72232960883075,True,1649682000000,1649768400000,41133.5,40588.0,41121.15995,40600.1764,132.6169667059696,5.960214909987122,19.86734324820402,-0.6436977422295694,106.14571080554887,main,cost_x2
B,1649692800000,-1,1.1258798875121532,False,1649696400000,1649782800000,40756.0,40074.1,40743.7732,40086.12223,167.3127883011094,5.9498061635094315,19.832637017862403,-2.3349363777112573,139.19540874202633,main,cost_x2
B,1649707200000,-1,1.8247983878223557,True,1649710800000,1649797200000,39813.7,39495.8,39801.75589,39507.648740000004,79.84688687562175,5.97604593393681,19.920129159058316,-2.3901990272192735,51.560512755407345,main,cost_x2
B,1650456000000,1,1.7639265269322282,True,1650459600000,1650546000000,42076.2,42636.8,42088.82285999999,42624.00896000001,133.23446508952944,6.039970339525024,20.13319449475,0.1399617827679839,107.20126203802239,main,cost_x2
F,1650556800000,-1,1.2405617540508918,False,1650560400000,1650646800000,41805.0,39359.0,41792.4585,39370.8077,585.0974763784236,5.824470757085738,19.41472699437866,-1.3992948808148764,558.4589837461443,main,cost_x2
B,1650643200000,-1,1.4759254411412133,False,1650646800000,1650733200000,39359.0,39798.0,39347.1923,39809.939399999996,-111.53738662059504,6.033461215984458,20.111570847836582,-2.8704566759235197,-140.5528753603396,main,cost_x2
F,1650830400000,1,1.159777144861292,False,1650834000000,1650920400000,39479.1,40166.3,39490.94373,40154.25011,174.0667847038064,6.052220035411789,20.17401456466839,0.940531517182509,148.7810816209087,main,cost_x2
B,1651363200000,-1,1.6838911000289678,True,1651366800000,1651453200000,37660.7,38648.9,37649.401789999996,38660.49467,-262.39554761329566,6.078718664283835,20.262474266277575,2.0522243525829538,-286.6845161912741,main,cost_x2
F,1651377600000,1,1.800093917328626,False,1651381200000,1651467600000,37930.0,38951.7,37941.379,38940.01449,269.36461903506387,6.0808093857096015,20.26928380964936,-2.0376537219963318,240.97687211770852,main,cost_x2
P,1651492800000,-1,1.2475199945816309,False,1651496400000,1651582800000,38488.9,38442.5,38477.353330000005,38454.03275,12.055423771529313,5.996383372867131,19.98794095960134,3.0078973959416873,-10.921003164997469,main,cost_x2
B,1651694400000,1,2.8482118222627983,True,1651698000000,1651784400000,39811.1,36450.7,39823.04333,36439.76479,-844.086197065643,5.746774140879777,19.15616702879348,-2.9178749901010024,-871.9070132254172,main,cost_x2
B,1651982400000,-1,3.9339175462800826,True,1651986000000,1652072400000,34391.5,33649.4,34381.18255,33659.49482,215.78006193390766,5.935265981420036,19.78415520404751,2.994476806449268,193.05511755488936,main,cost_x2
P,1652025600000,-1,0.6749651899429728,False,1652029200000,1652115600000,34382.3,31691.4,34371.985310000004,31700.90742,782.6410682240576,5.765207679532009,19.21712413945548,2.9053171247138794,760.564053529784,main,cost_x2
F,1652040000000,1,1.7897559889919001,False,1652043600000,1652130000000,34220.1,30940.0,34230.36603,30930.718,-958.5302205428969,5.712440933836578,19.041757338523265,-2.9190880499194924,-986.2035068651763,main,cost_x2
B,1652112000000,-1,2.436644795707636,True,1652115600000,1652202000000,31691.4,31204.7,31681.892580000003,31214.06141,153.57478685069157,5.9539275639434655,19.846379140713253,2.9345220412219084,130.70900218725677,main,cost_x2
B,1652140800000,-1,5.984308789203879,True,1652144400000,1652230800000,30776.6,31032.0,30767.367019999998,31041.3096,-82.985125062548,6.024895537519148,20.083010020600067,2.8080583988078813,-106.28497222185935,main,cost_x2
F,1652342400000,1,8.37201945459753,False,1652346000000,1652432400000,28080.3,30324.4,28088.72409,30315.30268,799.1723735145288,6.239751712054785,20.79893262180247,2.3183840301585525,774.45207321083,main,cost_x2
B,1652659200000,1,1.7184183528470076,True,1652662800000,1652749200000,31105.0,30139.6,31114.3315,30130.558119999998,-310.3681080212189,5.906889567593925,19.689725002411187,-2.275785755721503,-338.24050834694555,main,cost_x2
B,1652889600000,-1,1.259828842988953,False,1652893200000,1652979600000,29208.4,30150.0,29199.63748,30159.045,-322.3730159817034,6.096711904793989,20.3224697278865,1.3048560314075077,-347.4873415829764,main,cost_x2
B,1652918400000,-1,1.224379789740852,False,1652922000000,1653008400000,28899.4,30262.4,28890.730180000002,30271.47872,-471.63608933057435,6.141490826798087,20.471777580157372,2.401758523743851,-495.84759921378594,main,cost_x2
F,1653580800000,1,2.1071918638571807,False,1653584400000,1653670800000,29575.2,28725.6,29584.07256,28716.98232,-287.2677107847122,5.913819686764308,19.71281846952852,-2.9421864120736294,-315.8365353530787,main,cost_x2
P,1653609600000,-1,0.9866817184343851,False,1653613200000,1653699600000,29071.1,28790.1,29062.37867,28798.737029999997,96.6595691253513,5.971002129261829,19.90331143300391,2.9733365989652953,73.75859216205085,main,cost_x2
P,1653854400000,-1,0.30094028300352416,False,1653858000000,1653944400000,29172.7,31268.9,29163.948190000003,31278.28067,-718.5485059661947,6.215564551788685,20.718764070517988,3.109156499583172,-742.3736780889182,main,cost_x2
B,1653883200000,1,1.605136124024641,True,1653886800000,1653973200000,30321.5,31684.4,30330.596449999997,31674.89468,449.4830400870674,6.134844912025292,20.44934819517504,-3.0662642528153294,419.83258272705183,main,cost_x2
F,1654027200000,-1,1.1283424627424161,False,1654030800000,1654117200000,31804.3,29623.5,31794.758710000002,29632.387049999998,685.6934439682682,5.794291966807926,19.31410084799854,2.9561231887380006,663.5411743421998,main,cost_x2
B,1654488000000,1,2.661378519748968,True,1654491600000,1654578000000,31212.5,29509.1,31221.86375,29500.24727,-545.7428914697642,5.836277132558795,19.454420831397677,-2.9827635840576696,-574.0163530177783,main,cost_x2
P,1654660800000,-1,3.318462892158892,False,1654664400000,1654750800000,30228.9,30248.7,30219.83133,30257.77461,-6.550023322052497,6.001965006996692,20.00655198832905,3.0171799606174887,-29.54136035676075,main,cost_x2
B,1654891200000,-1,1.5679027600492057,True,1654894800000,1654981200000,29184.3,28397.2,29175.544710000002,28405.71916,269.6998043468572,5.9190900586949695,19.730219285711836,0.8563200666324657,244.90681506908285,main,cost_x2
B,1654948800000,-1,2.0298435777446677,True,1654952400000,1655038800000,28457.0,27422.0,28448.462900000002,27430.226599999998,363.7066451136803,5.890888006464448,19.636184242892785,1.7121831686189204,339.891756032942,main,cost_x2
P,1654948800000,-1,2.0298435777446677,True,1654952400000,1655038800000,28457.0,27422.0,28448.462900000002,27430.226599999998,363.7066451136803,5.890888006464448,19.636184242892785,1.7121831686189204,339.891756032942,main,cost_x2
B,1655006400000,-1,2.787708810305756,True,1655010000000,1655096400000,27422.2,25373.8,27413.97334,25381.412139999997,746.9860186272441,5.775904194410995,19.252789885567168,0.6458943828494292,722.6032189301154,main,cost_x2
F,1655020800000,1,1.9643490335577365,False,1655024400000,1655110800000,27553.5,24172.9,27561.76605,24165.64813,-1226.9221695973283,5.631923349120225,18.77344590705355,-0.30003373207058526,-1251.6275725855726,main,cost_x2
F,1655049600000,1,1.3178218766128413,False,1655053200000,1655139600000,27923.0,23722.7,27931.3769,23715.58319,-1504.2438133438382,5.548726855996429,18.496207459800164,-0.2036146828510427,-1528.4923623424856,main,cost_x2
B,1655078400000,-1,2.693272160496983,True,1655082000000,1655168400000,26291.2,21737.3,26283.31264,21743.82119,1732.100474683545,5.480369857594977,18.26737989517405,-0.0019569741966893243,1708.3507679565791,main,cost_x2
B,1655107200000,-1,6.332909616112197,True,1655110800000,1655197200000,24172.9,22599.9,24165.64813,22606.67997,650.7287085951623,5.804781387421305,19.34907607279226,-0.6252926371251764,624.9495584978235,main,cost_x2
B,1655121600000,-1,6.848189121633527,True,1655125200000,1655211600000,23668.8,22141.4,23661.69936,22148.04242,645.3221118096388,5.806403366457403,19.354484291556815,-0.6386101698422892,619.5226139817823,main,cost_x2
B,1655280000000,-1,6.137064958328424,True,1655283600000,1655370000000,20255.3,21773.8,20249.22341,21780.33214,-749.6803305801445,6.2249040991740054,20.749905234679318,-0.04816465361319481,-776.703304567611,main,cost_x2
F,1655294400000,1,6.005939318878436,False,1655298000000,1655384400000,21183.7,21128.5,21190.05511,21122.16145,-26.057770833235328,5.992182668750416,19.973950046498015,0.04605378231051916,-51.977849766173236,main,cost_x2
B,1655539200000,-1,4.822995682101036,True,1655542800000,1655629200000,18997.5,18657.9,18991.800750000002,18663.49737,178.76036320568417,5.946371891036898,19.821186008685356,0.5059355136990336,153.49874081966095,main,cost_x2
B,1655582400000,-1,3.3044445593441263,True,1655586000000,1655672400000,17798.0,20634.0,17792.6606,20640.1902,-1593.437464883695,6.478031239466044,21.593915496123163,0.7895675644172034,-1620.7198440548666,main,cost_x2
P,1655755200000,-1,1.8445373735652728,False,1655758800000,1655845200000,20446.0,20851.3,20439.8662,20857.555389999998,-198.22948253937165,6.059468844760859,20.198288951384132,1.7309885948218782,-222.75625174069478,main,cost_x2
F,1655812800000,-1,1.9037691976198925,False,1655816400000,1655902800000,21088.9,20352.5,21082.573330000003,20358.60575,349.1884356225319,5.89524346931199,19.65070680784678,-0.06092702309437308,323.5815583222788,main,cost_x2
F,1656259200000,-1,0.8417388085649207,True,1656262800000,1656349200000,21344.2,20746.4,21337.79674,20752.62392,280.0760862435693,5.915977174126694,19.719839890930558,1.7171957509687583,256.1574649294808,main,cost_x2
F,1656360000000,1,0.8732354307757806,True,1656363600000,1656450000000,20905.9,20269.0,20912.17177,20262.9193,-304.6508401934389,5.908604747941008,19.695440555058617,0.5769046053080394,-329.6779808911305,main,cost_x2
B,1656446400000,-1,1.22725486539878,False,1656450000000,1656536400000,20269.0,20215.9,20262.9193,20221.964770000002,26.197641718880334,5.992140707484078,19.973794498988603,1.7714830496965523,2.0031895621042035,main,cost_x2
B,1656576000000,-1,1.3841135608163784,False,1656579600000,1656666000000,19226.1,19515.9,19220.332169999998,19521.75477,-150.73259787476553,6.045219779361797,20.150777817654124,-2.174665563147662,-179.1032610349291,main,cost_x2
F,1656633600000,1,1.939254521872174,False,1656637200000,1656723600000,20289.0,19168.7,20295.0867,19162.94939,-552.1711272117892,5.83434866183596,19.447994524126372,0.7433412919888251,-576.7101291057628,main,cost_x2
B,1656979200000,1,1.1070368200129475,False,1656982800000,1657069200000,20384.1,20254.3,20390.215229999998,20248.22371,-63.67708164696959,5.980896875506062,19.93634202147752,-1.992643495632029,-91.5869640395852,main,cost_x2
F,1657065600000,-1,1.6907044803679843,False,1657069200000,1657155600000,20254.3,20523.3,20248.22371,20529.45699,-132.81130426625458,6.039843391280063,20.132851147657533,2.3629204411527436,-156.62107836403942,main,cost_x2
B,1657209600000,1,1.0269051457995177,False,1657213200000,1657299600000,21084.9,21682.9,21091.22547,21676.39513,283.6152886662967,6.085084586600094,20.283530204079696,-2.0963273840381085,255.15034649157883,main,cost_x2
B,1657224000000,1,2.263453858767613,True,1657227600000,1657314000000,21612.6,21850.9,21619.083779999997,21844.34473,110.2597558831436,6.033077926764668,20.11022667795638,-2.045142799094284,82.07130847932827,main,cost_x2
P,1657296000000,1,1.5226253549047155,False,1657299600000,1657386000000,21682.9,21683.5,21689.404870000002,21676.99495,0.27671575296595236,6.0000830147260835,20.00027663273824,-2.604561013657326,-28.328204908155698,main,cost_x2
B,1657512000000,-1,1.2691985109818151,False,1657515600000,1657602000000,20522.0,19995.7,20515.8434,20001.69871,256.4564857226388,5.923063054282371,19.743466577331645,2.3448194071876873,233.1347754982124,main,cost_x2
B,1657584000000,-1,1.3548965778198823,False,1657587600000,1657674000000,19805.1,19417.1,19799.15847,19422.92513,195.90913451585703,5.941227259645817,19.804032092743785,0.7909001993215756,170.95477536278898,main,cost_x2
B,1657612800000,-1,1.3928047095511913,False,1657616400000,1657702800000,19765.1,19842.4,19759.17047,19848.352720000003,-39.1093391887736,6.011732801755999,20.039121071990532,0.21199304298952498,-64.9482000195306,main,cost_x2
B,1657656000000,-1,1.3386378143818878,False,1657659600000,1657746000000,19449.5,19661.3,19443.66515,19667.198389999998,-108.89740096146394,6.032669220287283,20.108930070181753,-0.17890631387888575,-135.21790656581186,main,cost_x2
P,1657656000000,-1,1.3386378143818878,False,1657659600000,1657746000000,19449.5,19661.3,19443.66515,19667.198389999998,-108.89740096146394,6.032669220287283,20.108930070181753,-0.17890631387888575,-135.21790656581186,main,cost_x2
F,1657886400000,-1,1.1888438322849302,False,1657890000000,1657976400000,20975.6,20686.1,20969.30732,20692.305829999998,138.01750605465398,5.958594748182471,19.86194108869353,1.5430100917230873,113.73998030950108,main,cost_x2
F,1657900800000,-1,0.9331650810548248,True,1657904400000,1657990800000,20745.2,21454.3,20738.976440000002,21460.736289999997,-341.8140099878519,6.102544202994604,20.34191655419085,1.480444589061955,-366.77802615597534,main,cost_x2
B,1657915200000,1,1.1770934569221128,False,1657918800000,1658005200000,20923.3,21201.1,20929.576989999998,21194.73967,132.77064325417084,6.039831192975295,20.132730812061194,-1.4678429831340216,105.13023826600033,main,cost_x2
F,1657929600000,-1,0.875609615117184,True,1657933200000,1658019600000,20678.7,21285.0,20672.49639,21291.3855,-293.20024953212686,6.087960074860025,20.293288209606988,1.6989455308677186,-317.8825522857262,main,cost_x2
P,1658116800000,1,1.1878733556586019,True,1658120400000,1658206800000,21286.3,21887.2,21292.685889999997,21880.633840000002,282.294245594585,6.084688273676607,20.282209557320908,-3.1641705092655843,252.7631772543219,main,cost_x2
B,1658131200000,1,2.648380695677643,True,1658134800000,1658221200000,22283.1,21918.2,22289.784929999998,21911.62454,-163.75638937131632,5.950873083188363,19.836292737545495,-3.0010403719132444,-192.5445955639634,main,cost_x2
B,1658160000000,1,1.3854630451132766,False,1658163600000,1658250000000,22194.8,23227.1,22201.45844,23220.13187,465.10894443743547,6.139532683329753,20.464969411754105,-3.0339464432448144,435.47049589910677,main,cost_x2
F,1658203200000,-1,2.5897262848731533,False,1658206800000,1658293200000,21887.2,23384.1,21880.633840000002,23391.11523,-683.9157132936135,6.205174713987798,20.684120888007605,3.1200657703644143,-707.6849431252444,main,cost_x2
B,1658246400000,1,2.311788061834658,True,1658250000000,1658336400000,23227.1,23680.1,23234.068129999996,23672.99597,195.0308045343586,6.0585092413586175,20.194972295293,-2.857884333057621,165.91943866464933,main,cost_x2
F,1658304000000,-1,1.3075503510174005,False,1658307600000,1658394000000,23359.6,22871.9,23352.592119999998,22878.761570000002,208.779259918833,5.93736622202519,19.791158106303197,2.8150875752565394,185.86582316576116,main,cost_x2
B,1658332800000,1,1.4216454960110005,False,1658336400000,1658422800000,23680.1,23026.8,23687.204029999997,23019.89196,-275.8856592666413,5.917234302218757,19.724197106431138,-2.9047641716943766,-304.4318548469856,main,cost_x2
B,1658577600000,-1,1.2340588540480364,False,1658581200000,1658667600000,22275.0,22485.0,22268.3175,22491.7455,-94.27609427609428,6.0282828282827765,20.09430437710438,2.3958700821494574,-118.00281139933197,main,cost_x2
F,1658606400000,1,0.7248349387187956,True,1658610000000,1658696400000,22313.6,22713.2,22320.294079999996,22706.38604,179.08360820306999,6.053725082459568,20.179029883120606,-2.2450145924077707,150.60583864508203,main,cost_x2
B,1658721600000,-1,1.5710954702051012,True,1658725200000,1658811600000,21880.8,21116.1,21874.23576,21122.43483,349.4844795437099,5.895154656136651,19.650410675112425,1.3295007924861066,325.2684150049469,main,cost_x2
F,1658736000000,1,0.8887077056913255,True,1658739600000,1658826000000,22038.3,21057.0,22044.91149,21050.6829,-445.2702794680167,5.8664189161593825,19.554863301615825,-1.545805415561842,-472.2373671013538,main,cost_x2
B,1658793600000,-1,2.1485937377743656,True,1658797200000,1658883600000,20985.7,21194.3,20979.404290000002,21200.65829,-99.40102069504402,6.029820306207861,20.09943084100125,1.6869852849785418,-123.8432865572746,main,cost_x2
B,1658851200000,-1,0.9838680476289788,False,1658854800000,1658941200000,20925.3,21518.7,20919.02241,21525.15561,-283.58016372525196,6.085074049116983,20.283665237774375,1.2880218287250886,-308.6608811834182,main,cost_x2
B,1659024000000,1,2.123130593456846,True,1659027600000,1659114000000,23762.5,23840.6,23769.62875,23833.447819999998,32.866912151498596,6.00986007364579,20.03285705207785,-3.020957825256602,3.8032372005183537,main,cost_x2
F,1659052800000,-1,1.201028583085893,False,1659056400000,1659142800000,23876.8,23914.4,23869.63696,23921.57432,-15.74750385311356,6.004724251154977,20.015752228104272,3.003463509815386,-38.76451682255742,main,cost_x2
F,1659081600000,-1,1.340799574301351,False,1659085200000,1659171600000,23919.3,23885.4,23912.12421,23892.56562,14.172655554300427,5.9957482033325675,19.985823092649035,2.995207329873366,-8.813708411807808,main,cost_x2
B,1659196800000,1,1.1327307281088177,False,1659200400000,1659286800000,24572.6,23758.9,24579.971779999996,23751.772330000003,-331.14118978048606,5.900657643064106,19.66895815257645,-2.533765007365928,-359.24457058349253,main,cost_x2
F,1659427200000,1,0.7692937430797075,True,1659430800000,1659517200000,22800.0,23284.5,22806.84,23277.51465,212.5,6.063749999999632,20.21243625,-0.22679221906454147,185.99702153093583,main,cost_x2
B,1659643200000,-1,1.1003359955949485,False,1659646800000,1659733200000,22498.3,22969.7,22491.55051,22976.59091,-209.52694203562112,6.0628580826091705,20.209589800118234,1.0839278734734952,-234.7154620448751,main,cost_x2
P,1659715200000,-1,1.365026612682021,False,1659718800000,1659805200000,23024.8,23146.6,23017.89256,23153.54398,-52.89948229734863,6.015869844688793,20.052915352142037,2.5696736350899947,-76.39859385908947,main,cost_x2
B,1659945600000,1,1.562961793667962,True,1659949200000,1660035600000,24120.4,23770.7,24127.63612,23763.56879,-144.98101192351731,5.9565056964218295,19.85506248238006,-2.7653081786060763,-173.55788828092528,main,cost_x2
B,1659960000000,1,1.6972782896168408,True,1659963600000,1660050000000,24117.4,23239.5,24124.63522,23232.528150000002,-364.0110459668129,5.890796686208607,19.63609815734698,-2.765652159488585,-392.30359296985705,main,cost_x2
F,1660233600000,-1,1.6316677354500357,False,1660237200000,1660323600000,24328.5,23977.3,24321.20145,23984.493189999997,144.3574408615413,5.956692767740577,19.855599251906202,0.6929149373746191,119.23806377926914,main,cost_x2
B,1660752000000,-1,1.1632646477941142,False,1660755600000,1660842000000,23408.4,23326.8,23401.377480000003,23333.798039999998,34.859281283642694,5.989542215613712,19.96513026093197,2.554196374829475,11.458805181926488,main,cost_x2
B,1660766400000,-1,1.320611633869919,False,1660770000000,1660856400000,23390.9,23404.9,23383.88273,23411.92147,-5.9852335737402145,6.0017955700721055,20.00598702914381,2.5561073075665446,-29.43690886538958,main,cost_x2
B,1660881600000,-1,1.765036177438552,True,1660885200000,1660971600000,22779.8,21228.2,22772.96606,21234.56846,681.1297728689447,5.795661068138573,19.31866588819919,-0.3343608360566617,655.6810850765502,main,cost_x2
B,1660953600000,-1,2.4949390915923253,True,1660957200000,1661043600000,20980.8,21155.5,20974.50576,21161.84665,-83.26660565850717,6.024979981696962,20.083291585640204,-1.3428727880892122,-110.71775001393355,main,cost_x2
F,1661040000000,1,1.832134086135915,False,1661043600000,1661130000000,21155.5,21441.2,21161.84665,21434.767640000002,135.04762354943193,6.040514287064063,20.135007109262364,1.5102225550510855,110.38232470815659,main,cost_x2
P,1661198400000,-1,1.2592541365725196,False,1661202000000,1661288400000,21121.2,21470.0,21114.863640000003,21476.441,-165.14213207582867,6.0495426396210465,20.16519167471545,-0.6592433664631874,-192.01610975662834,main,cost_x2
B,1661529600000,-1,4.3453619564161565,True,1661533200000,1661619600000,20711.5,19990.9,20705.28655,19996.89727,347.9226516669476,5.895623204499494,19.651972971537557,-1.3132639288021721,321.0617915621084,main,cost_x2
B,1661558400000,-1,1.7907344982050042,True,1661562000000,1661648400000,20293.2,19981.5,20287.11204,19987.49445,153.598249659985,5.953920525101547,19.846355670865115,-1.1980860984766835,126.59988736554165,main,cost_x2
F,1661587200000,1,1.3825721011043446,False,1661590800000,1661677200000,20186.7,20023.8,20192.75601,20017.79286,-80.6966963396699,5.975790991097173,19.91932751266923,1.4429250315517188,-105.14888981188459,main,cost_x2
B,1661731200000,-1,1.4744163895069506,False,1661734800000,1661821200000,19630.0,20247.0,19624.111,20253.074099999998,-314.3148242485991,6.09429444727316,20.314409118695878,-1.541485078487986,-342.26501289305617,main,cost_x2
B,1662494400000,-1,3.156492054971641,True,1662498000000,1662584400000,18972.8,19374.8,18967.10816,19380.612439999997,-211.88227357058526,6.063564682069794,20.211945838252657,-0.9271649374232442,-239.08494902833095,main,cost_x2
B,1662710400000,1,3.6388492411584408,True,1662714000000,1662800400000,20766.5,21318.2,20772.72995,21311.80454,265.66826379023945,6.07970047913734,20.265588563311105,-3.05204330050803,236.27093144728298,main,cost_x2
B,1662739200000,1,1.3850774446143768,False,1662742800000,1662829200000,21288.4,21401.1,21294.78652,21394.679669999998,52.9396290937774,6.015881888728532,20.052923747205046,-2.975183238819263,23.895640219024557,main,cost_x2
F,1662796800000,-1,1.3478378688025663,False,1662800400000,1662886800000,21318.2,21663.7,21311.80454,21670.19911,-162.06809205279995,6.0486204276160205,20.16211671248042,2.7306077875152313,-185.54822140538118,main,cost_x2
F,1662955200000,-1,3.3870260758067645,False,1662958800000,1663045200000,21706.9,22277.7,21700.38793,22284.38331,-262.9578613252004,6.078887358398031,20.263036748683596,2.8890734597090395,-286.410711972573,main,cost_x2
F,1662998400000,-1,1.1820595341359228,False,1663002000000,1663088400000,22209.9,20758.7,22203.237030000004,20764.92761,653.4023115817723,5.803979306523522,19.346401667724752,2.9445764726540866,631.1965070801782,main,cost_x2
F,1663056000000,-1,1.519276757657675,False,1663059600000,1663146000000,22224.3,20373.3,22217.63271,20379.411989999997,832.8721264561764,5.750138362060986,19.166878011905887,0.6445217230764718,808.599631805286,main,cost_x2
B,1663084800000,-1,3.621211483483051,True,1663088400000,1663174800000,20758.7,20134.2,20752.472390000003,20140.24026,300.8377210518963,5.909748683682522,19.69907202763179,-0.21554866685372392,275.01335167372827,main,cost_x2
F,1663358400000,1,1.3792392807556884,False,1663362000000,1663448400000,19746.7,20068.8,19752.62401,20062.77936,163.11586239726057,6.048934758717982,20.163066927638543,-0.8869056732714526,136.0169550376326,main,cost_x2
B,1663560000000,-1,2.18236271085662,True,1663563600000,1663650000000,18804.4,19325.0,18798.758680000003,19330.7975,-276.85009891301956,6.083055029673584,20.276933153942693,-0.03961964020216537,-303.249706736838,main,cost_x2
B,1664251200000,1,3.4186040046974657,True,1664254800000,1664341200000,20039.4,18757.4,20045.41182,18751.772780000003,-639.7397127658512,5.808078086169347,19.36045220914798,-1.96243477926491,-666.8706778404335,main,cost_x2
F,1664294400000,-1,1.2617289464975254,False,1664298000000,1664384400000,19102.1,19501.1,19096.36937,19506.95033,-208.8775579648311,6.0626632673890954,20.208940221232222,0.552490252204384,-234.59667120124806,main,cost_x2
B,1664870400000,1,1.7317779463978749,True,1664874000000,1664960400000,19879.8,20128.9,19885.763939999997,20122.861330000003,125.30307145947252,6.037590921435784,20.125265480538033,-3.050591421999718,96.08962363549898,main,cost_x2
F,1665273600000,1,0.9079644381898797,True,1665277200000,1665363600000,19386.6,19484.2,19392.415979999998,19478.354740000002,50.34405207720909,6.0151032156219415,20.050328948861587,-0.9997877858774025,23.27883212684816,main,cost_x2
F,1665676800000,1,2.3585291065999665,False,1665680400000,1665766800000,19077.5,19297.0,19083.22325,19291.210900000002,115.05700432446599,6.034517101295894,20.115022487223168,-2.209158137531034,86.69830659841588,main,cost_x2
B,1665720000000,1,2.9754354746394114,True,1665723600000,1665810000000,19803.7,19178.2,19809.64111,19172.44654,-315.8500684215576,5.90524497947336,19.684244686598973,-2.2296650593121488,-343.6692231469421,main,cost_x2
F,1666195200000,1,0.6764344847958429,True,1666198800000,1666285200000,19173.0,19173.4,19178.7519,19167.64798,0.20862671465157,6.000062588013977,20.000208564126638,-1.8084367209221301,-27.600081158411175,main,cost_x2
F,1666368000000,1,1.7157534444794829,False,1666371600000,1666458000000,19116.9,19185.0,19122.63507,19179.2445,35.62293049605246,6.010686879147829,20.035612243616903,-1.178416981997925,8.398214391289807,main,cost_x2
B,1666555200000,1,1.0727304600577927,False,1666558800000,1666645200000,19490.4,19371.0,19496.24712,19365.188700000002,-61.2609284570873,5.981621721460879,19.938757449821445,-2.2252979802363186,-89.40660560860596,main,cost_x2
P,1666584000000,-1,1.973182090150168,False,1666587600000,1666674000000,19328.7,19331.7,19322.901390000003,19337.49951,-1.5520961057908704,6.000465628831087,20.001552561734623,1.6643633300745366,-25.889750966282044,main,cost_x2
B,1666713600000,1,1.5149366443495507,True,1666717200000,1666803600000,19806.0,20753.8,19811.9418,20747.57386,478.541856003231,6.143562556800648,20.478398293446432,-1.4529768906086862,450.4669182623752,main,cost_x2
P,1666713600000,1,1.5149366443495507,True,1666717200000,1666803600000,19806.0,20753.8,19811.9418,20747.57386,478.541856003231,6.143562556800648,20.478398293446432,-1.4529768906086862,450.4669182623752,main,cost_x2
B,1666728000000,1,2.8640831606990784,True,1666731600000,1666818000000,20180.0,20736.2,20186.054,20729.979140000003,275.6194251734394,6.0826858275509,20.27553673934589,-1.4260485775716374,247.835154028971,main,cost_x2
F,1667044800000,-1,2.426392663703158,False,1667048400000,1667134800000,20757.4,20715.6,20751.17278,20721.81468,20.137396783798987,5.993958780965643,19.97985656199717,0.49421269834675796,-5.342205860817067,main,cost_x2
B,1667620800000,1,2.211173185722413,True,1667624400000,1667710800000,21355.0,21219.8,21361.4065,21213.43406,-63.3107000702415,5.9810067899792285,19.936708293139777,-2.0986497410011706,-91.32706489436167,main,cost_x2
B,1667880000000,-1,2.737283004216862,True,1667883600000,1667970000000,19626.1,18245.7,19620.21217,18251.17371,703.349111642149,5.788995266506366,19.296439883624362,-0.4512448077085217,677.8124316843097,main,cost_x2
F,1668412800000,1,4.102483160452684,False,1668416400000,1668502800000,16754.4,16911.2,16759.426320000002,16906.126640000002,93.58735615718813,6.02807620684677,20.09355927995034,2.969704076362151,70.43542474675316,main,cost_x2
P,1669348800000,-1,0.4879321558041713,False,1669352400000,1669438800000,16382.0,16621.9,16377.0854,16626.886570000002,-146.44121596874706,6.043932364791235,20.146485148333536,0.5692635899157612,-172.06236989195608,main,cost_x2
F,1669910400000,-1,2.185410040886644,False,1669914000000,1670000400000,16974.5,16926.0,16969.40765,16931.0778,28.572270169960824,5.991428318947894,19.971419158148986,0.7278508288906427,3.3372735217545855,main,cost_x2
B,1670400000000,-1,2.1314720237301326,True,1670403600000,1670490000000,16785.8,16825.3,16780.76426,16830.347589999998,-23.53179473126095,6.007059538417984,20.02353885426968,0.18461795204005743,-49.37777517190856,main,cost_x2
F,1670414400000,1,1.2568613562952176,False,1670418000000,1670504400000,16785.6,16818.8,16790.63568,16813.75436,19.77885806882133,6.005933657421328,20.019772924411402,-0.18462015175829258,-6.4314686647696915,main,cost_x2
B,1670932800000,1,2.9390058207773646,True,1670936400000,1671022800000,17416.8,17910.1,17422.02504,17904.72697,283.2322814753567,6.084969684442611,20.283147311790913,-3.0622043084837625,253.8019601706394,main,cost_x2
F,1671048000000,-1,6.308173633199895,False,1671051600000,1671138000000,17762.0,17410.2,17756.6714,17415.42306,198.0632811620309,5.94058101565195,19.801877299853622,2.5062126347866234,174.82703548131195,main,cost_x2
B,1671192000000,-1,4.582587090928396,True,1671195600000,1671282000000,17025.1,16685.9,17019.992469999997,16690.90577,199.23524678268973,5.9402294259657165,19.800704982643275,0.7664417906713754,174.26075416475214,main,cost_x2
B,1671235200000,-1,3.4515719605299684,True,1671238800000,1671325200000,16697.7,16741.2,16692.690690000003,16746.22236,-26.05149212166945,6.007815447634504,20.02605930756931,2.383355868173461,-49.7020110086998,main,cost_x2
P,1671465600000,-1,0.6317054075416613,False,1671469200000,1671555600000,16627.1,16825.4,16622.11187,16830.447620000003,-119.2631306722176,6.035778939201123,20.11929890961142,0.8992163624980832,-144.51899215853206,main,cost_x2
F,1672416000000,1,1.5089027111428248,False,1672419600000,1672506000000,16540.2,16596.1,16545.16206,16591.12117,33.79644744319768,6.0101389342317715,20.03378630850897,-3.007986626505121,4.744535573951814,main,cost_x2
F,1672704000000,-1,1.0465087393066244,False,1672707600000,1672794000000,16689.0,16655.6,16683.993300000002,16660.59668,20.013182335671075,5.993996045298273,19.97998081370963,1.879557504301736,-4.081237019035093,main,cost_x2
P,1672704000000,-1,1.0465087393066244,True,1672707600000,1672794000000,16689.0,16655.6,16683.993300000002,16660.59668,20.013182335671075,5.993996045298273,19.97998081370963,1.879557504301736,-4.081237019035093,main,cost_x2
B,1672804800000,1,2.0747734560921773,True,1672808400000,1672894800000,16852.5,16829.0,16857.55575,16823.9513,-13.944518617415813,5.995816644414126,19.98605966473817,-1.3733155215624973,-41.299710448130604,main,cost_x2
F,1672833600000,-1,1.1314442465974122,False,1672837200000,1672923600000,16808.0,16813.6,16802.9576,16818.64408,-3.3317467872433033,6.000999524035054,20.00333274631128,1.4808752246396846,-27.85520383294995,main,cost_x2
P,1673020800000,1,1.7185672276306467,False,1673024400000,1673110800000,16820.5,16916.4,16825.54615,16911.325080000002,57.013762967808006,6.017104128888806,20.05699665883892,-1.3269938734371942,29.612668306643087,main,cost_x2
B,1673222400000,1,2.047478977826861,True,1673226000000,1673312400000,17178.9,17211.0,17184.05367,17205.8367,18.685713287811527,6.0056057139862595,20.01868010757383,-0.26587642083125196,-7.604448954579812,main,cost_x2
F,1673251200000,-1,1.5516956197189178,False,1673254800000,1673341200000,17182.7,17250.9,17177.54519,17256.07527,-39.69108463745554,6.011907325391077,20.03970299196285,1.3016211314763102,-64.44107382333316,main,cost_x2
F,1673294400000,-1,2.566132891271987,False,1673298000000,1673384400000,17212.8,17466.6,17207.63616,17471.839979999997,-147.44841048521988,6.0442345231453,20.147492645008366,1.5233928161981816,-172.11674483717542,main,cost_x2
B,1673380800000,1,2.4369936283822176,True,1673384400000,1673470800000,17466.6,17542.4,17471.839979999997,17537.137280000003,43.39711220272,6.013019133659257,20.04338409306906,-0.5018791350118704,16.838829840979816,main,cost_x2
B,1673467200000,1,2.856305564818723,True,1673470800000,1673557200000,17542.4,19042.2,17547.66272,19036.48734,854.957132433418,6.256487139729945,20.854700645293686,-2.8362612302817563,825.0096834181126,main,cost_x2
P,1673467200000,1,2.856305564818723,True,1673470800000,1673557200000,17542.4,19042.2,17547.66272,19036.48734,854.957132433418,6.256487139729945,20.854700645293686,-2.8362612302817563,825.0096834181126,main,cost_x2
B,1673481600000,1,4.684083631055941,True,1673485200000,1673571600000,18263.9,18769.5,18269.37917,18763.869150000002,276.8302498371096,6.083049074949184,20.27674720076216,-3.0142957986629364,247.45615776273527,main,cost_x2
B,1673553600000,1,10.881313316147324,True,1673557200000,1673643600000,19042.2,19464.0,19047.91266,19458.1608,221.50801903141408,6.066452405709203,20.221441566625707,-2.7014365228576533,192.5186885362215,main,cost_x2
F,1673568000000,-1,4.039727864728165,False,1673571600000,1673658000000,18769.5,20901.8,18763.869150000002,20908.070539999997,-1136.0451796797993,6.340813553901513,21.136385993233702,2.665402217427209,-1160.8569770095073,main,cost_x2
B,1673625600000,1,3.264664177065662,True,1673629200000,1673715600000,19126.6,20822.3,19132.337979999997,20816.05331,886.5663526188663,6.265969905784617,20.886300382713085,-7.011305533654702,852.4027767967139,main,cost_x2
B,1673640000000,1,5.167049769264391,True,1673643600000,1673730000000,19464.0,20895.0,19469.8392,20888.7315,735.2034525277436,6.2205610357567,20.734982891491985,-6.889767592478423,701.3581410080164,main,cost_x2
B,1673654400000,1,7.927930516178187,True,1673658000000,1673744400000,20901.8,20774.7,20908.070539999997,20768.46759,-60.80816006276902,5.981757551980325,19.93921008238525,-6.957246272113718,-93.68637396924832,main,cost_x2
F,1673971200000,-1,3.023874514921654,False,1673974800000,1674061200000,21160.0,20851.2,21153.652000000002,20857.45536,145.93572778827942,5.956219281662258,19.854020491493387,2.9996909813724013,123.1251789964962,main,cost_x2
B,1674259200000,1,5.634535830877508,True,1674262800000,1674349200000,22571.4,22878.0,22578.171420000002,22871.1366,135.83561498179046,6.04075068449423,20.135794864297296,-3.0306722040777268,106.62839722892122,main,cost_x2
P,1674849600000,1,0.9747016644371238,True,1674853200000,1674939600000,23104.6,22959.1,23111.531379999997,22952.21227,-62.974472615842735,5.981107658213831,19.937044419725943,-2.9889046942370787,-91.88152938801959,main,cost_x2
B,1675022400000,1,1.559150533627869,True,1675026000000,1675112400000,23701.0,22694.0,23708.1103,22687.1918,-424.8765874857601,5.872537023754174,19.575250875490486,-2.9773817637762123,-453.30175714878095,main,cost_x2
F,1675123200000,1,0.9239582292633989,True,1675126800000,1675213200000,22825.0,23076.3,22831.8475,23069.37711,110.09857612267218,6.033029572835864,20.110065546549837,-3.0320062192446877,80.92347478404179,main,cost_x2
P,1675512000000,1,0.3775489235166889,False,1675515600000,1675602000000,23405.3,23160.1,23412.32159,23153.15197,-104.76259650591992,5.96857122104816,19.895268832273032,-2.995830004315262,-133.62226656355634,main,cost_x2
F,1675670400000,1,1.6827890334917504,False,1675674000000,1675760400000,22858.2,22869.4,22865.05746,22862.539180000003,4.8997733854812395,6.001469932014473,20.004898303453466,-3.0057122483087033,-24.112307098295403,main,cost_x2
B,1675915200000,-1,2.2950912882626326,True,1675918800000,1676005200000,22563.9,21781.1,22557.130830000002,21787.634329999997,346.9258417206258,5.895922247483,19.652970080526856,2.9722654328374083,324.3492148254534,main,cost_x2
P,1675915200000,-1,2.2950912882626326,True,1675918800000,1676005200000,22563.9,21781.1,22557.130830000002,21787.634329999997,346.9258417206258,5.895922247483,19.652970080526856,2.9722654328374083,324.3492148254534,main,cost_x2
F,1675929600000,1,2.377460669657248,False,1675933200000,1676019600000,22712.0,21882.2,22718.813599999998,21875.63534,-365.3575202536101,5.890392743922896,19.634752087002465,-2.919122050017612,-393.8017871345531,main,cost_x2
P,1675958400000,-1,1.026284540213787,False,1675962000000,1676048400000,22503.0,21602.1,22496.2491,21608.580629999997,400.34662045060725,5.879896013863615,19.599533275563257,2.903803937252811,377.77099509843316,main,cost_x2
B,1675972800000,-1,1.9671270287538878,True,1675976400000,1676062800000,21989.5,21716.0,21982.903150000002,21722.5148,124.37754382773596,5.962686736851187,19.875585142909117,2.9716137247322587,101.51088567270793,main,cost_x2
F,1676016000000,1,1.9398336587064018,False,1676019600000,1676106000000,21882.2,21678.3,21888.76466,21671.79651,-93.18075879025028,5.972045772362537,19.906847195437386,-2.300602410781288,-121.36025416883149,main,cost_x2
F,1676318400000,1,1.5094538837329472,False,1676322000000,1676408400000,21655.0,22243.4,21661.496499999997,22236.726980000003,271.71553913645874,6.081514661739011,20.271634024474718,-2.9142427733528926,242.44814767689215,main,cost_x2
B,1676462400000,1,1.841095687571788,True,1676466000000,1676552400000,22763.6,24607.2,22770.429079999998,24599.817840000003,809.8894726668902,6.242966841798708,20.809646505825093,-3.0594043064527883,779.7774550128136,main,cost_x2
B,1676491200000,1,1.5256836129731444,True,1676494800000,1676581200000,24144.8,24581.5,24152.043439999998,24574.12555,180.86710181902552,6.054260130544761,20.18081284168848,-4.435917160195832,150.19611168659642,main,cost_x2
B,1676505600000,1,4.504140009583215,True,1676509200000,1676595600000,24609.9,23718.5,24617.28297,23711.38445,-362.2119553513023,5.891336413393541,19.637896708235303,-4.319108677788058,-392.0602971507192,main,cost_x2
B,1676563200000,1,2.0789383790912845,True,1676566800000,1676653200000,24905.4,24090.7,24912.87162,24083.47279,-327.11781380744765,5.9018646558582395,19.672980321536695,-2.8625647658359235,-355.5552235506785,main,cost_x2
F,1676980800000,-1,4.5470716902109976,False,1676984400000,1677070800000,24634.1,24128.4,24626.709769999998,24135.63852,205.28454459468668,5.938414636621535,19.794653870041934,2.9657277498049455,182.51720383782816,main,cost_x2
B,1677081600000,-1,1.713035038142458,True,1677085200000,1677171600000,23627.9,23749.2,23620.811630000004,23756.32476,-51.33761358394071,6.015401284073681,20.051353014868017,1.7525474874682903,-75.65182039541412,main,cost_x2
B,1677254400000,-1,2.1452863141211735,True,1677258000000,1677344400000,23179.9,23002.2,23172.946030000003,23009.10066,76.66124530304303,5.977001626408223,19.92331575632337,0.17433314303620442,50.935261063347646,main,cost_x2
F,1677369600000,1,1.202074490871781,False,1677373200000,1677459600000,23088.1,23482.3,23095.026429999998,23475.25531,170.73730623134892,6.0512211918686845,20.170686085039478,-1.769705495483626,142.74569345895716,main,cost_x2
P,1677614400000,-1,0.6782264163697308,False,1677618000000,1677704400000,23259.9,23406.6,23252.92203,23413.621979999996,-63.069918615298036,6.018920975583568,20.06308883959088,2.0567758008417925,-87.0951526296307,main,cost_x2
F,1677672000000,-1,1.752035603882064,False,1677675600000,1677762000000,23719.0,23346.8,23711.8843,23353.80404,156.92061216746097,5.952923816349034,19.843032311648887,2.7149149145575957,133.83957095402064,main,cost_x2
F,1678363200000,1,1.6842618349823528,False,1678366800000,1678453200000,21603.6,19920.6,21610.081079999996,19914.62382,-779.0368271954675,5.766288951839316,19.22119688385269,-0.21236818016999628,-804.2366812113294,main,cost_x2
B,1678392000000,-1,3.3198101881693884,True,1678395600000,1678482000000,20098.0,19958.2,20091.9706,19964.18746,69.55916011543401,5.979132251965232,19.93041997213653,-1.012321950172725,42.63728594115952,main,cost_x2
P,1678521600000,-1,2.789899836338323,False,1678525200000,1678611600000,20060.5,20367.8,20054.48185,20373.91034,-153.18661050322737,6.045955983150543,20.153232566486377,0.7256592076648344,-178.66013984519947,main,cost_x2
B,1678665600000,1,3.9583445554715793,True,1678669200000,1678755600000,22436.7,24172.6,22443.43101,24165.34822,773.6877526552469,6.232106325795773,20.773455646329452,-3.288355596798661,743.3938350863231,main,cost_x2
B,1678723200000,1,5.307907171884984,True,1678726800000,1678813200000,23982.0,25888.0,23989.1946,25880.2336,794.7627387207073,6.238428821615933,20.79452430989909,-5.7450356729530485,761.9847499162393,main,cost_x2
F,1678780800000,-1,3.013157470581208,False,1678784400000,1678870800000,24235.1,24768.8,24227.82947,24776.230639999998,-220.21778329777914,6.066065334987946,20.220283848632768,6.6841665741012,-239.81996590729864,main,cost_x2
P,1678953600000,1,1.7015073582314562,True,1678957200000,1679043600000,24577.9,25986.3,24585.27337,25978.50411,573.0351250513663,6.171910537513424,20.572863214513852,-2.408874471099239,543.8814768282398,main,cost_x2
B,1679054400000,1,5.085429809019468,True,1679058000000,1679144400000,26631.0,27493.1,26638.989299999997,27484.85207,323.7204761368325,6.09711614283924,20.323623359993988,-3.047332092608614,294.2524045413906,main,cost_x2
B,1679256000000,1,2.1725649849042834,True,1679259600000,1679346000000,27879.6,27988.9,27887.96388,27980.503330000003,39.20429274451675,6.011761287823017,20.039192531456695,-2.913033116119672,10.240305809117364,main,cost_x2
P,1679299200000,1,2.1611111475885805,False,1679302800000,1679389200000,28303.3,27633.2,28311.790989999998,27624.910040000002,-236.75684460822538,5.928972946616354,19.763314182445153,-1.8944280461025251,-264.3435597833894,main,cost_x2
B,1679515200000,-1,3.1517477119527797,True,1679518800000,1679605200000,27294.9,28276.9,27286.711530000004,28285.38307,-359.7741702662402,6.107932251078307,20.35988210251732,0.9613361417928178,-385.28064847804296,main,cost_x2
F,1679529600000,1,1.8027955846815056,False,1679533200000,1679619600000,27305.5,28187.7,27313.69165,28179.243690000003,323.08509274688276,6.096925527823487,20.322988167219062,-1.9720609722436386,294.69311807959656,main,cost_x2
B,1681156800000,1,2.7783633395851144,True,1681160400000,1681246800000,29107.8,30148.5,29116.532339999998,30139.45545,357.53303238307285,6.107259909714017,20.35742577247336,-3.088633651570026,327.9797130493155,main,cost_x2
F,1681243200000,-1,1.2846758177819086,False,1681246800000,1681333200000,30148.5,29934.8,30139.45545,29943.78044,70.88246513093544,5.978735260460079,19.929096270129524,1.947898072438041,46.92253167278388,main,cost_x2
F,1681459200000,-1,2.013713614225595,False,1681462800000,1681549200000,30722.7,30371.2,30713.483190000003,30380.31136,114.41051730479417,5.965676844807599,19.885555159540015,0.6806099989840909,89.23989529943066,main,cost_x2
F,1681790400000,1,1.1421726682615885,False,1681794000000,1681880400000,29480.3,30189.9,29489.144089999998,30180.843030000004,240.70311360467912,6.072210934080218,20.2406309026706,-1.6716824379598025,212.71858932996852,main,cost_x2
P,1681992000000,-1,1.3664932590001981,False,1681995600000,1682082000000,28876.3,28206.6,28867.63711,28215.06198,231.92029449756402,5.930423911650609,19.768010129414087,2.172132458798392,208.3939929152977,main,cost_x2
B,1682020800000,-1,2.557769949119982,True,1682024400000,1682110800000,28192.5,27263.7,28184.042250000002,27271.879109999998,329.4493216280923,5.901165203509823,19.67045184357542,2.6230817061275165,306.5007862871346,main,cost_x2
B,1682107200000,-1,2.8999709514893444,True,1682110800000,1682197200000,27263.7,27621.4,27255.520890000003,27629.68642,-131.20009389774708,6.03936002816847,20.131239453925918,1.8961567816466585,-155.47453659819482,main,cost_x2
B,1682467200000,1,3.948910196973611,True,1682470800000,1682557200000,28287.1,29215.2,28295.586129999996,29206.43544,328.10008802599145,6.0984300264067794,20.328001657999582,-1.4756931798567832,300.1979631617283,main,cost_x2
B,1682524800000,1,3.0518469075590673,True,1682528400000,1682614800000,29803.6,29121.1,29812.54108,29112.36367,-228.9991813069562,5.931300245607992,19.771069518447437,-1.1181553536369102,-255.81970642464853,main,cost_x2
B,1682913600000,-1,2.167666824909207,True,1682917200000,1683003600000,28543.7,27916.9,28535.13689,27925.27507,219.59311511822196,5.934122065463613,19.78034100694724,-0.4875669602135416,193.39108508559758,main,cost_x2
F,1682928000000,1,1.602428280324752,False,1682931600000,1683018000000,28561.4,28017.8,28569.96842,28009.39466,-190.32680470845344,5.942901958586458,19.80973029333296,-0.753289122381956,-216.83272608275482,main,cost_x2
B,1682956800000,-1,0.9749392778767735,False,1682960400000,1683046800000,28350.4,28457.1,28341.894880000003,28465.63713,-37.63615328178688,6.011290845984043,20.03764744412777,0.8238228715597394,-62.86126870033895,main,cost_x2
B,1682971200000,-1,1.662631140005762,True,1682974800000,1683061200000,27663.7,28661.6,27655.40089,28670.19848,-360.7254271843599,6.108217628155486,20.360833644812516,0.8442727450726851,-386.3502057122552,main,cost_x2
F,1682985600000,1,1.687703263103043,False,1682989200000,1683075600000,28033.0,28492.1,28041.4099,28483.55237,163.77126957514307,6.049131380871131,20.163722138194274,-1.6122171489909596,135.9461989070867,main,cost_x2
F,1683345600000,-1,1.2410564268283446,False,1683349200000,1683435600000,29342.6,28828.9,29333.79722,28837.54867,175.0696938921558,5.947479091831276,19.82487778519968,2.398295242526225,151.69563225765108,main,cost_x2
F,1683547200000,1,1.74936498397087,False,1683550800000,1683637200000,27756.9,27744.9,27765.22707,27736.576530000002,-4.323249354214627,5.998703025193277,19.99567804762059,-1.5826699684608379,-31.900300395489335,main,cost_x2
B,1683576000000,-1,1.3181760190586742,False,1683579600000,1683666000000,27519.1,27636.0,27510.844269999998,27644.2908,-42.47958690509554,6.012743876071391,20.04249233078117,1.2387226107872544,-67.29610050116085,main,cost_x2
F,1683590400000,1,1.0755417604883342,False,1683594000000,1683680400000,27568.3,27735.9,27576.57049,27727.579230000003,60.79446320592935,6.018238338960843,20.06077622486697,-1.0996361479210823,33.61581249418045,main,cost_x2
P,1683648000000,-1,0.8827444386146412,True,1683651600000,1683738000000,27691.2,28166.6,27682.892640000002,28175.049979999996,-171.67908938579686,6.051503726814467,20.171730593112613,1.2352672704042165,-196.66705643531972,main,cost_x2
B,1683864000000,-1,1.49544144879272,False,1683867600000,1683954000000,26644.6,26785.0,26636.60662,26793.035499999998,-52.693603957275194,6.015808081186442,20.052709412038464,0.6629097405044279,-78.09921170999566,main,cost_x2
F,1683921600000,1,1.137875005460286,False,1683925200000,1684011600000,26425.6,26891.6,26433.52768,26883.53252,176.3441511261807,6.052903245337316,20.176291247880844,-1.0001385905788975,149.11481804238363,main,cost_x2
B,1684123200000,1,1.741652004277313,True,1684126800000,1684213200000,27271.8,27100.3,27279.981539999997,27092.16991,-62.88547143936228,5.981134358566913,19.93713339420207,-0.6848008888302203,-89.48854008096149,main,cost_x2
P,1684195200000,-1,0.6556523109103504,False,1684198800000,1684285200000,27194.1,27087.4,27185.941769999998,27095.52622,39.23645202451896,5.988229064392349,19.960751777039874,1.7274686203992777,15.014939803486014,main,cost_x2
F,1684339200000,1,0.8002290866802546,True,1684342800000,1684429200000,26891.7,27060.1,26899.76751,27051.98197,62.62155237489553,6.018786465711941,20.062602765909183,-2.8767834936366983,33.66337964963771,main,cost_x2
P,1684656000000,-1,0.5222669272971736,False,1684659600000,1684746000000,27035.9,26810.3,27027.789230000002,26818.34309,83.44460513613461,5.974966618458616,19.916530361482323,0.8237037402361925,58.376811896429864,main,cost_x2
B,1684814400000,1,1.974922974494956,True,1684818000000,1684904400000,27372.8,26791.3,27381.01184,26783.26261,-212.43716389992986,5.936268850829153,19.78762656724924,-2.9889634966097742,-241.15002281461804,main,cost_x2
B,1685246400000,1,1.7131992235045437,True,1685250000000,1685336400000,27157.0,27944.7,27165.1471,27936.316590000002,290.05412969031954,6.0870162389059415,20.289967113451414,-3.0393195124645582,260.63782682549765,main,cost_x2
F,1685275200000,-1,1.051027490996285,False,1685278800000,1685365200000,27132.8,27870.9,27124.66016,27879.26127,-272.03237410072023,6.081609712229267,20.27211398381295,3.0670147982707276,-295.3190829984917,main,cost_x2
F,1685332800000,-1,1.9765796962891882,False,1685336400000,1685422800000,27944.7,27767.0,27936.316590000002,27775.3301,63.58987571883066,5.980923037283552,19.936391047318455,2.600530961892386,40.273092596121046,main,cost_x2
B,1685548800000,-1,1.2709716597381582,False,1685552400000,1685638800000,26928.7,27080.8,26920.62139,27088.924239999997,-56.48248894302307,6.0169447466821095,20.0564994336897,2.1693818409870578,-80.38655128240782,main,cost_x2
B,1685592000000,-1,2.3100042220087182,True,1685595600000,1685682000000,26797.1,27051.8,26789.06087,27059.915539999998,-95.04759843415918,6.028514279528851,20.09507611271369,2.4444198298095015,-118.72676899659221,main,cost_x2
F,1685678400000,1,1.6306243349415601,False,1685682000000,1685768400000,27051.8,27151.1,27059.915539999998,27142.95467,36.707354039287324,6.01101220621114,20.036696341833075,-2.6689720964857635,7.990673394757345,main,cost_x2
F,1685923200000,-1,2.518455584623106,False,1685926800000,1686013200000,27018.7,25679.2,27010.594390000002,25686.90376,495.7677460425557,5.851269676186876,19.504083523633632,1.0224375491625113,471.43483039189766,main,cost_x2
B,1685980800000,-1,1.9839693615644407,True,1685984400000,1686070800000,25796.8,26360.9,25789.06096,26368.80827,-218.6705327792603,6.06560115983389,20.218736133939093,-0.5840670103130647,-245.53893708334635,main,cost_x2
F,1686067200000,1,2.419309344373593,False,1686070800000,1686157200000,26360.9,26313.5,26368.80827,26305.60595,-17.981176666958053,5.994605646999484,19.982024217686043,-2.4488854127108706,-46.406691944354456,main,cost_x2
P,1686326400000,-1,0.7334039376717205,False,1686330000000,1686416400000,26474.9,25580.5,26466.957530000003,25588.17415,337.82941578627356,5.898651175263006,19.662069235388994,1.476999510191671,313.74569488581324,main,cost_x2
B,1686384000000,-1,5.873772441141727,True,1686387600000,1686474000000,25660.1,25727.4,25652.40197,25735.11822,-26.227489370658304,6.007868246810574,20.02623535761747,1.1532666568870074,-51.108326318199346,main,cost_x2
F,1686672000000,-1,2.013699396274704,False,1686675600000,1686762000000,25850.8,25955.9,25843.04476,25963.68677,-40.656382007520925,6.012196914601247,20.040668578922126,0.8843066117041429,-65.82494088934014,main,cost_x2
P,1686672000000,-1,2.013699396274704,False,1686675600000,1686762000000,25850.8,25955.9,25843.04476,25963.68677,-40.656382007520925,6.012196914601247,20.040668578922126,0.8843066117041429,-65.82494088934014,main,cost_x2
F,1686830400000,1,1.7243013564636342,False,1686834000000,1686920400000,24944.4,25555.4,24951.88332,25547.73338,244.94475713987907,6.073483427141696,20.244871273712736,-1.1560816888788297,217.4703207501458,main,cost_x2
F,1687233600000,-1,1.7935618202247219,False,1687237200000,1687323600000,26951.4,28775.3,26943.314580000002,28783.932589999997,-676.7366444785791,6.203020993342411,20.676939665471924,0.35547739909168813,-703.2611277383018,main,cost_x2
B,1687291200000,1,4.819330857600009,True,1687294800000,1687381200000,28147.2,29977.7,28155.64416,29968.706690000003,650.331116416553,6.195099334923943,20.65013601708163,-1.9284855582308553,621.5573955063165,main,cost_x2
B,1687305600000,1,2.8466706280795098,True,1687309200000,1687395600000,28399.7,30131.4,28408.21991,30122.360580000004,609.7599622531226,6.182927988674671,20.609577034264447,-2.3401985233870617,580.6272587067965,main,cost_x2
B,1687363200000,1,4.746402627983899,True,1687366800000,1687453200000,30163.1,29957.7,30172.148929999996,29948.71269,-68.09644897241922,5.97957106530749,19.931923979962274,-2.905557793462874,-96.91350181115187,main,cost_x2
B,1687536000000,1,3.6382601115321145,True,1687539600000,1687626000000,31090.3,30503.9,31099.627089999998,30494.748830000004,-188.61188216260305,5.943416435350005,19.811444701402046,-2.947497495273124,-217.31424079462823,main,cost_x2
F,1688112000000,-1,3.5674102642390526,False,1688115600000,1688202000000,30841.6,30429.8,30832.34752,30438.928939999998,133.5209587051253,5.959943712387777,19.86643898500726,2.9494040110454716,110.64398001877575,main,cost_x2
B,1688414400000,1,1.1406784745860497,False,1688418000000,1688504400000,31113.0,30787.0,31122.333899999998,30777.7639,-104.77935268215857,5.968566194194089,19.895252081123648,-2.989514240374763,-133.6326851978511,main,cost_x2
F,1688644800000,-1,5.280377217568566,False,1688648400000,1688734800000,30588.6,30190.4,30579.42342,30199.45712,130.1792170939491,5.960946234870849,19.869781729140925,0.6303239766833527,104.97881310662068,main,cost_x2
F,1688702400000,1,1.9010380406913843,False,1688706000000,1688792400000,30076.0,30227.0,30085.0228,30217.9319,50.20614443410028,6.015061843329977,20.05019108259077,-0.7333916146790934,23.40749989350044,main,cost_x2
B,1689019200000,1,1.4755990604457419,False,1689022800000,1689109200000,30773.3,30561.0,30782.53199,30551.831700000002,-68.98837628723577,5.979303487113103,19.931032320225647,-2.004114893430344,-96.90282698800485,main,cost_x2
B,1689278400000,1,5.025502458262908,True,1689282000000,1689368400000,31364.9,30170.4,31374.30947,30161.34888,-380.83972848630157,5.885748081453718,19.619274523432242,-2.989791566300546,-409.33454265748804,main,cost_x2
B,1689364800000,-1,4.6044152093542925,True,1689368400000,1689454800000,30170.4,30284.7,30161.34888,30293.78541,-37.88481425503118,6.011365444276431,20.037896179699306,-0.13253572190318366,-64.0666116009101,main,cost_x2
P,1690473600000,-1,0.8652701778067285,False,1690477200000,1690563600000,29263.7,29346.9,29254.92089,29355.70407,-28.431127984499817,6.0085293383946015,20.028439657322895,2.1049258325644398,-52.36317114765288,main,cost_x2
F,1690761600000,1,1.8230175440842373,False,1690765200000,1690851600000,29449.7,29272.3,29458.53491,29263.51831,-60.23830463468268,5.981928508608767,19.939779766856706,-2.177088002883553,-88.3371009130317,main,cost_x2
B,1690862400000,-1,3.1615565758750077,True,1690866000000,1690952400000,28852.2,29667.3,28843.54434,29676.20019,-282.5087861584207,6.08475263584775,20.282593538794266,2.7111345664687456,-306.164997766594,main,cost_x2
F,1690905600000,1,1.5697422917874158,False,1690909200000,1690995600000,28922.2,29014.3,28930.876659999998,29005.59571,31.84405059089507,6.009553215175612,20.03183449737572,-3.0628970441429075,2.739765834200832,main,cost_x2
B,1690934400000,1,3.3758207315624,True,1690938000000,1691024400000,29816.7,29158.0,29825.64501,29149.2526,-220.91646627561087,5.933725060117201,19.779149808664272,-2.953255926310423,-249.58259707070277,main,cost_x2
F,1690948800000,-1,4.69290195456433,False,1690952400000,1691038800000,29667.3,29126.2,29658.39981,29134.93786,182.3893647214268,5.9452831905828125,19.817555918469154,2.968128072929454,159.5946536853043,main,cost_x2
F,1691438400000,1,2.012851131951567,False,1691442000000,1691528400000,29186.5,29966.9,29195.25595,29957.90993,267.38389323831274,6.0802151679710414,20.26730367807034,-2.5150815578188763,238.5212928344525,main,cost_x2
F,1691481600000,-1,1.1243627241484861,False,1691485200000,1691571600000,29169.4,29823.4,29160.649180000004,29832.34702,-224.20755997723643,6.067262267992172,20.22427482224523,2.4025458775541786,-248.09655118991964,main,cost_x2
B,1691496000000,1,1.9058170310863378,True,1691499600000,1691586000000,29561.0,30064.6,29569.8683,30055.58062,170.3595954128746,6.05110787862257,20.17030848753425,-2.3707189107516276,141.76746013596613,main,cost_x2
B,1691524800000,1,2.6943220577372227,True,1691528400000,1691614800000,29966.9,29493.6,29975.89007,29484.75192,-157.9409281574013,5.952617721552642,19.842106454121048,-2.6343420811778335,-186.3699944142528,main,cost_x2
F,1691539200000,-1,3.023597826133966,False,1691542800000,1691629200000,29765.0,29612.7,29756.0705,29621.58381,51.167478582227204,5.984649756424568,19.948817171174195,2.83487301927117,28.068884673899607,main,cost_x2
F,1691985600000,1,2.881961586430237,False,1691989200000,1692075600000,29404.0,29366.4,29412.8212,29357.59008,-12.787375867228453,5.996163787239216,19.987216460345532,-3.007172493538294,-41.777928608351495,main,cost_x2
B,1692028800000,1,1.3059428963935484,False,1692032400000,1692118800000,29638.6,29271.9,29647.491579999998,29263.118430000002,-123.72379262178278,5.962882862213031,19.876313324516005,-2.9735651123723796,-152.53655392088422,main,cost_x2
B,1692230400000,-1,3.345210324741094,True,1692234000000,1692320400000,28566.6,26723.3,28558.03002,26731.31699,645.2640496243863,5.8064207851127865,19.354542371160726,2.9105812002100353,623.0136676683228,main,cost_x2
B,1692288000000,-1,2.8964381158031,True,1692291600000,1692378000000,27927.5,25889.5,27919.121750000002,25897.26685,729.7466654731,5.781076000357322,19.27003441052726,1.429294088972763,706.1248491511882,main,cost_x2
P,1692374400000,-1,2.071760501899531,False,1692378000000,1692464400000,25889.5,26240.1,25881.73315,26247.972029999997,-135.42169605438443,6.040626508815778,20.1354623225632,-0.5947502017753017,-162.1925350875387,main,cost_x2
P,1692590400000,-1,0.7913992925134579,True,1692594000000,1692680400000,26043.7,26003.4,26035.88689,26011.20102,15.473991790720701,5.99535780246206,19.984521366011744,-0.11055438055526383,-10.616441758308364,main,cost_x2
B,1692734400000,-1,2.104631259639385,True,1692738000000,1692824400000,25850.7,26578.2,25842.94479,26586.173459999998,-281.42371386461485,6.08442711415814,20.281508140978776,0.2999483634872556,-307.48970075626454,main,cost_x2
F,1692748800000,1,3.840593793061181,False,1692752400000,1692838800000,26027.3,26500.0,26035.10819,26492.05,181.6169944635059,6.0544850983392315,20.18156250936517,0.0625178259278827,155.44346468172938,main,cost_x2
B,1693324800000,1,5.321866287434916,True,1693328400000,1693414800000,27988.3,27146.4,27996.69649,27138.256080000003,-300.804264639152,5.909758720607465,19.69928597664024,-1.4266043073489425,-327.8399136437487,main,cost_x2
F,1694376000000,1,1.0778727862263153,False,1694379600000,1694466000000,25807.0,25086.3,25814.7421,25078.77411,-279.26531561204354,5.916220405316496,19.720818463982642,-0.3310406469981004,-305.23339512834076,main,cost_x2
B,1694448000000,-1,3.5988709501029317,True,1694451600000,1694538000000,25175.4,26094.4,25167.847380000003,26102.228320000002,-365.0388871676319,6.109511666149932,20.36514839883378,0.46461724561318474,-391.04892998700245,main,cost_x2
F,1694476800000,1,1.6320033788313864,False,1694480400000,1694566800000,25192.9,25910.6,25200.457870000002,25902.82682,284.88185163280014,6.085464555490113,20.28479638707731,-0.4318241886955714,258.0797665015371,main,cost_x2
B,1694707200000,1,2.2682728719376133,True,1694710800000,1694797200000,26607.6,26365.9,26615.58228,26357.990230000003,-90.83870773763779,5.972748387678169,19.909188543874684,-0.4085895394548926,-117.12923420864553,main,cost_x2
B,1695038400000,1,3.8674500330374424,True,1695042000000,1695128400000,27354.6,27124.9,27362.806379999998,27116.762530000004,-83.97125163592123,5.9748086245083005,19.916053939739573,0.6271226695773785,-109.23499153059174,main,cost_x2
B,1695816000000,1,3.15326000736309,True,1695819600000,1695906000000,26710.8,26464.2,26718.81324,26456.26074,-92.3222067478318,5.972303337975433,19.907705489914193,-0.11414411964502624,-118.31635969536643,main,cost_x2
B,1695916800000,1,2.291046517978164,True,1695920400000,1696006800000,27047.6,26864.5,27055.714279999997,26856.44065,-67.69547020807707,5.979691358936653,19.932324838432987,0.5994276304027686,-93.00805877504393,main,cost_x2
P,1695974400000,1,1.6817071786546833,False,1695978000000,1696064400000,26995.1,26916.8,27003.198529999998,26908.72496,-29.00526391826638,5.991298420824156,19.97100343766091,-0.2973101154528273,-55.264875892204266,main,cost_x2
F,1696248000000,-1,2.2696635672677776,False,1696251600000,1696338000000,28305.0,27458.1,28296.5085,27466.337429999996,299.2050874403821,5.910238473766999,19.700705151033386,0.42088902006340667,274.0150328356451,main,cost_x2
F,1696262400000,-1,2.2325377071695196,False,1696266000000,1696352400000,27986.8,27371.6,27978.40396,27379.811479999997,219.81791415953262,5.934054625751336,19.780116140466223,0.817762159626579,194.92150555294162,main,cost_x2
F,1696636800000,-1,2.55318712663755,False,1696640400000,1696726800000,27901.6,27950.9,27893.22952,27959.28527,-17.66923760644655,6.005300771280724,20.01767453837773,0.5246100646231217,-43.16760285148188,main,cost_x2
B,1696996800000,-1,2.5849457417867914,True,1697000400000,1697086800000,27111.1,26809.4,27102.966669999998,26817.44282,111.28283249296307,5.966615150251862,19.88868378265729,2.44505704301533,87.87259060306924,main,cost_x2
B,1697040000000,-1,1.6747419252030864,True,1697043600000,1697130000000,26672.8,26665.2,26664.79816,26673.19956,2.849344650729787,5.999145196605161,19.997149800545873,2.0049764441311004,-21.14197390229015,main,cost_x2
P,1697040000000,-1,1.6747419252030864,False,1697043600000,1697130000000,26672.8,26665.2,26664.79816,26673.19956,2.849344650729787,5.999145196605161,19.997149800545873,2.0049764441311004,-21.14197390229015,main,cost_x2
F,1697054400000,1,2.0279026747272755,False,1697058000000,1697144400000,26714.4,26734.4,26722.41432,26726.379680000002,7.486598987811817,6.002245979695608,20.007484353008113,-2.0018542695707184,-20.524985614462626,main,cost_x2
F,1697472000000,-1,7.902218000664384,False,1697475600000,1697562000000,28078.3,28566.7,28069.876510000002,28575.27001,-173.94215461762337,6.052182646384168,20.17399433726401,-0.062402238059364144,-200.23073383933092,main,cost_x2
B,1697774400000,1,4.004459321639547,True,1697778000000,1697864400000,29307.0,29540.4,29315.7921,29531.537880000003,79.6396765277925,6.023891902957216,20.07961578462484,-0.3037124744725527,53.23245636573789,main,cost_x2
B,1698033600000,1,4.401517239110209,True,1698037200000,1698123600000,30643.2,34392.2,30652.39296,34381.88234,1223.4361946532988,6.3670308583962925,21.2230691637949,-2.09938137551639,1193.7467132555912,main,cost_x2
F,1698048000000,-1,4.700659517526886,False,1698051600000,1698138000000,30675.8,34125.8,30666.59726,34136.03774,-1124.66504541039,6.337399513622295,21.12500244492401,2.2525573421147564,-1149.8748900268215,main,cost_x2
B,1698091200000,1,4.164626970413238,True,1698094800000,1698181200000,31511.5,33659.1,31520.953449999997,33649.00227,681.5289656157272,6.204458689684263,20.681324506926046,-3.197673447083446,651.4455089720335,main,cost_x2
F,1698854400000,-1,2.882266603759829,False,1698858000000,1698944400000,34458.4,34647.1,34448.06248,34657.49413,-54.76168365333187,6.016428505096446,20.05477811215843,3.057614123169677,-77.77527614741706,main,cost_x2
B,1698883200000,1,4.224174474607722,True,1698886800000,1698973200000,35437.9,34512.5,35448.53137,34502.14625,-261.132854937793,5.921660143517971,19.73894548491869,-2.9590269409728003,-289.75248750720243,main,cost_x2
P,1699027200000,1,0.8918802895731097,False,1699030800000,1699117200000,34661.8,34693.9,34672.198540000005,34683.49183,9.260915474671986,6.002778274643667,20.00925813720003,-3.0053495897192297,-19.75647052689094,main,cost_x2
B,1699387200000,1,1.9587160860982666,True,1699390800000,1699477200000,35638.6,35619.0,35649.29158,35608.3143,-5.4996548685971245,5.998350103539592,19.99450199502786,-2.970885500552772,-34.463392467717355,main,cost_x2
B,1699920000000,-1,1.377175617343359,False,1699923600000,1700010000000,36270.3,35512.0,36259.41891000001,35522.6536,209.06912818476903,5.937279261542676,19.790868151076776,4.080448158960828,187.4214289311104,main,cost_x2
F,1699934400000,1,1.1795383847745724,False,1699938000000,1700024400000,36528.0,35597.5,36538.958399999996,35586.82075,-254.73609286027155,5.92357917214108,19.745340327967583,-4.05166116020469,-284.4566735205849,main,cost_x2
B,1700078400000,1,3.270907811869005,True,1700082000000,1700168400000,37546.6,35960.1,37557.863979999995,35949.31197,-422.5415883195816,5.873237523502036,19.577585174156916,-3.6908020757306925,-451.6832130929712,main,cost_x2
B,1700092800000,1,2.19110739569909,True,1700096400000,1700182800000,37795.0,36379.1,37806.3385,36368.18627,-374.62627331657666,5.88761211800456,19.625486114565415,-3.6212158898489215,-403.76058743899557,main,cost_x2
B,1700438400000,1,1.3039246340105244,False,1700442000000,1700528400000,37315.0,37408.0,37326.1945,37396.7776,24.922953235964087,6.007476885969859,20.024915476349996,-3.0068867654541074,-4.116325891809872,main,cost_x2
B,1700510400000,1,1.94197422830547,True,1700514000000,1700600400000,37564.0,36940.5,37575.269199999995,36929.41785,-165.98338835054838,5.9502049834940856,19.834066406665958,-2.9745207874781707,-194.7421805281866,main,cost_x2
B,1700611200000,-1,2.219272504312328,True,1700614800000,1700701200000,36109.9,37319.4,36099.067030000006,37330.59582,-334.9496952359325,6.100484908569855,20.335050180144506,3.0553647102174195,-358.3298656144295,main,cost_x2
F,1700625600000,1,1.6158996652508861,False,1700629200000,1700715600000,36410.0,37350.7,36420.922999999995,37339.49479,258.36308706399257,6.0775089261179085,20.25828557813787,-3.0301816574973905,228.9971109022394,main,cost_x2
B,1701100800000,-1,1.1531681018469138,False,1701104400000,1701190800000,37075.1,37868.7,37063.97747,37880.06060999999,-214.05201874034017,6.064215605621196,20.214116234345962,3.016177973896227,-237.31417260641112,main,cost_x2
B,1701662400000,1,3.948900321089853,True,1701666000000,1701752400000,40915.1,41779.7,40927.374529999994,41767.16609,211.3156267490483,6.063394688023108,20.21125223206102,-3.0486227076793173,181.99235712128484,main,cost_x2
B,1701806400000,1,3.480193191781919,True,1701810000000,1701896400000,43797.5,43756.1,43810.63925,43742.97317,-9.4525943261605,5.997164221702435,19.990550241452137,-3.0040738695455227,-38.44438265886059,main,cost_x2
F,1702900800000,1,2.2086340488377356,False,1702904400000,1702990800000,40941.1,42968.1,40953.38233,42955.20957,495.1014994711915,6.148530449841672,20.49495296902135,-3.6682672750885565,464.78974877723994,main,cost_x2
B,1703088000000,1,1.9654139447170689,True,1703091600000,1703178000000,43725.8,43713.2,43738.917740000004,43700.08604,-2.881593933102612,5.9991355218193,19.997119270545078,-8.54188976815599,-37.41973849362299,main,cost_x2
F,1703232000000,-1,2.1098867495488123,False,1703235600000,1703322000000,43638.4,43646.1,43625.30848,43659.19383,-1.7645009899531352,6.000529350296927,20.00176503034025,4.444112638515134,-23.322682732075176,main,cost_x2
F,1703592000000,1,1.3721120466573777,False,1703595600000,1703682000000,42800.0,42948.1,42812.84,42935.21557,34.60280373831742,6.01038084112027,20.034592422897198,-9.442158116623489,-0.884327642323539,main,cost_x2
F,1703894400000,1,1.6135343436400276,False,1703898000000,1703984400000,42131.4,42395.1,42144.03942,42382.38147,62.58989732123715,6.018776969195849,20.062571120352043,-10.93987210940454,25.568677122284722,main,cost_x2
B,1704139200000,1,1.053513617485865,False,1704142800000,1704229200000,43753.2,44825.1,43766.325959999995,44811.65247,244.98779517841018,6.073496338552431,20.244914298839856,-15.866481870791338,202.80290267022653,main,cost_x2
B,1704153600000,1,2.1301990191890563,True,1704157200000,1704243600000,45179.7,45168.0,45193.25390999999,45154.4496,-2.5896586298707365,5.999223102409969,19.997411118267717,-11.025619281938443,-39.61191213248686,main,cost_x2
B,1704168000000,1,4.105949925745778,True,1704171600000,1704258000000,45211.5,45218.8,45225.06345,45205.23436,1.6146334450312223,6.000484390033991,20.001614149054998,-11.01786429276167,-35.40532938681944,main,cost_x2
F,1704297600000,1,4.458292722818414,False,1704301200000,1704387600000,43009.1,43913.2,43022.00273,43900.02604,210.21132737025385,6.063063398211469,20.210148263972044,-3.014957037955456,180.92315867011487,main,cost_x2
B,1704715200000,1,1.242430100218035,False,1704718800000,1704805200000,45102.9,46175.9,45116.43087,46162.047230000004,237.90044542590385,6.071370133626161,20.23782907529228,-3.0768667159189316,208.5143795010665,main,cost_x2
B,1704744000000,1,3.834962803188745,True,1704747600000,1704834000000,46796.1,46636.1,46810.138829999996,46622.10917,-34.19088342831988,5.9897427349699806,19.96581937383671,-3.0063134856770115,-63.152759022803586,main,cost_x2
P,1704974400000,1,1.2372691497785058,False,1704978000000,1705064400000,47451.0,45879.7,47465.2353,45865.936089999996,-331.14159870181936,5.900657520389827,19.668957743777796,-2.9322821723074335,-359.6434961382944,main,cost_x2
F,1704988800000,-1,4.612280444210343,False,1704992400000,1705078800000,46038.0,43661.2,46024.1886,43674.29835999999,516.2691689473919,5.845119249314697,19.483575950301923,2.9723849118319654,493.91285865960725,main,cost_x2
B,1705089600000,-1,4.03605486214625,True,1705093200000,1705179600000,43686.7,42870.5,43673.59399,42883.36115,186.83031677833233,5.943950904964868,19.813113634126637,2.9540080337027055,164.02726027294352,main,cost_x2
F,1705449600000,-1,0.8190917309431303,True,1705453200000,1705539600000,43089.5,42671.1,43076.573150000004,42683.90133,97.10022163172036,5.970869933510077,19.90287064830179,2.968668062608756,74.19514911251724,main,cost_x2
B,1705608000000,-1,2.9984425573543736,True,1705611600000,1705698000000,40847.3,41635.5,40835.04581,41647.99065,-192.9625703534865,6.057888771105895,20.193020459124593,3.0234134436657993,-216.19006614005121,main,cost_x2
F,1705622400000,1,1.4634307916371645,False,1705626000000,1705712400000,41287.1,41490.9,41299.48613,41478.452730000005,49.3616650237006,6.014808499506114,20.049346856524192,-2.99951316512906,20.29799650254124,main,cost_x2
P,1705680000000,-1,0.8960688875399467,False,1705683600000,1705770000000,40408.6,41566.8,40396.47742,41579.27004,-286.62215468984436,6.085986646405915,20.286708141336252,3.0904572414879508,-309.90439223609854,main,cost_x2
F,1705694400000,1,2.742928489368025,False,1705698000000,1705784400000,41635.5,41748.7,41647.99065,41736.17539,27.188336875982536,6.0081565010628255,20.02718018037492,-2.999388754509733,-1.8463885599649414,main,cost_x2
B,1706011200000,-1,3.4980217735567307,True,1706014800000,1706101200000,39065.7,40030.4,39053.98029,40042.40912,-246.9429704318634,6.074082891127701,20.247017053322995,3.0479655014332274,-270.2161048748809,main,cost_x2
B,1706270400000,1,3.0381125957347797,True,1706274000000,1706360400000,41128.1,41730.6,41140.438429999995,41718.08082,146.49351659814096,6.043948054977458,20.146449568543165,-2.9320786003715225,117.3710403742488,main,cost_x2
B,1706299200000,1,1.7305590354819733,True,1706302800000,1706389200000,41961.0,42049.6,41973.588299999996,42036.98512,21.114844736779045,6.006334453420269,20.02110851028336,-2.7138166449798624,-7.626414871904446,main,cost_x2
F,1706313600000,-1,0.8623780503653707,True,1706317200000,1706403600000,41772.8,41976.3,41760.26816000001,41988.89289,-48.71591083192891,6.014614773248598,20.04873052560518,2.8366076011184305,-71.94264852966425,main,cost_x2
F,1707148800000,-1,1.1209973074444597,False,1707152400000,1707238800000,42727.5,43144.2,42714.68175,43157.14326,-97.52501316482291,6.029257503948659,20.097554270668777,2.685644165647695,-120.96618077379267,main,cost_x2
B,1707336000000,1,1.4413227217005566,False,1707339600000,1707426000000,44113.4,45471.8,44126.63402,45458.158460000006,307.93364374543825,6.092380093122074,20.307841263652314,-1.9306579086557891,279.60276448000803,main,cost_x2
B,1707350400000,1,2.4158896420759306,True,1707354000000,1707440400000,44656.7,45264.9,44670.09701,45251.320530000005,136.19456878811118,6.040858370635882,20.136153710417474,-1.2349030539421026,108.78265365311572,main,cost_x2
B,1707408000000,1,1.5325278028113414,True,1707411600000,1707498000000,45045.0,47254.5,45058.5135,47240.32365,490.50949050949055,6.147152847153398,20.49036233766234,-2.3685695493457657,461.503405775329,main,cost_x2
F,1707436800000,-1,1.1202695598432346,False,1707440400000,1707526800000,45264.9,47073.6,45251.320530000005,47087.72208,-399.5811324006011,6.119874339719727,20.399701006740322,2.8780285725347188,-423.22267917452643,main,cost_x2
B,1707480000000,1,3.0207044512714516,True,1707483600000,1707570000000,47309.5,47209.1,47323.69285,47194.93727,-21.22195330747555,5.993633414006875,19.978784413278518,-2.7736027741224665,-49.967973908883415,main,cost_x2
B,1707624000000,1,1.8157219118394317,True,1707627600000,1707714000000,48288.8,48068.0,48303.28664,48053.579600000005,-45.72488858700214,5.986282533422026,19.954288828879573,-2.994765167407349,-74.66022511671109,main,cost_x2
F,1707638400000,-1,1.762474805641991,False,1707642000000,1707728400000,48128.5,48113.9,48114.06145,48128.33417,3.0335456122668574,5.999089936316193,19.99696554432405,3.0055136903855306,-19.956996177987854,main,cost_x2
F,1707710400000,-1,1.9539362299059333,False,1707714000000,1707800400000,48068.0,49922.5,48053.579600000005,49937.47675,-385.8076058916535,6.115742281766884,20.385923348173424,3.080257856136931,-409.2290136654569,main,cost_x2
B,1707753600000,1,2.3639321681694927,True,1707757200000,1707843600000,49594.4,48498.2,49609.27832,48483.650539999995,-221.0330198570815,5.933690094042506,19.779033290048876,-2.998420966920056,-249.74416420809294,main,cost_x2
F,1707768000000,-1,2.9700396010295034,False,1707771600000,1707858000000,50177.5,49395.4,50162.44675,49410.21862,155.8666733097501,5.953239998006158,19.844086566688258,2.963577077411589,133.03292382246727,main,cost_x2
F,1707796800000,-1,1.5033036918231413,False,1707800400000,1707886800000,49922.5,49396.6,49907.52325,49411.418979999995,105.34328208723551,5.96839701537343,19.89462511492814,2.973940314153538,82.45420027108747,main,cost_x2
B,1707912000000,1,4.658869195155326,True,1707915600000,1708002000000,51611.1,52357.3,51626.583329999994,52341.59281,144.58130130921535,6.0433743903920805,20.144537926918822,-3.235996835784776,115.15739215611968,main,cost_x2
B,1707969600000,1,2.806624908093905,True,1707973200000,1708059600000,52180.0,52152.9,52195.653999999995,52137.25413,-5.19356075124541,5.998441931773722,19.99480799731698,-2.983191683180721,-34.170002363516836,main,cost_x2
F,1708012800000,-1,1.6154385879741595,False,1708016400000,1708102800000,52295.2,52066.3,52279.51144,52081.919890000005,43.770747602073264,5.986868775718768,19.956216121173647,2.9752252622563833,20.802887967437236,main,cost_x2
F,1708444800000,-1,2.0458755084890443,False,1708448400000,1708534800000,51428.9,51371.7,51413.47133,51387.111509999995,11.122151164035078,5.996663354650641,19.988874512190613,3.13995343112854,-11.723433271677637,main,cost_x2
B,1708963200000,1,1.3288768812506997,False,1708966800000,1709053200000,53438.9,57084.1,53454.93167,57066.97477,682.1248191860232,6.204637445754777,20.681920181740267,-13.448937381739483,641.7893241767887,main,cost_x2
B,1708977600000,1,3.4489611977071912,True,1708981200000,1709067600000,54492.9,57012.4,54509.24787,56995.29628,462.35381123045386,6.138706143368575,20.462215105087086,-13.188808447504869,422.5640815344933,main,cost_x2
B,1709107200000,1,2.217433816742315,True,1709110800000,1709197200000,59503.7,62879.1,59521.55110999999,62860.23627,567.2588427274273,6.170177652817098,20.567088665074607,-20.79396051616602,519.7276158933696,main,cost_x2
P,1709107200000,1,2.217433816742315,True,1709110800000,1709197200000,59503.7,62879.1,59521.55110999999,62860.23627,567.2588427274273,6.170177652817098,20.567088665074607,-20.79396051616602,519.7276158933696,main,cost_x2
B,1709136000000,1,2.5692995099246936,True,1709139600000,1709226000000,62530.2,62235.5,62548.959059999994,62216.82935,-47.12922715743706,5.985861231852241,19.95288491161071,-20.293331385016153,-93.36130468591617,main,cost_x2
B,1709553600000,1,2.867509842431089,True,1709557200000,1709643600000,65199.9,67399.1,65219.459969999996,67378.88027000001,337.3011308299559,6.101190339247738,20.337199940490706,-20.044973496334016,290.8177670538835,main,cost_x2
B,1709568000000,1,1.3871993105370046,False,1709571600000,1709658000000,66618.8,65621.9,66638.78564,65602.21343,-149.6424432742722,5.955107267016174,19.850402449458713,-22.11114570196401,-197.55909869271113,main,cost_x2
B,1709582400000,1,2.74479699515839,True,1709586000000,1709672400000,67485.9,61956.7,67506.14576999999,61938.11299,-819.3118858902375,5.754206434231406,19.18093390767553,-21.827048217331328,-866.0740744494757,main,cost_x2
B,1709596800000,1,2.830000183131962,True,1709600400000,1709686800000,68114.3,63475.5,68134.73429000001,63456.457350000004,-681.031736360794,5.795690479091831,19.319172573160113,-20.11146476521564,-726.2580641782615,main,cost_x2
F,1709654400000,-1,2.283905439563652,False,1709658000000,1709744400000,65621.9,67164.2,65602.21343,67184.34925999999,-235.02824514377104,6.070508473540357,20.23509875361731,11.972828548613384,-249.3610238223153,main,cost_x2
F,1709913600000,-1,1.9888837473969905,False,1709917200000,1710003600000,67863.8,68160.0,67843.44086,68180.448,-43.646244389497355,6.013093873317502,20.043659338262813,7.731291786800824,-61.971705814276845,main,cost_x2
B,1710144000000,1,3.742033660422327,True,1710147600000,1710234000000,71315.0,71752.9,71336.3945,71731.37413,61.403631774520676,6.018421089531311,20.061385210684993,-15.792597374184952,19.531228100119417,main,cost_x2
P,1710144000000,1,3.742033660422327,False,1710147600000,1710234000000,71315.0,71752.9,71336.3945,71731.37413,61.403631774520676,6.018421089531311,20.061385210684993,-15.792597374184952,19.531228100119417,main,cost_x2
F,1710187200000,-1,1.1530320488423462,False,1710190800000,1710277200000,72186.0,71094.1,72164.3442,71115.42823,151.26201756573215,5.9546213947292195,19.848692603828997,13.74032869858472,139.19903226575866,main,cost_x2
B,1710633600000,-1,2.5789904050026027,True,1710637200000,1710723600000,65273.4,67360.9,65253.81798000001,67381.10827,-319.8086816375419,6.0959426044908325,20.319904624242042,6.491529142637567,-339.7329997236372,main,cost_x2
F,1710864000000,1,1.262077692853294,False,1710867600000,1710954000000,65009.0,63144.8,65028.5027,63125.85656000001,-286.7602947284218,5.913971911580356,19.713325733359998,-4.27155303951176,-316.6591454128739,main,cost_x2
B,1710892800000,-1,2.355475731301524,True,1710896400000,1710982800000,63283.5,67696.3,63264.514950000004,67716.60889,-697.3065649023843,6.209191969470072,20.69751575687186,3.951706224460089,-720.261566404266,main,cost_x2
P,1710892800000,-1,2.355475731301524,False,1710896400000,1710982800000,63283.5,67696.3,63264.514950000004,67716.60889,-697.3065649023843,6.209191969470072,20.69751575687186,3.951706224460089,-720.261566404266,main,cost_x2
F,1710921600000,1,2.654554762919545,False,1710925200000,1711011600000,62737.5,67336.0,62756.32125,67315.79920000001,732.9746961546125,6.219892408845157,20.73275480374577,-4.20218894639236,701.8198599956291,main,cost_x2
P,1711108800000,-1,1.3499017663555524,True,1711112400000,1711198800000,64301.5,64728.2,64282.20955,64747.61846,-66.35926067043492,6.019907778201317,20.066379168448634,3.189060604714368,-89.2564870123705,main,cost_x2
F,1711353600000,-1,0.8212123371360589,True,1711357200000,1711443600000,66986.1,70749.6,66966.00417000001,70770.82488,-561.8329772893181,6.1685498931846166,20.562001527182503,7.228167650995422,-581.3353610586898,main,cost_x2
B,1711382400000,1,1.500612433071542,True,1711386000000,1711472400000,70214.7,69796.7,70235.76440999999,69775.76099,-59.531693505775856,5.982140491947361,19.940486166002273,-6.709713795401818,-92.16403395912731,main,cost_x2
B,1711396800000,1,1.3287707239694688,False,1711400400000,1711486800000,70950.0,69889.3,70971.285,69868.33321000001,-149.49964763918211,5.955150105707512,19.850545202255113,-6.6401767615221985,-181.94551970866692,main,cost_x2
F,1711411200000,-1,1.340282094103225,False,1711414800000,1711501200000,69951.6,70665.0,69930.61452,70686.1995,-101.98480091949207,6.0305954402766275,20.102015396359768,7.418953395051883,-120.69845836107659,main,cost_x2
F,1711440000000,-1,1.1853417010453315,False,1711443600000,1711530000000,70749.6,69604.0,70728.37512000001,69624.8812,161.92317695082457,5.951423046914434,19.838028246096094,8.420949037094761,144.5546746949088,main,cost_x2
F,1711555200000,-1,2.173539596857324,False,1711558800000,1711645200000,69304.8,70749.1,69284.00856,70770.32473000001,-208.3982639009135,6.062519479170649,20.208460783380083,8.495297065441727,-226.17394709802247,main,cost_x2
P,1711584000000,1,0.6616669749887197,False,1711587600000,1711674000000,69747.1,70793.6,69768.02413,70772.36192000001,150.04208060263434,6.045012624180067,20.149997067978454,-7.882794146941281,115.96427676353456,main,cost_x2
B,1711987200000,-1,0.9753614705812123,False,1711990800000,1712077200000,68621.6,65581.8,68601.01352000001,65601.47454,442.9800529279414,5.86710598412028,19.55688705305618,3.6357561784459205,421.19181606921086,main,cost_x2
F,1712001600000,1,0.8306888481717494,True,1712005200000,1712091600000,69768.9,65678.0,69789.83067,65658.2966,-586.3500786166895,5.824094976415003,19.413825826406896,-3.5759687507592153,-615.1639681702706,main,cost_x2
B,1712073600000,-1,1.493815555975162,False,1712077200000,1712163600000,65581.8,66219.6,65562.12546000001,66239.46588,-97.25259142018105,6.02917577742457,20.09728176719761,3.0119471505256032,-120.36710181427762,main,cost_x2
F,1712088000000,1,1.2254813933633641,False,1712091600000,1712178000000,65678.0,65729.4,65697.7034,65709.68118,7.826060476871127,6.002347818142012,20.007823712658734,-3.007535485799507,-21.191646539729124,main,cost_x2
F,1712116800000,1,1.6103436535427533,False,1712120400000,1712206800000,66357.4,65506.6,66377.30721999999,65486.94802,-128.21478840340274,5.961535563477288,19.87182367603312,-2.984014767990006,-157.03216241090314,main,cost_x2
F,1712520000000,-1,0.9895493455057823,True,1712523600000,1712610000000,69326.9,71760.1,69306.10192999999,71781.62803,-350.9748741109168,6.105292462234094,20.351080166573148,5.665937500903978,-371.76530923882007,main,cost_x2
B,1712563200000,1,1.0702643645642873,False,1712566800000,1712653200000,72057.2,70544.6,72078.81715999999,70523.43662000001,-209.91656628345137,5.93702503011392,19.790146408686432,-7.601435856541889,-243.2451735787936,main,cost_x2
B,1712577600000,1,2.832604147578771,True,1712581200000,1712667600000,72242.3,70732.5,72263.97269,70711.28025,-208.9911312347479,5.93730266062902,19.79107156610462,-7.581959375629101,-242.30146483711064,main,cost_x2
P,1712779200000,1,1.3287758085860872,False,1712782800000,1712869200000,69852.7,70547.6,69873.65581,70526.43572000001,99.48076452306192,6.0298442293564465,20.0994509202937,-5.4381823082794405,67.91328706513232,main,cost_x2
P,1713340800000,-1,0.9437988047161209,False,1713344400000,1713430800000,63304.2,61313.7,63285.20874,61332.09411,314.43411337636365,5.905669765986511,19.68547155638963,1.8714071374184578,290.714379191406,main,cost_x2
B,1713369600000,-1,2.341862141654602,True,1713373200000,1713459600000,60166.0,63500.0,60147.9502,63519.049999999996,-554.1335638068011,6.166240069141429,20.554299803875942,0.9625550176630576,-579.8915486621554,main,cost_x2
B,1713513600000,1,3.3164533999730255,True,1713517200000,1713603600000,64598.1,63706.8,64617.47943,63687.68796,-137.97619434627265,5.958607141696248,19.86206519851203,-1.4980634461450915,-165.29493013262604,main,cost_x2
B,1713988800000,-1,1.166330849853142,False,1713992400000,1714078800000,64082.5,64758.9,64063.27525,64778.32767,-105.55143759996902,6.031665431279761,20.10558310303125,1.2242518111137695,-130.46443432316627,main,cost_x2
F,1714003200000,1,1.187018347564956,False,1714006800000,1714093200000,64517.4,64285.7,64536.75522,64266.41429,-35.912792517988066,5.989226162243691,19.964097981319767,-0.687646966435297,-62.55376362798682,main,cost_x2
F,1714060800000,1,1.1124677005665025,False,1714064400000,1714150800000,64401.5,63639.0,64420.82045,63619.9083,-118.39786340380272,5.964480640978312,19.88163765595522,-0.7876840803593412,-145.0316657810956,main,cost_x2
B,1714363200000,-1,0.9832359030904025,False,1714366800000,1714453200000,62515.6,63384.7,62496.84532,63403.71541,-139.02130028344902,6.041706390084741,20.139063006673535,2.235819922094095,-162.9662497581132,main,cost_x2
F,1714406400000,1,0.8018000379373877,True,1714410000000,1714496400000,62761.9,60315.5,62780.72857,60297.40535,-389.7906213801688,5.883062813585463,19.610326315806248,-2.879570610771344,-418.1635811203318,main,cost_x2
B,1714478400000,-1,3.187231247344282,True,1714482000000,1714568400000,61204.7,57946.3,61186.33859,57963.68389,532.3774154599229,5.840286775361212,19.46746287131544,2.8239837913782764,509.8936496046245,main,cost_x2
B,1714492800000,-1,1.0621746875248865,False,1714496400000,1714582800000,60315.5,57021.7,60297.40535,57038.806509999995,546.0951165123398,5.8361714650457825,19.453741054952708,2.7916164456671293,523.5968204380085,main,cost_x2
B,1714507200000,-1,1.6487277720531268,True,1714510800000,1714597200000,59931.9,57334.1,59913.920430000006,57351.30022999999,433.4586422255932,5.869962407330786,19.56641132018174,2.8094844603397475,410.83175295842045,main,cost_x2
B,1714550400000,-1,3.7042509696679997,True,1714554000000,1714640400000,57153.0,57804.6,57135.854100000004,57821.94138,-114.00976326701985,6.034202928979042,20.114043966196,2.2842911833921256,-137.87371897880274,main,cost_x2
F,1714564800000,1,3.4725339135417768,False,1714568400000,1714654800000,57946.3,58532.9,57963.68389,58515.340130000004,101.23165758642027,6.030369497275003,20.101201288089143,-2.253018639747665,72.84706816130846,main,cost_x2
F,1714795200000,-1,0.9330595783755914,True,1714798800000,1714885200000,63032.8,63315.3,63013.89016,63334.29459,-44.817936058686904,6.01344538081682,20.044831381439504,2.076075940630531,-68.80013688031269,main,cost_x2
F,1714996800000,-1,2.707747307357698,False,1715000400000,1715086800000,63579.9,63634.7,63560.826030000004,63653.790409999994,-8.619076154570177,6.002585722845539,20.008621661877417,1.5354389672309936,-33.09484457206214,main,cost_x2
B,1715126400000,-1,1.2270840736810562,False,1715130000000,1715216400000,62565.9,61367.9,62547.13023,61386.31037,191.47810548557598,5.942556568353808,19.808464451082777,2.0285760379840583,167.75566050412345,main,cost_x2
F,1715140800000,1,0.7499290885462534,True,1715144400000,1715230800000,62503.4,61476.6,62522.15102,61458.15702,-164.27906321896137,5.9507162810336505,19.835770220500006,-2.030604503673509,-192.09615422416852,main,cost_x2
B,1715212800000,-1,1.841812151520685,True,1715216400000,1715302800000,61367.9,62818.5,61349.489630000004,62837.34555,-236.3776502047485,6.070913295060768,20.23644856349981,1.1703988749411607,-261.5146131883679,main,cost_x2
P,1715270400000,1,0.9975559693042663,False,1715274000000,1715360400000,61832.4,61037.6,61850.94972,61019.288720000004,-128.54102379982064,5.961437692858416,19.87149753850732,-1.4634536345023,-155.83741266568865,main,cost_x2
P,1715356800000,-1,1.9451110183588567,True,1715360400000,1715446800000,61037.6,61160.0,61019.288720000004,61178.348,-20.0532131014328,6.006015963929214,20.020059229065364,1.7687456964525772,-44.3105425979748,main,cost_x2
B,1715788800000,1,2.3086861035238395,True,1715792400000,1715878800000,64728.8,65134.1,64748.21864,65114.55977,62.61509559886722,6.018784528678878,20.06259631107019,-1.1009249249039565,35.4327898342142,main,cost_x2
B,1715803200000,1,2.169316323135252,True,1715806800000,1715893200000,65900.9,65247.9,65920.67026999999,65228.32563000001,-99.0881763374996,5.970273547096995,19.9009415501154,-1.0813440981704836,-126.0407355328825,main,cost_x2
F,1715832000000,-1,0.9541717441027978,True,1715835600000,1715922000000,65789.9,65422.8,65770.16303,65442.42684,55.798838423525694,5.983260348472226,19.94418442192495,1.3322923632009618,31.203686016329485,main,cost_x2
B,1715961600000,1,1.1443719640949017,False,1715965200000,1716051600000,66898.4,66856.9,66918.46952,66836.84293,-6.203436853497244,5.998138968943929,19.99379842417756,-0.784515710001045,-32.97988995661977,main,cost_x2
B,1716235200000,1,3.2754092556578374,True,1716238800000,1716325200000,69490.0,69749.9,69510.847,69728.97503,37.40106490142383,6.011220319468564,20.037389844581952,-3.107197332464193,8.245257404909122,main,cost_x2
B,1716249600000,1,4.979537315834095,True,1716253200000,1716339600000,71347.2,70133.5,71368.60415999999,70112.45995,-170.11179135270862,5.948966462592355,19.829939242184697,-3.0080554260563384,-198.898752483542,main,cost_x2
F,1716508800000,1,3.5698800356958427,False,1716512400000,1716598800000,67871.3,68555.0,67891.66139,68534.4335,100.73477301893392,6.030220431904464,20.100704552587025,-3.007193690596025,71.59665434384641,main,cost_x2
B,1716825600000,1,0.9954256460832912,False,1716829200000,1716915600000,70224.8,67748.8,70245.86744,67728.47536000001,-352.58199382554307,5.894225401850988,19.647523780772605,-2.9273219717250885,-381.0510649798918,main,cost_x2
F,1716840000000,-1,0.9443855104497237,True,1716843600000,1716930000000,69699.3,68368.9,69678.39021000001,68389.41067,190.87709632665016,5.942736871101132,19.809065640544453,2.9493926050907255,168.0746864200953,main,cost_x2
F,1716926400000,1,0.9898577898912171,True,1716930000000,1717016400000,68368.9,67516.3,68389.41067,67496.04511,-124.70582384680627,5.962588252845932,19.87533158790035,-3.2337640586945238,-153.7775077462471,main,cost_x2
F,1717185600000,1,1.2186848112938289,False,1717189200000,1717275600000,67755.0,67836.9,67775.3265,67816.54892999999,12.08766880672927,6.0036263006419945,20.012084042506086,-3.020578876283407,-16.948620412702216,main,cost_x2
B,1717516800000,1,1.586380807784369,True,1717520400000,1717606800000,70858.1,71355.9,70879.35743,71334.49323,70.25308327488153,6.02107592498236,20.070232007349897,-3.980461646439438,40.18131369610984,main,cost_x2
P,1717516800000,1,1.586380807784369,True,1717520400000,1717606800000,70858.1,71355.9,70879.35743,71334.49323,70.25308327488153,6.02107592498236,20.070232007349897,-3.980461646439438,40.18131369610984,main,cost_x2
B,1717603200000,1,1.310555679218098,False,1717606800000,1717693200000,71355.9,70977.5,71377.30677,70956.20675,-53.029952673849564,5.984091014198387,19.94698595631195,-3.2131650104724017,-82.1741946548323,main,cost_x2
P,1717675200000,1,0.5786654201344529,False,1717678800000,1717765200000,71230.1,71274.0,71251.46903000001,71252.6178,6.163124858731656,6.001848937456832,20.006161275921272,-3.1719194865785374,-23.016804841224985,main,cost_x2
B,1718092800000,-1,3.0742236052487506,True,1718096400000,1718182800000,67537.3,67399.5,67517.03881,67419.71985,20.403539969765284,5.993878938008886,19.97959033896824,2.976573855226963,-2.593355451984877,main,cost_x2
B,1718107200000,-1,2.670252603622774,True,1718110800000,1718197200000,67043.2,69340.1,67023.08704,69360.90203,-342.5999952269595,6.1027799985666284,20.34270277522553,2.9985108323084226,-366.04696716844325,main,cost_x2
B,1718121600000,-1,1.4088907685370924,False,1718125200000,1718211600000,66506.7,69613.5,66486.74799,69634.38405,-467.1409046005895,6.140142271378207,20.467281046871967,3.074957839207478,-490.6733700796322,main,cost_x2
P,1718222400000,-1,3.1132385917051484,False,1718226000000,1718312400000,68101.6,66725.5,68081.16952000001,66745.51765,202.0657370751944,5.939380278875938,19.79787364320368,2.9729545876885415,179.30143774080332,main,cost_x2
P,1718294400000,-1,2.101976520092981,False,1718298000000,1718384400000,66983.7,65286.1,66963.60489,65305.685829999995,253.43479085210262,5.92396956274304,19.746489178710643,2.986966601390936,230.75129871203987,main,cost_x2
P,1718380800000,-1,1.0329485259408773,False,1718384400000,1718470800000,65286.1,66175.9,65266.51417,66195.75276999999,-136.29241140150748,6.04088772341954,20.13633329912493,3.039367886038223,-159.43026453801374,main,cost_x2
P,1718899200000,-1,1.5847907034089186,False,1718902800000,1718989200000,64863.8,63642.5,64844.340860000004,63661.592749999996,188.28684104230754,5.943513947686564,19.81165667290538,2.0416755478402435,164.57334596955582,main,cost_x2
B,1719187200000,-1,1.7069954355903014,True,1719190800000,1719277200000,63056.0,60386.7,63037.0832,60404.816009999995,423.3221263638675,5.873003362090359,19.576550876998223,2.4242544343123567,400.29682655909124,main,cost_x2
B,1719259200000,-1,3.1558591180620925,True,1719262800000,1719349200000,59491.9,61897.0,59474.05243,61915.5691,-404.27352295018284,6.121282056884836,20.404394805007065,2.1660270499009107,-428.63317276217384,main,cost_x2
F,1719273600000,1,4.18391178619115,False,1719277200000,1719363600000,60386.7,61739.4,60404.816009999995,61720.87818000001,224.00627952843993,6.067201883857272,20.223939077644584,-2.4137018187521426,195.30143674818592,main,cost_x2
P,1719561600000,-1,1.0503907586625272,True,1719565200000,1719651600000,61456.4,60973.2,61437.96308,60991.49195999999,78.62484623245167,5.9764125461294695,19.921351566313678,2.9700559383501144,55.69713805835864,main,cost_x2
B,1719604800000,-1,1.2185720382025003,False,1719608400000,1719694800000,60248.0,61044.7,60229.9256,61063.01340999999,-132.23675474704507,6.039671026422934,20.13227642577347,3.0306092373175875,-155.3780929619239,main,cost_x2
F,1719619200000,1,1.0480181423652135,False,1719622800000,1719709200000,60768.8,61016.3,60787.030640000004,60997.99511,40.728136807045715,6.012218441042281,20.040715918366,-3.013723228960091,11.661479218677343,main,cost_x2
B,1719792000000,1,2.6224717836619402,True,1719795600000,1719882000000,62924.7,62912.7,62943.57741,62893.82619,-1.907041273140754,5.9994278876177844,19.99809353083924,-3.0079812871462237,-30.912543978744,main,cost_x2
F,1720051200000,1,1.9452306982055356,False,1720054800000,1720141200000,60417.8,57363.5,60435.92534,57346.29095,-505.5298273025504,5.848341051808631,19.49462183164564,-2.86975117168169,-533.7425413576864,main,cost_x2
F,1720108800000,1,2.1482221998456796,False,1720112400000,1720198800000,58288.5,56425.0,58305.98655,56408.0725,-319.7028573389262,5.90408914279822,19.68039305351828,-2.0830830012855026,-347.3704225365282,main,cost_x2
B,1720152000000,-1,6.783571658841122,True,1720155600000,1720242000000,53923.3,56040.1,53907.12301,56056.91203,-392.5575771512492,6.11776727314554,20.392675344424394,1.795252280183149,-417.2727674886359,main,cost_x2
F,1720713600000,-1,2.1153519014311275,False,1720717200000,1720803600000,57618.5,58089.8,57601.21445,58107.22694,-81.79664517472736,6.024538993552083,20.081821184168277,1.3419026685458562,-106.56110268390186,main,cost_x2
B,1721016000000,1,2.2464843173667264,True,1721019600000,1721106000000,62575.0,64465.6,62593.7725,64446.26032,302.1334398721532,6.090640031961077,20.30204279984019,0.253633475045681,275.9943905153976,main,cost_x2
F,1721044800000,-1,1.5317927010809183,False,1721048400000,1721134800000,62586.2,63714.1,62567.424139999996,63733.21423,-180.21544685569685,6.054064634056834,20.180269511489755,0.3105729833133748,-206.13920801793006,main,cost_x2
B,1721088000000,1,2.494401574103904,True,1721091600000,1721178000000,64580.6,65470.7,64599.97418,65451.05879,137.82776871072716,6.041348330612166,20.137786420380117,-0.7868574559620704,110.86177650377279,main,cost_x2
F,1721116800000,-1,3.2036981387310015,False,1721120400000,1721206800000,62799.1,65145.4,62780.26027,65164.94362,-373.6200041083396,6.1120860012319325,20.373732090109574,0.11100764980370259,-399.9948145498774,main,cost_x2
B,1721160000000,1,1.6670355086000082,True,1721163600000,1721250000000,64626.4,64480.6,64645.78792,64461.25582,-22.560439696471242,5.993231868091226,19.977446328435438,-0.0497908070737798,-48.58090870007169,main,cost_x2
B,1721419200000,1,2.459546740772405,True,1721422800000,1721509200000,66892.4,67311.6,66912.46771999999,67291.40652,62.66780680615611,6.018800342040883,20.062649006464113,-0.04880638077622545,36.53755107687489,main,cost_x2
P,1721491200000,1,0.2698043019875148,False,1721494800000,1721581200000,66776.6,67524.6,66796.63298000001,67504.34262000001,112.01528679207986,6.033604586037482,20.111981682206043,0.24985784036219413,86.11955836419853,main,cost_x2
B,1721606400000,1,1.652756438227503,True,1721610000000,1721696400000,68163.7,67458.1,68184.14911,67437.86257000001,-103.51550752086393,5.968945347743029,19.89651554713139,-1.3256893664292517,-130.7066577821676,main,cost_x2
F,1721620800000,-1,0.7896331900444156,True,1721624400000,1721710800000,67894.6,66915.1,67874.23162,66935.17453,144.2677326326394,5.956719680209904,19.855688987047568,1.3309437314082944,119.78626769679022,main,cost_x2
B,1721764800000,-1,1.4065153164901614,False,1721768400000,1721854800000,65810.2,66027.9,65790.45694,66047.70837,-33.07997848357809,6.009923993543897,20.033089902477126,3.0104470449956087,-56.1125453346035,main,cost_x2
B,1721880000000,-1,2.6523294540806224,True,1721883600000,1721970000000,64203.8,67045.4,64184.53886000001,67065.51362,-442.5906254769953,6.13277718764291,20.442723402664644,3.031944189733162,-466.1341818775697,main,cost_x2
F,1721923200000,1,1.3379641417257477,False,1721926800000,1722013200000,64853.0,67367.6,64872.4559,67347.38972,387.73842382002465,6.116321527146034,20.38762210229288,-2.393135095813455,358.8413450947723,main,cost_x2
F,1722268800000,-1,1.8413104705220003,False,1722272400000,1722358800000,66920.9,66150.2,66900.82372999999,66170.04505999999,115.16581516387215,5.96545025545045,19.88479963509158,1.4557247463761451,90.77129001970626,main,cost_x2
P,1722326400000,1,0.8679141224053422,False,1722330000000,1722416400000,66739.9,66285.2,66759.92197,66265.31444,-68.13015902031576,5.979560952293421,19.931890280027396,-1.7784456066011485,-95.82005585923773,main,cost_x2
F,1722384000000,1,1.1277374990229991,False,1722387600000,1722474000000,66314.0,64624.7,66333.8942,64605.31259,-254.74258829206545,5.923577223511009,19.74533383448442,-1.8989674397563108,-282.3104667898172,main,cost_x2
B,1722456000000,-1,1.5116400186814547,True,1722459600000,1722546000000,64577.4,64744.6,64558.02678,64764.02338,-25.891410927042138,6.007767423278343,20.025899178350322,2.79077186556303,-49.134305663107774,main,cost_x2
B,1722470400000,-1,1.6263392110677206,True,1722474000000,1722560400000,64624.7,64877.8,64605.31259,64897.26334,-39.164591866578235,6.011749377558505,20.03917634124414,2.9791168644683848,-62.2364007209125,main,cost_x2
B,1722484800000,-1,1.694412022405057,True,1722488400000,1722574800000,63717.0,64518.3,63697.884900000005,64537.65549,-125.75921653561889,6.0377277649591,20.12579694430058,3.021556784393647,-148.9011844604849,main,cost_x2
F,1722499200000,1,1.5807863986066397,False,1722502800000,1722589200000,64472.2,64569.8,64491.541659999995,64550.42906,15.138307673695923,6.004541492301943,20.015133766181396,-2.983755535097764,-13.865123119885178,main,cost_x2
B,1722528000000,-1,1.5764998459008865,True,1722531600000,1722618000000,62890.0,63290.0,62871.133,63308.987,-63.60311655271108,6.019080934965712,20.06362219748768,3.0669564524049924,-86.61886323275948,main,cost_x2
F,1722542400000,1,1.6821763454112648,False,1722546000000,1722632400000,64744.6,62600.0,64764.02338,62581.22,-331.23997985932397,5.900628006042051,19.668859392134635,-2.979103914330307,-359.78857117183094,main,cost_x2
B,1722643200000,-1,2.3873846349756587,True,1722646800000,1722733200000,61117.5,60726.4,61099.16475,60744.61792,63.99149179858445,5.9808025524591075,19.935989310753875,2.402936220499951,40.47763615587142,main,cost_x2
F,1722657600000,1,2.021656261920135,False,1722661200000,1722747600000,61544.1,60540.6,61562.56323,60522.43782,-163.05381019464093,5.951083856941699,19.836995105948418,-2.3862799920123257,-191.22816914954336,main,cost_x2
B,1722715200000,-1,1.748840496847864,True,1722718800000,1722805200000,60374.9,59126.9,60356.78753,59144.63807,206.70841690835098,5.937987474927405,19.793229570566577,2.5174588136791947,183.49465867653618,main,cost_x2
F,1722729600000,1,1.2441711570275849,False,1722733200000,1722819600000,60726.4,56141.9,60744.61792,56125.05743,-754.9434842177373,5.7735169547340535,19.245282998827527,-2.4609710792200756,-782.4232552505189,main,cost_x2
B,1722787200000,-1,1.1990546381266631,False,1722790800000,1722877200000,58647.3,54016.2,58629.70581000001,54032.404859999995,789.6527205856033,5.763104183823324,19.21011038359822,1.941431782284095,766.6209378004658,main,cost_x2
F,1722801600000,1,2.4396631153193082,False,1722805200000,1722891600000,59126.9,54370.3,59144.63807,54353.98891000001,-804.473090928156,5.758658072720713,19.195768250999123,-1.9256841161155078,-831.3532013679913,main,cost_x2
P,1722988800000,-1,1.4592584326747,False,1722992400000,1723078800000,56251.2,55270.6,56234.32464,55287.18118,174.32516995192967,5.947702449014283,19.825622532497086,-0.1124185326016217,148.43942643781668,main,cost_x2
P,1723046400000,-1,1.2461534916683532,False,1723050000000,1723136400000,56098.9,59531.9,56082.07033,59549.75957,-611.9549581186084,6.183586487435529,20.612138544606047,0.6949130408974151,-638.0557701097525,main,cost_x2
B,1723132800000,1,2.1404833711566305,True,1723136400000,1723222800000,59531.9,60406.7,59549.75957,60388.57799,146.94642704163576,6.044083928112435,20.146902343113524,-1.2271548551678253,119.52828591524197,main,cost_x2
F,1723449600000,1,1.4076435716354316,False,1723453200000,1723539600000,58291.1,59068.2,58308.587329999995,59050.47954,133.31366194839325,6.039994098583337,20.13327366784981,-0.44678726143973885,106.69360692052038,main,cost_x2
B,1723752000000,-1,1.8551318942855823,True,1723755600000,1723842000000,56634.9,59228.5,56617.909530000004,59246.26855,-457.9508395000253,6.1373852518496,20.45808822475188,-1.960078426380335,-486.5063914030071,main,cost_x2
F,1723766400000,1,1.3738126244574842,False,1723770000000,1723856400000,57438.3,59151.2,57455.53149,59133.454639999996,298.2156505328316,6.089464695159694,20.298126185837674,0.611741070968821,272.43980072280306,main,cost_x2
F,1723953600000,-1,0.7924337874677488,True,1723957200000,1724043600000,59429.4,58548.5,59411.571180000006,58566.064549999996,148.2262987679501,5.955532110368047,19.85172923334242,-0.8048515644691273,121.61418585977052,main,cost_x2
B,1724126400000,1,1.4416909162832638,False,1724130000000,1724216400000,60841.0,59330.0,60859.2523,59312.201,-248.35226245459478,5.925494321263486,19.75172224322414,0.3828376020486896,-273.6466414170337,main,cost_x2
B,1724270400000,1,1.1842226266099987,False,1724274000000,1724360400000,61204.4,60636.8,61222.76132,60618.608960000005,-92.73843057035091,5.97217847082795,19.90728939095882,0.8056719824787721,-117.81222644965891,main,cost_x2
B,1724443200000,1,2.016559250011498,True,1724446800000,1724533200000,63580.8,64097.4,63599.87424,64078.17078,81.25094368111105,6.024375283103631,20.081226568398005,-0.49232338268163667,54.653018446927774,main,cost_x2
F,1724630400000,-1,1.2443390502733211,False,1724634000000,1724720400000,64068.1,62690.2,64048.87957,62709.007059999996,215.068029175206,5.935479591247501,19.78486745041604,0.9918551045483086,190.33953723809074,main,cost_x2
B,1724760000000,-1,1.3217807668723862,False,1724763600000,1724850000000,62400.0,59917.1,62381.28,59935.07513,397.9006410256413,5.880629807692318,19.601979988782055,0.3472997057279294,372.7653309348949,main,cost_x2
B,1724774400000,-1,1.0006171935174217,False,1724778000000,1724864400000,61532.6,59158.3,61514.14022,59176.047490000004,385.8605032129303,5.884241849035954,19.614023738636106,-0.31539318268568395,360.0468444425726,main,cost_x2
P,1724961600000,-1,1.831273648825189,False,1724965200000,1725051600000,59496.8,59018.0,59478.95096,59035.7054,80.47491629801988,5.975857525110575,19.91950094122709,0.7352978864935542,55.314855718175764,main,cost_x2
P,1725033600000,-1,1.5964906909353191,False,1725037200000,1725123600000,58517.3,58940.0,58499.744810000004,58957.682,-72.23504843866635,6.0216705145315705,20.0722567189532,0.5675503313363476,-97.76142534081478,main,cost_x2
F,1725206400000,1,0.8806562182196405,True,1725210000000,1725296400000,58099.9,58316.7,58117.32997,58299.20499,37.31503840798274,6.0111945115217305,20.03730384389646,0.3458271127029316,11.61236716526748,main,cost_x2
F,1725249600000,1,1.7595815570388054,False,1725253200000,1725339600000,57431.2,59076.0,57448.429359999995,59058.277200000004,286.39485157893324,6.085918455472541,20.28630893312346,-0.6306381607906504,259.39198602954656,main,cost_x2
F,1725336000000,-1,1.4433161474827,False,1725339600000,1725426000000,59076.0,56674.9,59058.277200000004,56691.90247,406.44254858148804,5.878067235424769,19.59343551865394,1.1763244730163198,382.1473703004257,main,cost_x2
B,1725638400000,-1,2.927227050674704,True,1725642000000,1725728400000,54050.1,54439.6,54033.88497,54455.93188,-72.0627713917273,6.021618831417018,20.072084390223146,-1.554970353707476,-99.71144496707495,main,cost_x2
B,1725652800000,-1,2.5658696020980156,True,1725656400000,1725742800000,52869.0,54138.4,52853.1393,54154.64152,-240.10289583688012,6.072030868749815,20.24017492670563,-1.5897085837622134,-268.0048102160978,main,cost_x2
F,1725667200000,1,2.560165340783465,False,1725670800000,1725757200000,53886.0,54114.4,53902.165799999995,54098.165680000006,42.38577738188054,6.0127157332129215,20.042373061648664,1.1277295870908348,17.458418174109784,main,cost_x2
P,1725811200000,-1,0.5672005667489537,False,1725814800000,1725901200000,53883.7,56391.2,53867.534889999995,56408.11736,-465.35408667185067,6.139606226001777,20.46549369289785,-1.8949098729677383,-493.854096463718,main,cost_x2
B,1725912000000,1,2.3307634700144098,True,1725915600000,1726002000000,56976.5,57536.1,56993.59295,57518.83917,98.2159311295005,6.029464779338436,20.098186466350164,1.0090484336467334,73.09732831745865,main,cost_x2
F,1725926400000,-1,1.8533604738796237,False,1725930000000,1726016400000,56944.7,57606.9,56927.61659,57624.18207,-116.2882586087914,6.034886477582705,20.116323145086373,-1.3118275452732608,-143.75129577673374,main,cost_x2
B,1726113600000,1,2.036020676604072,True,1726117200000,1726203600000,58142.2,57813.9,58159.64266,57796.555830000005,-56.465011643865495,5.983060496506373,19.94355192785963,0.35307624538592347,-82.03854782284557,main,cost_x2
F,1726156800000,-1,1.3286308226348162,False,1726160400000,1726246800000,58033.5,59420.2,58016.08995,59438.02606,-238.94819371569818,6.071684458114366,20.239019878173814,-0.3448831277194754,-265.60378117970583,main,cost_x2
B,1726243200000,1,1.6012151378958546,True,1726246800000,1726333200000,59420.2,59945.5,59438.02606,59927.516350000005,88.40428002598493,6.0265212840068,20.08837775874198,0.5639025493069745,62.85328353254313,main,cost_x2
B,1726272000000,1,1.6326188577319272,True,1726275600000,1726362000000,60369.0,59993.0,60387.1107,59975.002100000005,-62.28362238897448,5.981314913282032,19.937735062697744,-0.2673446094795296,-88.47001697443378,main,cost_x2
B,1726588800000,1,1.8802798614646947,True,1726592400000,1726678800000,60857.3,59883.0,60875.55719,59865.0351,-160.0958307384657,5.951971250777747,19.839952198010756,-0.7533974958013955,-186.6411516830556,main,cost_x2
B,1726704000000,1,2.219263843566056,True,1726707600000,1726794000000,62206.6,62740.1,62225.261979999996,62721.27797,85.7626039680677,6.025728781189271,20.08573687518688,-1.5232997665368881,58.12783854515466,main,cost_x2
B,1726747200000,1,1.6301174393541789,True,1726750800000,1726837200000,62896.0,63399.5,62914.8688,63380.48015,80.05278555075044,6.0240158356641915,20.080028769715085,-1.16485033218033,52.78389061319083,main,cost_x2
F,1726819200000,-1,2.1642203457128195,False,1726822800000,1726909200000,63273.9,63008.2,63254.917830000006,63027.102459999995,41.992037791254276,5.987402388661549,19.957995364597412,2.0126950645766297,18.059335102571943,main,cost_x2
P,1727035200000,1,0.47546176999989676,False,1727038800000,1727125200000,63182.8,63280.0,63201.75484,63261.016,15.38393360218241,6.004615180079903,20.015379318422102,-1.3294367831118594,-11.965497679431454,main,cost_x2
B,1727064000000,1,2.5347897789097367,True,1727067600000,1727154000000,63880.4,63052.7,63899.56412,63033.78419,-129.5702594222961,5.961128922173292,19.87046861165553,-0.8939182351208449,-156.29577519124575,main,cost_x2
P,1727208000000,1,1.0378125172857238,False,1727211600000,1727298000000,64185.0,63472.5,64204.2555,63453.45825,-111.00724468333723,5.966697826594373,19.889026057490067,-0.3679656657536661,-137.23093423317533,main,cost_x2
B,1727366400000,1,1.976736202325991,True,1727370000000,1727456400000,65313.6,66266.3,65333.194079999994,66246.42011,145.8654859018649,6.043759645769307,20.14582172625609,-1.9007405693510218,117.77516396048848,main,cost_x2
F,1727380800000,-1,1.1923307150341402,False,1727384400000,1727470800000,64632.1,65770.0,64612.71037,65789.731,-176.05802689375736,6.052817408067759,20.176110844301824,1.9207825407245764,-200.36617260540237,main,cost_x2
F,1727438400000,-1,1.5087923147975209,False,1727442000000,1727528400000,65711.0,65508.3,65691.2867,65527.95249,30.847194533639282,5.990745841640437,19.969143551308,1.6052845102015987,6.492589650892445,main,cost_x2
B,1728230400000,1,0.4747515032275856,False,1728234000000,1728320400000,62566.1,63792.0,62584.869829999996,63772.862400000005,195.93677726436545,6.058781033178033,20.195877996231186,-0.5837266740213125,169.09839156093489,main,cost_x2
F,1728244800000,-1,0.45197002001143627,True,1728248400000,1728334800000,62590.1,62995.8,62571.32297,63014.69874,-64.81855756741152,6.019445567269324,20.06483800313468,0.5835028456494692,-90.31933829216605,main,cost_x2
F,1728489600000,1,0.9202956809998557,True,1728493200000,1728579600000,61784.4,60277.7,61802.93532,60259.61669,-243.86414693676792,5.926840755917341,19.756209012307316,-1.3395191098744545,-270.88671581486705,main,cost_x2
P,1728489600000,1,0.9202956809998557,True,1728493200000,1728579600000,61784.4,60277.7,61802.93532,60259.61669,-243.86414693676792,5.926840755917341,19.756209012307316,-1.3395191098744545,-270.88671581486705,main,cost_x2
B,1728504000000,-1,1.4017049205921166,False,1728507600000,1728594000000,60388.5,59771.4,60370.38345,59789.33142,102.18833055962618,5.96934350083205,19.897781012941206,1.370482533795793,77.69168857964873,main,cost_x2
B,1728878400000,1,1.803894955637749,True,1728882000000,1728968400000,64116.0,65587.4,64135.2348,65567.72378,229.49029883336362,6.068847089648806,20.229421451743715,-3.065043272300362,200.12698701967074,main,cost_x2
B,1728892800000,1,3.305918497317602,True,1728896400000,1728982800000,64404.0,65733.0,64423.3212,65713.2801,206.3536426308925,6.061906092788478,20.206291736538105,-3.067464978057419,177.01797982350848,main,cost_x2
P,1729180800000,1,0.9285299635213363,False,1729184400000,1729270800000,67354.2,68771.9,67374.40625999999,68751.26843,210.48427566506575,6.063145282697959,20.210421130382365,-3.029837760835702,181.18087149114976,main,cost_x2
B,1729267200000,1,1.0342906196374098,False,1729270800000,1729357200000,68771.9,68028.0,68792.53156999999,68007.5916,-108.16917956316377,5.967549246130759,19.8918632711907,-2.9800952005047123,-137.00868728098993,main,cost_x2
F,1729713600000,1,1.9047128441130325,False,1729717200000,1729803600000,66654.4,68172.6,66674.39631999999,68152.14822,227.77191003144753,6.068331573008557,20.227703578458435,-3.021962914048435,198.4539119659321,main,cost_x2
F,1730131200000,-1,1.076736637035769,False,1730134800000,1730221200000,68673.0,72719.9,68652.3981,72741.71596999999,-589.3000160179392,6.176790004803958,20.589476806022745,3.1062411573689808,-612.960041671397,main,cost_x2
B,1730145600000,1,1.705311942935895,True,1730149200000,1730235600000,69650.0,72327.8,69670.895,72306.10166,384.4651830581483,6.115339554918409,20.38434984350323,-3.062669045226131,354.9028246145005,main,cost_x2
B,1730217600000,1,1.4912754427830321,False,1730221200000,1730307600000,72719.9,72107.7,72741.71596999999,72086.06769,-84.18603435923278,5.974744189691802,19.915839221451076,-2.984658426928805,-113.06127619730448,main,cost_x2
P,1730462400000,1,1.2168312766434985,False,1730466000000,1730552400000,70360.6,69452.9,70381.70818,69432.06413,-129.00685895231302,5.961297942313022,19.87103184310537,-2.966019778799925,-157.8052085165313,main,cost_x2
F,1730764800000,1,2.3479804674490814,False,1730768400000,1730854800000,68009.5,71058.6,68029.90285,71037.28242,448.3344238672547,6.134500327160355,20.448199923540095,-3.056065696704137,418.6956579198501,main,cost_x2
F,1730836800000,-1,1.6914555479932665,False,1730840400000,1730926800000,69415.7,76104.6,69394.87529,76127.43138000001,-963.6004534997139,6.289080136050496,20.96388953363577,3.12724045351311,-987.726182715887,main,cost_x2
B,1730865600000,1,8.205112596750523,True,1730869200000,1730955600000,74276.3,74766.6,74298.58289,74744.17002,66.01028861157636,6.019803086583879,20.065990485524992,-3.006366997851939,36.918128041615546,main,cost_x2
B,1730923200000,1,1.6395362398092295,True,1730926800000,1731013200000,76104.6,76416.2,76127.43138000001,76393.27514,40.94364860993833,6.012283094583301,20.040931365515355,-2.975522316402031,11.914911833437639,main,cost_x2
F,1730937600000,-1,2.027298674373425,False,1730941200000,1731027600000,75361.6,76006.3,75338.99152000001,76029.10189,-85.54754676121487,6.02566426402807,20.08557321102525,3.0085671708419146,-108.65021706542628,main,cost_x2
B,1731009600000,1,1.9005737702538386,True,1731013200000,1731099600000,76416.2,76563.5,76439.12486,76540.53095,19.276017388983348,6.005782805216548,20.019270234583768,-2.9895602870662246,-9.738595937883193,main,cost_x2
B,1731240000000,1,1.85365692297368,True,1731243600000,1731330000000,79707.1,82179.9,79731.01213,82155.24603,310.23585100950703,6.093070755302396,20.310142780254203,-6.150182334046652,277.6824551399038,main,cost_x2
F,1731268800000,-1,1.2418133235085256,False,1731272400000,1731358800000,79015.6,86925.9,78991.89532000001,86951.97777,-1001.1061106920644,6.3003318332074665,21.001406442525273,5.844300695862335,-1022.5635482719348,main,cost_x2
B,1731326400000,1,1.9978127553840554,True,1731330000000,1731416400000,82179.9,86453.5,82204.55397,86427.56395,520.0298369796028,6.156008951094281,20.51987382802851,-11.070062400366636,482.2838918001134,main,cost_x2
B,1731340800000,1,2.3834848253181042,True,1731344400000,1731430800000,84263.2,87089.8,84288.47896,87063.67306,335.44892669635215,6.10063467800866,20.33534829201834,-13.782908539182241,295.2300351871429,main,cost_x2
B,1731513600000,1,2.8027546108563866,True,1731517200000,1731603600000,92312.1,89225.8,92339.79363,89199.03226,-334.3332022562592,5.8997000393220365,19.665767097704414,-2.91652034051614,-362.81518973380184,main,cost_x2
F,1731528000000,-1,2.0192534454960307,False,1731531600000,1731618000000,89742.3,87669.0,89715.37731000001,87695.30069999999,231.0281773478062,5.930691546793947,19.768902514198988,3.000035850716552,208.3286191375298,main,cost_x2
P,1732089600000,1,0.8874912410472205,False,1732093200000,1732179600000,93212.9,97132.8,93240.86386999999,97103.66016,420.5319220837469,6.12615957662467,20.42040576250712,-3.0678980551918245,390.91745868942326,main,cost_x2
B,1732118400000,1,1.0645179502019513,False,1732122000000,1732208400000,94048.2,97175.5,94076.41446,97146.34735,332.52098392101107,6.099756295176995,20.332421227625836,-3.061326623863828,303.0274797743444,main,cost_x2
B,1732161600000,1,1.8686418296320626,True,1732165200000,1732251600000,97591.2,98841.6,97620.47735999999,98811.94752000002,128.12630647025642,6.038437891939284,20.12808786857832,-2.992044312522338,98.96773639721648,main,cost_x2
B,1732579200000,-1,1.80688199110803,True,1732582800000,1732669200000,93903.3,92012.2,93875.12901,92039.80365999999,201.3880236370826,5.939583592908035,19.79855155995583,7.777378225754005,183.4272667099727,main,cost_x2
B,1732881600000,1,0.9126624063832207,False,1732885200000,1732971600000,96988.9,96613.0,97017.99667,96584.01610000001,-38.75701240038749,5.988372896278954,19.961254614703336,-4.810601541929025,-69.5172414532988,main,cost_x2
B,1733140800000,-1,1.3888162137234503,False,1733144400000,1733230800000,95034.0,94875.8,95005.48980000001,94904.26274,16.646673822000242,5.995005997852598,19.983348332175854,5.165352422511956,-4.166328085516257,main,cost_x2
F,1733155200000,1,0.8002546951843134,True,1733158800000,1733245200000,96224.6,95175.3,96253.46738,95146.74741000001,-109.04695888577379,5.967285912333031,19.890985755201893,-4.939540279648174,-139.8447708329569,main,cost_x2
P,1733155200000,1,0.8002546951843134,False,1733158800000,1733245200000,96224.6,95175.3,96253.46738,95146.74741000001,-109.04695888577379,5.967285912333031,19.890985755201893,-4.939540279648174,-139.8447708329569,main,cost_x2
F,1733241600000,1,1.2090530368167296,False,1733245200000,1733331600000,95175.3,94895.2,95203.85259,94866.73144,-29.429904607603632,5.991171028616241,19.970578924363778,-7.688934533766418,-63.08058909435007,main,cost_x2
B,1733356800000,1,2.9347324825585135,True,1733360400000,1733446800000,98376.3,97614.6,98405.81289,97585.31562000001,-77.42718520619266,5.976771844437683,19.92259604294937,-13.366768466277204,-116.69332155985691,main,cost_x2
B,1733371200000,1,5.929123231099124,True,1733374800000,1733461200000,103459.1,97939.4,103490.13773,97910.01818,-533.515176528697,5.839945447040563,19.466644878024262,-12.710077940645395,-571.5318447944072,main,cost_x2
P,1733716800000,-1,1.565988665022035,True,1733720400000,1733806800000,99515.2,97069.8,99485.34544,97098.92094,245.73130536842555,5.9262806083880575,19.754194975239965,4.1766664726622,224.22749625745976,main,cost_x2
B,1733774400000,-1,0.7808797674929376,False,1733778000000,1733864400000,96296.4,96437.6,96267.51108,96466.53128,-14.66306113208922,6.004398918338316,20.014667460050426,3.0139265038402265,-37.66820100663774,main,cost_x2
F,1733788800000,1,3.4295461411313077,False,1733792400000,1733878800000,97911.9,96411.5,97941.27356999999,96382.57655,-153.2398002694253,5.9540280599189845,19.846806171670657,-2.9565708783549294,-181.9972053793699,main,cost_x2
F,1734033600000,-1,1.3914708371848779,False,1734037200000,1734123600000,99992.8,101628.6,99962.80216,101659.08858,-163.59177860806005,6.049077533581071,20.16364085614164,2.999438959605092,-186.8050580381777,main,cost_x2
F,1734249600000,-1,1.3825582000074694,False,1734253200000,1734339600000,101960.1,104506.5,101929.51197,104537.85195,-249.7447530945923,6.074923425927942,20.24981967652052,3.060886294340433,-273.00860990270036,main,cost_x2
F,1734278400000,-1,0.528936721402629,True,1734282000000,1734368400000,103099.1,106769.0,103068.17027,106801.0307,-355.9584904232912,6.106787547127613,20.35606527797042,2.977659062696031,-379.44368418569314,main,cost_x2
F,1734321600000,-1,2.172756804839453,False,1734325200000,1734411600000,104646.4,106465.0,104615.00607999999,106496.9395,-173.78524249281446,6.052135572747403,20.17383737806556,2.732433936887216,-197.2787815067402,main,cost_x2
P,1734523200000,1,0.9641292943924068,False,1734526800000,1734613200000,104883.2,101983.3,104914.66496,101952.70501,-276.48851293629434,5.917053446118664,19.72359443361759,-2.9194594369182107,-305.04862025294875,main,cost_x2
B,1734566400000,-1,5.03734784211278,True,1734570000000,1734656400000,100813.1,97210.4,100782.85607000001,97239.56311999999,357.3642711115928,5.892790718665961,19.642528519607072,2.972999324619122,334.8019511979389,main,cost_x2
F,1734580800000,1,2.4919029482798694,False,1734584400000,1734670800000,100653.5,97277.6,100683.69605,97248.41672000001,-335.3981729398376,5.899380548117663,19.664702446512045,-2.9777134248959056,-363.9399693593632,main,cost_x2
B,1734638400000,-1,2.769517566230483,True,1734642000000,1734728400000,96409.7,96426.6,96380.77709,96455.52798,-1.7529356485922818,6.0005258806932265,20.001753461529287,3.031082691519007,-24.724132299295785,main,cost_x2
B,1734696000000,-1,4.993218806561882,True,1734699600000,1734786000000,93924.5,97109.8,93896.32265,97138.93294,-339.13409174390097,6.101740227522529,20.339235831971425,2.2003899209164066,-363.3746778824785,main,cost_x2
F,1734710400000,1,1.9628367893602308,False,1734714000000,1734800400000,96688.6,97259.2,96717.60658,97230.02224,59.014196089300206,6.017704258826016,20.058996491830474,-2.14284380368123,30.79465153496249,main,cost_x2
F,1735070400000,-1,1.2180334082280322,False,1735074000000,1735160400000,97266.3,99103.0,97237.12011,99132.7309,-188.83210320532362,6.056649630961026,20.188888752836284,3.0346757852753727,-212.04296580384556,main,cost_x2
F,1735329600000,1,0.8825557868674443,True,1735333200000,1735419600000,94548.1,95043.1,94576.46443,95014.58707000001,52.354304317061896,6.015706291294969,20.052338598025766,-2.2757441963366984,24.01051523140446,main,cost_x2
F,1735516800000,1,0.872964358364509,True,1735520400000,1735606800000,93542.5,92435.9,93570.56275,92408.16923,-118.2991688270044,5.964510249351043,19.881736320923643,-2.8566606976709608,-147.00207609495004,main,cost_x2
B,1735574400000,-1,1.5236399551995934,True,1735578000000,1735664400000,92085.5,94832.8,92057.87435,94861.24984,-298.342301448111,6.089502690434748,20.29843180413855,3.0511748039740243,-321.67906113871027,main,cost_x2
B,1735819200000,1,1.178371362314758,False,1735822800000,1735909200000,96830.0,96615.3,96859.049,96586.31541000001,-22.172880305690086,5.993348135907448,19.977833771558405,-2.9916430858205105,-51.13570529897645,main,cost_x2
B,1736136000000,1,1.4681639041761596,False,1736139600000,1736226000000,99423.0,101610.8,99452.8269,101580.31676,220.04968669221438,6.066014906007807,20.219983671786206,-3.0532400180245016,190.71044809639585,main,cost_x2
B,1736179200000,1,1.785405418925277,True,1736182800000,1736269200000,102116.5,97706.4,102147.13494999999,97677.08808,-431.86948240490085,5.870439155277082,19.56826007843982,-2.68078596509236,-459.9889676037101,main,cost_x2
F,1736222400000,-1,0.9995518810036839,True,1736226000000,1736312400000,101610.8,96248.9,101580.31676,96277.77466999998,527.6899699638236,5.84169300901002,19.472151723045183,2.64227275399735,505.01839798576566,main,cost_x2
B,1736280000000,-1,1.8266866289788604,True,1736283600000,1736370000000,96504.7,93949.4,96475.74859,93977.58481999999,264.78503119537214,5.920564490640264,19.735135533295267,2.984343381813217,242.11367455324978,main,cost_x2
F,1736438400000,1,1.5204585293755692,False,1736442000000,1736528400000,94210.2,93614.9,94238.46306,93586.81552999999,-63.18848702157547,5.981043453893432,19.936830469524534,-1.0865669927387371,-90.19292793773218,main,cost_x2
F,1736467200000,1,2.3400188417054633,False,1736470800000,1736557200000,92725.9,94556.5,92753.71776999999,94528.13305,197.4205696574534,6.059226170896179,20.197361343486556,-1.2882606555171585,169.8757214875535,main,cost_x2
F,1736740800000,-1,2.267316969627515,False,1736744400000,1736830800000,94455.3,95076.8,94426.96341000001,95105.32304,-65.79831941669762,6.019739495824134,20.065818058912523,1.7785126476659858,-90.1053643237683,main,cost_x2
B,1736769600000,-1,3.3792848242467923,True,1736773200000,1736859600000,90713.9,95953.5,90686.68583,95982.28605,-577.5961567080685,6.173278847011006,20.577769435555084,2.1763646669129537,-602.1708403237217,main,cost_x2
F,1736784000000,1,3.0397620195614627,False,1736787600000,1736874000000,91322.9,95703.8,91350.29686999999,95675.08886,479.7153835456396,6.143914615063285,20.479571468930576,-3.0756001726820785,450.01629728896364,main,cost_x2
B,1736956800000,1,1.7217042851497948,True,1736960400000,1737046800000,98948.1,99305.9,98977.78443,99276.10823,36.16037094193707,6.010848111281576,20.036149522830655,-1.298186703200143,8.815186604624694,main,cost_x2
B,1736971200000,1,0.8893998325846512,False,1736974800000,1737061200000,99516.0,100305.3,99545.8548,100275.20841,79.3138791752083,6.023794163752295,20.079290085011458,-1.2907784449427036,51.92001648150184,main,cost_x2
B,1736985600000,1,2.0566125555711343,True,1736989200000,1737075600000,99831.5,100087.4,99861.44945,100057.37378,25.63319192839877,6.007689957578501,20.02562550197082,-1.6736270954453127,-2.073750626595863,main,cost_x2
F,1737000000000,-1,1.5112868853606085,False,1737003600000,1737090000000,99573.0,101425.0,99543.1281,101455.42749999999,-185.9941952135619,6.055798258562961,20.18604999347213,1.6779719741189756,-210.55807149147807,main,cost_x2
B,1737129600000,1,1.2110721083287317,False,1737133200000,1737219600000,104923.9,103209.0,104955.37716999999,103178.0373,-163.4422662520164,5.950967320124584,19.83660676642786,-2.640967801569995,-191.87080814013885,main,cost_x2
B,1737144000000,1,1.4968203955245718,False,1737147600000,1737234000000,104654.4,104000.0,104685.79632,103968.8,-62.52962130593594,5.9812411136079255,19.93748913758046,-2.6477686701672365,-91.09612022729156,main,cost_x2
B,1737316800000,1,0.4952492832245907,False,1737320400000,1737406800000,106291.3,103632.7,106323.18739,103601.61019,-250.12395181919928,5.924962814453666,19.749951085366348,-2.948751172205251,-278.74761689122454,main,cost_x2
F,1737331200000,-1,7.822334331109949,False,1737334800000,1737421200000,99769.5,101188.1,99739.56915000001,101218.45643,-142.1877427470325,6.0426563228230625,20.14223039906986,3.150986934434572,-165.22164253449085,main,cost_x2
B,1738468800000,-1,1.3395291280933548,False,1738472400000,1738558800000,99490.1,92765.2,99460.25297000002,92793.02956,675.9366007271084,5.797219019780682,19.323860618292677,1.2340933396977622,652.0496144287328,main,cost_x2
B,1738497600000,-1,1.2026746682365679,False,1738501200000,1738587600000,98124.5,94731.0,98095.06265,94759.4193,345.8361571269153,5.896249152860599,19.654060092025944,1.8792007303570466,322.1650486123858,main,cost_x2
F,1738512000000,1,0.7565808629197226,True,1738515600000,1738602000000,98222.3,98508.5,98251.76669,98478.94745,29.137985976707643,6.008741395792419,20.029129244580915,-2.451733999068994,0.6483813372653127,main,cost_x2
F,1739145600000,1,1.1412686444154738,False,1739149200000,1739235600000,96677.7,97733.6,96706.70331,97704.27992000002,109.21856850132023,6.03276557054941,20.10918580293077,-2.098907766735552,80.9777093611045,main,cost_x2
B,1739808000000,-1,0.8369573586893635,False,1739811600000,1739898000000,95294.4,94595.0,95265.81168,94623.37849999999,73.39360969794596,5.9779819170892425,19.926584372219143,2.9567818394832224,50.4458252481208,main,cost_x2
F,1740067200000,-1,1.1669429345571696,False,1740070800000,1740157200000,97505.3,98183.2,97476.04841,98212.65496,-69.52442585172233,6.020857327755784,20.06954528317948,0.23270020419402845,-95.38212825846357,main,cost_x2
B,1740081600000,1,0.9668054088770808,False,1740085200000,1740171600000,98405.1,95034.3,98434.62153,95005.78971000001,-342.54322184520953,5.897237033445343,19.657559541121344,-0.23057243191663848,-368.32859085169287,main,cost_x2
B,1740412800000,-1,1.7298683568763407,True,1740416400000,1740502800000,94400.0,87429.1,94371.68000000001,87455.32873000001,738.4427966101689,5.778467161016416,19.26133567055085,1.5936249403141047,714.9966187189157,main,cost_x2
B,1740441600000,-1,3.2934083210086826,True,1740445200000,1740531600000,91825.3,88102.1,91797.75241,88128.53063000001,405.4655960829964,5.878360321175592,19.59441276423818,0.9814652847198048,380.97428828230244,main,cost_x2
F,1740456000000,1,3.7053008849049873,False,1740459600000,1740546000000,91861.1,88657.2,91888.65833,88630.60284,-348.7765768099891,5.895367026955925,19.651328056163056,-0.9810827892217869,-375.30435468232986,main,cost_x2
F,1740484800000,1,7.097455167431276,False,1740488400000,1740574800000,89350.0,87900.1,89376.805,87873.72997000001,-162.27196418578558,5.951318410742469,19.83777671740347,-1.0805056318440707,-189.1415649457756,main,cost_x2
B,1740600000000,-1,4.491662202673899,True,1740603600000,1740690000000,84344.2,83489.2,84318.89674,83514.24676,101.3703372608905,5.969588898821501,19.898599251637933,1.8218093133503004,77.32395842378136,main,cost_x2
B,1740715200000,-1,11.188097867373093,True,1740718800000,1740805200000,80371.7,86130.0,80347.58849,86155.83899999999,-716.4586539789507,6.214937596193078,20.71667359157514,0.8974612379744402,-742.4928039287444,main,cost_x2
B,1740729600000,-1,8.200754117492261,True,1740733200000,1740819600000,78955.8,85260.1,78932.11326,85285.67803000001,-798.4593912036864,6.239537817362228,20.79869892902105,-0.6964643184853815,-826.1940922685551,main,cost_x2
F,1740744000000,1,5.235555979519119,False,1740747600000,1740834000000,80747.5,84712.8,80771.72425,84687.38616000001,491.07402705966166,6.1473222081170436,20.490926704851546,0.6810105258672787,465.11678867256035,main,cost_x2
B,1740945600000,1,5.177987855818827,True,1740949200000,1741035600000,94270.0,86032.0,94298.281,86006.1904,-873.8729182136416,5.737838124535473,19.126389243661823,-0.029285228448902145,-898.7664308102879,main,cost_x2
P,1740974400000,-1,2.4169031188114034,False,1740978000000,1741064400000,92820.8,83371.6,92792.95376,83396.61148,1018.0045851791836,5.694598624446241,18.981690013445263,0.44822411636184983,993.7765206576539,main,cost_x2
B,1741536000000,-1,0.7766551232357882,False,1741539600000,1741626000000,82451.6,78981.4,82426.86452,79005.09442,420.8772176646677,5.873736834700941,19.578996519170033,0.912574316215454,396.33705862701214,main,cost_x2
B,1741564800000,-1,1.75623016982161,True,1741568400000,1741654800000,81242.0,77630.6,81217.6274,77653.88918,444.5237684941279,5.866642869451135,19.555342874375324,0.9886658151063507,420.0904485654078,main,cost_x2
P,1741622400000,-1,1.7028875306344557,False,1741626000000,1741712400000,78981.4,81350.0,78957.70558,81374.405,-299.89339262155465,6.089968017786295,20.299983360639338,1.6989392937339043,-324.5844047062464,main,cost_x2
F,1741665600000,1,2.667000980391104,False,1741669200000,1741755600000,79719.4,81776.6,79743.31581999999,81752.06702,258.05512836273374,6.077416538508607,20.257977711824225,-1.2794033025099911,230.44033080989092,main,cost_x2
B,1741968000000,1,1.0674831278003696,False,1741971600000,1742058000000,84738.4,84316.2,84763.82152,84290.90514,-49.82392870292537,5.98505282138889,19.950191018475685,0.8659964342556922,-74.89317610853426,main,cost_x2
P,1742184000000,1,0.678351369520277,True,1742187600000,1742274000000,83589.6,82958.4,83614.67688,82933.51247999999,-75.51178615521687,5.97734646415309,19.92451086738063,-1.003171313818402,-102.41681480056899,main,cost_x2
B,1742414400000,1,1.8267901829701307,True,1742418000000,1742504400000,85321.3,84490.1,85346.89639,84464.75297,-97.41998774045837,5.9707740036773895,19.90260923825586,-0.6865382774568439,-123.97990925984848,main,cost_x2
B,1742428800000,1,1.5472181352234315,True,1742432400000,1742518800000,85979.9,84468.8,86005.69397,84443.45936000001,-175.75037886761805,5.947274886338982,19.824302346246043,-0.6431289709848305,-202.1650850711879,main,cost_x2
F,1742443200000,-1,1.5738430651199466,False,1742446800000,1742533200000,85640.5,84621.2,85614.80785,84646.58636,119.02079039706715,5.964293762881656,19.880943503365813,0.6456777414001392,93.82123087221983,main,cost_x2
B,1742788800000,1,1.354341285021,False,1742792400000,1742878800000,86795.0,86510.0,86821.0385,86484.047,-32.83599285673138,5.990149202141733,19.967173857941127,-0.1784336205016477,-58.97174953731589,main,cost_x2
B,1742817600000,1,0.9159792886596985,False,1742821200000,1742907600000,87286.5,87044.0,87312.68595,87017.88680000001,-27.782073974784186,5.991665377806607,19.972226260647407,0.25705403211937683,-53.48891158111883,main,cost_x2
P,1742904000000,1,0.7635440476602944,False,1742907600000,1742994000000,87044.0,87767.5,87070.11319999999,87741.16975,83.11888240430127,6.0249356647203225,20.08309394673958,0.5127608929382281,57.5236136857796,main,cost_x2
P,1742976000000,1,1.1698810831205233,False,1742979600000,1743066000000,87918.3,87396.2,87944.67549,87369.98114,-59.38467873013989,5.982184596379234,19.940633136673476,-0.5536556137858915,-85.86115207697848,main,cost_x2
B,1743148800000,-1,2.8467030154360096,True,1743152400000,1743238800000,85180.1,83896.2,85154.54597,83921.36885999999,150.7276934401355,5.954781691966786,19.84922708825183,2.1391500432752686,127.06283470319217,main,cost_x2
B,1743177600000,-1,1.114064211128001,False,1743181200000,1743267600000,83756.3,82164.3,83731.17311,82188.94929,190.07525404059157,5.942977423787912,19.809867723383196,1.6100617914257402,165.93247068484618,main,cost_x2
B,1743249600000,-1,1.5787240542722305,True,1743253200000,1743339600000,82417.4,83037.2,82392.67478,83062.11116,-75.20256644834743,6.022560769934053,20.075225127218282,0.33005958417685244,-100.97029276132291,main,cost_x2
F,1743278400000,1,0.7431172095303361,True,1743282000000,1743368400000,82466.6,82524.8,82491.33998,82500.04256,7.057402633308161,6.0021172207899545,20.00705528541252,-0.5372520765126404,-19.489021949406954,main,cost_x2
B,1743393600000,-1,1.5759276552402965,True,1743397200000,1743483600000,81806.0,83025.3,81781.45820000001,83050.20759,-149.04774710901435,6.044714324132008,20.14909246143315,1.1902373231785224,-174.05131657140097,main,cost_x2
B,1743523200000,1,1.357771326037211,False,1743526800000,1743613200000,85067.0,87013.0,85092.5201,86986.8961,228.76085908754274,6.068628257725811,20.22869223082981,-0.16458274101485093,202.29895585797226,main,cost_x2
B,1743609600000,1,1.6967224490673851,True,1743613200000,1743699600000,87013.0,81801.8,87039.1039,81777.25946,-598.8990150896989,5.820330295473512,19.40128065461483,-1.6498256016545287,-625.7704516414417,main,cost_x2
F,1743638400000,-1,7.0714860609725845,False,1743642000000,1743728400000,83182.0,83005.5,83157.0454,83030.40165,21.21853285566589,5.993634440142951,19.978775101584482,1.5727527865014728,-3.1811238995600695,main,cost_x2
P,1743638400000,-1,7.0714860609725845,False,1743642000000,1743728400000,83182.0,83005.5,83157.0454,83030.40165,21.21853285566589,5.993634440142951,19.978775101584482,1.5727527865014728,-3.1811238995600695,main,cost_x2
B,1743969600000,-1,3.3033314108345486,True,1743973200000,1744059600000,78843.8,78907.0,78820.14686000001,78930.6721,-8.015849058517865,6.002404754716418,20.008018253813237,1.642208593284869,-32.38406347376265,main,cost_x2
B,1744012800000,-1,6.87189652043909,True,1744016400000,1744102800000,76223.1,79129.9,76200.23307,79153.63896999999,-381.35420889467736,6.11440626266775,20.381468615157345,1.3101443087913587,-406.53993946371116,main,cost_x2
P,1744257600000,-1,1.783637771888312,False,1744261200000,1744347600000,81978.8,80833.0,81954.20636000001,80857.2499,139.76784241779617,5.958069647273089,19.860190227229477,0.8624099909110092,114.8119925342046,main,cost_x2
B,1744401600000,1,1.6051558473604588,True,1744405200000,1744491600000,83800.0,85475.0,83825.14,85449.3575,199.88066825775655,6.059964200477466,20.199820704057277,-1.4731718298329355,172.14771152338886,main,cost_x2
F,1744416000000,-1,0.9404168518167939,True,1744419600000,1744506000000,83322.6,85470.1,83297.60322,85495.74103,-257.73319603564937,6.0773199588107145,20.25781051599446,1.633272850255893,-282.43505366019866,main,cost_x2
P,1744444800000,1,0.9611484370269955,True,1744448400000,1744534800000,83568.7,84639.8,83593.77060999999,84614.40806,128.16999666143016,6.038450998998017,20.12813154566243,-1.9147949656126821,100.08861915115702,main,cost_x2
B,1744473600000,1,0.7499990558457525,False,1744477200000,1744563600000,84624.0,84183.8,84649.3872,84158.54486000001,-52.018339950841025,5.984394498013712,19.947997265551145,-2.3049272960719955,-80.25565901047787,main,cost_x2
F,1744732800000,-1,0.83531419654209,True,1744736400000,1744822800000,84810.1,85000.0,84784.65697000001,85025.5,-22.3912010479877,6.006717360313796,20.022397918408302,1.116822175509465,-47.303494151200326,main,cost_x2
F,1745078400000,-1,0.20406394382533125,True,1745082000000,1745168400000,84799.9,84570.0,84774.46003,84595.371,27.11088102698166,5.991866735690887,19.97288098570871,-0.36209201849939776,0.7840412870826633,main,cost_x2
B,1745208000000,1,3.181064759312083,True,1745211600000,1745298000000,87315.7,88010.0,87341.89471,87983.59700000001,79.51605495918866,6.023854816486299,20.0794922001427,-1.4735891600991333,51.939118782460525,main,cost_x2
B,1745337600000,1,1.84161238072699,True,1745341200000,1745427600000,90626.3,93585.5,90653.48789,93557.42435,326.52772980911686,6.097958318942726,20.326429771490172,-0.4709996558590209,299.63234206282493,main,cost_x2
B,1745366400000,1,3.3096171934992995,True,1745370000000,1745456400000,92858.2,93312.3,92886.05746,93284.30631,48.90252018669389,6.014670756056249,20.04888784943064,-0.33004423261073884,22.508917348596263,main,cost_x2
F,1745409600000,-1,1.448650345573606,False,1745413200000,1745499600000,93695.7,92723.3,93667.59129,92751.11699,103.78277765148178,5.968865166703755,19.896186087515222,0.7015824214730119,78.61930881873582,main,cost_x2
P,1745784000000,1,0.2566050690586794,False,1745787600000,1745874000000,94211.5,94419.8,94239.76345,94391.47406000001,22.109827356533216,6.006632948206294,20.022103194408327,0.5176407789919489,-3.401268007089455,main,cost_x2
B,1746100800000,1,1.962963748095184,True,1746104400000,1746190800000,96321.1,97134.2,96349.99633000001,97105.05974,84.41556419102265,6.025324669257654,20.084390239521763,2.969395601031253,61.275244883274496,main,cost_x2
P,1746158400000,1,0.7214098598799126,False,1746162000000,1746248400000,96894.9,96470.3,96923.96846999999,96441.35891000001,-43.8206758044016,5.986853797257784,19.95619247039834,2.399698097615706,-67.36402397444203,main,cost_x2
B,1746403200000,-1,2.146697707550022,True,1746406800000,1746493200000,94660.0,94558.4,94631.602,94586.76752,10.733150221847223,5.9967800549335335,19.989263629833086,0.33912637092046094,-14.913767091998936,main,cost_x2
F,1746547200000,1,1.316282246203637,False,1746550800000,1746637200000,94186.3,96801.0,94214.55589,96771.9597,277.60937631056714,6.083282812892497,20.277526093497677,-0.25838717473153394,250.9901802294454,main,cost_x2
B,1746576000000,1,3.286101797102826,True,1746579600000,1746666000000,97379.5,97725.0,97408.71385,97695.68250000001,35.47974676394929,6.0106439240281775,20.03546910283992,-0.3597194645309708,9.07391427255022,main,cost_x2
F,1746590400000,-1,2.633576425874991,False,1746594000000,1746680400000,96527.6,98905.3,96498.64172000001,98934.97159,-246.32333135807758,6.073896999406362,20.246397228357488,0.3628941525148628,-272.2807314333266,main,cost_x2
B,1746676800000,1,3.135195677798184,True,1746680400000,1746766800000,98905.3,102801.3,98934.97159,102770.45961,393.91215637584634,6.118173646912316,20.39379398272893,-2.0894605257211505,365.31072822048395,main,cost_x2
B,1746691200000,1,2.086048271206882,True,1746694800000,1746781200000,99615.0,102936.6,99644.8845,102905.71902,333.4437584701105,6.100033127541218,20.33334372534257,-2.6559183928239722,304.35446322440276,main,cost_x2
B,1746921600000,1,1.5120988590401436,True,1746925200000,1747011600000,104381.5,104541.4,104412.81444999999,104510.03758,15.318806493487273,6.0045956419462385,20.01531421085154,-1.8521280644406335,-12.55323142375114,main,cost_x2
P,1746964800000,1,1.258159832144767,False,1746968400000,1747054800000,104561.8,103828.9,104593.16854,103797.75133,-70.09251944782977,5.97897224416478,19.929928508308002,-2.4374990872231543,-98.4389192875257,main,cost_x2
B,1747584000000,1,1.063312875931108,False,1747587600000,1747674000000,105789.2,105314.4,105820.93676,105282.80567999999,-44.88170815168306,5.986535487554833,19.955131756360768,-1.4005333931687862,-72.22390878876745,main,cost_x2
F,1747598400000,-1,2.090432533139672,False,1747602000000,1747688400000,104002.5,105432.1,103971.29925,105463.72963,-137.45823417706362,6.041237470253064,20.137499471647317,1.4245937091571004,-162.2123774098069,main,cost_x2
B,1747612800000,1,2.7176784019883655,True,1747616400000,1747702800000,105225.2,105674.8,105256.76756,105643.09756000001,42.72740750314619,6.012818222249948,20.042714589280898,-1.6425697779855313,15.029304913629813,main,cost_x2
F,1747627200000,-1,2.452560995401897,False,1747630800000,1747717200000,102960.1,106181.1,102929.21197,106212.95433000001,-312.8396339941395,6.093851890198613,20.31293348588434,1.6787059589344138,-337.567713411288,main,cost_x2
P,1747670400000,1,1.5424934321959631,False,1747674000000,1747760400000,105314.4,105159.6,105345.99432,105128.05212000001,-14.698844602446425,5.995590346619461,19.985305565050936,-1.6747369251478021,-42.35447743926463,main,cost_x2
F,1747814400000,-1,2.7073511973977014,False,1747818000000,1747904400000,106339.7,110374.6,106307.79809,110407.71238,-379.4349617311323,6.113830488518577,20.379548792219648,2.5990474804840527,-403.32929353138644,main,cost_x2
B,1747843200000,1,2.3319415096665,True,1747846800000,1747933200000,109101.0,111228.1,109133.7303,111194.73157,194.96613229942952,6.058489839689635,20.19490764245974,-3.0417139405727722,165.67102087670736,main,cost_x2
B,1747886400000,1,2.7406204715812903,True,1747890000000,1747976400000,111449.5,110793.7,111482.93484999999,110760.46189,-58.84279427005082,5.982347161717342,19.941174858568232,-2.9280001607033865,-87.69431645103978,main,cost_x2
B,1748548800000,-1,1.6937753271863583,True,1748552400000,1748638800000,106134.1,104544.9,106102.25977,104576.26346999999,149.73509927535179,5.955079470217225,19.850219980194865,1.3763208067906543,125.30612063173035,main,cost_x2
F,1748577600000,1,1.70111850916157,False,1748581200000,1748667600000,106064.9,103761.7,106096.71947,103730.57149,-217.15006566734115,5.934854980299533,19.782915079352364,-1.9499556605436863,-244.81779138753674,main,cost_x2
P,1748836800000,-1,0.7142160414460946,False,1748840400000,1748926800000,104736.4,105135.0,104704.97908,105166.5405,-38.05744707666159,6.01141723412227,20.03806886431079,1.5134608784529542,-62.593472296641686,main,cost_x2
F,1748923200000,-1,1.2382841574850463,False,1748926800000,1749013200000,105135.0,105369.4,105103.4595,105401.01082,-22.295144338231246,6.006688543301897,20.022301832881535,1.0571170535977554,-47.26701766081692,main,cost_x2
B,1748966400000,1,1.0142969394079773,False,1748970000000,1749056400000,105760.9,105408.8,105792.62826999999,105377.17736,-33.29207675048069,5.990012376974264,19.966717910872543,-0.354509698071949,-59.60331673639944,main,cost_x2
B,1749153600000,-1,2.859279338620596,True,1749157200000,1749243600000,100428.9,104429.7,100398.77133,104461.02891,-398.37138512918125,6.11951141553751,20.398490896544722,-0.9769728477166626,-425.86636028898016,main,cost_x2
B,1749412800000,1,0.4945119956725663,False,1749416400000,1749502800000,106098.9,108637.3,106130.72966999999,108604.70881000001,239.24847477212384,6.071774542430111,20.239176700229695,-0.49458612646049854,212.44293740300355,main,cost_x2
F,1749427200000,-1,0.6249587495168215,True,1749430800000,1749517200000,105651.3,109870.5,105619.60461000001,109903.46115,-399.3514514255856,6.119805435427327,20.399471256861016,1.3781496105112114,-424.4925785073628,main,cost_x2
P,1749427200000,-1,0.6249587495168215,True,1749430800000,1749517200000,105651.3,109870.5,105619.60461000001,109903.46115,-399.3514514255856,6.119805435427327,20.399471256861016,1.3781496105112114,-424.4925785073628,main,cost_x2
B,1749470400000,1,2.1171059139007236,True,1749474000000,1749560400000,107695.5,109645.0,107727.80864999999,109612.10650000001,181.0196340608475,6.054305890216657,20.180965328170632,-1.971493621739776,152.81286922072044,main,cost_x2
B,1749499200000,1,1.2278120478417198,False,1749502800000,1749589200000,108637.3,109910.5,108669.89119,109877.52685000001,117.19731620723242,6.03515919486057,20.11716215701237,-2.4707123163253746,88.5742825390341,main,cost_x2
B,1749513600000,1,2.3271973070595644,True,1749517200000,1749603600000,109870.5,109782.6,109903.46115,109749.66522000001,-8.000327658470125,5.997599901702347,19.992002072439828,-2.6843221932396286,-36.674251825851925,main,cost_x2
B,1749772800000,-1,2.1377556099493993,True,1749776400000,1749862800000,103733.7,105756.2,103702.57989,105787.92685999999,-194.97039052882525,6.058491117158521,20.195028881645985,0.564717990500766,-220.65919253712897,main,cost_x2
B,1750060800000,1,2.091134657691261,True,1750064400000,1750150800000,107135.1,106518.8,107167.24053,106486.84436,-57.52549817940179,5.982742350545227,19.94249175947005,-1.039275758644926,-84.490008048062,main,cost_x2
B,1750104000000,1,1.2331447193949154,False,1750107600000,1750194000000,108748.6,104305.6,108781.22458000001,104274.30832000001,-408.5569837220892,5.877432904883202,19.59156558337303,-0.9599440206273749,-434.9859262309729,main,cost_x2
F,1750118400000,-1,2.202087013920231,False,1750122000000,1750208400000,107206.5,104787.3,107174.33805,104818.73619,225.65795917225142,5.932302612247143,19.77427434344,0.6190485022046065,200.57043071876888,main,cost_x2
B,1750176000000,-1,1.4064364775653164,False,1750179600000,1750266000000,103574.2,104363.7,103543.12774,104395.00911,-76.22554651641046,6.022867663955193,20.07624841418037,0.8743508378595458,-101.45031175668649,main,cost_x2
P,1750291200000,1,1.1006786145972156,False,1750294800000,1750381200000,104899.9,104647.8,104931.36996999999,104616.40566,-24.03243473063285,5.99279026957985,19.975974774999788,-0.6546132449470929,-50.65581302015957,main,cost_x2
P,1750435200000,-1,1.3487258003572047,False,1750438800000,1750525200000,103630.4,103443.0,103599.31088,103474.03289999999,18.083496734548376,5.994574950977773,19.98191107821643,1.3322895109812738,-6.560699783664555,main,cost_x2
B,1750536000000,-1,0.8212038830831223,False,1750539600000,1750626000000,102724.6,99493.3,102693.78262000001,99523.14799,314.55951154835384,5.905632146534315,19.685346120598183,1.6821848207155514,290.6507181019369,main,cost_x2
B,1750608000000,-1,2.7220137715899098,True,1750611600000,1750698000000,99607.6,100643.0,99577.71772000002,100673.1929,-103.9478915263488,6.031184367456425,20.103979075893808,0.10278356976968321,-129.98027139992936,main,cost_x2
P,1750608000000,-1,2.7220137715899098,True,1750611600000,1750698000000,99607.6,100643.0,99577.71772000002,100673.1929,-103.9478915263488,6.031184367456425,20.103979075893808,0.10278356976968321,-129.98027139992936,main,cost_x2
F,1750636800000,1,2.9399939469551777,False,1750640400000,1750726800000,100849.8,105086.3,100880.05494,105054.77411000001,420.08015881042894,6.126024047642016,20.419954134762783,-0.3376746746572078,393.1965059533669,main,cost_x2
B,1750852800000,1,1.4362074347006801,False,1750856400000,1750942800000,107177.9,107059.9,107210.05337,107027.78203,-11.009732416850863,5.9966970802742035,19.988993570502874,-0.49273706981924587,-37.48816013744719,main,cost_x2
F,1750867200000,-1,1.4150002285473118,False,1750870800000,1750957200000,107087.3,107149.0,107055.17381000001,107181.14469999999,-5.761654276463884,6.00172849628156,20.00576338277275,0.4653565326448205,-31.303789622873374,main,cost_x2
B,1751198400000,1,1.341623118343179,False,1751202000000,1751288400000,108151.7,107526.9,108184.14550999999,107494.64193,-57.770705407312406,5.982668788376575,19.94224662580431,-1.3986226151101633,-85.09424343660345,main,cost_x2
F,1751212800000,-1,0.3346504817026744,True,1751216400000,1751302800000,107494.5,107551.8,107462.25165,107584.06554,-5.330505281665845,6.001599151583331,20.00533210443325,0.8978125950432111,-30.439623942639216,main,cost_x2
P,1751241600000,1,0.9344193680041393,True,1751245200000,1751331600000,108665.6,107327.9,108698.19968,107295.70163,-123.10243536132975,5.96306926939138,19.876934495369277,-0.8838707582566248,-149.82630988434704,main,cost_x2
F,1751356800000,1,0.9701402566206864,True,1751360400000,1751446800000,106666.1,107691.5,106698.09983,107659.19255,96.13176069997817,6.028839528209396,20.096102921171767,-0.6305156301767854,69.37630262042023,main,cost_x2
B,1751385600000,-1,1.2412870382885883,False,1751389200000,1751475600000,106041.2,109367.0,106009.38764,109399.8101,-313.63281441552937,6.094089844324535,20.313726904259855,0.946810233192382,-339.09382093092137,main,cost_x2
B,1751400000000,-1,0.7960237579844891,False,1751403600000,1751490000000,105860.0,109092.6,105828.242,109125.32778,-305.3655771774047,6.091609673153477,20.30545718685056,0.9484308832420179,-330.8142131541667,main,cost_x2
F,1751428800000,1,0.9205802986849625,True,1751432400000,1751518800000,106344.0,108738.5,106375.9032,108705.87845,225.1655006394343,6.067549650191535,20.225097950989245,-1.2629634647935004,197.60988957346004,main,cost_x2
B,1751486400000,1,2.0989437619320443,True,1751490000000,1751576400000,109092.6,109902.8,109125.32778,109869.82916000001,74.26718219200909,6.022280154657197,20.074244902037353,-1.3452461786946954,46.82541095661984,main,cost_x2
F,1751558400000,-1,1.6566736421007076,False,1751562000000,1751648400000,109236.7,107593.2,109203.92899,107625.47795999999,150.45309863809507,5.954864070407557,19.849501765432315,1.1996612395461217,125.84839404180133,main,cost_x2
B,1752091200000,1,2.615767490132206,True,1752094800000,1752181200000,110675.8,113426.0,110709.00274,113391.9722,248.49154015602298,6.074547462045863,20.248416992693972,-2.0529257310993008,220.11564997018385,main,cost_x2
B,1752177600000,1,3.5389380978402003,True,1752181200000,1752267600000,113426.0,117619.5,113460.0278,117584.21415,369.71241161638426,6.110913723484599,20.3696014978929,-3.0892336968979777,340.1426626981088,main,cost_x2
F,1752235200000,-1,1.930841705886489,False,1752238800000,1752325200000,117838.1,117493.9,117802.74857000001,117529.14816999999,29.209568042934468,5.991237129586001,19.97078166908665,2.9878993991621554,6.235448643423971,main,cost_x2
B,1752480000000,1,4.9980981074335915,True,1752483600000,1752570000000,122560.0,116766.6,122596.768,116731.57002000001,-472.69908616187945,5.858190274150495,19.527442723563972,-2.9085043577886753,-500.9932235173826,main,cost_x2
P,1753243200000,-1,1.3001475191131227,False,1753246800000,1753333200000,118976.8,117905.7,118941.10696,117941.07170999999,90.02595463989667,5.972992213607228,19.909947037573712,2.988583641571466,67.13159903028719,main,cost_x2
B,1753416000000,-1,3.855825778984768,True,1753419600000,1753506000000,116043.5,117469.0,116008.68695,117504.2407,-122.84186533498213,6.036852559599792,20.122878717894583,3.0039774924249962,-145.9976191200515,main,cost_x2
P,1753574400000,-1,0.3878467056475599,True,1753578000000,1753664400000,117927.2,119228.9,117891.82184,119264.66866999998,-110.38165919312908,6.033114497756524,20.110414773690888,3.0195521164875454,-133.50563634808893,main,cost_x2
B,1754006400000,-1,2.421599831762296,True,1754010000000,1754096400000,115366.9,113762.6,115332.28993,113796.72878,139.06068378364924,5.9582817948644085,19.860897598011213,1.1944036470778272,114.43590803785145,main,cost_x2
F,1754020800000,1,2.4360160128675625,False,1754024400000,1754110800000,115648.4,113969.6,115683.09451999998,113935.40912000001,-145.16413543118526,5.956450759369318,19.854879413809446,-1.1914963467896051,-172.1669619511536,main,cost_x2
F,1754049600000,1,1.4924324646686185,False,1754053200000,1754139600000,115674.9,113574.1,115709.60246999998,113540.02777000002,-181.6124327749571,5.945516270165778,19.81844205095488,-1.1252235882672783,-208.50161468434504,main,cost_x2
B,1754078400000,-1,1.97591567964843,True,1754082000000,1754168400000,113900.1,112750.2,113865.92997000001,112784.02506,100.95689117042114,5.9697129326485845,19.899012821762227,1.0070568820436379,76.09522229805398,main,cost_x2
P,1754078400000,-1,1.97591567964843,False,1754082000000,1754168400000,113900.1,112750.2,113865.92997000001,112784.02506,100.95689117042114,5.9697129326485845,19.899012821762227,1.0070568820436379,76.09522229805398,main,cost_x2
B,1754164800000,-1,1.5057519466332463,True,1754168400000,1754254800000,112750.2,114370.1,112716.37494,114404.41103,-143.6715855049489,6.043101475651482,20.1437146869806,1.77709282185446,-168.0813088457265,main,cost_x2
F,1754193600000,1,0.9806222800103906,True,1754197200000,1754283600000,113424.3,114336.5,113458.32729,114302.19905000001,80.42368346112757,6.02412710503728,20.08039955635609,-1.6292557744244134,52.68990102530977,main,cost_x2
B,1754568000000,1,2.8948576433414486,True,1754571600000,1754658000000,116323.8,116450.4,116358.69714,116415.46488,10.883413368544637,6.003265024010184,20.010880148344537,-1.0453087528322018,-16.176040556642285,main,cost_x2
B,1754596800000,1,1.4191809290854362,False,1754600400000,1754686800000,117120.4,116850.0,117155.53611999999,116814.945,-23.08735284373979,5.993073794145904,19.976919573362114,-1.2041369080037059,-50.261483119251515,main,cost_x2
F,1754625600000,-1,1.2892628418324104,False,1754629200000,1754715600000,116700.0,116383.9,116664.99,116418.81516999999,27.086546700943085,5.991874035988663,19.972905327335045,1.8496487493586737,2.9714160869780493,main,cost_x2
B,1754798400000,1,2.2239839131292687,True,1754802000000,1754888400000,118460.4,122069.8,118495.93811999999,122033.17906000001,304.6925386036185,6.091407761580314,20.304601130842038,-3.0035235323365446,275.2930061788596,main,cost_x2
P,1754798400000,1,2.2239839131292687,True,1754802000000,1754888400000,118460.4,122069.8,118495.93811999999,122033.17906000001,304.6925386036185,6.091407761580314,20.304601130842038,-3.0035235323365446,275.2930061788596,main,cost_x2
B,1754870400000,1,1.5403360306912681,True,1754874000000,1754960400000,119093.0,118907.9,119128.7279,118872.22763,-15.542475208451028,5.99533725743732,19.98446218753411,-3.026647731884578,-44.54892238530704,main,cost_x2
B,1754884800000,1,3.7890597174545086,True,1754888400000,1754974800000,122069.8,119024.0,122106.42094,118988.29280000001,-249.5129835553104,5.925146104932035,19.75056187033976,-2.9528397550690673,-278.14153128565124,main,cost_x2
F,1754899200000,-1,2.0741639959363853,False,1754902800000,1754989200000,121673.2,118761.3,121636.69804,118796.92839,239.32139534424954,5.928203581396082,19.760606808237146,2.7444160084506692,216.37700096306696,main,cost_x2
B,1755115200000,1,1.4857893402202689,False,1755118800000,1755205200000,122905.5,117811.3,122942.37165,117775.95661000001,-414.4810443796248,5.875655686685747,19.58564329993369,-2.9556838294344026,-442.89802719567854,main,cost_x2
F,1755144000000,-1,2.1225294667570327,False,1755147600000,1755234000000,123057.0,118781.8,123020.08290000001,118817.43454,347.4162380035266,5.895775128598177,19.652479537125075,2.1361932088232565,324.00417654662664,main,cost_x2
B,1755489600000,-1,3.360460675521748,True,1755493200000,1755579600000,115414.6,115256.3,115379.97562000001,115290.87689,13.715769062146634,5.99588526928053,19.986280116207134,1.1831544199780617,-11.083241903362968,main,cost_x2
B,1755619200000,-1,1.5749269691392422,True,1755622800000,1755709200000,113339.0,113797.1,113304.9983,113831.23913,-40.41856730692928,6.01212557019114,20.040430692877123,1.082174100800073,-65.38894946919748,main,cost_x2
P,1755619200000,-1,1.5749269691392422,False,1755622800000,1755709200000,113339.0,113797.1,113304.9983,113831.23913,-40.41856730692928,6.01212557019114,20.040430692877123,1.082174100800073,-65.38894946919748,main,cost_x2
F,1755662400000,1,1.3719480125211825,False,1755666000000,1755752400000,113579.1,113757.4,113613.17373,113723.27278,15.698310692723252,6.004709493206409,20.015693601199512,-0.7435322987429144,-11.065624700425584,main,cost_x2
P,1755748800000,-1,0.8775763637803574,False,1755752400000,1755838800000,113757.4,112805.1,113723.27278,112838.94153,83.71323535875366,5.974886029391095,19.916261650670638,2.232357197158163,60.0544448758501,main,cost_x2
B,1755806400000,-1,0.9864354481621126,False,1755810000000,1755896400000,112400.1,117015.7,112366.37997000001,117050.80471,-410.64020405675717,6.123192061216705,20.410763396117975,2.3428497279806693,-434.83130978611115,main,cost_x2
P,1755864000000,-1,0.9750117537076045,False,1755867600000,1755954000000,112300.0,115175.8,112266.31,115210.35274,-256.08192341941253,6.076824577025957,20.256158747996437,2.6795363607301868,-279.7353703837048,main,cost_x2
B,1755878400000,1,3.9238441366824763,True,1755882000000,1755968400000,116105.7,114967.9,116140.53171,114933.40963,-97.99691143501163,5.9706009265693325,19.90203248763842,-2.963924475934891,-126.83346932515427,main,cost_x2
P,1755921600000,-1,1.432859795364789,False,1755925200000,1756011600000,115890.8,115140.0,115856.03276,115174.542,64.78512530761742,5.980564462407915,19.93519543915479,2.956301328712492,41.8256667347672,main,cost_x2
F,1756180800000,1,2.0037795931774776,False,1756184400000,1756270800000,110041.1,111521.3,110074.11233,111487.84361000001,134.5133772744908,6.040354013181424,20.134473023261307,-1.5699459691381836,106.76860426890988,main,cost_x2
P,1756339200000,-1,2.0018149841339072,True,1756342800000,1756429200000,111286.9,112160.7,111253.51393,112194.34821,-78.51777702496906,6.023555333106824,20.078541332358075,2.1760425715095337,-102.44383111892441,main,cost_x2
B,1756483200000,-1,2.014767564594793,True,1756486800000,1756573200000,108648.0,108762.1,108615.4056,108794.72863,-10.501803990870133,6.0031505411966855,20.01050495453207,2.352230417955232,-34.16322906864366,main,cost_x2
F,1756512000000,1,1.633604810195346,False,1756515600000,1756602000000,108259.4,109339.9,108291.87782,109307.09803,99.80657568765392,6.029941972706343,20.09977663371495,-1.4840989455490021,72.19275813568363,main,cost_x2
F,1756526400000,1,0.9615150560200377,True,1756530000000,1756616400000,108373.8,108774.9,108406.31214,108742.26753,37.0107904308967,6.0111032371282045,20.03699968719377,-1.482532322256557,9.48015518431817,main,cost_x2
F,1756713600000,1,1.9985378903667355,False,1756717200000,1756803600000,109552.1,110314.0,109584.96563,110280.90580000001,69.54681836313445,6.020864045508256,20.069525954317626,-2.070563767119007,41.38586459618956,main,cost_x2
B,1756785600000,1,1.7020096784635932,True,1756789200000,1756875600000,110272.1,110966.7,110305.18163,110933.40999,62.98964107874895,6.018896892323404,20.062970744186426,-1.5957680834589172,35.312005358780205,main,cost_x2
F,1756814400000,-1,1.4689848496408413,False,1756818000000,1756904400000,108749.5,111051.0,108716.87515,111084.3153,-211.63315693405485,6.063489947079748,20.211696646881133,1.2494727316061016,-236.65887079640962,main,cost_x2
B,1756915200000,1,1.4778435282621514,False,1756918800000,1757005200000,111809.9,109384.8,111843.44296999999,109351.98456000001,-216.89492612013706,5.934931522162723,19.783170142357697,-1.3910424470837714,-244.00407023174125,main,cost_x2
B,1757059200000,1,2.289845784832646,True,1757062800000,1757149200000,112589.0,110906.5,112622.7767,110873.22805,-149.43733402019734,5.9551687997936735,19.85060749718001,-1.458128707511391,-176.70123902468242,main,cost_x2
F,1757088000000,-1,3.0506420471685844,False,1757091600000,1757178000000,110767.3,110206.2,110734.06981,110239.26186,50.655744068872835,5.984803276779668,19.949329059207905,1.2045417928395834,25.926153525724846,main,cost_x2
B,1757404800000,1,2.745314048433217,True,1757408400000,1757494800000,112965.9,112333.0,112999.78976999999,112299.30010000001,-56.02575644508601,5.983192273065293,19.943991051281845,-2.0546046448214077,-84.00754441425455,main,cost_x2
B,1757520000000,1,2.213973002452889,True,1757523600000,1757610000000,113724.0,114428.5,113758.1172,114394.17145000001,61.94822552847244,6.01858446765717,20.061929641060814,-1.3484907782833306,34.51922064147112,main,cost_x2
B,1757563200000,1,0.7170673441352631,False,1757566800000,1757653200000,114103.0,115314.5,114137.2309,115279.90565,106.17599887820653,6.031852799662972,20.106144146078545,-1.3815723343482835,78.65642959811673,main,cost_x2
B,1757635200000,1,1.3404409332447749,False,1757638800000,1757725200000,115795.1,116155.0,115829.83853000001,116120.1535,31.08076248476785,6.009324228745603,20.031071438256024,-0.9034801431148641,4.136886674651357,main,cost_x2
F,1757649600000,-1,2.0956114269790267,False,1757653200000,1757739600000,115314.5,115650.0,115279.90565,115684.69499999999,-29.094346331120544,6.008728303898628,20.029103074635017,0.907245606753704,-54.22493210290048,main,cost_x2
B,1757707200000,1,1.6163115324699733,True,1757710800000,1757797200000,116088.3,115837.2,116123.12649,115802.44884,-21.63008675292909,5.993510973973431,19.978376402273096,-0.3818399442165713,-47.98381407339219,main,cost_x2
F,1758081600000,-1,0.8134081250831192,True,1758085200000,1758171600000,116264.8,117567.3,116229.92056000001,117602.57019,-112.02874816797518,6.033608624449132,20.11206235679243,1.9729139845421833,-136.20150516467456,main,cost_x2
B,1758096000000,1,1.5120881356570866,True,1758099600000,1758186000000,116801.0,117187.1,116836.0403,117151.94387,33.05622383370055,6.009916867149795,20.03304630696655,-2.0120954459344316,5.001165213649775,main,cost_x2
P,1758096000000,1,1.5120881356570866,True,1758099600000,1758186000000,116801.0,117187.1,116836.0403,117151.94387,33.05622383370055,6.009916867149795,20.03304630696655,-2.0120954459344316,5.001165213649775,main,cost_x2
B,1758168000000,1,2.1056887350810793,True,1758171600000,1758258000000,117567.3,116929.4,117602.57019,116894.32118,-54.25828440391237,5.983722514678044,19.945757993081408,-1.2864914641261205,-81.47425637579794,main,cost_x2
P,1758441600000,1,0.3625788334506352,True,1758445200000,1758531600000,115583.1,112568.2,115617.77493,112534.42954,-260.84263183804626,5.921747210448023,19.739235620951508,-1.2076210164966923,-287.71123568594254,main,cost_x2
F,1758700800000,1,1.5521574858760636,False,1758704400000,1758790800000,112574.4,111678.7,112608.17231999998,111645.19639,-79.5651586861664,5.9761304523931615,19.92045871086144,-0.6412913582186791,-106.10303920763968,main,cost_x2
F,1758816000000,1,1.6692602957857319,False,1758819600000,1758906000000,110908.0,109408.5,110941.2724,109375.67745,-135.20214952933964,5.959439355141089,19.864838411115517,-1.4964558795036613,-162.5228831750999,main,cost_x2
B,1758830400000,-1,3.3924862750278613,True,1758834000000,1758920400000,109126.9,109233.8,109094.16193,109266.57014,-9.795934824503284,6.002938780446014,20.00979887360495,1.5208800825826823,-34.28779239597157,main,cost_x2
B,1759104000000,1,2.9889129431117425,True,1759107600000,1759194000000,112211.2,114465.8,112244.86335999999,114431.46026,200.9246848799412,6.0602774054628386,20.200864407474473,-0.3727828406730059,174.2907602263309,main,cost_x2
B,1759161600000,1,1.925009513608053,True,1759165200000,1759251600000,113580.2,112798.6,113614.27406,112764.76042,-68.81481103220378,5.979355556690237,19.931205833411106,-1.0836438373567752,-95.8090162596619,main,cost_x2
B,1759176000000,1,1.1706029355250676,False,1759179600000,1759266000000,114190.3,114569.8,114224.55709,114535.42906000001,33.233996232604696,6.009970198869131,20.033224026033736,-1.077854106484964,6.112947901216865,main,cost_x2
B,1759320000000,1,3.958049038086343,True,1759323600000,1759410000000,116373.8,119360.0,116408.71214,119324.19200000001,256.6041497312967,6.07698124491856,20.25652716848638,-2.8193060388362325,227.45133527905548,main,cost_x2
B,1759334400000,1,1.2839563688688498,False,1759338000000,1759424400000,117480.0,119694.0,117515.24399999999,119658.09180000001,188.45760980592442,6.056537282940267,20.188401072522982,-2.7674849463772104,159.44518650408392,main,cost_x2
B,1759363200000,1,1.9498082980994942,True,1759366800000,1759453200000,118397.0,120097.2,118432.51909999999,120061.17084,143.60161152731885,6.043080483456623,20.143558531043862,-2.9766949132190406,114.43827759959935,main,cost_x2
B,1759420800000,1,1.7094416152006924,True,1759424400000,1759510800000,119694.0,122527.0,119729.90819999999,122490.24190000001,236.68688488980234,6.071006065465486,20.236615878824338,-3.0197924347824454,207.35947051073006,main,cost_x2
B,1759435200000,1,2.1640151024904184,True,1759438800000,1759525200000,120598.9,122402.3,120635.07966999999,122365.57931,149.53701899436967,6.04486110569828,20.149492157888673,-2.997133768955189,120.34553196182752,main,cost_x2
P,1759492800000,1,1.3327697975426673,True,1759496400000,1759582800000,120320.6,121954.9,120356.69618,121918.31353,135.82877744957955,6.04074863323387,20.135788028816343,-3.0476765168553848,106.60456427067396,main,cost_x2
B,1759507200000,1,1.504072194807887,True,1759510800000,1759597200000,122527.0,121668.4,122563.75809999999,121631.89948,-70.07435095938085,5.978977694711634,19.929946671345906,-2.8209890391008794,-98.80426436453926,main,cost_x2
P,1759708800000,1,1.099700319896756,True,1759712400000,1759798800000,123295.9,124850.4,123332.88876999999,124812.94488,126.07880716228198,6.037823642148281,20.126040983520134,-2.5728127336885813,97.34212980292499,main,cost_x2
P,1760011200000,1,1.3953460819202823,True,1760014800000,1760101200000,123500.0,121534.8,123537.05,121498.33956000001,-159.12550607287426,5.9522623481779915,19.84092223157895,-0.5996028174075447,-185.51829347003874,main,cost_x2
P,1760054400000,1,0.9125623524742622,False,1760058000000,1760144400000,121682.2,112463.3,121718.70465999999,112429.56101,-757.6210818016107,5.7727136754586486,19.242606204522932,-1.4106953067909689,-784.0470969883831,main,cost_x2
B,1760112000000,-1,2.3867672590342868,True,1760115600000,1760202000000,118150.0,111803.8,118114.55500000001,111837.34114,537.1307659754547,5.838860770206823,19.462708094794756,1.9320116776904783,513.7612087881436,main,cost_x2
B,1760126400000,-1,3.0786300416218997,True,1760130000000,1760216400000,114200.4,110184.8,114166.13988,110217.85544,351.62748992122545,5.894511753022598,19.6482670218318,1.9988299490993904,328.0835410954704,main,cost_x2
F,1760616000000,1,1.9047467598783498,False,1760619600000,1760706000000,111470.8,105283.8,111504.24124,105252.21486000001,-555.0332463748354,5.833490026087164,19.44513326359908,0.3800718393473471,-579.9317978251743,main,cost_x2
B,1760630400000,-1,1.4785117950441018,False,1760634000000,1760720400000,109182.9,106331.1,109150.14513,106362.99933,261.194747529145,5.921641575740336,19.738726894046597,-0.11798818031795084,235.4163908790401,main,cost_x2
B,1760688000000,-1,3.1487878252527555,True,1760691600000,1760778000000,104845.2,106663.3,104813.74644,106695.29899,-173.408033939561,6.052022410180651,20.173460056349743,-1.1671133315085445,-200.8006297375999,main,cost_x2
B,1760932800000,1,1.7332744783284095,True,1760936400000,1761022800000,110369.2,107743.5,110402.31076,107711.17695000001,-237.90151600265267,5.928629545198091,19.76216985445215,0.625986652690321,-262.96632874961256,main,cost_x2
B,1760947200000,1,1.778060378595575,True,1760950800000,1761037200000,111031.4,107649.7,111064.70941999998,107617.40509,-304.57149959380837,5.908628550120722,19.69551987185607,0.3394717301254447,-329.8361762856597,main,cost_x2
B,1761062400000,1,1.9525043887661648,True,1761066000000,1761152400000,112507.5,108177.5,112541.25224999999,108145.04675000001,-384.8632313401329,5.884541030596346,19.61525222762927,-0.37930462325240877,-410.74232922161093,main,cost_x2
F,1761076800000,-1,1.5039494948351317,False,1761080400000,1761166800000,110733.0,107644.4,110699.7801,107676.69331999999,278.9231755664532,5.916323047329473,19.72099314748088,0.38538299242836715,253.67124236407122,main,cost_x2
B,1761480000000,1,1.2347888734550372,False,1761483600000,1761570000000,113530.7,115016.3,113564.75920999999,114981.79511,130.8544737238479,6.039256342116158,20.13081521738173,-2.7172541584475733,101.96714800590243,main,cost_x2
P,1761724800000,1,0.7254106003544999,False,1761728400000,1761814800000,113005.3,110649.6,113039.20159,110616.40512000001,-208.45924925645053,5.937462225222135,19.791603288518328,-0.9399858211702794,-235.1283005913613,main,cost_x2
F,1761811200000,1,2.7422845376949856,False,1761814800000,1761901200000,110649.6,110013.0,110682.79488,109979.9961,-57.53296893978883,5.982740109317298,19.942484290950894,-1.3561571361306324,-84.81435047618766,main,cost_x2
B,1761840000000,-1,1.3291900136298187,False,1761843600000,1761930000000,108100.0,108812.8,108067.57,108845.44383999999,-65.93894542090683,6.019781683624675,20.06595872710453,2.0525420405756707,-89.97214379106038,main,cost_x2
B,1761854400000,-1,1.4594122296150265,False,1761858000000,1761944400000,107441.2,109455.4,107408.96764,109488.23662,-187.46998358171697,6.056240995074178,20.18752622457679,2.0651276659812994,-211.64862313538663,main,cost_x2
P,1762099200000,-1,0.3450302300870551,False,1762102800000,1762189200000,110068.2,106644.1,110035.17954,106676.09323,311.08894303713436,5.9066733170881776,19.688817730279954,1.7929035605347285,287.286355550301,main,cost_x2
P,1762142400000,-1,1.6891711064706487,True,1762146000000,1762232400000,107843.8,106702.7,107811.44686000001,106734.71080999999,105.81044065583795,5.968256867801808,19.894157816211962,2.1930235844767982,82.14104955630098,main,cost_x2
F,1762171200000,1,1.047222134042491,False,1762174800000,1762261200000,107717.1,103907.3,107749.41513000001,103876.12781,-353.68571935189516,5.893894284194448,19.646420386363914,-2.0752866671615404,-381.30132068961507,main,cost_x2
B,1762185600000,-1,1.3067593121656915,False,1762189200000,1762275600000,106644.1,102227.4,106612.10677000001,102258.06821999999,414.15324429574736,5.875754026709874,19.585722509730964,2.181064512854498,390.872832272161,main,cost_x2
B,1762243200000,-1,2.101331995901316,True,1762246800000,1762333200000,104018.5,101650.7,103987.29445,101681.19520999999,227.63258458831868,5.931710224622778,19.772299125636305,1.6016129087614224,203.53018814682105,main,cost_x2
F,1762257600000,1,1.6090471831237343,False,1762261200000,1762347600000,103907.3,102622.6,103938.47219,102591.81322000001,-123.63905134672896,5.96290828459525,19.876398040368674,-1.6033269303504183,-151.0816846020433,main,cost_x2
B,1762272000000,-1,1.2392143959251003,False,1762275600000,1762362000000,102227.4,103865.1,102196.73178,103896.25953,-160.20166804594578,6.048060500412041,20.16024972854636,1.2755765650892033,-185.134401709815,main,cost_x2
B,1762286400000,-1,3.345275739812604,True,1762290000000,1762376400000,100710.0,103788.0,100679.787,103819.1364,-305.6300268096515,6.0916890080435335,20.305721715817693,1.294795707973389,-330.7326418255393,main,cost_x2
F,1762300800000,1,4.25383124480239,False,1762304400000,1762390800000,100523.0,103631.5,100553.1569,103600.41055,309.23271291147296,6.092769813873566,20.3091399430976,-0.9891843563552973,281.8416187981465,main,cost_x2
B,1762718400000,1,0.7854001713233114,False,1762722000000,1762808400000,104585.4,105956.7,104616.77561999999,105924.91299,131.11772771342874,6.039335318313229,20.131078392395114,-2.1360967463874294,102.81121725633297,main,cost_x2
P,1762920000000,1,0.7671039173808285,False,1762923600000,1763010000000,103200.0,102067.2,103230.95999999999,102036.57984,-109.76744186046541,5.967069767440228,19.890265488372094,-0.747402072890973,-136.3721791891687,main,cost_x2
B,1763064000000,-1,3.575815543176847,True,1763067600000,1763154000000,98132.1,94336.6,98102.66037000001,94364.90098,386.77456204442785,5.883967631386006,19.61310940558696,2.668338145430096,363.945823152885,main,cost_x2
F,1763136000000,1,2.3492149080429168,False,1763139600000,1763226000000,96972.6,96111.4,97001.69178000001,96082.56658,-88.80859129279936,5.973357422611939,19.91121805128459,-2.4101048514928958,-117.10327161818878,main,cost_x2
P,1763294400000,-1,1.0661458573707734,True,1763298000000,1763384400000,95713.6,95283.4,95684.88592000002,95311.98502,44.94659066214327,5.986516022800235,19.95503992536066,2.6374501513513056,21.64248486533368,main,cost_x2
B,1763409600000,-1,2.0151136345163914,True,1763413200000,1763499600000,91880.0,92756.9,91852.436,92784.72707,-95.43970396168852,6.028631911188273,20.09546833587288,2.364196718795645,-119.19960748995403,main,cost_x2
F,1763424000000,1,1.9552533975363642,False,1763427600000,1763514000000,92120.2,92377.6,92147.83605999999,92349.88672000001,27.9417543600653,6.008382526306512,20.027933371833758,-2.1135777252214374,-0.20813926329640736,main,cost_x2
F,1763452800000,1,3.04674955573073,False,1763456400000,1763542800000,91180.0,91435.4,91207.35399999999,91407.96938,28.01052862469776,6.008403158586451,20.028002125466106,-1.6480124174482644,0.32611092319693574,main,cost_x2
B,1763582400000,-1,1.6070906577397726,True,1763586000000,1763672400000,89472.8,86432.8,89445.95816000001,86458.72984,339.76806359027546,5.898069580921883,19.660130005990652,2.3705546727139835,316.58041867607693,main,cost_x2
F,1763596800000,1,2.588566278763087,False,1763600400000,1763686800000,91850.1,87249.9,91877.65503000001,87223.72503,-500.83777807536535,5.849748666576947,19.49931247325806,-2.2876168960293386,-528.4744561112298,main,cost_x2
B,1763668800000,-1,3.383966467542532,True,1763672400000,1763758800000,86432.8,84529.0,86406.87016,84554.3587,220.26360363195485,5.933920918909731,19.779670317286953,1.1212206410861412,195.6712330368443,main,cost_x2
B,1763697600000,-1,1.9328912709756785,True,1763701200000,1763787600000,86016.7,84206.7,85990.89499,84231.96200999999,210.42425482493516,5.936872723551087,19.78951261789862,0.8323562640856471,185.5302257475711,main,cost_x2
B,1764014400000,1,1.424641974518346,False,1764018000000,1764104400000,89018.6,87330.6,89045.30558,87304.40082000001,-189.62329221084133,5.943113012335663,19.810433594776825,0.6234063992980341,-214.75343241865576,main,cost_x2
F,1764028800000,-1,1.363460587854623,False,1764032400000,1764118800000,88058.0,87536.7,88031.58260000001,87562.96101,59.19961843330565,5.982240114469231,19.940782621681162,0.3003681476981081,33.57696384485337,main,cost_x2
B,1764187200000,1,1.5037761314425881,True,1764190800000,1764277200000,89811.0,91387.6,89837.9433,91360.18372000002,175.5464252708472,6.0526639275800695,20.175493761343265,-0.45131339576543167,148.86695418615844,main,cost_x2
B,1764201600000,1,1.0685723068392576,False,1764205200000,1764291600000,90426.5,91173.2,90453.62795,91145.84804,82.57535125212156,6.024772605375035,20.082550578646746,-0.8869767571878621,55.581051310911924,main,cost_x2
F,1764244800000,-1,1.0070689532688428,False,1764248400000,1764334800000,90954.7,91468.6,90927.41359,91496.04058,-56.500653622078765,6.016950196086136,20.056517603818165,1.2401366820709543,-81.33398473991211,main,cost_x2
B,1764561600000,-1,3.2930634623766495,True,1764565200000,1764651600000,85767.7,86924.8,85741.96969,86950.87744,-134.91092800669784,6.040473278401154,20.134951401285104,0.36367769871969563,-160.7226749876644,main,cost_x2
F,1764576000000,1,1.9260823956076778,False,1764579600000,1764666000000,86811.0,86438.1,86837.04329999999,86412.16857000001,-42.955385838199554,5.9871133842470625,19.95705750077755,-0.3099174097194677,-69.20947413294363,main,cost_x2
B,1764734400000,1,1.2564396116541838,False,1764738000000,1764824400000,93302.1,93317.8,93330.09063,93289.80466000001,1.6827059626736256,6.000504811788187,20.001682201150885,-0.2919886940891154,-24.61146974435456,main,cost_x2
P,1765080000000,1,0.2360664566344307,False,1765083600000,1765170000000,89495.2,91247.8,89522.04856,91220.42566000001,195.83173175768152,6.0587495195265655,20.195772982238157,-0.6331772811452577,168.94403197477155,main,cost_x2
F,1765123200000,1,0.9214370677895894,True,1765126800000,1765213200000,89849.3,89929.3,89876.25479,89902.32121000001,8.903797803655676,6.002671139340781,20.008901126664316,-0.9522422737848965,-18.060016736134315,main,cost_x2
B,1765296000000,1,1.0840358052555878,False,1765299600000,1765386000000,94146.9,92126.7,94175.14407,92099.06199,-214.579555991753,5.935626133202025,19.785484817875044,-0.7831692053725104,-241.08383614820258,main,cost_x2
B,1765814400000,-1,1.7174704161178482,True,1765818000000,1765904400000,86360.6,87539.1,86334.69182000001,87565.36173,-136.46269247781973,6.040938807742985,20.136503631285564,1.2977145047828498,-161.34242041206542,main,cost_x2
F,1765987200000,-1,1.9884507821450257,False,1765990800000,1766077200000,86945.8,87984.6,86919.71626,88010.99538000001,-119.47673148099193,6.0358430194447115,20.119512574500433,1.3814770387714157,-144.25061003616568,main,cost_x2
B,1766088000000,-1,2.2285904736241973,True,1766091600000,1766178000000,84557.4,88065.0,84532.03278,88091.4195,-414.8188094714367,6.124445642841868,20.414943255114277,2.6347037163037337,-438.72349465308906,main,cost_x2
P,1766088000000,-1,2.2285904736241973,False,1766091600000,1766178000000,84557.4,88065.0,84532.03278,88091.4195,-414.8188094714367,6.124445642841868,20.414943255114277,2.6347037163037337,-438.72349465308906,main,cost_x2
F,1766102400000,1,1.7018401373728185,False,1766106000000,1766192400000,85572.8,87967.4,85598.47184,87941.00978,279.831909204793,6.083949572761036,20.27974795963203,-3.0845098811382825,250.38370179126167,main,cost_x2
B,1766404800000,1,1.6766599709929622,True,1766408400000,1766494800000,90171.2,87737.3,90198.25136,87710.97881,-269.9198857284803,5.9190240342814615,19.73016109023724,-1.4282786162117158,-296.9973494692108,main,cost_x2
P,1766678400000,1,0.3640802935251383,False,1766682000000,1766768400000,88042.1,86821.7,88068.51263,86795.65349,-138.6155032649163,5.958415349019588,19.861426081386067,-1.9679504076294894,-166.40329510295143,main,cost_x2
F,1766736000000,-1,1.9814633907974784,False,1766739600000,1766826000000,88707.4,87545.7,88680.78778,87571.96371,130.95863479258745,5.960712409561626,19.86900207761698,1.434947614151126,106.56386791955998,main,cost_x2
B,1766980800000,1,2.8473365382762457,True,1766984400000,1767070800000,90100.1,87262.1,90127.13003,87235.92137000001,-314.9830022386213,5.905505099327228,19.68511149266205,-2.4316121763839944,-343.00523100699456,main,cost_x2
F,1766995200000,-1,2.3000218448082856,False,1766998800000,1767085200000,89519.0,87827.0,89492.1443,87853.3481,189.01015426892616,5.943296953719653,19.810933142684792,1.897358605473872,165.15328277799557,main,cost_x2
P,1641153600000,-1,1.5091230967933906,True,1641160800000,1641247200000,47020.94,45973.72,47013.886859000006,45980.61605800001,222.7135399675126,2.966592969005385,9.888626526500746,2.9991426518400104,212.85746312384646,main,delay1
P,1641225600000,-1,1.1296833338329717,True,1641232800000,1641319200000,46564.53,46563.99,46557.5453205,46570.974598500005,0.11596809846483432,2.999982604786116,9.999942007253162,3.003966894678632,-9.879989618895811,main,delay1
B,1641412800000,-1,2.9976141758226444,True,1641420000000,1641506400000,43604.01,43105.11,43597.469398500005,43111.575766500006,114.41608237407556,2.982837587644373,9.942783377606787,2.9720267246413807,104.46248813346578,main,delay1
B,1641528000000,-1,1.8465612135159124,True,1641535200000,1641621600000,41835.97,41953.06,41829.6946045,41959.352959,-27.9878774174464,3.004198181614179,10.01399603779953,2.9773849970965176,-38.02868663976359,main,delay1
F,1641542400000,1,3.438038387537247,False,1641549600000,1641636000000,42409.0,42140.19,42415.36135000001,42133.8689715,-63.385130514748674,2.990492230424858,9.968312188627415,-2.9419896720035843,-79.28592460580452,main,delay1
P,1641816000000,-1,1.1124688294227805,True,1641823200000,1641909600000,40752.99,41691.83,40746.8770515,41698.0837745,-230.3732805862843,3.0345559920877423,10.115203918289186,2.7966299136056083,-240.7264105830556,main,delay1
B,1641931200000,1,1.967315470800481,True,1641938400000,1642024800000,42643.77,43756.13,42650.1665655,43749.566580499995,260.84935736216585,3.039127403606342,10.130405114979283,0.06291049046941355,247.7427353340496,main,delay1
F,1642089600000,-1,1.8590226065496487,False,1642096800000,1642183200000,42800.01,42904.07,42793.5899985,42910.505610500004,-24.313078431523188,3.003646961766284,10.012158362696645,-1.5245924436031346,-38.853476199589245,main,delay1
P,1642320000000,1,0.7503934196235518,False,1642327200000,1642413600000,43064.22,42825.25,43070.67963300001,42818.826212500004,-55.49154263098256,2.9916762686058407,9.972258390550207,-1.1964587228794576,-69.65193601301806,main,delay1
F,1642464000000,1,1.3063380871139154,False,1642471200000,1642557600000,42238.64,42408.48,42244.975796000006,42402.118728,40.20962796150723,3.006031444196258,10.020101798258658,-2.477945314430061,24.705549404622253,main,delay1
F,1642593600000,1,1.8399705480654747,False,1642600800000,1642687200000,42171.24,42367.86,42177.565686,42361.504821,46.62419222199836,3.0069936288337944,10.023308599296584,-2.9803103780927476,30.613579615775237,main,delay1
B,1642694400000,1,1.7210704848276839,True,1642701600000,1642788000000,43020.35,38367.99,43026.8030525,38362.234801499995,-1081.432391879657,2.8377851412189012,9.459364911489562,-2.0994829876367476,-1095.8290249200022,main,delay1
F,1642708800000,-1,1.0565595690451468,False,1642716000000,1642802400000,41319.67,36635.18,41313.4720495,36640.675277,1133.7191221517496,2.8299421316772184,9.433055409989965,2.1858957960501275,1123.6420204061324,main,delay1
B,1642723200000,-1,4.208655861553183,True,1642730400000,1642816800000,39750.68,36475.49,39744.717398,36480.9613235,823.9330748555753,2.8764100387720033,9.587971667591598,1.152260674156408,812.6209538233682,main,delay1
B,1642737600000,-1,7.101975589963081,True,1642744800000,1642831200000,38888.96,35731.45,38883.126656,35736.8097175,811.9296581857684,2.8782105512726317,9.593974276182754,1.1777930120778664,800.6352663703908,main,delay1
F,1642780800000,1,2.3705245272873205,False,1642788000000,1642874400000,38367.99,34590.01,38373.7451985,34584.8214985,-984.6697729018372,2.8522995340656223,9.50773896378205,-1.1882768058697808,-998.2180882055545,main,delay1
B,1642838400000,-1,3.833834135273988,True,1642845600000,1642932000000,34802.19,35860.36,34796.9696715,35865.739054000005,-304.05270472921336,3.0456079057105714,10.152049156317464,1.8794791202857843,-315.37088267095567,main,delay1
F,1643040000000,1,2.806807664986054,False,1643047200000,1643133600000,35331.17,37247.89,35336.469675500004,37242.3028165,542.5011399282846,3.08137517099084,10.271209882378647,-0.831539286217524,528.3170155886976,main,delay1
F,1643184000000,-1,2.106218526539805,False,1643191200000,1643277600000,37620.0,36505.31,37614.357,36510.7857965,296.30249867092033,2.955554625199098,9.85182652797714,-1.8717312994309836,281.62338621831316,main,delay1
B,1643198400000,1,1.314792482363786,False,1643205600000,1643292000000,38170.01,36806.08,38175.73550150001,36800.559088,-357.33027054485973,2.9464004594194666,9.82136166449786,1.8447606244953458,-368.25327204428174,main,delay1
F,1643227200000,-1,2.821206668948858,False,1643234400000,1643320800000,36312.95,36168.83,36307.5030575,36174.2553245,39.68832055781625,2.994046751916005,9.98015286309705,-2.2690682128357715,24.445052729967422,main,delay1
P,1643385600000,1,1.1655910614883198,False,1643392800000,1643479200000,36832.16,37628.76,36837.684824,37623.115686000005,216.2783828045921,3.032441757420003,10.108122970523585,-0.11737224028838256,203.02044583636015,main,delay1
F,1643745600000,-1,1.3348917591239904,False,1643752800000,1643839200000,38763.41,36898.85,38757.5954885,36904.384827500005,481.0103135921233,2.927848452963143,9.759458767430418,0.9438076764085415,469.2668140481383,main,delay1
F,1643904000000,1,1.0100266593548486,False,1643911200000,1643997600000,36810.65,40497.48,36816.171597500004,40491.405378,1001.5661228476001,3.150234918427932,10.500707943964587,-0.3391354357822471,987.5760445494255,main,delay1
B,1643990400000,1,2.2836020054411317,True,1643997600000,1644084000000,40497.48,41575.72,40503.55462200001,41569.483642,266.2486653490533,3.0399372998046528,10.133104364024625,-2.8174126313029846,250.25821105392103,main,delay1
B,1644004800000,1,1.9969877433643173,True,1644012000000,1644098400000,40599.97,41621.19,40606.05999550001,41614.9468215,251.53220556566941,3.037729830836499,10.125747237867419,-2.8103003940135918,235.5584281029519,main,delay1
B,1644019200000,1,1.148958738568236,False,1644026400000,1644112800000,41262.32,41591.71,41268.50934800001,41585.4712435,79.8282791660768,3.0119742418772852,10.039908152462102,-3.0170550746356484,63.75934169710177,main,delay1
B,1644206400000,1,1.7451890875725677,True,1644213600000,1644300000000,42782.52,44867.11,42788.937378,44860.3799335,487.25273780039225,3.0730879106714153,10.243589824944861,-0.5653536329151746,473.3707064318608,main,delay1
B,1644249600000,1,1.1800969014543121,False,1644256800000,1644343200000,44188.04,42953.78,44194.668206,42947.336933,-279.31992457687693,2.9581020113137817,9.860360986705906,-2.989268414238106,-295.1276559891347,main,delay1
P,1644249600000,1,1.1800969014543121,True,1644256800000,1644343200000,44188.04,42953.78,44194.668206,42947.336933,-279.31992457687693,2.9581020113137817,9.860360986705906,-2.989268414238106,-295.1276559891347,main,delay1
F,1644523200000,-1,1.5612484737606158,False,1644530400000,1644616800000,43721.66,42532.99,43715.101751,42539.3699485,271.8721109857232,2.959219183353728,9.864043554098815,-0.8948297774076716,258.15401847086304,main,delay1
B,1645200000000,-1,1.6823834554677044,True,1645207200000,1645293600000,40016.5,40126.1,40010.497525,40132.118915,-27.388702160358488,3.004108305324479,10.01369640523284,1.8653360505925751,-38.54117082032324,main,delay1
F,1645214400000,1,1.5589260408109789,False,1645221600000,1645308000000,39952.3,39903.2,39958.292845,39897.21452,-12.289655414082747,2.998156551686987,9.993856094017113,-1.8683334893995531,-27.1500015491864,main,delay1
B,1645344000000,-1,2.7360358747384663,True,1645351200000,1645437600000,38160.1,38913.7,38154.375985,38919.537055,-197.4837592144671,3.029622563883057,10.098756690889177,-0.5640256610937967,-211.17616413033312,main,delay1
B,1645444800000,-1,2.0687628764076527,True,1645452000000,1645538400000,37538.4,37824.9,37532.76924,37830.573735000005,-76.32184642925644,3.011448276965442,10.038166647353112,-0.6444625917921057,-90.01592394536709,main,delay1
P,1645444800000,-1,2.0687628764076527,False,1645452000000,1645538400000,37538.4,37824.9,37532.76924,37830.573735000005,-76.32184642925644,3.011448276965442,10.038166647353112,-0.6444625917921057,-90.01592394536709,main,delay1
F,1645459200000,1,2.2095326725594098,False,1645466400000,1645552800000,38516.1,37619.9,38521.877415,37614.257015,-232.68191743193032,2.9650977123859117,9.883676492427844,0.5805641276986258,-244.95012750904547,main,delay1
B,1645488000000,-1,2.5627019447192168,True,1645495200000,1645581600000,37234.8,38043.8,37229.21478,38049.506570000005,-217.2698658244438,3.0325904798744583,10.10865122815216,-0.33744772694157776,-230.748555259412,main,delay1
B,1645502400000,-1,2.6716881890008577,True,1645509600000,1645596000000,36725.7,37960.0,36720.191145,37965.694,-336.0861739871542,3.0504129260989394,10.168068293456628,-0.3421255040237289,-349.64678071073354,main,delay1
B,1645675200000,-1,4.164425064159808,True,1645682400000,1645768800000,34658.1,38438.9,34652.901285,38444.66583500001,-1090.8849590716177,3.1636327438619656,10.545524295907741,-1.4817973731812253,-1106.0759134845687,main,delay1
F,1645689600000,1,4.912133656122663,False,1645696800000,1645783200000,35325.1,38658.9,35330.398765000005,38653.101165,943.7482130269988,3.1415622319563834,10.471803325397524,-0.8262583811663289,929.3085890884785,main,delay1
P,1645819200000,-1,0.9021827449389261,False,1645826400000,1645912800000,38946.6,39421.0,38940.75801,39426.91315,-121.80780864054923,3.01827117129637,10.060913039905921,2.711965750795712,-132.17502710095582,main,delay1
F,1645848000000,-1,1.3438634427227383,False,1645855200000,1645941600000,39009.8,38563.1,39003.94853,38568.884465,114.50968730934387,2.9828235469050597,9.942736568118779,2.3283790444949797,103.91250623881503,main,delay1
B,1646064000000,1,2.2424144379141064,True,1646071200000,1646157600000,41415.1,43632.5,41421.312265,43625.955125,535.4085828598752,3.08031128742935,10.267664135786223,-2.5518658744993226,519.5087415621603,main,delay1
B,1646078400000,1,1.6553412793114661,True,1646085600000,1646172000000,41633.1,43856.9,41639.344965000004,43850.321465,534.1423050409417,3.0801213457575534,10.267031091847594,-2.5385037477146044,518.256648855622,main,delay1
F,1646150400000,-1,2.052508674727312,False,1646157600000,1646244000000,43632.5,43734.5,43625.955125,43741.060175000006,-23.377069844725835,3.003506560477987,10.011690288202601,1.9671556553028133,-34.42511103810361,main,delay1
F,1646395200000,1,1.313957863431274,False,1646402400000,1646488800000,41318.0,38986.6,41324.197700000004,38980.75201,-564.2577085047683,2.915361343725807,9.717913465075755,-2.8759412392243093,-579.7669245527941,main,delay1
P,1646395200000,1,1.313957863431274,False,1646402400000,1646488800000,41318.0,38986.6,41324.197700000004,38980.75201,-564.2577085047683,2.915361343725807,9.717913465075755,-2.8759412392243093,-579.7669245527941,main,delay1
B,1646409600000,-1,1.0730363905126419,False,1646416800000,1646503200000,40835.0,39404.4,40828.87475,39410.31066,350.33672095016493,2.947449491857155,9.824805364270846,2.0721110600629635,339.6365771540999,main,delay1
B,1646424000000,-1,1.1397119778895213,False,1646431200000,1646517600000,39383.8,39362.0,39377.89243000001,39367.9043,5.535270847405001,2.9991697093723118,9.997231949430985,2.1484634580124595,-5.312667353385836,main,delay1
B,1646568000000,-1,1.2926429613778452,False,1646575200000,1646661600000,38851.0,38997.5,38845.17235,39003.349625,-37.708167099945946,3.0056562250654624,10.018856911662507,-0.6486992324523158,-51.381379469126244,main,delay1
B,1646683200000,-1,1.816948913562312,True,1646690400000,1646776800000,37821.9,38485.8,37816.226715000004,38491.57287,-175.5332228153534,3.026329983421726,10.087779776399389,2.3796544366060948,-186.26767813856839,main,delay1
P,1646683200000,-1,1.816948913562312,True,1646690400000,1646776800000,37821.9,38485.8,37816.226715000004,38491.57287,-175.5332228153534,3.026329983421726,10.087779776399389,2.3796544366060948,-186.26767813856839,main,delay1
B,1646798400000,1,2.049372245295813,True,1646805600000,1646892000000,41509.3,39190.2,41515.52639500001,39184.321469999995,-558.6940757854278,2.916195888633852,9.720694864162972,-3.0408957590347225,-574.3718622972594,main,delay1
B,1646812800000,1,2.133396242598802,True,1646820000000,1646906400000,42006.0,39133.5,42012.3009,39127.629975,-683.8308813026711,2.8974253678042503,9.658135846664763,-2.7834988382259676,-699.169941355366,main,delay1
B,1646841600000,1,0.8770864094230534,False,1646848800000,1646935200000,42316.8,39141.0,42323.147520000006,39135.12885,-750.4820780399281,2.8874276882944883,9.624815247135889,-0.9330892430079778,-763.9274102183664,main,delay1
B,1647216000000,-1,1.3666782910776376,False,1647223200000,1647309600000,38047.8,38814.2,38042.09283,38820.02213,-201.4308317432267,3.0302146247620008,10.100730523183996,0.18623030607851446,-214.3755465850942,main,delay1
F,1647403200000,-1,2.822738532463052,False,1647410400000,1647496800000,39298.6,41052.2,39292.70521,41058.35783,-446.2245474393486,3.066933682116464,10.223145740560733,2.670377061379933,-456.84424980064585,main,delay1
B,1647633600000,1,1.3229378678230415,False,1647640800000,1647727200000,41788.6,42090.2,41794.868290000006,42083.88647,72.172793536993,3.0108259190321527,10.036080983808983,-2.997720027920773,56.12816660623109,main,delay1
F,1647648000000,-1,0.8675607712631355,True,1647655200000,1647741600000,41710.6,41948.5,41704.34341,41954.79227500001,-57.03586138775311,3.0085553792091937,10.028522208383484,3.013898632760498,-67.05904034258529,main,delay1
P,1647921600000,1,1.7169141704241015,True,1647928800000,1648015200000,42850.0,42000.1,42856.427500000005,41993.799985,-198.34305717619637,2.9702485414249593,9.900843347141192,-2.9665634417969664,-214.1807125065595,main,delay1
F,1647936000000,-1,2.4192966465465684,False,1647943200000,1648029600000,42448.0,42150.0,42441.6328,42156.3225,70.20354315868828,2.9894694685268166,9.96489296315492,2.992251584252026,60.24143231125856,main,delay1
B,1648137600000,1,1.5374872685305754,True,1648144800000,1648231200000,43790.5,44328.7,43797.068575000005,44322.050695,122.9033694522778,3.0184355054187066,10.06144246697343,-1.552180406149872,108.27131107373579,main,delay1
F,1648180800000,-1,0.8475739611866179,True,1648188000000,1648274400000,44047.2,44478.9,44040.592919999996,44485.571835,-98.00849997275749,3.0147012749965034,10.049011600623878,2.4555336019727902,-108.61667924640508,main,delay1
B,1648209600000,1,1.6454545442960755,True,1648216800000,1648303200000,44969.9,44240.6,44976.64548500001,44233.96391,-162.1751438184214,2.975673728428728,9.918924591226576,-0.7951296515543286,-175.86487178963105,main,delay1
P,1648209600000,1,1.6454545442960755,True,1648216800000,1648303200000,44969.9,44240.6,44976.64548500001,44233.96391,-162.1751438184214,2.975673728428728,9.918924591226576,-0.7951296515543286,-175.86487178963105,main,delay1
F,1648224000000,-1,1.6044693404838406,False,1648231200000,1648317600000,44328.7,44344.6,44322.050695,44351.251690000005,-3.5868410307546705,3.0005380261557546,10.001793689528455,1.256369338704206,-15.332803407734675,main,delay1
B,1648425600000,1,3.6582366274260294,True,1648432800000,1648519200000,46799.0,47520.0,46806.019850000004,47512.872,154.06312100685912,3.023109468151285,10.077020005769356,-3.0238576142567153,137.93913391868176,main,delay1
B,1648742400000,-1,1.5926715053589375,True,1648749600000,1648836000000,45824.3,46448.2,45817.426355,46455.16723,-136.15047038361615,3.020422570557911,10.068085446477086,2.675161810655046,-146.56381658999612,main,delay1
B,1648756800000,-1,1.5860035592348414,True,1648764000000,1648850400000,45736.2,46294.9,45729.33957,46301.844235000004,-122.15706595650806,3.018323559894197,10.061087694758202,2.6803148788049733,-132.55616233235546,main,delay1
P,1649419200000,-1,1.2609472890364222,True,1649426400000,1649512800000,42898.0,42447.0,42891.5653,42453.36705,105.1331064385286,2.984230034033922,9.947425561797754,2.9205296973628143,95.12198054005975,main,delay1
B,1649462400000,-1,1.2254602194786781,False,1649469600000,1649556000000,42419.7,42734.5,42413.337045,42740.910175000005,-74.21080299955042,3.011131620450263,10.037110967310001,2.198389264676082,-85.06065632263461,main,delay1
P,1649635200000,-1,2.193803205541659,True,1649642400000,1649728800000,42150.0,39479.3,42143.6775,39485.22189500001,633.6180308422295,2.9049572953757554,9.683143463226575,1.3288682581841047,622.3587983418113,main,delay1
B,1649678400000,-1,2.72232960883075,True,1649685600000,1649772000000,41130.0,40377.7,41123.830500000004,40383.756655,182.90785314855407,2.972563822026903,9.908532355336737,-0.6437525183564307,169.383004452834,main,delay1
B,1649692800000,-1,1.1258798875121532,False,1649700000000,1649786400000,40441.8,40002.3,40435.73373000001,40008.300345,108.67468807026393,2.983698796788494,9.945654505363263,-2.3530769404428087,93.39225782766937,main,delay1
B,1649707200000,-1,1.8247983878223557,True,1649714400000,1649800800000,39368.5,39669.1,39362.594725,39675.050365,-76.35546185401998,3.011453319278506,10.038183457586651,-2.417228672923784,-91.82232730380892,main,delay1
B,1650456000000,1,1.7639265269322282,True,1650463200000,1650549600000,41580.9,42671.8,41587.137135000004,42665.39923,262.3560336596854,3.039353405049729,10.13115834012732,0.14162896820661033,249.32715088271496,main,delay1
F,1650556800000,-1,1.2405617540508918,False,1650564000000,1650650400000,41546.7,39314.8,41540.467995,39320.69722000001,537.2027140543038,2.9194195928928712,9.731358352769295,-1.4079944374033535,523.1439416712382,main,delay1
B,1650643200000,-1,1.4759254411412133,False,1650650400000,1650736800000,39314.8,39795.1,39308.902780000004,39801.069265000006,-122.16773327092993,3.018325159992146,10.06109302921546,-2.873683811380798,-138.12083527151833,main,delay1
F,1650830400000,1,1.159777144861292,False,1650837600000,1650924000000,39605.1,40214.2,39611.040765000005,40208.16787,153.79332459708436,3.0230689986911403,10.0768851277992,0.9375393022615774,141.6309097728556,main,delay1
B,1651363200000,-1,1.6838911000289678,True,1651370400000,1651456800000,37914.9,38476.4,37909.212765000004,38482.171460000005,-148.09481232971734,3.0222142218497665,10.074058513275787,2.0384652386085906,-159.1526198262343,main,delay1
F,1651377600000,1,1.800093917328626,False,1651384800000,1651471200000,38044.0,38989.4,38049.706600000005,38983.55159,248.50173483335124,3.037275260225969,10.124232229786564,-2.031547830809611,233.3086795125291,main,delay1
P,1651492800000,-1,1.2475199945816309,False,1651500000000,1651586400000,38908.7,38360.7,38902.863695,38366.454105000004,140.8425365021191,2.978873619525798,9.929568168558706,2.9754441058853165,130.9095388199199,main,delay1
B,1651694400000,1,2.8482118222627983,True,1651701600000,1651788000000,39741.9,36431.0,39747.861285000006,36425.53535,-833.1005815021429,2.8750349127763326,9.583512191792543,-2.92295569709576,-848.4820843038076,main,delay1
B,1651982400000,-1,3.9339175462800826,True,1651989600000,1652076000000,34446.5,33507.4,34441.333025,33512.42611000001,272.6256658876805,2.959106150118662,9.863666720131217,2.9896955884922995,262.7925886059229,main,delay1
P,1652025600000,-1,0.6749651899429728,False,1652032800000,1652119200000,34063.7,31258.9,34058.590444999994,31263.588835000006,823.3985151348784,2.8764902227318827,9.588238987543926,2.932490744606429,813.8662766692091,main,delay1
F,1652040000000,1,1.7897559889919001,False,1652047200000,1652133600000,34450.2,30833.7,34455.36753,30829.074945,-1049.776198686799,2.8425335701988703,9.475190633871502,-2.8995908580225955,-1064.9935137488922,main,delay1
B,1652112000000,-1,2.436644795707636,True,1652119200000,1652205600000,31258.9,31675.2,31254.211165,31679.951280000005,-133.17807088541159,3.019976710634373,10.066599023798023,2.975124262759726,-143.28952235708425,main,delay1
B,1652140800000,-1,5.984308789203879,True,1652148000000,1652234400000,30880.5,30762.4,30875.867925000002,30767.014360000005,38.244199413869126,2.9942633700882206,9.98087503197811,2.798610453741055,28.067671465543846,main,delay1
F,1652342400000,1,8.37201945459753,False,1652349600000,1652436000000,28043.3,30431.5,28047.506495,30426.935275,851.6116148955368,3.1277417422351714,10.425741936576651,2.3214428787646675,840.3795740954895,main,delay1
B,1652659200000,1,1.7184183528470076,True,1652666400000,1652752800000,30768.6,29980.0,30773.21529,29975.503,-256.3002541552097,2.961554961877024,9.871869095441458,-2.300667431463159,-271.4343456439913,main,delay1
B,1652889600000,-1,1.259828842988953,False,1652896800000,1652983200000,28974.2,30180.0,28969.853870000003,30184.527000000002,-416.16334532100944,3.062424501798133,10.208112884911404,1.3154032521264796,-428.1184794555925,main,delay1
B,1652918400000,-1,1.224379789740852,False,1652925600000,1653012000000,28747.8,30471.3,28743.48783,30475.870695,-599.5241374992173,3.089928620626003,10.299807033059922,2.4144240700534665,-610.4994490828498,main,delay1
F,1653580800000,1,2.1071918638571807,False,1653588000000,1653674400000,29626.8,28382.6,29631.244020000002,28378.34261,-419.95760595136863,2.937006359107797,9.790052693844764,-2.9370621050656838,-435.6217271093868,main,delay1
P,1653609600000,-1,0.9866817184343851,False,1653616800000,1653703200000,28951.7,28611.2,28947.357245000003,28615.491680000003,117.60967404332044,2.982358548893481,9.941186342252788,2.9855989666299387,107.6717281188041,main,delay1
P,1653854400000,-1,0.30094028300352416,False,1653861600000,1653948000000,29220.1,31789.2,29215.716985,31793.968380000002,-879.2235481740317,3.1318835322263703,10.43967771585313,3.104112915951349,-889.69099650616,main,delay1
B,1653883200000,1,1.605136124024641,True,1653890400000,1653976800000,30453.5,31638.9,30458.068025000004,31634.154165000004,389.2491831809156,3.0583873774778016,10.19459539790172,-3.0529736004643144,372.9432268050718,main,delay1
F,1654027200000,-1,1.1283424627424161,False,1654034400000,1654120800000,31714.8,29582.8,31710.04278,29587.23742,672.2413510411543,2.8991637973443085,9.663828906378095,2.964465446150693,662.6428237835826,main,delay1
B,1654488000000,1,2.661378519748968,True,1654495200000,1654581600000,31158.3,29460.2,31162.973745000003,29455.78097,-544.991222242548,2.918251316665101,9.727545263220394,-2.987952114441417,-560.6249709368749,main,delay1
P,1654660800000,-1,3.318462892158892,False,1654668000000,1654754400000,30534.3,30305.1,30529.719855,30309.645765,75.06312573073585,2.988740531141201,9.962462807400202,2.9870025286811885,65.09892492087563,main,delay1
B,1654891200000,-1,1.5679027600492057,True,1654898400000,1654984800000,29177.9,28550.0,29173.523315000002,28554.2825,215.19711836698372,2.967720432245101,9.89238530103263,0.8565078953804718,203.19352052908644,main,delay1
B,1654948800000,-1,2.0298435777446677,True,1654956000000,1655042400000,28760.0,27302.3,28755.686,27306.395345,506.8497913769126,2.9239725312934737,9.74653709057719,1.6941445211887556,495.8734262762307,main,delay1
P,1654948800000,-1,2.0298435777446677,True,1654956000000,1655042400000,28760.0,27302.3,28755.686,27306.395345,506.8497913769126,2.9239725312934737,9.74653709057719,1.6941445211887556,495.8734262762307,main,delay1
B,1655006400000,-1,2.787708810305756,True,1655013600000,1655100000000,27257.5,25221.5,27253.411375,25225.283225000003,746.9503806291847,2.8879574429067882,9.626468788406862,0.6497971180546133,735.0857515159257,main,delay1
F,1655020800000,1,1.9643490335577365,False,1655028000000,1655114400000,27459.5,24038.4,27463.618925000002,24034.794240000003,-1245.8711921193023,2.813119321182485,9.37715784427976,-0.3010608145307406,-1258.3625300992953,main,delay1
F,1655049600000,1,1.3178218766128413,False,1655056800000,1655143200000,28111.8,23525.8,28116.016770000002,23522.27113,-1631.3434216236599,2.755298486756808,9.184450639944792,-0.20224719830283602,-1643.4854179486642,main,delay1
B,1655078400000,-1,2.693272160496983,True,1655085600000,1655172000000,25758.6,20834.8,25754.73621,20837.92522,1911.5169302679492,2.713272460460252,9.044098171096255,-0.0019974377489459195,1899.7575621986437,main,delay1
B,1655107200000,-1,6.332909616112197,True,1655114400000,1655200800000,24038.4,22290.7,24034.794240000003,22294.043605000003,727.045061235357,2.890943240814862,9.636422941002728,-0.6287912834449536,713.8889037700944,main,delay1
B,1655121600000,-1,6.848189121633527,True,1655128800000,1655215200000,23642.7,22400.6,23639.153595,22403.96009,525.363008455042,2.921195548732973,9.737279093546846,-0.6393151538514288,512.0652186589107,main,delay1
B,1655280000000,-1,6.137064958328424,True,1655287200000,1655373600000,20232.7,21266.5,20229.665095,21269.689975,-510.95503813134144,3.07664325572048,10.255515840693532,-0.0482184537076784,-524.3354156814632,main,delay1
F,1655294400000,1,6.005939318878436,False,1655301600000,1655388000000,21547.0,21004.5,21550.232050000002,21001.349325,-251.77518912145544,2.96223372163323,9.874131288578457,0.04527727796590453,-264.56627685370125,main,delay1
B,1655539200000,-1,4.822995682101036,True,1655546400000,1655632800000,19156.4,18994.4,19153.526540000003,18997.249160000003,84.56703764799231,2.9873149443530416,9.957710138648181,0.5017388403613094,72.1237514053524,main,delay1
B,1655582400000,-1,3.3044445593441263,True,1655589600000,1655676000000,18503.5,20387.1,18500.724475,20390.158065,-1017.9695733239649,3.152695435999678,10.509061134379982,0.7594629941090814,-1030.8718669002355,main,delay1
P,1655755200000,-1,1.8445373735652728,False,1655762400000,1655848800000,20412.6,20960.0,20409.538109999998,20963.144,-268.1677003419464,3.0402251550518264,10.134103962748497,1.733820915009755,-279.60820854473695,main,delay1
F,1655812800000,-1,1.9037691976198925,False,1655820000000,1655906400000,21604.5,20715.4,21601.259325,20718.507310000005,411.53463398828876,2.9382698049035954,9.794201817908307,-0.05947297541414634,398.7426893900627,main,delay1
F,1656259200000,-1,0.8417388085649207,True,1656266400000,1656352800000,21251.4,20712.0,21248.212290000003,20715.1068,253.8185719529073,2.961927214206931,9.873071677630652,1.7246943517992872,242.70826741286902,main,delay1
F,1656360000000,1,0.8732354307757806,True,1656367200000,1656453600000,20789.1,20383.9,20792.218365,20380.842415000003,-194.90983255648254,2.970763525116883,9.9025597019592,0.5801458450875384,-207.20300993847107,main,delay1
B,1656446400000,-1,1.22725486539878,False,1656453600000,1656540000000,20383.9,20285.9,20380.842415000003,20288.942885000004,48.077158934256936,2.9927884261604616,9.975957814745952,1.761497551219316,36.86991024456984,main,delay1
B,1656576000000,-1,1.3841135608163784,False,1656583200000,1656669600000,19139.1,19415.1,19136.229134999998,19418.012265,-144.20740787184351,3.0216311111825735,10.072114519491514,-2.184550871442924,-159.48570437396052,main,delay1
F,1656633600000,1,1.939254521872174,False,1656640800000,1656727200000,20411.4,19220.1,20414.461710000003,19217.216985,-583.6444339927701,2.912453334901672,9.708221556336166,0.7388837352244958,-595.5262251487835,main,delay1
B,1656979200000,1,1.1070368200129475,False,1656986400000,1657072800000,20291.5,19870.1,20294.543725000003,19867.119485,-207.67316363994848,2.9688490254552224,9.8961789936673,-2.0017368986675623,-222.5399285577386,main,delay1
F,1657065600000,-1,1.6907044803679843,False,1657072800000,1657159200000,19870.1,20503.9,19867.119485,20506.975585000004,-318.97172133004005,3.0478457582003142,10.15950978354412,2.408608889297991,-329.77046798248654,main,delay1
B,1657209600000,1,1.0269051457995177,False,1657216800000,1657303200000,20899.6,21748.9,20902.734940000002,21745.637665000002,406.37141380696426,3.0609557120724764,10.203155229047448,-2.1149138385282553,390.99238902731605,main,delay1
B,1657224000000,1,2.263453858767613,True,1657231200000,1657317600000,21655.8,21694.9,21659.04837,21691.645765,18.05520922801383,3.0027082813848924,10.009026250473315,-2.041063052840584,3.0024116433150367,main,delay1
P,1657296000000,1,1.5226253549047155,False,1657303200000,1657389600000,21748.9,21872.5,21752.162335000005,21869.219125,56.830460391099564,3.0085245690602536,10.02841096791102,-2.596657118430377,41.19686773569791,main,delay1
B,1657512000000,-1,1.2691985109818151,False,1657519200000,1657605600000,20498.0,19944.8,20494.9253,19947.79172,269.879988291541,2.9595180017576523,9.865039764855107,2.34756482946169,259.40299535438993,main,delay1
B,1657584000000,-1,1.3548965778198823,False,1657591200000,1657677600000,19883.0,19417.1,19880.01755,19420.012565,234.32077654277597,2.9648518835195277,9.882822037670373,0.7878015157463029,222.26090413733237,main,delay1
B,1657612800000,-1,1.3928047095511913,False,1657620000000,1657706400000,19597.7,19797.6,19594.760345000002,19800.56964,-102.0017655132989,3.015300264827655,10.051008532889064,0.2138038491247575,-114.85427046189086,main,delay1
B,1657656000000,-1,1.3386378143818878,False,1657663200000,1657749600000,19338.3,19911.3,19335.399255,19914.286695000003,-296.3031910767751,3.0444454786626762,10.148173818277717,-0.17993506935911574,-309.67574544307456,main,delay1
P,1657656000000,-1,1.3386378143818878,False,1657663200000,1657749600000,19338.3,19911.3,19335.399255,19914.286695000003,-296.3031910767751,3.0444454786626762,10.148173818277717,-0.17993506935911574,-309.67574544307456,main,delay1
F,1657886400000,-1,1.1888438322849302,False,1657893600000,1657980000000,20851.7,20827.8,20848.572245,20830.924170000002,11.461895193198375,2.9982807157229967,9.994268192761261,1.5521785983851093,0.021524883099225255,main,delay1
F,1657900800000,-1,0.9331650810548248,True,1657908000000,1657994400000,20778.2,21240.0,20775.083270000003,21243.186,-222.2521681377594,3.033337825220389,10.111142752981491,1.4780933424939635,-233.91855537346734,main,delay1
B,1657915200000,1,1.1770934569221128,False,1657922400000,1658008800000,20956.6,21188.4,20959.74349,21185.22174,110.60954544153294,3.016591431817563,10.055296477004859,-1.4655105832533941,96.07214694945712,main,delay1
F,1657929600000,-1,0.875609615117184,True,1657936800000,1658023200000,20709.5,21150.9,20706.393575000002,21154.072635000004,-213.13889760737896,3.031970834641471,10.10658543422101,1.696418790852232,-224.5810350853892,main,delay1
P,1658116800000,1,1.1878733556586019,True,1658124000000,1658210400000,21852.0,21990.0,21855.277800000003,21986.7015,63.152114222954424,3.009472817135396,10.031571320702913,-3.082257125726707,47.02881295938941,main,delay1
B,1658131200000,1,2.648380695677643,True,1658138400000,1658224800000,22232.0,21896.9,22235.3348,21893.615465000003,-150.7286793810717,2.9773906980925737,9.92464696496042,-3.007938229191256,-166.63865527331592,main,delay1
B,1658160000000,1,1.3854630451132766,False,1658167200000,1658253600000,21874.4,23450.0,21877.681160000004,23446.482500000002,720.2940423508752,3.1080441063528057,10.360092999122262,-3.0783854422763595,703.7475198031237,main,delay1
F,1658203200000,-1,2.5897262848731533,False,1658210400000,1658296800000,21990.0,23490.9,21986.7015,23494.423635000003,-682.5375170532067,3.1023806275589645,10.341319948840384,3.1054799240163717,-692.8757377055897,main,delay1
B,1658246400000,1,2.311788061834658,True,1658253600000,1658340000000,23450.0,23511.0,23453.5175,23507.47335,26.01279317697228,3.003901918977201,10.013004445628997,-2.830719197968557,10.165167614397525,main,delay1
F,1658304000000,-1,1.3075503510174005,False,1658311200000,1658397600000,23517.3,23002.4,23513.772405,23005.850360000004,218.9452020427506,2.9671582196944852,9.890510978088473,2.796210437548641,208.88374328251626,main,delay1
B,1658332800000,1,1.4216454960110005,False,1658340000000,1658426400000,23511.0,22853.8,23514.526650000003,22850.37193,-279.5287312321895,2.9580706903158283,9.860256599038749,-2.9256563337220878,-295.2727148552662,main,delay1
B,1658577600000,-1,1.2340588540480364,False,1658584800000,1658671200000,22329.5,22558.7,22326.150575,22562.083805000002,-102.64448375467464,3.015396672563936,10.05132994021362,2.390022440264187,-113.321187927188,main,delay1
F,1658606400000,1,0.7248349387187956,True,1658613600000,1658700000000,22235.4,22800.1,22238.735310000004,22796.679985,253.96439911132566,3.038094659867555,10.12696315222573,-2.2529101167125405,238.54643118251985,main,delay1
B,1658721600000,-1,1.5710954702051012,True,1658728800000,1658815200000,21900.1,21137.2,21896.814984999997,21140.370580000003,348.35457372340665,2.947746813942898,9.825796586545268,1.3283291373203776,336.9093594602388,main,delay1
F,1658736000000,1,0.8887077056913255,True,1658743200000,1658829600000,21991.4,21108.9,21994.698710000004,21105.733665000003,-401.293232809189,2.939806015078998,9.799383480587867,-1.5491020803485243,-415.58152438520443,main,delay1
B,1658793600000,-1,2.1485937377743656,True,1658800800000,1658887200000,21063.9,21153.0,21060.740415,21156.172950000004,-42.299859000469304,3.006344978852449,10.021153101989661,1.680722330383936,-53.64663475092748,main,delay1
B,1658851200000,-1,0.9838680476289788,False,1658858400000,1658944800000,20911.7,21612.6,20908.563245,21615.84189,-335.1712199390761,3.0502756829911903,10.167610747811034,1.2888594983966437,-347.10024687148166,main,delay1
B,1659024000000,1,2.123130593456846,True,1659031200000,1659117600000,23990.6,23773.4,23994.19859,23769.833990000003,-90.53545972172313,2.986419681041768,9.954739060298616,-2.992234888775604,-106.46885335183912,main,delay1
F,1659052800000,-1,1.201028583085893,False,1659060000000,1659146400000,23845.1,23909.1,23841.523235,23912.686365,-26.83989582765432,3.004025984374492,10.013421960906015,3.007456355023045,-36.84988741791178,main,delay1
F,1659081600000,-1,1.340799574301351,False,1659088800000,1659175200000,24061.8,23904.1,24058.19073,23907.685615000002,65.53956894330463,2.9901690646603467,9.967225300060678,2.9774689626478485,55.55964354123146,main,delay1
B,1659196800000,1,1.1327307281088177,False,1659204000000,1659290400000,24489.4,23728.4,24493.073410000005,23724.840740000003,-310.7466904048282,2.95338799643978,9.844649960799368,-2.5423731908499185,-326.08710155291726,main,delay1
F,1659427200000,1,0.7692937430797075,True,1659434400000,1659520800000,22703.7,23374.1,22707.105555000002,23370.593885,295.2822667670898,3.044292340015646,10.147618987213537,-0.2277541808018757,281.86260125905875,main,delay1
B,1659643200000,-1,1.1003359955949485,False,1659650400000,1659736800000,22482.9,23096.8,22479.527565,23100.26452,-273.0519639370356,3.040957794591663,10.136546460865814,1.0846703261487056,-285.1447978663444,main,delay1
P,1659715200000,-1,1.365026612682021,False,1659722400000,1659808800000,22819.1,23121.0,22815.677134999998,23124.46815,-132.30144922455375,3.019845217384148,10.066160647220968,2.592837645359375,-142.7946174437995,main,delay1
B,1659945600000,1,1.562961793667962,True,1659952800000,1660039200000,24089.4,23465.2,24093.013410000003,23461.680220000002,-259.1181183425078,2.961132282248818,9.870460374687624,-2.76886677921617,-274.7185777786604,main,delay1
B,1659960000000,1,1.6972782896168408,True,1659967200000,1660053600000,24148.1,23063.5,24151.722215,23060.040475,-449.14506731378395,2.932628239903531,9.775461152223158,-2.762136126289439,-464.61529283220005,main,delay1
F,1660233600000,-1,1.6316677354500357,False,1660240800000,1660327200000,24336.0,23992.6,24332.3496,23996.19889,141.1078238001321,2.9788338264298764,9.929435505013151,0.6927013911044716,128.89225585979355,main,delay1
B,1660752000000,-1,1.1632646477941142,False,1660759200000,1660845600000,23461.1,23263.9,23457.580835,23267.389585000004,84.05402986219619,2.987391895521043,9.957966681016664,2.548458956338718,73.65713024199721,main,delay1
B,1660766400000,-1,1.320611633869919,False,1660773600000,1660860000000,23322.0,23355.0,23318.5017,23358.50325,-14.149729868793413,3.002122459480688,10.007075926164138,2.563658795153001,-24.595269459285234,main,delay1
B,1660881600000,-1,1.765036177438552,True,1660888800000,1660975200000,22802.5,21116.8,22799.079625000002,21119.967520000002,739.2610459379457,2.8891108431095587,9.630314032452583,-0.3340279782130706,726.4075930841705,main,delay1
B,1660953600000,-1,2.4949390915923253,True,1660960800000,1661047200000,20985.2,21249.6,20982.05222,21252.78744,-125.99355736423661,3.0188990336050385,10.06300622819892,-1.3425912258325936,-140.4180538518732,main,delay1
F,1661040000000,1,1.832134086135915,False,1661047200000,1661133600000,21249.6,21435.0,21252.78744,21431.78475,87.24870115202238,3.0130873051740372,10.043617806923425,1.5035348083438391,75.69553084826876,main,delay1
P,1661198400000,-1,1.2592541365725196,False,1661205600000,1661292000000,21094.1,21479.4,21090.935885,21482.621910000005,-182.6577099757766,3.027398656497992,10.091342554316137,-0.6600903092211697,-196.4365414958119,main,delay1
B,1661529600000,-1,4.3453619564161565,True,1661536800000,1661623200000,20638.6,19975.9,20635.50421,19978.896385000004,321.0973612551225,2.9518353958125014,9.839427237070344,-1.3179026611003746,306.9881959611393,main,delay1
B,1661558400000,-1,1.7907344982050042,True,1661565600000,1661652000000,20264.5,20010.6,20261.460325,20013.601590000002,125.29300007402179,2.981206049990613,9.937344102987986,-1.1997829116734702,111.17466700936973,main,delay1
F,1661587200000,1,1.3825721011043446,False,1661594400000,1661680800000,20140.2,20006.6,20143.221030000004,20003.599009999998,-66.33499170812712,2.9900497512457553,9.966837479270318,1.4462564788048322,-77.84562245983837,main,delay1
B,1661731200000,-1,1.4744163895069506,False,1661738400000,1661824800000,19650.9,20151.1,19647.952365,20154.122665,-254.54304891887753,3.03818145733827,10.127290615188107,-1.5398456096524413,-269.2483666010563,main,delay1
B,1662494400000,-1,3.156492054971641,True,1662501600000,1662588000000,18968.5,19350.5,18965.654725,19353.402575,-201.386509212642,3.0302079763817615,10.100708358594513,-0.9273751179452107,-215.44480066556352,main,delay1
B,1662710400000,1,3.6388492411584408,True,1662717600000,1662804000000,20742.2,21313.8,20745.311330000004,21310.60293,275.57346858095985,3.041336020287969,10.137766066280339,-3.0556188446741426,259.3387476497174,main,delay1
B,1662739200000,1,1.3850774446143768,False,1662746400000,1662832800000,21237.4,21281.4,21240.585610000002,21278.20779,20.718167007260774,3.003107725051805,10.010357529641103,-2.9823279149651087,4.722373837602757,main,delay1
F,1662796800000,-1,1.3478378688025663,False,1662804000000,1662890400000,21313.8,21591.3,21310.60293,21594.538695000003,-130.1973369366326,3.0195296005414303,10.06510843326859,2.7311714915128795,-140.5508034789298,main,delay1
F,1662955200000,-1,3.3870260758067645,False,1662962400000,1663048800000,21775.9,22378.2,21772.633615000002,22381.556730000004,-276.5901753773664,3.0414885263075897,10.13831583195184,2.8799190243598725,-286.8900607112659,main,delay1
F,1662998400000,-1,1.1820595341359228,False,1663005600000,1663092000000,22348.4,20754.2,22345.04774,20757.313130000002,713.3396574251403,2.892999051386769,9.643276670813124,2.926328014533479,703.729709717474,main,delay1
F,1663056000000,-1,1.519276757657675,False,1663063200000,1663149600000,22377.7,20339.9,22374.343345,20342.950985000003,910.6387162219527,2.8634041925672724,9.544612343985309,0.6401035017078802,898.870803187108,main,delay1
B,1663084800000,-1,3.621211483483051,True,1663092000000,1663178400000,20754.2,20094.6,20751.086870000003,20097.61419,317.8151892147142,2.9523277216176,9.841068569253455,-0.2155954028879166,304.80619752095527,main,delay1
F,1663358400000,1,1.3792392807556884,False,1663365600000,1663452000000,19736.6,20026.0,19739.56049,20022.9961,146.6311320085534,3.0219946698017917,10.073304568669379,-0.8873595380353959,132.64847323204683,main,delay1
B,1663560000000,-1,2.18236271085662,True,1663567200000,1663653600000,18448.3,19361.7,18445.532755,19364.604255000002,-495.1133708797024,3.0742670056321604,10.247593818942669,-0.04038440193500748,-508.47561610621227,main,delay1
B,1664251200000,1,3.4186040046974657,True,1664258400000,1664344800000,20199.6,18814.7,20202.62994,18811.877795,-685.6076357947671,2.8971588546311544,9.657247602675302,-1.946871003168441,-700.108913255242,main,delay1
F,1664294400000,-1,1.2617289464975254,False,1664301600000,1664388000000,18947.0,19337.9,18944.15795,19340.800685000002,-206.31234496226392,3.03094685174424,10.103171645907004,0.557012933268241,-218.88945052664693,main,delay1
B,1664870400000,1,1.7317779463978749,True,1664877600000,1664964000000,19932.8,20085.8,19935.789920000003,20082.78713,76.75790656606198,3.0115136859860523,10.038373196440041,-3.042480100691825,60.66553958294406,main,delay1
F,1665273600000,1,0.9079644381898797,True,1665280800000,1665367200000,19394.9,19492.0,19397.809235000004,19489.0762,50.064707732444376,3.007509706161564,10.025028599013142,-0.9993599291406942,36.03280949812897,main,delay1
F,1665676800000,1,2.3585291065999665,False,1665684000000,1665770400000,19148.7,19355.1,19151.572305,19352.196734999998,107.78799605195016,3.016168199408632,10.05388591392627,-2.200943895342676,92.51699804327257,main,delay1
B,1665720000000,1,2.9754354746394114,True,1665727200000,1665813600000,19796.0,19167.5,19798.9694,19164.624875,-317.48838149121036,2.9523767427765364,9.84127962088301,-2.230532326485149,-332.5125701813551,main,delay1
F,1666195200000,1,0.6764344847958429,True,1666202400000,1666288800000,19175.0,19091.6,19177.87625,19088.736259999998,-43.49413298565917,2.993475880053118,9.978256195567145,-1.8082480964923078,-58.274113157771744,main,delay1
F,1666368000000,1,1.7157534444794829,False,1666375200000,1666461600000,19140.0,19141.9,19142.871000000003,19139.028715,0.9926854754448564,3.000148902823356,10.000496268286314,-1.1769947546058588,-13.184954450270672,main,delay1
B,1666555200000,1,1.0727304600577927,False,1666562400000,1666648800000,19533.1,19357.3,19536.029965,19354.396405,-90.00107509816633,2.9864998387366892,9.955006212531549,-2.2204334055525212,-105.1630145549871,main,delay1
P,1666584000000,-1,1.973182090150168,False,1666591200000,1666677600000,19327.8,19330.7,19324.90083,19333.599605000003,-1.500429433252339,3.000225064416506,10.000750327248834,1.6644408312385115,-12.836963993679168,main,delay1
B,1666713600000,1,1.5149366443495507,True,1666720800000,1666807200000,20108.7,20811.2,20111.716305,20808.07832,349.35127581594037,3.052402691372992,10.174649436562284,-1.4311049593159,334.6931187286892,main,delay1
P,1666713600000,1,1.5149366443495507,True,1666720800000,1666807200000,20108.7,20811.2,20111.716305,20808.07832,349.35127581594037,3.052402691372992,10.174649436562284,-1.4311049593159,334.6931187286892,main,delay1
B,1666728000000,1,2.8640831606990784,True,1666735200000,1666821600000,20219.6,20729.2,20222.63294,20726.090620000003,252.03268116085493,3.0378049021736424,10.12599743812934,-1.4232556675401908,237.44562315301178,main,delay1
F,1667044800000,-1,2.426392663703158,False,1667052000000,1667138400000,20772.2,20639.7,20769.084170000002,20642.795955,63.78717709246011,2.9904319234358945,9.96810162741549,0.4938605763791507,51.32250411798788,main,delay1
B,1667620800000,1,2.211173185722413,True,1667628000000,1667714400000,21382.1,21145.3,21385.307315000002,21142.128205,-110.74683964624583,2.983387974053846,9.944634886189851,-2.0959898802774286,-125.77085238676695,main,delay1
B,1667880000000,-1,2.737283004216862,True,1667887200000,1667973600000,19690.9,18386.2,19687.946365000003,18388.957930000004,662.5903336058791,2.900611449959843,9.66865513892204,-0.44975982411003135,649.5713071928872,main,delay1
F,1668412800000,1,4.102483160452684,False,1668420000000,1668506400000,16744.0,16788.0,16746.5116,16785.4818,26.278069756330623,3.003941710463599,10.013137064022935,2.9715486130555435,16.232539594899634,main,delay1
P,1669348800000,-1,0.4879321558041713,False,1669356000000,1669442400000,16353.1,16614.7,16350.647035,16617.192205000003,-159.9696693593266,3.023995450405544,10.079996832404866,0.5702696204389381,-172.50339202169806,main,delay1
F,1669910400000,-1,2.185410040886644,False,1669917600000,1670004000000,16960.5,16926.4,16957.955925000002,16928.938960000003,20.105539341410065,2.9969841690985843,9.989945722413845,0.7284516314380008,7.847061081335638,main,delay1
B,1670400000000,-1,2.1314720237301326,True,1670407200000,1670493600000,16825.9,16792.3,16823.376115000003,16794.818845,19.969214128220294,2.9970046178813785,9.990013895244834,0.184177964884731,7.166373579978811,main,delay1
F,1670414400000,1,1.2568613562952176,False,1670421600000,1670508000000,16846.3,16848.9,16848.826945,16846.372665000003,1.543365605505175,3.0002315048409978,10.000771567050332,-0.18395493487317663,-11.641592401259333,main,delay1
B,1670932800000,1,2.9390058207773646,True,1670940000000,1671026400000,17895.9,17889.9,17898.584385000002,17887.216515,-3.352723249459373,2.9994970915136188,9.998323889829514,-2.9802245207002716,-19.330768751502777,main,delay1
F,1671048000000,-1,6.308173633199895,False,1671055200000,1671141600000,17828.1,17388.9,17825.425785,17391.508335000002,246.35266797919974,2.9630470998030645,9.876805189560303,2.4969205254110087,236.0097362152474,main,delay1
B,1671192000000,-1,4.582587090928396,True,1671199200000,1671285600000,16939.0,16661.3,16936.45915,16663.799195,163.9412007792672,2.975408819884028,9.918017104020306,0.7703375718967609,151.81811242725962,main,delay1
B,1671235200000,-1,3.4515719605299684,True,1671242400000,1671328800000,16660.9,16707.8,16658.400865000003,16710.30617,-28.149739809972935,3.004222460970758,10.01407698113547,2.3886201393682214,-38.77941911271095,main,delay1
P,1671465600000,-1,0.6317054075416613,False,1671472800000,1671559200000,16593.6,16808.7,16591.110959999998,16811.221305000003,-129.62829042522552,3.01944424356524,10.064823867334395,0.9010317460280999,-141.81152679009702,main,delay1
F,1672416000000,1,1.5089027111428248,False,1672423200000,1672509600000,16527.2,16573.4,16529.67908,16570.91399,27.953918389080258,3.0041930877592753,10.013974862650661,-3.0103526550002417,11.92539778367008,main,delay1
F,1672704000000,-1,1.0465087393066244,False,1672711200000,1672797600000,16670.4,16696.1,16667.89944,16698.604415,-15.416546693538901,3.0023124820061122,10.007709429587774,1.8816546207224585,-26.54491398441033,main,delay1
P,1672704000000,-1,1.0465087393066244,True,1672711200000,1672797600000,16670.4,16696.1,16667.89944,16698.604415,-15.416546693538901,3.0023124820061122,10.007709429587774,1.8816546207224585,-26.54491398441033,main,delay1
B,1672804800000,1,2.0747734560921773,True,1672812000000,1672898400000,16848.3,16836.2,16850.827245,16833.67457,-7.181733468657696,2.9989227399812663,9.99640967189568,-1.3736578662020493,-21.550723746736693,main,delay1
F,1672833600000,-1,1.1314442465974122,False,1672840800000,1672927200000,16820.2,16771.0,16817.67697,16773.51565,29.25054398877583,2.995612418402562,9.985372534214813,1.47980111863972,17.749360154798175,main,delay1
P,1673020800000,1,1.7185672276306467,False,1673028000000,1673114400000,16815.0,16923.2,16817.52225,16920.66152,64.3473089503424,3.0096520963431805,10.032168828427002,-1.3274279184151248,49.978060107157084,main,delay1
B,1673222400000,1,2.047478977826861,True,1673229600000,1673316000000,17167.0,17187.1,17169.575050000003,17184.521934999997,11.708510514358098,3.0017562765798442,10.005853377118891,-0.2660607238200032,-1.565159863160641,main,delay1
F,1673251200000,-1,1.5516956197189178,False,1673258400000,1673344800000,17230.0,17240.1,17227.4155,17242.686015,-5.861868833429219,3.0008792803259516,10.002931374056878,1.298047905735229,-17.56763158207682,main,delay1
F,1673294400000,-1,2.566132891271987,False,1673301600000,1673388000000,17172.5,17453.5,17169.924125,17456.118025000003,-163.63371669820933,3.024545057505914,10.08182913087786,1.5269678769344042,-175.21312300965872,main,delay1
B,1673380800000,1,2.4369936283822176,True,1673388000000,1673474400000,17453.5,17547.5,17456.118025000003,17544.867875,53.85739250007162,3.0080786088770086,10.0269246569456,-0.5022558283208718,40.320133405928146,main,delay1
B,1673467200000,1,2.856305564818723,True,1673474400000,1673560800000,17547.5,18823.4,17550.132125,18820.576490000003,727.1121242342223,3.109066818634243,10.363501528707795,-2.8354369001906075,710.8041189866897,main,delay1
P,1673467200000,1,2.856305564818723,True,1673474400000,1673560800000,17547.5,18823.4,17550.132125,18820.576490000003,727.1121242342223,3.109066818634243,10.363501528707795,-2.8354369001906075,710.8041189866897,main,delay1
B,1673481600000,1,4.684083631055941,True,1673488800000,1673575200000,18214.1,18807.9,18216.832115,18805.078815,326.01116717268656,3.0489016750776705,10.162981132748806,-3.022537322030735,309.7767470428293,main,delay1
B,1673553600000,1,10.881313316147324,True,1673560800000,1673647200000,18823.4,19808.9,18826.223510000003,19805.928665000003,523.5504744095116,3.0785325711616127,10.261735970919178,-2.7328375615223606,507.4773683059084,main,delay1
F,1673568000000,-1,4.039727864728165,False,1673575200000,1673661600000,18807.9,20934.3,18805.078815,20937.440145,-1130.5887419648116,3.1695883112957364,10.565379165138056,2.659960278393654,-1141.6637491628517,main,delay1
B,1673625600000,1,3.264664177065662,True,1673632800000,1673719200000,19248.4,20766.0,19251.287260000005,20762.8851,788.4291681386496,3.118264375222689,10.394155451881714,-6.9669394037946,767.9498089077506,main,delay1
B,1673640000000,1,5.167049769264391,True,1673647200000,1673733600000,19808.9,20914.2,19811.871335000003,20911.06287,557.9815133601559,3.083697227004609,10.278948908066576,-6.7698073300385175,537.8490598950461,main,delay1
B,1673654400000,1,7.927930516178187,True,1673661600000,1673748000000,20934.3,20785.3,20937.440145,20782.182205,-71.17505720277249,2.989323741419349,9.964417809527907,-6.946445313694105,-91.07524406741385,main,delay1
F,1673971200000,-1,3.023874514921654,False,1673978400000,1674064800000,21221.2,20889.5,21218.01682,20892.633425000004,156.30595819275098,2.976554106272793,9.921835297956761,2.991040146921004,146.39860893544244,main,delay1
B,1674259200000,1,5.634535830877508,True,1674266400000,1674352800000,22558.1,22797.0,22561.483715000002,22793.58045,105.90430931683142,3.0158856463985373,10.052944211835218,-3.0324590540479925,89.80302040454968,main,delay1
P,1674849600000,1,0.9747016644371238,True,1674856800000,1674943200000,23077.9,22993.9,23081.361685000003,22990.450915,-36.39845913189675,2.994540231131182,9.981803500318488,-2.992362710578952,-52.36716557392537,main,delay1
B,1675022400000,1,1.559150533627869,True,1675029600000,1675116000000,23795.8,22743.7,23799.36937,22740.288445000002,-442.13684767900156,2.933679472848084,9.778964736424076,-2.9655201835307077,-457.8150120718044,main,delay1
F,1675123200000,1,0.9239582292633989,True,1675130400000,1675216800000,22828.3,23118.7,22831.724245,23115.232195,127.21052377969515,3.0190815785679184,10.063595721100565,-3.0315679202682637,111.0962785597584,main,delay1
P,1675512000000,1,0.3775489235166889,False,1675519200000,1675605600000,23503.1,23164.2,23506.625465,23160.72537,-144.1937446549595,2.9783709383030565,9.927913942203372,-2.98336389667746,-160.08339343214334,main,delay1
F,1675670400000,1,1.6827890334917504,False,1675677600000,1675764000000,22833.9,23001.6,22837.325085000004,22998.14976,73.44343279071778,3.011016514918995,10.036716208137902,-3.00891094882127,57.38678911883961,main,delay1
B,1675915200000,-1,2.2950912882626326,True,1675922400000,1676008800000,22595.5,21790.7,22592.110675,21793.968605000002,356.17711491226095,2.9465734327636985,9.821884729260251,2.968108694209024,346.376765444446,main,delay1
P,1675915200000,-1,2.2950912882626326,True,1675922400000,1676008800000,22595.5,21790.7,22592.110675,21793.968605000002,356.17711491226095,2.9465734327636985,9.821884729260251,2.968108694209024,346.376765444446,main,delay1
F,1675929600000,1,2.377460669657248,False,1675936800000,1676023200000,22731.1,21810.0,22734.509665,21806.7285,-405.2157616657349,2.9392176357509245,9.797422510349259,-2.91666923290118,-420.86907104473624,main,delay1
P,1675958400000,-1,1.026284540213787,False,1675965600000,1676052000000,22533.7,21684.1,22530.319945000003,21687.352615,377.0352849287965,2.94344470726026,9.811454079889232,2.8998477835419836,367.180233925189,main,delay1
B,1675972800000,-1,1.9671270287538878,True,1675980000000,1676066400000,21849.3,21521.5,21846.022605,21524.728225000003,150.0276896742684,2.9774958465504824,9.924974903086142,2.9906816236675775,140.11590054829935,main,delay1
F,1676016000000,1,1.9398336587064018,False,1676023200000,1676109600000,21810.0,21693.7,21813.271500000003,21690.445945,-53.32416322787678,2.992001375517563,9.973341917698303,-2.308218343567093,-68.59772486465974,main,delay1
F,1676318400000,1,1.5094538837329472,False,1676325600000,1676412000000,21604.1,22230.6,21607.340615,22227.26541,289.99125166056444,3.0434986877495507,10.144973876486409,-2.9211088292017204,273.88167026712676,main,delay1
B,1676462400000,1,1.841095687571788,True,1676469600000,1676556000000,22687.1,24465.1,22690.503065,24461.430235,783.7052774484179,3.1175557916176935,10.391793860828402,-3.0697204962453855,767.1262072997263,main,delay1
B,1676491200000,1,1.5256836129731444,True,1676498400000,1676584800000,24181.0,24554.0,24184.627150000004,24550.3169,154.25333939870146,3.0231380009107442,10.077115100698897,-4.429276400872434,136.7238098962194,main,delay1
B,1676505600000,1,4.504140009583215,True,1676512800000,1676599200000,24649.2,23852.2,24652.897380000002,23848.622170000002,-323.3370657059864,2.951499440144016,9.838355717426936,-4.312222410848884,-340.4391432744062,main,delay1
B,1676563200000,1,2.0789383790912845,True,1676570400000,1676656800000,24896.4,24301.2,24900.134460000005,24297.55482,-239.07070901817158,2.9641393936484137,9.880482575794092,-2.8635995774107905,-254.7789305650249,main,delay1
F,1676980800000,-1,4.5470716902109976,False,1676988000000,1677074400000,24568.6,24104.2,24564.914709999997,24107.815630000005,189.02175948161388,2.971646736079848,9.905474943627233,2.9736343935539677,179.11827219546075,main,delay1
B,1677081600000,-1,1.713035038142458,True,1677088800000,1677175200000,23738.3,23827.6,23734.739255,23831.17414,-37.6185320768544,3.005642779811312,10.018812087428334,1.7443968935918757,-48.89859005050217,main,delay1
B,1677254400000,-1,2.1452863141211735,True,1677261600000,1677348000000,23052.9,23034.2,23049.442065000003,23037.655130000003,8.111777693913012,2.9987832333461917,9.99594350276972,0.1752935562235083,-4.707655485979391,main,delay1
F,1677369600000,1,1.202074490871781,False,1677376800000,1677463200000,23103.5,23544.0,23106.965525000003,23540.4684,190.66375224533078,3.02859956283753,10.095317576341248,-1.7685258705510205,175.771309235601,main,delay1
P,1677614400000,-1,0.6782264163697308,False,1677621600000,1677708000000,23126.7,23544.8,23123.230995,23548.331720000002,-180.78670973377027,3.027118006460798,10.090406913870117,2.0686219586019625,-191.83561269549924,main,delay1
F,1677672000000,-1,1.752035603882064,False,1677679200000,1677765600000,23686.4,23299.9,23682.84704,23303.394985000003,163.17380437719535,2.975523929344296,9.918400859776074,2.7186514986824344,152.9985310867574,main,delay1
F,1678363200000,1,1.6842618349823528,False,1678370400000,1678456800000,21698.7,20173.0,21701.954805,20169.97405,-703.1296805799428,2.894530547912903,9.648487894436073,-0.21143742330741158,-715.8841364455992,main,delay1
B,1678392000000,-1,3.3198101881693884,True,1678399200000,1678485600000,20203.9,20069.2,20200.869415,20072.210380000004,66.67029632892695,2.9899994555525318,9.966659851563314,-1.0070158016309438,52.70662122018016,main,delay1
P,1678521600000,-1,2.789899836338323,False,1678528800000,1678615200000,20080.6,20374.5,20077.58791,20377.556175,-146.36016852086166,3.021954025278977,10.07319106127307,0.7249328473930267,-158.7303807600207,main,delay1
B,1678665600000,1,3.9583445554715793,True,1678672800000,1678759200000,22280.8,24407.2,22284.14212,24403.538920000003,954.364295716492,3.1431546443571134,10.477110570536068,-3.3113644042715036,937.4326660973273,main,delay1
B,1678723200000,1,5.307907171884984,True,1678730400000,1678816800000,24135.8,25651.3,24139.42037,25647.452305,627.90543507984,3.094185815262363,10.313905624632289,-5.708426715035757,608.7889169249096,main,delay1
F,1678780800000,-1,3.013157470581208,False,1678788000000,1678874400000,24280.7,24528.5,24277.057895,24532.179275000002,-102.05636575551745,3.015308454863833,10.051035837105191,6.671613476547215,-108.45109657093926,main,delay1
P,1678953600000,1,1.7015073582314562,True,1678960800000,1679047200000,24655.8,26231.3,24659.49837,26227.365305,638.9977206174613,3.095849658093352,10.319450935479685,-2.4012636322175718,623.1811563916707,main,delay1
B,1679054400000,1,5.085429809019468,True,1679061600000,1679148000000,26453.2,27404.5,26457.167980000002,27400.389325,359.6162279043742,3.0539424341860957,10.179781142735095,-3.0678141381103234,343.31469018934274,main,delay1
B,1679256000000,1,2.1725649849042834,True,1679263200000,1679349600000,27965.0,27983.0,27969.194750000002,27978.80255,6.4366172000715185,3.0009654925807436,10.003217825853747,-2.9041372452769534,-9.471703363639925,main,delay1
P,1679299200000,1,2.1611111475885805,False,1679306400000,1679392800000,28190.6,27916.5,28194.82859,27912.312525,-97.23099189091349,2.9854153512168082,9.951391796378937,-1.9020015649632718,-112.06980060347252,main,delay1
B,1679515200000,-1,3.1517477119527797,True,1679522400000,1679608800000,27065.3,28161.9,27061.240205,28166.124285000005,-405.1682412535617,3.060775236189847,10.202614508244876,0.9694913360140395,-417.46213966198235,main,delay1
F,1679529600000,1,1.8027955846815056,False,1679536800000,1679623200000,27138.0,28243.7,27142.070700000004,28239.463445,407.43606750681727,3.0611154101272575,10.203687476048346,-1.9842328424201734,392.1870317782215,main,delay1
B,1681156800000,1,2.7783633395851144,True,1681164000000,1681250400000,29212.8,30174.1,29217.181920000003,30169.573884999998,329.06807974586457,3.0493602119632555,10.164509359766951,-3.0775321298598564,312.77667804427455,main,delay1
F,1681243200000,-1,1.2846758177819086,False,1681250400000,1681336800000,30174.1,29934.7,30169.573884999998,29939.190205000003,79.33956605167936,2.9880990650930603,9.960324266506706,1.9462454567625307,68.33738817684213,main,delay1
F,1681459200000,-1,2.013713614225595,False,1681466400000,1681552800000,30779.5,30444.2,30774.883075,30448.766630000002,108.93614256241955,2.983659578615512,9.945523758508099,0.679354012111585,96.68631323740755,main,delay1
F,1681790400000,1,1.1421726682615885,False,1681797600000,1681884000000,29530.1,30254.0,29534.529515000002,30249.461900000002,245.13970491126054,3.036770955737159,10.122551466977763,-1.6688632878245035,230.31151920072114,main,delay1
P,1681992000000,-1,1.3664932590001981,False,1681999200000,1682085600000,28803.9,28103.9,28799.579415,28108.115585000003,243.02264623887737,2.9635466030652236,9.878470450182094,2.177592219109218,232.35822140473925,main,delay1
B,1682020800000,-1,2.557769949119982,True,1682028000000,1682114400000,28220.7,27279.1,28216.466895,27283.191865,333.65579167065385,2.9499516312499283,9.8331470799803,2.6204605484626535,323.49315350788623,main,delay1
B,1682107200000,-1,2.8999709514893444,True,1682114400000,1682200800000,27279.1,27658.8,27275.008135,27662.94882,-139.19080908094503,3.020878621362386,10.069605843851155,1.8950863352449312,-150.38620721091362,main,delay1
B,1682467200000,1,3.948910196973611,True,1682474400000,1682560800000,28370.7,28730.3,28374.955605000003,28725.990455,126.7504855361336,3.0190125728311874,10.063365736481652,-1.4713447517307223,112.19676247509004,main,delay1
B,1682524800000,1,3.0518469075590673,True,1682532000000,1682618400000,29713.4,29282.6,29717.857010000003,29278.207609999998,-144.985090901749,2.9782522363656763,9.927518328430944,-1.121549701402499,-159.01241116794813,main,delay1
B,1682913600000,-1,2.167666824909207,True,1682920800000,1683007200000,28467.9,27987.2,28463.629815,27991.398080000003,168.8568528061433,2.9746714720801872,9.915558909332969,-0.4888651794564147,155.47775724527372,main,delay1
F,1682928000000,1,1.602428280324752,False,1682935200000,1683021600000,28511.7,27970.0,28515.976755000003,27965.804500000002,-189.99217864946695,2.971501173202786,9.905018160088666,-0.7546022138280074,-203.62330019658643,main,delay1
B,1682956800000,-1,0.9749392778767735,False,1682964000000,1683050400000,28266.1,28569.7,28261.860085,28573.985455000002,-107.40781360003757,3.0161111720397877,10.05371196238604,0.8262798170906931,-119.65135691737271,main,delay1
B,1682971200000,-1,1.662631140005762,True,1682978400000,1683064800000,27975.2,28649.6,27971.00372,28653.89744,-241.07066258686186,3.0361605993888205,10.120553411593125,0.8348718843070735,-253.39250471353677,main,delay1
F,1682985600000,1,1.687703263103043,False,1682992800000,1683079200000,27927.2,28527.9,27931.389080000004,28523.620815000002,215.094961184795,3.0322642441788497,10.10753134847031,-1.6183249068171377,200.33684068532867,main,delay1
F,1683345600000,-1,1.2410564268283446,False,1683352800000,1683439200000,29340.5,28869.9,29336.098925000002,28874.230485000004,160.39263134575026,2.975941105298196,9.919791654879774,2.398466896724664,149.89536548229694,main,delay1
F,1683547200000,1,1.74936498397087,False,1683554400000,1683640800000,27844.6,27605.4,27848.776690000002,27601.25919,-85.90534609942219,2.987114198086759,9.957053769851246,-1.577685154305346,-100.42719922166553,main,delay1
B,1683576000000,-1,1.3181760190586742,False,1683583200000,1683669600000,27531.2,27589.6,27527.070320000003,27593.73844,-21.212297320856997,3.00318184459836,10.01060773958273,1.238178190508061,-32.98790871453002,main,delay1
F,1683590400000,1,1.0755417604883342,False,1683597600000,1683684000000,27687.3,27685.1,27691.453095,27680.947235,-0.7945881324653281,2.9998808117802724,9.999602765527879,-1.0949099123689479,-14.888981622142428,main,delay1
P,1683648000000,-1,0.8827444386146412,True,1683655200000,1683741600000,27605.4,27481.1,27601.25919,27485.222165000003,45.02742217102556,2.9932458866761933,9.977482911857825,1.239106589225921,33.295799961717464,main,delay1
B,1683864000000,-1,1.49544144879272,False,1683871200000,1683957600000,26261.3,26731.2,26257.360805,26735.209680000004,-178.9324976295924,3.026839874645148,10.08947966875212,0.672585320294284,-191.37623185269538,main,delay1
F,1683921600000,1,1.137875005460286,False,1683928800000,1684015200000,26733.2,26848.0,26737.209980000003,26843.9728,42.94285757036167,3.0064414286366725,10.021468208070864,-0.9886307041133015,28.92631722954083,main,delay1
B,1684123200000,1,1.741652004277313,True,1684130400000,1684216800000,27322.4,27050.1,27326.498360000005,27046.042484999998,-99.6618159458916,2.985050727609586,9.95017656666325,-0.6835326647732263,-113.28057590493768,main,delay1
P,1684195200000,-1,0.6556523109103504,False,1684202400000,1684288800000,27008.9,27160.1,27004.848665,27164.174015,-55.981546823453414,3.0083972320242856,10.02799497202774,1.7393138709832683,-67.27862515652217,main,delay1
F,1684339200000,1,0.8002290866802546,True,1684346400000,1684432800000,27077.0,26475.1,27081.061550000002,26471.128735,-222.29198212505133,2.9666562026820924,9.888870680836137,-2.857096379799461,-238.00460538836901,main,delay1
P,1684656000000,-1,0.5222669272971736,False,1684663200000,1684749600000,27068.1,26848.4,27064.039784999997,26852.427260000004,81.16565255780682,2.9878251521177717,9.959411086297154,0.8227238687108324,69.04114018810273,main,delay1
B,1684814400000,1,1.974922974494956,True,1684821600000,1684908000000,27375.0,26762.3,27379.106250000004,26758.285655,-223.81735159817376,2.9664273972617203,9.888108110502284,-2.9887232876712333,-239.660610393609,main,delay1
B,1685246400000,1,1.7131992235045437,True,1685253600000,1685340000000,27154.3,27983.3,27158.373145,27979.102505,305.2923478049517,3.045793852171648,10.15262327697639,-3.03962171737073,289.05430895843296,main,delay1
F,1685275200000,-1,1.051027490996285,False,1685282400000,1685368800000,27173.2,27892.8,27169.124020000003,27896.983920000002,-264.8197488702098,3.039722962330872,10.13242973591627,3.0624548863777545,-274.9294466820792,main,delay1
F,1685332800000,-1,1.9765796962891882,False,1685340000000,1685426400000,27983.3,27741.8,27979.102505,27745.961270000003,86.30147266405321,2.9870547791019986,9.956842791057523,2.596943804726182,75.95451889861985,main,delay1
B,1685548800000,-1,1.2709716597381582,False,1685556000000,1685642400000,27044.4,26947.9,27040.343340000003,26951.942185000004,35.6820635695375,2.994647690464731,9.982156292060465,2.1601009000528086,24.86536048706511,main,delay1
B,1685592000000,-1,2.3100042220087182,True,1685599200000,1685685600000,26843.0,27140.2,26838.97355,27144.271030000004,-110.71787803151686,3.0166076817062164,10.05536724285661,2.440240011227813,-121.34961294485187,main,delay1
F,1685678400000,1,1.6306243349415601,False,1685685600000,1685772000000,27140.2,27149.0,27144.271030000004,27144.92765,3.242422679272545,3.0004863634023855,10.001620968157935,-2.6602788247586076,-12.419963477046384,main,delay1
F,1685923200000,-1,2.518455584623106,False,1685930400000,1686016800000,27038.2,25629.6,27034.14427,25633.44444,520.9666323941691,2.92185500514117,9.739477611305485,1.0217001653052773,509.32699994302766,main,delay1
B,1685980800000,-1,1.9839693615644407,True,1685988000000,1686074400000,25742.1,26659.8,25738.238685,26663.798970000003,-356.49772163110265,3.053474658245628,10.178275598144676,-0.5853081081824741,-370.31477999567545,main,delay1
F,1686067200000,1,2.419309344373593,False,1686074400000,1686160800000,26659.8,26495.3,26663.798970000003,26491.325705,-61.703388622570316,2.990744491708181,9.969152933442864,-2.4214293984174677,-77.08471544613883,main,delay1
P,1686326400000,-1,0.7334039376717205,False,1686333600000,1686420000000,26489.3,26010.0,26485.326605,26013.901500000004,180.94098371795377,2.972858852443995,9.909515937567244,1.4761965900334653,169.534805517976,main,delay1
B,1686384000000,-1,5.873772441141727,True,1686391200000,1686477600000,25642.5,25697.6,25638.653625,25701.45464,-21.487764453543353,3.0032231646689564,10.010745493809107,1.154058213605783,-33.34767489841563,main,delay1
F,1686672000000,-1,2.013699396274704,False,1686679200000,1686765600000,25812.1,26018.0,25808.228185,26021.902700000002,-79.76879060595668,3.0119653185912707,10.039890377962275,0.8856324498139035,-91.93501385269633,main,delay1
P,1686672000000,-1,2.013699396274704,False,1686679200000,1686765600000,25812.1,26018.0,25808.228185,26021.902700000002,-79.76879060595668,3.0119653185912707,10.039890377962275,0.8856324498139035,-91.93501385269633,main,delay1
F,1686830400000,1,1.7243013564636342,False,1686837600000,1686924000000,25044.9,25482.4,25048.656735000004,25478.577640000003,174.6862634708064,3.0262029395210046,10.087330030265644,-1.1514425723428354,160.42128792867695,main,delay1
F,1687233600000,-1,1.7935618202247219,False,1687240800000,1687327200000,26805.5,28969.5,26801.479175,28973.845425000003,-807.2970099419896,3.12109455149233,10.403709052246743,0.35741223158977536,-820.4644013141389,main,delay1
B,1687291200000,1,4.819330857600009,True,1687298400000,1687384800000,28121.3,29876.4,28125.518195,29871.918540000002,624.1176617012735,3.093617649255315,10.31201202202601,-1.9302617128168165,608.7817703171754,main,delay1
B,1687305600000,1,2.8466706280795098,True,1687312800000,1687399200000,28776.6,30149.3,28780.91649,30144.777605,477.01952280672515,3.071552928421366,10.238473984939152,-2.3095478967159266,461.39994799664873,main,delay1
B,1687363200000,1,4.746402627983899,True,1687370400000,1687456800000,30076.0,30140.7,30080.511400000003,30136.178895,21.512169171432614,3.0032268253766645,10.01075447117303,-2.913972279558452,5.5842155953244665,main,delay1
B,1687536000000,1,3.6382601115321145,True,1687543200000,1687629600000,31232.7,30572.3,31237.384905000003,30567.714155,-211.44505598299264,2.9682832416024487,9.894293330387704,-2.934058899079811,-227.2416914540626,main,delay1
F,1688112000000,-1,3.5674102642390526,False,1688119200000,1688205600000,30758.3,30431.2,30753.686255,30435.764680000004,106.34527916042127,2.9840482081265485,9.946819384523854,2.957391622653398,96.37180319042427,main,delay1
B,1688414400000,1,1.1406784745860497,False,1688421600000,1688508000000,31044.0,30790.4,31048.656600000002,30785.781440000002,-81.69050380105611,2.9877464244301803,9.959160874887258,-2.996158889343513,-97.63356998971706,main,delay1
F,1688644800000,-1,5.280377217568566,False,1688652000000,1688738400000,30361.6,30367.2,30357.045759999997,30371.755080000003,-1.844435075886048,3.0002766652624397,10.000922355870575,0.6350366249860483,-14.210597472033013,main,delay1
F,1688702400000,1,1.9010380406913843,False,1688709600000,1688796000000,30196.1,30224.0,30200.629415000003,30219.4664,9.23960378989388,3.0013859405695973,10.004619108924665,-0.7304746706723192,-4.496875930272703,main,delay1
B,1689019200000,1,1.4755990604457419,False,1689026400000,1689112800000,30282.8,30556.5,30287.34242,30551.916525,90.38133858163735,3.0135572007875884,10.045183890690426,-2.0365761703012932,75.28602131985805,main,delay1
B,1689278400000,1,5.025502458262908,True,1689285600000,1689372000000,31243.9,30224.4,31248.586585000005,30219.86634,-326.3036944811627,2.9510544458291283,9.836872625536506,-3.0013702994139657,-342.0929918519423,main,delay1
B,1689364800000,-1,4.6044152093542925,True,1689372000000,1689458400000,30224.4,30288.8,30219.86634,30293.343320000004,-21.30728815129426,3.0031960932244406,10.01065524212226,-0.1322989288160497,-34.45343841545701,main,delay1
P,1690473600000,-1,0.8652701778067285,False,1690480800000,1690567200000,29209.8,29245.3,29205.41853,29249.686795,-12.153455347178003,3.001823018302909,10.00607763918274,2.1088099913870004,-23.052546013276654,main,delay1
F,1690761600000,1,1.8230175440842373,False,1690768800000,1690855200000,29442.4,29185.7,29446.816360000004,29181.322145000002,-87.18718582724259,2.9869219221264958,9.956412946125317,-2.177627793879567,-102.30814848937399,main,delay1
B,1690862400000,-1,3.1615565758750077,True,1690869600000,1690956000000,28910.5,29645.1,28906.163425,29649.546765000003,-254.09453312810174,3.0381141799710862,10.127066323654034,2.705667378242145,-264.55404625348467,main,delay1
F,1690905600000,1,1.5697422917874158,False,1690912800000,1690999200000,28941.5,29137.5,28945.841225000004,29133.129375,67.72282017172571,3.010158423026907,10.03385633087435,-3.0608545130732683,51.6179509047512,main,delay1
B,1690934400000,1,3.3758207315624,True,1690941600000,1691028000000,29835.6,29240.9,29840.075340000003,29236.513865,-199.3256378286333,2.9701011543274336,9.900352130508521,-2.9513851230751182,-215.14747623654438,main,delay1
F,1690948800000,-1,4.69290195456433,False,1690956000000,1691042400000,29645.1,29140.0,29640.653234999998,29144.371000000003,170.3822891472785,2.9744426566290616,9.914796076754676,2.970350782355937,160.4634011962507,main,delay1
F,1691438400000,1,2.012851131951567,False,1691445600000,1691532000000,29184.2,29848.2,29188.577630000003,29843.72277,227.52037061149525,3.0341280555927863,10.113743121277952,-2.515279770810255,211.85721966381428,main,delay1
F,1691481600000,-1,1.1243627241484861,False,1691488800000,1691575200000,29191.3,29768.7,29186.921305,29773.165305000002,-197.79865918955355,3.029669798878762,10.098914164494214,2.4007434311157385,-208.52649972181075,main,delay1
B,1691496000000,1,1.9058170310863378,True,1691503200000,1691589600000,29347.1,29867.6,29351.502065,29863.11986,177.35994357193727,3.0266039915363714,10.088666669790202,-2.3879981913282355,161.85667471928247,main,delay1
B,1691524800000,1,2.6943220577372227,True,1691532000000,1691618400000,29848.2,29515.4,29852.677230000005,29510.972690000002,-111.49751073766568,2.983275373390416,9.944259606944474,-2.6448183043683717,-127.06986402236895,main,delay1
F,1691539200000,-1,3.023597826133966,False,1691546400000,1691632800000,29840.9,29593.9,29836.423865,29598.339085000003,82.77230244396114,2.987584154634274,9.958607640855336,2.827662551015766,72.65377319948729,main,delay1
F,1691985600000,1,2.881961586430237,False,1691992800000,1692079200000,29435.9,29360.3,29440.315385000005,29355.895955,-25.682924592080482,2.996147561312273,9.987160463923306,-3.0039135885092696,-41.67014620582533,main,delay1
B,1692028800000,1,1.3059428963935484,False,1692036000000,1692122400000,29475.3,29322.6,29479.721295000003,29318.20161,-51.806088487649234,2.9922290867276025,9.974100841212813,-2.9900393529348306,-67.76245776852448,main,delay1
B,1692230400000,-1,3.345210324741094,True,1692237600000,1692324000000,28622.0,26602.7,28617.7067,26606.690405000005,705.5062539305427,2.8941740619122647,9.647193960065684,2.904947554815177,695.8698334633799,main,delay1
B,1692288000000,-1,2.8964381158031,True,1692295200000,1692381600000,27966.0,25998.1,27961.8051,26001.999715,703.6758921547598,2.894448616177428,9.64810927823071,1.4273264202884515,692.5606606806401,main,delay1
P,1692374400000,-1,2.071760501899531,False,1692381600000,1692468000000,25998.1,26071.7,25994.200285,26075.610755,-28.30976109792723,3.004246464164824,10.014157003781047,-0.5922657943796537,-41.92043036025275,main,delay1
P,1692590400000,-1,0.7913992925134579,True,1692597600000,1692684000000,26093.8,26029.1,26089.88593,26033.004365,24.795162069150805,2.996280725690028,9.987600559328271,-0.11034211655133114,11.700938667581177,main,delay1
B,1692734400000,-1,2.104631259639385,True,1692741600000,1692828000000,25652.4,26306.3,25648.552140000003,26310.245945000002,-254.9079228454249,3.038236188427265,10.127473079516927,0.30226704557858125,-267.7713650677905,main,delay1
F,1692748800000,1,3.840593793061181,False,1692756000000,1692842400000,26037.9,26337.7,26041.805685000003,26333.749345,115.13985382845746,3.017270978075072,10.057561291425191,0.06249237499079347,102.12751393394801,main,delay1
B,1693324800000,1,5.321866287434916,True,1693332000000,1693418400000,27880.0,27151.9,27884.182000000004,27147.827215,-261.1549497847915,2.9608267575339426,9.86944211172884,-1.4321459589445626,-275.4173646129988,main,delay1
F,1694376000000,1,1.0778727862263153,False,1694383200000,1694469600000,25893.0,25137.8,25896.883950000003,25134.02933,-291.66183910709486,2.956250724134384,9.854190955084388,-0.3299411415085149,-304.8022219278222,main,delay1
B,1694448000000,-1,3.5988709501029317,True,1694455200000,1694541600000,25210.1,25891.2,25206.318485,25895.083680000003,-270.16949555932035,3.040525424334455,10.135105010491829,0.4639777313541069,-282.8811482627925,main,delay1
F,1694476800000,1,1.6320033788313864,False,1694484000000,1694570400000,25130.2,25945.1,25133.969530000002,25941.208235,324.27119561324537,3.0486406793426637,10.162111277466952,-0.43290159264107175,310.62754206379464,main,delay1
B,1694707200000,1,2.2682728719376133,True,1694714400000,1694800800000,26631.5,26322.6,26635.494725000004,26318.651609999997,-115.99046242232,2.9826014306387143,9.942013468073522,-0.40822285751835236,-129.32330017855057,main,delay1
B,1695038400000,1,3.8674500330374424,True,1695045600000,1695132000000,27240.3,26959.2,27244.386045000003,26955.15612,-103.19269611568102,2.984521095584385,9.948411391394368,0.6297540694199901,-115.49587453323977,main,delay1
B,1695816000000,1,3.15326000736309,True,1695823200000,1695909600000,26607.8,26566.1,26611.79117,26562.115084999998,-15.672096152256378,2.997649185577935,9.992165127331083,-0.1145859767066186,-28.776496441872013,main,delay1
B,1695916800000,1,2.291046517978164,True,1695924000000,1696010400000,27144.0,26825.6,27148.071600000003,26821.57616,-117.30032419687646,2.9824049513708233,9.941358635425878,0.5972988054848926,-129.62678897818827,main,delay1
P,1695974400000,1,1.6817071786546833,False,1695981600000,1696068000000,27018.9,26937.3,27022.952835000004,26933.259405,-30.20108146519739,2.995469837780519,9.984901724348513,-0.29704822541482506,-43.478501252741246,main,delay1
F,1696248000000,-1,2.2696635672677776,False,1696255200000,1696341600000,28540.0,27533.4,28535.719,27537.530010000006,352.6979677645405,2.9470953048365254,9.82362456377015,0.41742339568657066,340.34467129162044,main,delay1
F,1696262400000,-1,2.2325377071695196,False,1696269600000,1696356000000,28046.1,27424.0,28041.893085,27428.113600000004,221.813371556116,2.966727994267677,9.889076678219075,0.8160331029639465,209.77359998659318,main,delay1
F,1696636800000,-1,2.55318712663755,False,1696644000000,1696730400000,27887.0,28001.4,27882.81695,28005.600210000004,-41.022698748521336,3.006153404813116,10.020514426076666,0.5248847197292104,-53.52448185968191,main,delay1
B,1696996800000,-1,2.5849457417867914,True,1697004000000,1697090400000,27102.8,26865.9,27098.73458,26869.929885000005,87.40794309074997,2.98688880853733,9.956289472858895,2.445805820759955,76.9105706301137,main,delay1
B,1697040000000,-1,1.6747419252030864,True,1697047200000,1697133600000,26626.3,26630.7,26622.306055,26634.694605000004,-1.6525014741069752,3.0002478752218114,10.000826374674665,2.008477922167932,-12.645097801835519,main,delay1
P,1697040000000,-1,1.6747419252030864,False,1697047200000,1697133600000,26626.3,26630.7,26622.306055,26634.694605000004,-1.6525014741069752,3.0002478752218114,10.000826374674665,2.008477922167932,-12.645097801835519,main,delay1
F,1697054400000,1,2.0279026747272755,False,1697061600000,1697148000000,26721.4,26745.6,26725.408210000005,26741.58816,9.056411714953965,3.0013584617582953,10.004527526626601,-2.001329859177289,-5.950804132608219,main,delay1
F,1697472000000,-1,7.902218000664384,False,1697479200000,1697565600000,28219.0,28414.8,28214.76715,28419.062220000003,-69.38587476522885,3.0104078812163753,10.034698141323224,-0.0620911003544507,-82.4930718881229,main,delay1
B,1697774400000,1,4.004459321639547,True,1697781600000,1697868000000,29209.6,29564.5,29213.98144,29560.065325,121.50115030674897,3.0182251725465075,10.060741462567101,-0.30472520984084345,108.11745846179451,main,delay1
B,1698033600000,1,4.401517239110209,True,1698040800000,1698127200000,30771.5,33902.3,30776.115725000003,33897.214655,1017.4349641713933,3.152615244626619,10.508641174463385,-2.0906281255780135,1001.6830796267253,main,delay1
F,1698048000000,-1,4.700659517526886,False,1698055200000,1698141600000,30466.8,34344.9,30462.22998,34350.05173500001,-1272.8937728937735,3.190934065936016,10.636542353479856,2.2680097192761908,-1284.4532395939134,main,delay1
B,1698091200000,1,4.164626970413238,True,1698098400000,1698184800000,31618.7,34123.3,31623.442805000002,34118.181505,792.1261784956378,3.1188189267756488,10.396003679784432,-3.186832059122292,775.4245238299554,main,delay1
F,1698854400000,-1,2.882266603759829,False,1698861600000,1698948000000,34527.0,34776.3,34521.82095,34781.51644500001,-72.20436180380655,3.010830654271817,10.036107596229039,3.051539099887914,-82.19976095441949,main,delay1
B,1698883200000,1,4.224174474607722,True,1698890400000,1698976800000,35583.7,34590.4,35589.037555,34585.21144,-279.1446645514648,2.958128300319486,9.86044860357411,-2.946902678234698,-294.9101441335931,main,delay1
P,1699027200000,1,0.8918802895731097,False,1699034400000,1699120800000,34407.4,34759.0,34412.56111,34753.78615,102.18732016949801,3.0153280980257184,10.051085996035738,-3.027570418251016,86.09333565718552,main,delay1
B,1699387200000,1,1.9587160860982666,True,1699394400000,1699480800000,35495.3,35588.2,35500.62429500001,35582.861769999996,26.172479173297358,3.003925871877969,10.01308427665071,-2.9828794234729665,10.17258960129571,main,delay1
B,1699920000000,-1,1.377175617343359,False,1699927200000,1700013600000,36356.7,35444.4,36351.246495,35449.716660000006,250.9303649671163,2.962360445255407,9.87451599773907,4.070751164433431,242.16423968855523,main,delay1
F,1699934400000,1,1.1795383847745724,False,1699941600000,1700028000000,36648.0,35619.3,36653.497200000005,35613.957105,-280.69744597249434,2.9578953831059924,9.859672329322201,-4.038394424251171,-297.55340810917363,main,delay1
B,1700078400000,1,3.270907811869005,True,1700085600000,1700172000000,37644.6,35970.0,37650.24669,35964.6045,-444.8446789180915,2.933273298162318,9.777611023891874,-3.681193829038694,-461.2367570691844,main,delay1
B,1700092800000,1,2.19110739569909,True,1700100000000,1700186400000,37456.3,36572.0,37461.918445,36566.5142,-236.08845507965358,2.964586731738657,9.881973479094304,-3.6539608705835867,-252.58897616107015,main,delay1
B,1700438400000,1,1.3039246340105244,False,1700445600000,1700532000000,37308.0,37620.5,37313.5962,37614.856925,83.76219577570494,3.0125643293663305,10.041874815723169,-3.0074509395550555,67.70030569106038,main,delay1
B,1700510400000,1,1.94197422830547,True,1700517600000,1700604000000,37433.1,36840.0,37438.714965,36834.474,-158.44266170848755,2.976233600743376,9.920790552345386,-2.9849224045251397,-174.32460826610142,main,delay1
B,1700611200000,-1,2.219272504312328,True,1700618400000,1700704800000,36085.1,37414.1,36079.687235,37419.712115,-368.2960557127457,3.0552444083581554,10.18417565006055,3.0574645532222444,-378.4780112179422,main,delay1
F,1700625600000,1,1.6158996652508861,False,1700632800000,1700719200000,36358.9,37331.6,36364.353835,37326.00026,267.52734543674234,3.040129101814986,10.133743608167464,-3.03444037496954,251.31903235179033,main,delay1
B,1701100800000,-1,1.1531681018469138,False,1701108000000,1701194400000,36914.8,38202.4,36909.262780000005,38208.13036,-348.80319004843545,3.052320478507191,10.174427755263473,3.029275520929275,-359.0006627612768,main,delay1
B,1701662400000,1,3.948900321089853,True,1701669600000,1701756000000,41517.1,41910.0,41523.327565,41903.7135,94.63570432424265,3.0141953556493664,10.047310754484297,-3.0044175278853777,78.56978068622361,main,delay1
B,1701806400000,1,3.480193191781919,True,1701813600000,1701900000000,43907.0,43837.7,43913.586050000005,43831.124345,-15.783360284237801,2.9976324959587073,9.992109503609903,-2.996581986959255,-31.76968427076567,main,delay1
F,1702900800000,1,2.2086340488377356,False,1702908000000,1702994400000,41381.3,42894.0,41387.507195000006,42887.5659,365.55158972772654,3.0548327384594645,10.182748378494633,-3.6292455127346916,348.6847630980377,main,delay1
B,1703088000000,1,1.9654139447170689,True,1703095200000,1703181600000,44033.5,43481.5,44040.105025000004,43474.977775,-125.35910159310525,2.981196134762171,9.937329851136067,-8.482200225383748,-146.75982780438724,main,delay1
F,1703232000000,-1,2.1098867495488123,False,1703239200000,1703325600000,43782.3,43655.9,43775.73265500001,43662.448385,28.87011417856107,2.995669482872693,9.985562777652158,4.429506100971826,20.318388019008047,main,delay1
F,1703592000000,1,1.3721120466573777,False,1703599200000,1703685600000,42757.2,42942.9,42763.613580000005,42936.458565,43.43128174903978,3.0065146922642922,10.021712383528392,-9.45160972634984,20.951444946897258,main,delay1
F,1703894400000,1,1.6135343436400276,False,1703901600000,1703988000000,42200.0,42212.0,42206.33,42205.6682,2.843601895734597,3.0004265402847574,10.001421587677726,-10.922088336259868,-21.080334568487753,main,delay1
B,1704139200000,1,1.053513617485865,False,1704146400000,1704232800000,43679.7,45154.9,43686.251955,45148.126765,337.73125731174997,3.050659688597496,10.168840298811578,-15.893180461154897,308.618576863186,main,delay1
B,1704153600000,1,2.1301990191890563,True,1704160800000,1704247200000,44926.5,45347.8,44933.23897500001,45340.99783,93.77538869041722,3.014066308305821,10.046880661191059,-11.087758260095807,69.62668346082454,main,delay1
B,1704168000000,1,4.105949925745778,True,1704175200000,1704261600000,45218.2,45200.0,45224.98273,45193.22,-4.024928015709845,2.9993962607987723,9.997987837861746,-11.016231771105312,-28.03854388547568,main,delay1
F,1704297600000,1,4.458292722818414,False,1704304800000,1704391200000,42914.5,43983.0,42920.93717500001,43976.40255,248.9834438243484,3.037347516575402,10.124473048153886,-3.0216031583993757,232.80002010121973,main,delay1
B,1704715200000,1,1.242430100218035,False,1704722400000,1704808800000,44915.9,46835.3,44922.63738500001,46828.274705,427.33196930263034,3.064099795396974,10.213633934753618,-3.0896767470187614,410.964558825461,main,delay1
B,1704744000000,1,3.834962803188745,True,1704751200000,1704837600000,47087.2,45450.1,47094.263080000004,45443.282484999996,-347.6741025161825,2.947848884624619,9.8261890242996,-2.9877280132836526,-363.43586843839034,main,delay1
P,1704974400000,1,1.2372691497785058,False,1704981600000,1705068000000,47329.5,45788.4,47336.59942500001,45781.531740000006,-325.61087693721646,2.951158368460106,9.837218982347164,-2.9398096611660804,-341.3390639491898,main,delay1
F,1704988800000,-1,4.612280444210343,False,1704996000000,1705082400000,46517.4,43834.1,46510.42239,43840.675115000005,576.8379144148217,2.9134743128396363,9.71153777994901,2.941752044846015,567.1546543668791,main,delay1
B,1705089600000,-1,4.03605486214625,True,1705096800000,1705183200000,43466.0,42969.4,43459.4801,42975.84541000001,114.25021856163404,2.9828624672173345,9.942866321952792,2.9690071036203003,104.29349687608422,main,delay1
F,1705449600000,-1,0.8190917309431303,True,1705456800000,1705543200000,42965.4,42595.2,42958.95519,42601.58928,86.16235389406461,2.987075646916804,9.956912360876427,2.9772426762878967,76.19560856255927,main,delay1
B,1705608000000,-1,2.9984425573543736,True,1705615200000,1705701600000,41120.7,41635.1,41114.531895,41641.345265,-125.0951467265882,3.018764272009483,10.062556955499302,3.0033116157421937,-135.1731563383548,main,delay1
F,1705622400000,1,1.4634307916371645,False,1705629600000,1705716000000,41266.4,41664.8,41272.589960000005,41658.55028,96.54343485256805,3.014481515228645,10.04826447666867,-3.0010177771746505,80.47967108349609,main,delay1
P,1705680000000,-1,0.8960688875399467,False,1705687200000,1705773600000,41239.2,41586.6,41233.01412,41592.83799,-84.24023744398569,3.0126360356162865,10.042126436739803,3.0282122468037693,-94.26678766953802,main,delay1
F,1705694400000,1,2.742928489368025,False,1705701600000,1705788000000,41635.1,41732.3,41641.345265,41726.040155,23.345686692239088,3.0035018530051607,10.011671092419618,-2.99941757047275,7.33109617634156,main,delay1
B,1706011200000,-1,3.4980217735567307,True,1706018400000,1706104800000,38857.9,39976.2,38852.071315,39982.19643,-287.7921864022491,3.043168827962117,10.143917677615105,3.064265075810581,-297.91500783201576,main,delay1
B,1706270400000,1,3.0381125957347797,True,1706277600000,1706364000000,41002.1,41727.0,41008.250315000005,41720.74095,176.79582265298643,3.0265193733996067,10.088384651639794,-2.941088917005227,160.7398297109418,main,delay1
B,1706299200000,1,1.7305590354819733,True,1706306400000,1706392800000,41976.9,42137.8,41983.196535,42131.47933,38.3306056426276,3.0057495908469387,10.01916242802589,-2.7127887061693454,22.59290491758543,main,delay1
F,1706313600000,-1,0.8623780503653707,True,1706320800000,1706407200000,41804.8,42074.5,41798.52928,42080.811175,-64.51412278015852,3.009677118417738,10.032261899949289,2.834436284828536,-74.721625513697,main,delay1
F,1707148800000,-1,1.1209973074444597,False,1707156000000,1707242400000,42714.8,43164.0,42708.39278,43170.4746,-105.16261342672729,3.015774392014556,10.052589193909373,2.6864426636133585,-115.54453434903786,main,delay1
B,1707336000000,1,1.4413227217005566,False,1707343200000,1707429600000,44174.8,45298.2,44181.42622000001,45291.405269999996,254.30788594402105,3.038146182893187,10.127134869880567,-1.9279744240539014,239.2146304671934,main,delay1
B,1707350400000,1,2.4158896420759306,True,1707357600000,1707444000000,44628.7,45473.9,44635.394305,45467.078915000006,189.38485772608308,3.02840772865902,10.094678224998715,-1.235677830834783,175.02609394159055,main,delay1
B,1707408000000,1,1.5325278028113414,True,1707415200000,1707501600000,45027.4,47624.0,45034.15411,47616.856400000004,576.671093600785,3.0865006640395536,10.288292296468374,-2.3694953594984387,560.9268052807786,main,delay1
F,1707436800000,-1,1.1202695598432346,False,1707444000000,1707530400000,45473.9,47280.1,45467.078915000006,47287.192015,-397.1948744224702,3.059579231162917,10.198627226826817,2.8648010294460513,-407.58827985101397,main,delay1
B,1707480000000,1,3.0207044512714516,True,1707487200000,1707573600000,47446.0,47286.0,47453.1169,47278.907100000004,-33.72254773848164,2.994941617838575,9.98314125532184,-2.7656232441585553,-49.46625385580061,main,delay1
B,1707624000000,1,1.8157219118394317,True,1707631200000,1707717600000,48217.3,48063.7,48224.532595000004,48056.490444999996,-31.85578620121944,2.995221632070353,9.984074496083355,-2.9992060155981357,-47.83428834497129,main,delay1
F,1707638400000,-1,1.762474805641991,False,1707645600000,1707732000000,48135.1,47886.8,48127.879735,47893.98302000001,51.583979258378115,2.9922624031113103,9.974204141572368,3.005101592137962,41.6226143058324,main,delay1
F,1707710400000,-1,1.9539362299059333,False,1707717600000,1707804000000,48063.7,50072.3,48056.490444999996,50079.81084500001,-417.90374024471816,3.062685561037875,10.208983212902877,3.080533430193473,-428.09487558846547,main,delay1
B,1707753600000,1,2.3639321681694927,True,1707760800000,1707847200000,49868.1,48854.2,49875.580215,48846.871869999995,-203.3163485274156,2.9695025477218744,9.898357074462432,-2.981964197589642,-219.16617234718956,main,delay1
F,1707768000000,-1,2.9700396010295034,False,1707775200000,1707861600000,49835.4,49531.9,49827.92469,49539.32978500001,60.900484394627114,2.9908649273426455,9.969545190266357,2.9839208434530478,50.923995120471155,main,delay1
F,1707796800000,-1,1.5033036918231413,False,1707804000000,1707890400000,50072.3,49551.1,50064.789155000006,49558.532665000006,104.08948660237384,2.984386577010564,9.94794744998732,2.9650432541211407,94.12219582949709,main,delay1
B,1707912000000,1,4.658869195155326,True,1707919200000,1708005600000,51820.0,52247.0,51827.77300000001,52239.16295,82.4006175221922,3.0123600926303036,10.041194128714784,-3.2229516845112247,66.1241116163359,main,delay1
B,1707969600000,1,2.806624908093905,True,1707976800000,1708063200000,51982.9,52099.4,51990.69743500001,52091.58509,22.411215996029465,3.0033616824010676,10.011203927156817,-2.9945028466740027,6.402147539797577,main,delay1
F,1708012800000,-1,1.6154385879741595,False,1708020000000,1708106400000,51909.6,52047.2,51901.81356,52055.00708,-26.507620941020264,3.0039761431415717,10.013255798542081,2.9973261233904713,-36.527526759313446,main,delay1
F,1708444800000,-1,2.0458755084890443,False,1708452000000,1708538400000,51346.5,50956.6,51338.798025000004,50964.24349,75.93506860253405,2.98860973970933,9.962026770568588,3.144992375608203,66.12942446786434,main,delay1
B,1708963200000,1,1.3288768812506997,False,1708970400000,1709056800000,53550.0,56804.1,53558.03250000001,56795.579385,607.675070028011,3.0911512605060154,10.303791959383755,-13.421034917815838,580.8590918903053,main,delay1
B,1708977600000,1,3.4489611977071912,True,1708984800000,1709071200000,54683.3,56755.7,54691.50249500001,56747.186645,378.9822486938414,3.0568473373041676,10.189462700678268,-13.142886765228836,352.59305189063014,main,delay1
B,1709107200000,1,2.217433816742315,True,1709114400000,1709200800000,59357.1,62772.2,59366.003565000006,62762.78417,575.3481891804012,3.086302228378054,10.287630943476012,-20.845317381842914,541.1289386267042,main,delay1
P,1709107200000,1,2.217433816742315,True,1709114400000,1709200800000,59357.1,62772.2,59366.003565000006,62762.78417,575.3481891804012,3.086302228378054,10.287630943476012,-20.845317381842914,541.1289386267042,main,delay1
B,1709136000000,1,2.5692995099246936,True,1709143200000,1709229600000,61467.8,61082.9,61477.02017000001,61073.737565,-62.61815129222153,2.9906072773071677,9.968695620715238,-20.644078203080912,-96.22153239332485,main,delay1
B,1709553600000,1,2.867509842431089,True,1709560800000,1709647200000,65173.3,67851.9,65183.07599500001,67841.722215,410.996527719172,3.061649479157291,10.205467439120007,-20.053154703899114,377.6762560969956,main,delay1
B,1709568000000,1,1.3871993105370046,False,1709575200000,1709661600000,66936.0,65660.7,66946.04040000001,65650.850895,-190.52527787737586,2.971421208320447,9.904751650457154,-22.00636418803036,-225.4078149241838,main,delay1
B,1709582400000,1,2.74479699515839,True,1709589600000,1709676000000,67452.7,63301.2,67462.817905,63291.70482,-615.4683207640317,2.9076797518860626,9.692311999742042,-21.837791419617005,-649.9061039352769,main,delay1
B,1709596800000,1,2.830000183131962,True,1709604000000,1709690400000,68603.4,63159.9,68613.69051,63150.426015000005,-793.4737928440856,2.8809789310738365,9.603322614112423,-19.968082404914743,-825.9261767941866,main,delay1
F,1709654400000,-1,2.283905439563652,False,1709661600000,1709748000000,65660.7,67397.2,65650.850895,67407.30958,-264.46565449347935,3.039669848174793,10.132252662170828,11.965753605036996,-265.671823398788,main,delay1
F,1709913600000,-1,1.9888837473969905,False,1709920800000,1710007200000,68402.2,68218.3,68391.93966999999,68228.532745,26.885100186835245,2.995967234972819,9.986555433524067,7.670438078908191,21.573015597246552,main,delay1
B,1710144000000,1,3.742033660422327,True,1710151200000,1710237600000,71894.6,72019.5,71905.38419000001,72008.697075,17.37265385717344,3.002605898078866,10.008685023979547,-15.665280587693648,-11.30391765257862,main,delay1
P,1710144000000,1,3.742033660422327,False,1710151200000,1710237600000,71894.6,72019.5,71905.38419000001,72008.697075,17.37265385717344,3.002605898078866,10.008685023979547,-15.665280587693648,-11.30391765257862,main,delay1
F,1710187200000,-1,1.1530320488423462,False,1710194400000,1710280800000,72595.2,70895.0,72584.31072,70905.63425,234.20281230714937,2.964869578154733,9.882881028635502,13.662878088854864,235.01793978921398,main,delay1
B,1710633600000,-1,2.5789904050026027,True,1710640800000,1710727200000,66213.1,67686.7,66203.16803500001,67696.853005,-222.5541471400661,3.033383122070443,10.11129376513107,6.399400999787638,-229.29942302747997,main,delay1
F,1710864000000,1,1.262077692853294,False,1710871200000,1710957600000,64916.4,64149.9,64926.137460000005,64140.277515,-118.07493946059856,2.982288759081494,9.940971385890162,-4.277646196425249,-135.27584580199547,main,delay1
B,1710892800000,-1,2.355475731301524,True,1710900000000,1710986400000,62430.1,67835.4,62420.735485,67845.57531,-865.8163289823332,3.1298724493484893,10.432973100715841,4.005724816324498,-875.3734497160729,main,delay1
P,1710892800000,-1,2.355475731301524,False,1710900000000,1710986400000,62430.1,67835.4,62420.735485,67845.57531,-865.8163289823332,3.1298724493484893,10.432973100715841,4.005724816324498,-875.3734497160729,main,delay1
F,1710921600000,1,2.654554762919545,False,1710928800000,1711015200000,63259.2,66899.5,63268.68888,66889.465075,575.4577990236999,3.0863186698542444,10.287685740176926,-4.167533402640101,557.9162612110285,main,delay1
P,1711108800000,-1,1.3499017663555524,True,1711116000000,1711202400000,63097.1,64628.2,63087.635435,64637.894230000005,-242.65774496767656,3.0363986617467815,10.12134707181471,3.2499335226823565,-252.56555717855568,main,delay1
F,1711353600000,-1,0.8212123371360589,True,1711360800000,1711447200000,67101.9,71191.5,67091.83471499999,71202.178725,-609.4611329932544,3.091419169950395,10.304776276081602,7.2156937595857125,-615.6416346797006,main,delay1
B,1711382400000,1,1.500612433071542,True,1711389600000,1711476000000,70605.9,70125.4,70616.490885,70114.88119,-68.05380286916532,2.9897919295705413,9.965978202600635,-6.672537864824328,-87.68211086616084,main,delay1
B,1711396800000,1,1.3287707239694688,False,1711404000000,1711490400000,69904.5,70054.3,69914.985675,70043.791855,21.429235599997558,3.0032143853404754,10.010713010607331,-6.739488033388409,1.6758201706613418,main,delay1
F,1711411200000,-1,1.340282094103225,False,1711418400000,1711504800000,70332.0,70387.9,70321.4502,70398.458185,-7.9480179719038535,3.001192202695089,10.003974605087302,7.378826996378765,-13.57435778330748,main,delay1
F,1711440000000,-1,1.1853417010453315,False,1711447200000,1711533600000,71191.5,70116.4,71180.821275,70126.91746,151.01521951356634,2.977347717074085,9.924481064101753,8.36867850789546,146.482069240286,main,delay1
F,1711555200000,-1,2.173539596857324,False,1711562400000,1711648800000,68732.3,70847.9,68721.990155,70858.527185,-307.8028816146108,3.0461704322423313,10.15392452602343,8.566057938713325,-312.43691863416325,main,delay1
P,1711584000000,1,0.6616669749887197,False,1711591200000,1711677600000,69506.0,70840.8,69516.4259,70830.17388,192.04097487986692,3.0288061462323848,10.096006084366817,-7.910137709638425,171.0060249396293,main,delay1
B,1711987200000,-1,0.9753614705812123,False,1711994400000,1712080800000,68784.8,65650.2,68774.48228000001,65660.04753,455.7111454856314,2.9316433281758356,9.772110248921274,3.627129920779658,446.63452182931394,main,delay1
F,1712001600000,1,0.8306888481717494,True,1712008800000,1712095200000,69629.0,65722.9,69639.44435,65713.04156499999,-560.987519567997,2.9158518720658253,9.719548314279969,-3.5831536597516065,-577.2060734140944,main,delay1
B,1712073600000,-1,1.493815555975162,False,1712080800000,1712167200000,65650.2,65980.7,65640.35247,65990.59710500001,-50.34257321379067,3.007551385983595,10.025175062299889,3.008809046070538,-60.36649061600362,main,delay1
F,1712088000000,1,1.2254813933633641,False,1712095200000,1712181600000,65722.9,65944.7,65732.758435,65934.808295,33.74775002320393,3.00506216250405,10.016871343930351,-3.0054808238276163,17.720335692941912,main,delay1
F,1712116800000,1,1.6103436535427533,False,1712124000000,1712210400000,66112.7,65606.1,66122.616905,65596.25908500001,-76.62672981136625,2.988505990528129,9.961692382099056,-2.9950593693105865,-92.57198755330401,main,delay1
F,1712520000000,-1,0.9895493455057823,True,1712527200000,1712613600000,69049.3,71742.9,69038.942605,71753.661435,-390.0980893361687,3.0585147134013972,10.195078302024786,5.688716359636087,-397.6629659919588,main,delay1
B,1712563200000,1,1.0702643645642873,False,1712570400000,1712656800000,72263.2,70442.6,72274.03948,70432.03361000001,-251.94012996933313,2.9622089805049217,9.874048830525084,-7.579766517425332,-272.35615429778846,main,delay1
B,1712577600000,1,2.832604147578771,True,1712584800000,1712671200000,71994.8,69979.7,72005.59922,69969.203045,-279.8952146543925,2.958015717801265,9.860073384813903,-7.6080242434455005,-300.3213280004532,main,delay1
P,1712779200000,1,1.3287758085860872,False,1712786400000,1712872800000,70049.9,70172.3,70060.407485,70161.774155,17.47325834869268,3.0026209887531126,10.008735318679973,-5.42287308512291,-0.9609710438633137,main,delay1
P,1713340800000,-1,0.9437988047161209,False,1713348000000,1713434400000,63302.3,61608.4,63292.80465500001,61617.641260000004,267.58901335338544,2.9598616479967133,9.866185424147307,1.8714633071557512,256.6344295883972,main,delay1
B,1713369600000,-1,2.341862141654602,True,1713376800000,1713463200000,61242.8,62755.1,61233.613580000005,62764.513265,-246.93514992782752,3.0370402724893446,10.12348609510016,0.9456309181277721,-259.15004537728925,main,delay1
B,1713513600000,1,3.3164533999730255,True,1713520800000,1713607200000,64744.8,63583.4,64754.51172000001,63573.86249,-179.38120127021804,2.9730928198107858,9.910322852954987,-1.4946691054791308,-193.75928604846297,main,delay1
B,1713988800000,-1,1.166330849853142,False,1713996000000,1714082400000,64362.0,64672.8,64352.3457,64682.500920000006,-48.289363288897626,3.007243404494099,10.024148303346694,1.218935345167927,-60.101819651570494,main,delay1
F,1714003200000,1,1.187018347564956,False,1714010400000,1714096800000,64028.4,64370.9,64038.00426000001,64361.244365000006,53.49188797471122,3.008023783196655,10.026741932095758,-0.6928986885865122,39.76422357083229,main,delay1
F,1714060800000,1,1.1124677005665025,False,1714068000000,1714154400000,64674.9,63984.5,64684.60123500001,63974.902325,-106.74929532167833,2.9839876057025183,9.94663335853631,-0.7843543059403587,-120.46427059185753,main,delay1
B,1714363200000,-1,0.9832359030904025,False,1714370400000,1714456800000,62422.3,63296.0,62412.936655000005,63305.4944,-139.96600573833342,3.0209949008609356,10.069993500319598,2.2391617085827593,-150.8178324309312,main,delay1
F,1714406400000,1,0.8018000379373877,True,1714413600000,1714500000000,63000.0,60352.4,63009.450000000004,60343.347140000005,-420.253968253968,2.9369619047619855,9.789904534920636,-2.8686876621614283,-435.84952235581204,main,delay1
B,1714478400000,-1,3.187231247344282,True,1714485600000,1714572000000,60800.1,57283.5,60790.979985,57292.09252500001,578.3872065999889,2.9132419190112713,9.71076301765951,2.8427762578707925,568.6059779211888,main,delay1
B,1714492800000,-1,1.0621746875248865,False,1714500000000,1714586400000,60352.4,57398.5,60343.347140000005,57407.109775000004,489.44201059112834,2.9265836984114286,9.755242286553644,2.7899096262722893,479.55009423243564,main,delay1
B,1714507200000,-1,1.6487277720531268,True,1714514400000,1714600800000,60149.2,57888.0,60140.177619999995,57896.68320000001,375.93184946765666,2.943610222581335,9.812005880377463,2.7993346832316264,365.9755680479295,main,delay1
B,1714550400000,-1,3.7042509696679997,True,1714557600000,1714644000000,57090.0,57775.8,57081.4365,57784.46637000001,-120.12611665790907,3.018018917499185,10.060072067787706,2.286811946127345,-130.91739569706863,main,delay1
F,1714564800000,1,3.4725339135417768,False,1714572000000,1714658400000,57283.5,58429.6,57292.09252500001,58420.83556,200.07506524566384,3.030011259787951,10.10002252699294,-2.27908724160378,184.66594421727916,main,delay1
F,1714795200000,-1,0.9330595783755914,True,1714802400000,1714888800000,63358.9,63184.8,63349.396165000006,63194.277720000006,27.478381095631164,2.995878242835415,9.986258748573603,2.065390648363153,16.5616347525853,main,delay1
F,1714996800000,-1,2.707747307357698,False,1715004000000,1715090400000,63855.9,63191.5,63846.321615,63200.97872500001,104.04676780062631,2.984392984831289,9.947968812592103,1.5288024441382837,92.64320844734121,main,delay1
B,1715126400000,-1,1.2270840736810562,False,1715133600000,1715220000000,62500.0,61529.0,62490.625,61538.22935000001,155.36,2.976696000001393,9.922308348000001,2.0307149685585086,144.49171062055711,main,delay1
F,1715140800000,1,0.7499290885462534,True,1715148000000,1715234400000,62589.9,61547.2,62599.288485000005,61537.967919999996,-166.59237352991528,2.9750111439712668,9.916716307663059,-2.027798183651145,-181.51189916520073,main,delay1
B,1715212800000,-1,1.841812151520685,True,1715220000000,1715306400000,61529.0,62850.8,61519.77065,62860.22762000001,-214.8255294251496,3.0322238294155466,10.107428876627283,1.1673344458304484,-226.797847685362,main,delay1
P,1715270400000,1,0.9975559693042663,False,1715277600000,1715364000000,61916.0,60368.3,61925.28740000001,60359.24475500001,-249.96769817171602,2.962504845274932,9.875034898491506,-1.461477655371794,-264.2667155708543,main,delay1
P,1715356800000,-1,1.9451110183588567,True,1715364000000,1715450400000,60368.3,61070.1,60359.24475500001,61079.260515,-116.25306659289654,3.0174379599887913,10.058135252276443,1.7883556820681352,-127.54028412309363,main,delay1
B,1715788800000,1,2.3086861035238395,True,1715796000000,1715882400000,65004.5,64976.7,65014.250675,64966.953495,-4.2766270027464115,2.999358505949354,9.997862007245653,-1.0962556327503974,-18.370103148691815,main,delay1
B,1715803200000,1,2.169316323135252,True,1715810400000,1715896800000,65835.5,65429.0,65845.375325,65419.18565,-61.744803335586425,2.9907382794998814,9.969132229192457,-1.0824182892075433,-75.7870921334863,main,delay1
F,1715832000000,-1,0.9541717441027978,True,1715839200000,1715925600000,65757.3,65675.0,65747.436405,65684.85125,12.515720688045723,2.9981226418982407,9.993741200976924,1.3329528637239507,0.8568097088945098,main,delay1
B,1715961600000,1,1.1443719640949017,False,1715968800000,1716055200000,66677.4,66826.9,66687.40161,66816.875965,22.421390156184856,3.003363208523658,10.011209013473833,-0.7871159609392975,8.61970197324807,main,delay1
B,1716235200000,1,3.2754092556578374,True,1716242400000,1716328800000,69693.0,69751.7,69703.45395000001,69741.237245,8.422653638098101,3.001263398047229,10.004210695120028,-3.0981467670058223,-7.680967222074979,main,delay1
B,1716249600000,1,4.979537315834095,True,1716256800000,1716343200000,71124.8,70200.0,71135.46872,70189.47,-130.0249701932382,2.9804962544710594,9.934997266776145,-3.0174613087689073,-145.95792502325435,main,delay1
F,1716508800000,1,3.5698800356958427,False,1716516000000,1716602400000,67761.3,68622.1,67771.46419500001,68611.806685,127.03416256771976,3.019055124386259,10.063507553721669,-3.0120754048778577,110.93952448473397,main,delay1
B,1716825600000,1,0.9954256460832912,False,1716832800000,1716919200000,70238.5,67812.4,70249.03577500001,67802.22813999999,-345.4088569659098,2.948188671457021,9.82732147718132,-2.926750998384077,-361.1111181129323,main,delay1
F,1716840000000,-1,0.9443855104497237,True,1716847200000,1716933600000,69835.7,68434.7,69825.224645,68444.965205,200.61372621739312,2.969907941068199,9.899678090861839,2.9436319819232857,190.68777216738638,main,delay1
F,1716926400000,1,0.9898577898912171,True,1716933600000,1717020000000,68434.7,67737.0,68444.965205,67726.83945,-101.95120311771618,2.984707319532905,9.949032044781376,-3.2306547928533336,-118.11559727488378,main,delay1
F,1717185600000,1,1.2186848112938289,False,1717192800000,1717279200000,67602.5,67787.7,67612.640375,67777.531845,27.395436559298414,3.004109315483124,10.013695663621908,-3.027392800008613,11.350238780184768,main,delay1
B,1717516800000,1,1.586380807784369,True,1717524000000,1717610400000,70606.3,71660.0,70616.890945,71649.251,149.23597469347595,3.022385396203981,10.074606794648638,-3.9946569837191634,132.14432551890417,main,delay1
P,1717516800000,1,1.586380807784369,True,1717524000000,1717610400000,70606.3,71660.0,70616.890945,71649.251,149.23597469347595,3.022385396203981,10.074606794648638,-3.9946569837191634,132.14432551890417,main,delay1
B,1717603200000,1,1.310555679218098,False,1717610400000,1717696800000,71660.0,71137.9,71670.74900000001,71127.22931499999,-72.85794027351463,2.989071308961109,9.963576494208766,-3.1995294609373097,-89.01011753762181,main,delay1
P,1717675200000,1,0.5786654201344529,False,1717682400000,1717768800000,71163.5,71576.7,71174.17452500001,71565.963495,58.06347355034493,3.008709521032965,10.02902738201466,-3.1748880004628486,41.85084864683446,main,delay1
B,1718092800000,-1,3.0742236052487506,True,1718100000000,1718186400000,67104.9,67760.2,67094.834265,67770.36403,-97.6530774950865,3.014647961623728,10.048833862728356,2.9957538336637124,-107.72080548577487,main,delay1
B,1718107200000,-1,2.670252603622774,True,1718114400000,1718200800000,66833.0,69325.0,66822.97505000001,69335.39875000001,-372.8696901231428,3.0559304535183776,10.18646281028833,3.007941607179388,-383.1041417797701,main,delay1
B,1718121600000,-1,1.4088907685370924,False,1718128800000,1718215200000,66785.2,69804.0,66775.18222,69814.4706,-452.01631499194474,3.0678024472480776,10.226042058719598,3.06213500183903,-462.2480244960734,main,delay1
P,1718222400000,-1,3.1132385917051484,False,1718229600000,1718316000000,68531.8,66983.3,68521.52023000001,66993.34749500001,225.95349895960706,2.966106975156044,9.887006304007775,2.9542922285556483,216.0546779089989,main,delay1
P,1718294400000,-1,2.101976520092981,False,1718301600000,1718388000000,66920.0,65400.1,66909.962,65409.910015,227.12193664076534,2.965931709504366,9.886421997534372,2.9898098436579503,217.25939277738453,main,delay1
P,1718380800000,-1,1.0329485259408773,False,1718388000000,1718474400000,65400.1,66239.5,65390.289985,66249.43592500001,-128.34842760179288,3.019252264141489,10.064183839932968,3.0340699134203164,-138.39779379244703,main,delay1
P,1718899200000,-1,1.5847907034089186,False,1718906400000,1718992800000,64948.0,63651.8,64938.2578,63661.34777000001,199.57504465110506,2.9700637433031454,9.9001975095461,2.0390286752478906,188.74381207350368,main,delay1
B,1719187200000,-1,1.7069954355903014,True,1719194400000,1719280800000,63290.7,60470.3,63281.206395,60479.370545000005,445.62629264647006,2.9331560561027663,9.777153431704816,2.415264606174367,435.33124776483686,main,delay1
B,1719259200000,-1,3.1558591180620925,True,1719266400000,1719352800000,60081.5,61900.2,60072.487775,61909.48503,-302.7054917070974,3.045405823756889,10.151375448765426,2.1447710967602345,-313.75750188285946,main,delay1
F,1719273600000,1,4.18391178619115,False,1719280800000,1719367200000,60470.3,62065.3,60479.370545000005,62055.990205,263.7658486893566,3.0395648773039565,10.131863141906027,-2.4103648835616824,248.18405578658493,main,delay1
P,1719561600000,-1,1.0503907586625272,True,1719568800000,1719655200000,61530.2,60970.8,61520.97047,60979.945620000006,90.91470529918548,2.986362794205098,9.954535828747511,2.9664936205248806,80.94030029675774,main,delay1
B,1719604800000,-1,1.2185720382025003,False,1719612000000,1719698400000,60365.4,61048.2,60356.34519,61057.35723,-113.11115307775573,3.016966672962624,10.05656405987536,3.024715239688795,-123.15996857090492,main,delay1
F,1719619200000,1,1.0480181423652135,False,1719626400000,1719712800000,60900.6,60958.8,60909.73509,60949.656180000005,9.556556093044136,3.001433483414105,10.004777561304815,-3.0072009825195485,-6.456855934194334,main,delay1
B,1719792000000,1,2.6224717836619402,True,1719799200000,1719885600000,63631.9,62914.6,63641.44478500001,62905.16281,-112.72647838584152,2.9830910282425043,9.943645215292959,-2.9745508164818273,-128.6277654458588,main,delay1
F,1720051200000,1,1.9452306982055356,False,1720058400000,1720144800000,58561.7,57150.8,58570.484255,57142.227380000004,-240.92538297214634,2.963861192555023,9.87955537791765,-2.9607072940237393,-256.72950683664277,main,delay1
F,1720108800000,1,2.1482221998456796,False,1720116000000,1720202400000,58230.4,56422.5,58239.134560000006,56414.036625,-310.47356707149555,2.953428964939925,9.844786501981785,-2.0851614194721315,-325.3569439578894,main,delay1
B,1720152000000,-1,6.783571658841122,True,1720159200000,1720245600000,54772.0,56342.1,54763.7842,56350.551315000004,-286.66106769882396,3.0429991601555235,10.143352033429492,1.7674345884758638,-298.07998430393314,main,delay1
F,1720713600000,-1,2.1153519014311275,False,1720720800000,1720807200000,57778.4,58138.5,57769.73324,58147.22077500001,-62.3243288149202,3.009348649323785,10.031166838732123,1.3381889929040856,-74.02665531007202,main,delay1
B,1721016000000,1,2.2464843173667264,True,1721023200000,1721109600000,62769.2,63631.9,62778.61538,63622.355215,137.44001835295086,3.0206160027535884,10.068709701175099,0.252848765015063,124.60354141403724,main,delay1
F,1721044800000,-1,1.5317927010809183,False,1721052000000,1721138400000,62877.6,63390.5,62868.168359999996,63400.00857500001,-81.57117956156111,3.0122356769357657,10.040791707619247,0.30913366362977496,-94.31507328248634,main,delay1
B,1721088000000,1,2.494401574103904,True,1721095200000,1721181600000,64811.9,65632.9,64821.62178500001,65623.055065,126.6742681513723,3.019001140224219,10.063327633505576,-0.7840493276775419,112.80789004996497,main,delay1
F,1721116800000,-1,3.2036981387310015,False,1721124000000,1721210400000,63152.2,65300.0,63142.72717,65309.795000000006,-340.0989989264037,3.0510148498396457,10.170075006888123,0.11038697782163884,-353.2097018053098,main,delay1
B,1721160000000,1,1.6670355086000082,True,1721167200000,1721253600000,64464.4,64276.6,64474.06966000001,64266.95851,-29.132358324905358,2.995630146252604,9.985436005764424,-0.049915932115600595,-42.16334040903799,main,delay1
B,1721419200000,1,2.459546740772405,True,1721426400000,1721512800000,66861.5,67059.3,66871.529225,67049.24110500001,29.583542098218395,3.0044375313147844,10.014789552283455,-0.04882893661427852,16.51548607800588,main,delay1
P,1721491200000,1,0.2698043019875148,False,1721498400000,1721584800000,67368.8,66620.9,67378.90532,66610.906865,-111.01578178622874,2.9833476327319732,9.944500435290518,0.24766148517904568,-123.69596836907219,main,delay1
B,1721606400000,1,1.652756438227503,True,1721613600000,1721700000000,67809.0,67380.2,67819.17135,67370.09297,-63.23644353994351,2.9905145334695074,9.968386520963294,-1.332623873917527,-77.52796846829382,main,delay1
F,1721620800000,-1,0.7896331900444156,True,1721628000000,1721714400000,67600.0,66400.0,67589.86,66409.96,177.5147928994083,2.97337278106595,9.91122928994083,1.3367439684389584,165.96693479684046,main,delay1
B,1721764800000,-1,1.4065153164901614,False,1721772000000,1721858400000,65854.0,65624.0,65844.1219,65633.84360000001,34.925744829471256,2.9947611382769685,9.9825345081544,3.0084447735987183,24.956893956638602,main,delay1
B,1721880000000,-1,2.6523294540806224,True,1721887200000,1721973600000,64244.9,66899.9,64235.263265,66909.934985,-413.26237569052057,3.061989356354471,10.20666218252344,3.0300045352828002,-423.5010226941157,main,delay1
F,1721923200000,1,1.3379641417257477,False,1721930400000,1722016800000,65028.8,67340.4,65038.55432000001,67330.29894,355.4732672292878,3.053320990085647,10.177709973119603,-2.386665452365567,339.85557081371695,main,delay1
F,1722268800000,-1,1.8413104705220003,False,1722276000000,1722362400000,66980.7,65839.8,66970.65289499999,65849.67597000001,170.33264806130634,2.9744501027927956,9.914820901020741,1.454425083341371,158.8978021408342,main,delay1
P,1722326400000,1,0.8679141224053422,False,1722333600000,1722420000000,66580.1,66230.0,66590.08701500001,66220.0655,-52.583279388286556,2.992112508093123,9.973712304051812,-1.7827140833372128,-67.33181828376871,main,delay1
F,1722384000000,1,1.1277374990229991,False,1722391200000,1722477600000,66269.1,64172.7,66279.04036500001,64163.074094999996,-316.3465325468444,2.952548020118424,9.841850459716522,-1.9002540671293255,-331.0411850938087,main,delay1
B,1722456000000,-1,1.5116400186814547,True,1722463200000,1722549600000,64950.1,64879.8,64940.357485,64889.53197000001,10.823693881917908,2.9983764459186513,9.994587341282,2.774757715095281,0.6054878098125389,main,delay1
B,1722470400000,-1,1.6263392110677206,True,1722477600000,1722564000000,64172.7,64628.4,64163.074094999996,64638.094260000005,-71.01150489226795,3.0106517257345624,10.035511078309002,3.0001002549559233,-81.05756744135559,main,delay1
B,1722484800000,-1,1.694412022405057,True,1722492000000,1722578400000,64279.5,64161.0,64269.858075000004,64170.62415,18.435115394488136,2.9972347326907562,9.990781059669104,2.995115606549678,8.442215208677954,main,delay1
F,1722499200000,1,1.5807863986066397,False,1722506400000,1722592800000,64441.9,64485.4,64451.56628500001,64475.727190000005,6.750266519143601,3.001012539978337,10.003374626989585,-2.9851584700316103,-9.239279117855933,main,delay1
B,1722528000000,-1,1.5764998459008865,True,1722535200000,1722621600000,63202.5,63075.4,63193.019625,63084.86131000001,20.109964004588196,2.9969835054001406,9.989943509750407,3.0517921172698865,10.174829106707534,main,delay1
F,1722542400000,1,1.6821763454112648,False,1722549600000,1722636000000,64879.8,61966.6,64889.53197000001,61957.30501,-449.0149476416395,2.9326477578553183,9.775526202300252,-2.9728958981339333,-464.69601749992904,main,delay1
B,1722643200000,-1,2.3873846349756587,True,1722650400000,1722736800000,61313.9,60715.0,61304.702915,60724.10725000001,97.67768809356467,2.9853483467872692,9.951153830126612,2.3952391620237137,87.13642507867449,main,delay1
F,1722657600000,1,2.021656261920135,False,1722664800000,1722751200000,61673.8,60762.1,61683.05107000001,60752.985685,-147.82614335422892,2.9778260784976127,9.926098015283639,-2.3812616452432924,-163.11132909325346,main,delay1
B,1722715200000,-1,1.748840496847864,True,1722722400000,1722808800000,60631.4,58444.0,60622.305290000004,58452.7666,360.77016199527,2.945884475700747,9.819587861240215,2.5068087514060373,350.51149840973505,main,delay1
F,1722729600000,1,1.2441711570275849,False,1722736800000,1722823200000,60715.0,54389.6,60724.10725000001,54381.44156,-1041.818331549041,2.8437272502688717,9.479168970600348,-2.461433157294738,-1056.6026609272049,main,delay1
B,1722787200000,-1,1.1990546381266631,False,1722794400000,1722880800000,57842.1,54676.2,57833.423685,54684.401430000005,547.3348996665062,2.917899765050929,9.726291500049275,1.9684577870642668,536.6591661884703,main,delay1
F,1722801600000,1,2.4396631153193082,False,1722808800000,1722895200000,58444.0,54344.9,58452.7666,54336.748265,-701.3722537813974,2.8947941619331523,9.649366476028336,-1.9481851373134969,-715.8645995566723,main,delay1
P,1722988800000,-1,1.4592584326747,False,1722996000000,1723082400000,56935.2,56842.0,56926.659719999996,56850.526300000005,16.36948671472079,2.9975445769938585,9.991814028931136,-0.11106797483947264,3.26906013395632,main,delay1
P,1723046400000,-1,1.2461534916683532,False,1723053600000,1723140000000,55545.9,59439.5,55537.568115,59448.41592500001,-700.9698285562029,3.105145474284876,10.350537487015245,0.7018314077186615,-713.7236801097843,main,delay1
B,1723132800000,1,2.1404833711566305,True,1723140000000,1723226400000,59439.5,60172.7,59448.41592500001,60163.674094999995,123.3523162206945,3.018502847434899,10.061666906686632,-1.2290624941724857,109.04308397240048,main,delay1
F,1723449600000,1,1.4076435716354316,False,1723456800000,1723543200000,58267.5,58912.9,58276.240125000004,58904.063065,110.76500622130715,3.016614750933755,10.055374195735187,-0.4469682230284457,97.24604905160977,main,delay1
B,1723752000000,-1,1.8551318942855823,True,1723759200000,1723845600000,57583.0,58993.4,57574.36255,59002.24901000001,-244.93340048278162,3.0367400100736948,10.122485070246427,-1.927805874480448,-260.0204314375822,main,delay1
F,1723766400000,1,1.3738126244574842,False,1723773600000,1723860000000,57515.3,59212.2,57523.92729500001,59203.31817,295.03453863580546,3.0442551807960894,10.147495141727507,0.6109220878032182,282.45371040108506,main,delay1
F,1723953600000,-1,0.7924337874677488,True,1723960800000,1724047200000,59455.3,58446.9,59446.38170500001,58455.667035000006,169.606410193877,2.9745590384709604,9.915184074422298,-0.8045009539176752,155.91216612706606,main,delay1
B,1724126400000,1,1.4416909162832638,False,1724133600000,1724220000000,61088.8,59356.4,61097.96332000001,59347.49654,-283.5871714618721,2.9574619242820765,9.858227683306923,0.3812846634120219,-296.0215764060491,main,delay1
B,1724270400000,1,1.1842226266099987,False,1724277600000,1724364000000,61206.4,60513.6,61215.58096000001,60504.52296,-113.19077743503995,2.9830213833850103,9.943413100590789,0.8056456560821051,-125.31156626293364,main,delay1
B,1724443200000,1,2.016559250011498,True,1724450400000,1724536800000,64350.1,63584.1,64359.75251500001,63574.562385,-119.03633405387095,2.982144549893467,9.94049076069812,-0.48643769830357075,-132.44540706276612,main,delay1
F,1724630400000,-1,1.2443390502733211,False,1724637600000,1724724000000,63893.3,62962.2,63883.716005,62971.64433,145.72732978262286,2.9781409005336377,9.927125405558956,0.9945686327629264,133.81663210929318,main,delay1
B,1724760000000,-1,1.3217807668723862,False,1724767200000,1724853600000,62208.7,59315.4,62199.368695,59324.29731000001,465.09571812302715,2.9302356422827143,9.767417258759629,0.34836769836731507,452.7464329203521,main,delay1
B,1724774400000,-1,1.0006171935174217,False,1724781600000,1724868000000,61906.0,58620.1,61896.7141,58628.893015,530.7886149969311,2.9203817077513503,9.73456588335541,-0.3134908175770541,517.8201765882473,main,delay1
P,1724961600000,-1,1.831273648825189,False,1724968800000,1725055200000,59470.1,59025.0,59461.179485,59033.85375,74.8443335390387,2.9887733499691467,9.962572219905466,0.7356280095901924,62.628615978754276,main,delay1
P,1725033600000,-1,1.5964906909353191,False,1725040800000,1725127200000,58602.6,58981.5,58593.80961,58990.347225000005,-64.65583438277508,3.009698375158597,10.032332766378968,0.5667242239065922,-77.13114130040606,main,delay1
F,1725206400000,1,0.8806562182196405,True,1725213600000,1725300000000,58090.1,58492.7,58098.813515,58483.926094999995,69.30612961588956,3.0103959194432326,10.034647866848223,0.34588545492827616,56.606971284526374,main,delay1
F,1725249600000,1,1.7595815570388054,False,1725256800000,1725343200000,57751.9,59166.6,57760.56278500001,59157.72501,244.96163762577459,3.0367442456446163,10.122462446690067,-0.6271361866882301,231.17529474675166,main,delay1
F,1725336000000,-1,1.4433161474827,False,1725343200000,1725429600000,59166.6,56223.1,59157.72501,56231.533465,497.4935183025558,2.9253759722543635,9.75121592883485,1.174523203427476,485.99144960489406,main,delay1
B,1725638400000,-1,2.927227050674704,True,1725645600000,1725732000000,53915.8,54110.3,53907.71263,54118.41654500001,-36.07476843522678,3.0054112152663053,10.018040089825245,-1.5588436620605546,-50.65706340237889,main,delay1
B,1725652800000,-1,2.5658696020980156,True,1725660000000,1725746400000,53740.0,53906.1,53731.939,53914.185915,-30.90807592110133,3.0046362113890606,10.015456356066245,-1.5639431171366664,-45.492111605693296,main,delay1
F,1725667200000,1,2.560165340783465,False,1725674400000,1725760800000,53789.4,54246.9,53797.46841000001,54238.762965,85.0539325592031,3.0127580898851583,10.042520587234659,1.129754868616804,73.12840875070009,main,delay1
P,1725811200000,-1,0.5672005667489537,False,1725818400000,1725904800000,54470.1,56480.0,54461.929485,56488.47200000001,-368.99142832489775,3.0553487142499876,10.184523388519574,-1.874510146337747,-384.1058105740051,main,delay1
B,1725912000000,1,2.3307634700144098,True,1725919200000,1726005600000,57424.9,57479.9,57433.51373500001,57471.278015,9.57772673526641,3.001436659011025,10.004788145038129,1.001169319923467,-2.4273287488592774,main,delay1
F,1725926400000,-1,1.8533604738796237,False,1725933600000,1726020000000,56871.1,56698.7,56862.569335,56707.204805,30.31416659779773,2.9954528750107756,9.984840643138606,-1.313525253025214,16.020347826623134,main,delay1
B,1726113600000,1,2.036020676604072,True,1726120800000,1726207200000,57943.4,57910.0,57952.091510000006,57901.313500000004,-5.7642457984863595,2.999135363130289,9.997118309419193,0.35428762679576,-18.406211844240083,main,delay1
F,1726156800000,-1,1.3286308226348162,False,1726164000000,1726250400000,58358.6,59549.8,58349.846209999996,59558.73247000001,-204.1173023341897,3.030617595351756,10.10207395996477,-0.3429618769557216,-217.59295576646196,main,delay1
B,1726243200000,1,1.6012151378958546,True,1726250400000,1726336800000,59549.8,59859.9,59558.73247000001,59850.921015,52.07406238140154,3.0078111093586495,10.026033125636024,0.5626753114255678,39.60289345783243,main,delay1
B,1726272000000,1,1.6326188577319272,True,1726279200000,1726365600000,60366.1,60192.0,60375.15491500001,60182.9712,-28.84069038748545,2.9956738964431926,9.985581817858037,-0.267357452770176,-42.08930355455686,main,delay1
B,1726588800000,1,1.8802798614646947,True,1726596000000,1726682400000,60941.4,59979.9,60950.54121000001,59970.903015,-157.77451781547518,2.9763338223287974,9.9211245741811,-0.7523577965264051,-171.42433400851147,main,delay1
B,1726704000000,1,2.219263843566056,True,1726711200000,1726797600000,61977.2,63018.9,61986.496580000006,63009.447165000005,168.07793833861555,3.0252116907517093,10.084026363323934,-1.5289380491060194,153.4397622354339,main,delay1
B,1726747200000,1,1.6301174393541789,True,1726754400000,1726840800000,63017.3,62821.8,63026.752595000005,62812.37673,-31.023226955137716,2.995346515957014,9.984490713264455,-1.1626081487593731,-45.165672333118565,main,delay1
F,1726819200000,-1,2.1642203457128195,False,1726826400000,1726912800000,63446.0,63093.1,63436.4831,63102.563965,55.62210383633349,2.9916566844253376,9.972184776424045,2.007235542768893,44.665497918253,main,delay1
P,1727035200000,1,0.47546176999989676,False,1727042400000,1727128800000,62750.0,63349.1,62759.412500000006,63339.597635,95.47410358565713,3.014321115538821,10.04772989123506,-1.3386061893227093,81.07344638956054,main,delay1
B,1727064000000,1,2.5347897789097367,True,1727071200000,1727157600000,63725.0,63190.9,63734.558750000004,63181.421365,-83.81326010200056,2.987428010985213,9.958099655943508,-0.8960981471449765,-97.65488591607426,main,delay1
P,1727208000000,1,1.0378125172857238,False,1727215200000,1727301600000,64001.8,63406.6,64011.400270000006,63397.089009999996,-92.99738444856307,2.9860503923335173,9.953508282579554,-0.3690189378486083,-106.30596206132473,main,delay1
B,1727366400000,1,1.976736202325991,True,1727373600000,1727460000000,65106.9,65879.3,65116.66603500001,65869.418105,118.63565920048434,3.0177953488810636,10.059308931925804,-1.906775000044003,103.65177991963348,main,delay1
F,1727380800000,-1,1.1923307150341402,False,1727388000000,1727474400000,65015.3,65785.1,65005.547705000004,65794.96776500001,-118.40289900992579,3.0177604348516582,10.05921032972239,1.9094614536942056,-129.57040832080563,main,delay1
F,1727438400000,-1,1.5087923147975209,False,1727445600000,1727532000000,65646.2,65498.1,65636.35307,65507.92471500001,22.560330986408744,2.9966159503534784,9.988718142481973,1.6068691020936057,11.181865995666897,main,delay1
B,1728230400000,1,0.4747515032275856,False,1728237600000,1728324000000,62555.2,63795.7,62564.583280000006,63786.130645,198.304857150165,3.029745728573922,10.099137555710797,-0.5838283861211353,184.59214547975913,main,delay1
F,1728244800000,-1,0.45197002001143627,True,1728252000000,1728338400000,62274.8,63346.2,62265.45878,63355.70193,-172.04390861150804,3.0258065862929917,10.086034857598898,0.5864571457392852,-184.56929290966062,main,delay1
F,1728489600000,1,0.9202956809998557,True,1728496800000,1728583200000,61727.3,59589.0,61736.55909500001,59580.06165,-346.41074532662253,2.9480383882018564,9.82682060814259,-1.3407582138231746,-360.5263625367902,main,delay1
P,1728489600000,1,0.9202956809998557,True,1728496800000,1728583200000,61727.3,59589.0,61736.55909500001,59580.06165,-346.41074532662253,2.9480383882018564,9.82682060814259,-1.3407582138231746,-360.5263625367902,main,delay1
B,1728504000000,-1,1.4017049205921166,False,1728511200000,1728597600000,60866.7,60172.4,60857.569995,60181.42586000001,114.06894081657059,2.9828896588788134,9.942956974421156,1.359715320398958,102.50280950366957,main,delay1
B,1728878400000,1,1.803894955637749,True,1728885600000,1728972000000,63908.0,65347.0,63917.586200000005,65337.19795,225.16742817800588,3.0337751142272653,10.11256682653189,-3.075019003048288,208.94606723419844,main,delay1
B,1728892800000,1,3.305918497317602,True,1728900000000,1728986400000,64796.2,65617.9,64805.91943,65608.057315,126.81299211990783,3.019021948818084,10.063396985085545,-3.048898152157226,110.68167503384699,main,delay1
P,1729180800000,1,0.9285299635213363,False,1729188000000,1729274400000,67256.4,68680.0,67266.48846000001,68669.698,211.6675885120235,3.031750138278235,10.105817919186872,-3.034243559139056,195.49577689541934,main,delay1
B,1729267200000,1,1.0342906196374098,False,1729274400000,1729360800000,68680.0,68109.4,68690.30200000001,68099.18359,-83.0809551543398,2.9875378567274637,9.958465753494465,-2.9840828351716655,-99.01104159973339,main,delay1
F,1729713600000,1,1.9047128441130325,False,1729720800000,1729807200000,66401.0,68324.5,66410.96015000001,68314.251325,289.67937229860996,3.043451905846117,10.144817960196383,-3.0334953518493695,273.4576070807181,main,delay1
F,1730131200000,-1,1.076736637035769,False,1730138400000,1730224800000,68949.0,72700.8,68938.65765000001,72711.70512000001,-544.1413218465827,3.081621198277287,10.27211147152243,3.0938070022770456,-554.4012475141054,main,delay1
B,1730145600000,1,1.705311942935895,True,1730152800000,1730239200000,69770.1,72300.1,69780.56551500001,72289.254985,362.6195175297154,3.054392927629811,10.181282562301043,-3.0573970655051372,346.3264449742794,main,delay1
B,1730217600000,1,1.4912754427830321,False,1730224800000,1730311200000,72700.8,71909.9,72711.70512000001,71899.11351499999,-108.78834895902229,2.983681747658146,9.945613984646663,-2.9854425582719855,-124.70308724959908,main,delay1
P,1730462400000,1,1.2168312766434985,False,1730469600000,1730556000000,71213.2,69360.0,71223.88198,69349.596,-260.2326534968232,2.960965101975964,9.869903190700603,-2.930509108539288,-275.99403089803906,main,delay1
F,1730764800000,1,2.3479804674490814,False,1730772000000,1730858400000,67983.4,71089.5,67993.59751,71078.836575,456.89094690762835,3.0685336420389095,10.228411206632797,-3.0572389730434195,440.5367630859132,main,delay1
F,1730836800000,-1,1.6914555479932665,False,1730844000000,1730930400000,69145.4,75886.1,69135.02819,75897.48291500002,-974.8587758549393,3.14622881637913,10.48750250233566,3.1394653172724434,-985.3530418563817,main,delay1
B,1730865600000,1,8.205112596750523,True,1730872800000,1730959200000,74781.5,74793.3,74792.717225,74782.081005,1.577930370479719,3.000236689556004,10.000788846840464,-2.9860569397852412,-14.40915210570199,main,delay1
B,1730923200000,1,1.6395362398092295,True,1730930400000,1731016800000,75886.1,75863.7,75897.48291500002,75852.320445,-2.9517922254548234,2.9995572311663774,9.99852432527169,-2.984089782988584,-18.933963564881477,main,delay1
F,1730937600000,-1,2.027298674373425,False,1730944800000,1731031200000,75395.2,75981.3,75383.89072,75992.69719500002,-77.73704426807089,3.011660556642014,10.038874352412355,3.0072263977298292,-87.78035277939543,main,delay1
B,1731009600000,1,1.9005737702538386,True,1731016800000,1731103200000,75863.7,76463.4,75875.079555,76451.93049,79.04966406858578,3.0118574496105723,10.03951890330949,-3.0113326506420073,62.98695506502372,main,delay1
B,1731240000000,1,1.85365692297368,True,1731247200000,1731333600000,79779.0,81850.3,79790.96685000001,81838.022455,259.6297271211726,3.038944459070192,10.129795391331053,-6.144639545721179,240.31634772505018,main,delay1
F,1731268800000,-1,1.2418133235085256,False,1731276000000,1731362400000,79931.9,87989.2,79919.910215,88002.39838,-1008.0205775166114,3.1512030866274383,10.50408589030162,5.777304506260704,-1015.8985619872798,main,delay1
B,1731326400000,1,1.9978127553840554,True,1731333600000,1731420000000,81850.3,86418.6,81862.57754500001,86405.63721,558.1286812632334,3.0837193021906466,10.279022480980524,-11.114640032545879,533.6512994475163,main,delay1
B,1731340800000,1,2.3834848253181042,True,1731348000000,1731434400000,84638.6,87014.3,84651.29579000002,87001.24785500001,280.68753500176007,3.0421031302510544,10.140322715935756,-13.72177681127548,253.78333234429778,main,delay1
B,1731513600000,1,2.8027546108563866,True,1731520800000,1731607200000,92282.8,89265.9,92296.64242000002,89252.510115,-326.9189924883086,2.950962151128084,9.836565022680283,-2.9174463423927315,-342.62396600450967,main,delay1
F,1731528000000,-1,2.0192534454960307,False,1731535200000,1731621600000,88587.7,88262.4,88574.411845,88275.63936,36.72067341177194,2.9944918989892346,9.981636909243608,3.039136554236762,26.78368115777586,main,delay1
P,1732089600000,1,0.8874912410472205,False,1732096800000,1732183200000,93112.6,97640.8,93126.56689000002,97626.15388,486.3144193159676,3.072947162899059,10.243120736076536,-3.071202765563307,469.9271486514287,main,delay1
B,1732118400000,1,1.0645179502019513,False,1732125600000,1732212000000,93903.6,98099.3,93917.68554000002,98084.585105,446.8092810073306,3.06702139215237,10.223371129807592,-3.066040690521663,430.452847794849,main,delay1
B,1732161600000,1,1.8686418296320626,True,1732168800000,1732255200000,97343.1,98820.1,97357.70146500002,98805.276985,151.7313502446501,3.022759702538346,10.075854295271057,-2.9996701863021618,135.6330660605385,main,delay1
B,1732579200000,-1,1.80688199110803,True,1732586400000,1732672800000,94909.4,92821.0,94895.16359,92834.92315,220.04142898385138,2.9669937856524284,9.8899627824009,7.694933070343361,214.8794054861414,main,delay1
B,1732881600000,1,0.9126624063832207,False,1732888800000,1732975200000,97280.0,96463.6,97294.592,96449.13046,-83.92269736842044,2.987411595395734,9.958044945518091,-4.796206331106085,-101.66436024044036,main,delay1
B,1733140800000,-1,1.3888162137234503,False,1733148000000,1733234400000,95739.5,93775.0,95725.139075,93789.06625,205.19221428981768,2.969221167856982,9.89738850343902,5.127289176578123,197.4528937950998,main,delay1
F,1733155200000,1,0.8002546951843134,True,1733162400000,1733248800000,94650.9,95896.0,94665.097635,95881.6156,131.54655687373346,3.0197319835310017,10.0657634124451,-5.021666857822098,113.43939461993524,main,delay1
P,1733155200000,1,0.8002546951843134,False,1733162400000,1733248800000,94650.9,95896.0,94665.097635,95881.6156,131.54655687373346,3.0197319835310017,10.0657634124451,-5.021666857822098,113.43939461993524,main,delay1
F,1733241600000,1,1.2090530368167296,False,1733248800000,1733335200000,95896.0,95609.7,95910.38440000001,95595.358545,-29.855259864853895,2.9955217110214716,9.985074609212063,-7.631148858467288,-50.46700504355472,main,delay1
B,1733356800000,1,2.9347324825585135,True,1733364000000,1733450400000,98254.1,98175.0,98268.83811500002,98160.27375000001,-8.050554633344136,2.99879241680572,9.995975326474927,-13.383392903390556,-34.42871528001534,main,delay1
B,1733371200000,1,5.929123231099124,True,1733378400000,1733464800000,102591.7,97915.9,102607.088755,97901.212615,-455.767864261924,2.931634820361167,9.772150250458857,-12.817540060931108,-481.2891893936752,main,delay1
P,1733716800000,-1,1.565988665022035,True,1733724000000,1733810400000,99499.9,96983.0,99484.97501499999,96997.54745000001,252.95502809550504,2.96205674578747,9.87350351432514,4.177308714483867,244.29677654987628,main,delay1
B,1733774400000,-1,0.7808797674929376,False,1733781600000,1733868000000,96952.8,96870.6,96938.25708000001,96885.13059000002,8.478352352897192,2.9987282471472705,9.995760187947125,2.993521302988671,-1.5226147792085332,main,delay1
F,1733788800000,1,3.4295461411313077,False,1733796000000,1733882400000,97977.2,95755.5,97991.89658,95741.136675,-226.75683730500538,2.9659864744044424,9.886638588110296,-2.954600378296175,-242.5640627458163,main,delay1
F,1734033600000,-1,1.3914708371848779,False,1734040800000,1734127200000,99728.0,101242.3,99713.0408,101257.48634500001,-151.84301299534764,3.0227764519499716,10.075932894723648,3.0074031365313654,-161.93431920548989,main,delay1
F,1734249600000,-1,1.3825582000074694,False,1734256800000,1734343200000,102207.2,104642.2,102191.86892,104657.89633,-238.24153288613718,3.0357362299338693,10.119138634558034,3.053486179638812,-248.34292157099028,main,delay1
F,1734278400000,-1,0.528936721402629,True,1734285600000,1734372000000,103124.3,107026.9,103108.831355,107042.954035,-378.43650817508495,3.0567654762271483,10.189246636825656,2.976931426160511,-388.7055888619773,main,delay1
F,1734321600000,-1,2.172756804839453,False,1734328800000,1734415200000,105003.4,106784.0,104987.64949,106800.0176,-169.57546136601349,3.0254363192053333,10.08480044884261,2.723143962320024,-179.96255417174137,main,delay1
P,1734523200000,1,0.9641292943924068,False,1734530400000,1734616800000,104554.5,101924.6,104570.18317500001,101909.31131,-251.53388902438385,2.962269916647689,9.874251920529487,-2.928637677136613,-267.2990485386976,main,delay1
B,1734566400000,-1,5.03734784211278,True,1734573600000,1734660000000,99753.6,96307.4,99738.63696,96321.84611,345.4712411381656,2.9481793138299546,9.827238469087835,3.004576057533362,335.70039941278117,main,delay1
F,1734580800000,1,2.4919029482798694,False,1734588000000,1734674400000,101271.0,96715.3,101286.19065,96700.792705,-449.8523762972615,2.932522143556118,9.775107550779591,-2.959556815008838,-465.519562806606,main,delay1
B,1734638400000,-1,2.769517566230483,True,1734645600000,1734732000000,97393.2,96602.7,97378.59101999999,96617.190405,81.16583087936324,2.9878251253689814,9.959410997123003,3.0004740881759715,71.21906884504723,main,delay1
B,1734696000000,-1,4.993218806561882,True,1734703200000,1734789600000,95188.0,97300.0,95173.7218,97314.59500000002,-221.87670714795985,3.0332815060739136,10.110954994327018,2.171182534848017,-232.84976111351273,main,delay1
F,1734710400000,1,1.9628367893602308,False,1734717600000,1734804000000,97170.2,97563.4,97184.77553000001,97548.76548999999,40.465080858122874,3.006069762130771,10.020229505547999,-2.1322233297514366,25.30655826069266,main,delay1
F,1735070400000,-1,1.2180334082280322,False,1735077600000,1735164000000,98355.2,98473.9,98340.44671999999,98488.67108500001,-12.068502732951291,3.0018102754119065,10.006035156504181,3.001078594048205,-22.075269570819174,main,delay1
F,1735329600000,1,0.8825557868674443,True,1735336800000,1735423200000,94489.9,95127.5,94504.073485,95113.23087500001,67.4781114171997,3.0101217167123937,10.033733994850245,-2.2771459155916327,52.15710979004544,main,delay1
F,1735516800000,1,0.872964358364509,True,1735524000000,1735610400000,93899.9,92410.4,93913.984985,92396.53843999999,-158.6263670142354,2.9762060449492953,9.92069871347041,-2.8457877304649513,-174.36905950312007,main,delay1
B,1735574400000,-1,1.5236399551995934,True,1735581600000,1735668000000,93800.0,94082.8,93785.93000000001,94096.91242000001,-30.14925373134359,3.0045223880594203,10.015076888059701,2.9954046632340083,-40.1734483442287,main,delay1
B,1735819200000,1,1.178371362314758,False,1735826400000,1735912800000,96426.0,96464.0,96440.4639,96449.5304,3.940845829962873,3.00059112687441,10.001970127351544,-3.0041772965797606,-12.065892720842843,main,delay1
B,1736136000000,1,1.4681639041761596,False,1736143200000,1736229600000,99560.0,101698.8,99574.93400000001,101683.54518,214.82523101647277,3.0322237846535063,10.107396503615911,-3.0490385929293895,198.63657213527395,main,delay1
B,1736179200000,1,1.785405418925277,True,1736186400000,1736272800000,101795.2,97250.8,101810.46928,97236.21238000001,-446.4257646725969,2.933036135298998,9.776820599596052,-2.6892474301770024,-461.824868837669,main,delay1
F,1736222400000,-1,0.9995518810036839,True,1736229600000,1736316000000,101698.8,96454.7,101683.54518,96469.16820500001,515.6501354981579,2.922652479676641,9.74213625849076,2.639986394646485,505.6253331546369,main,delay1
B,1736280000000,-1,1.8266866289788604,True,1736287200000,1736373600000,96475.7,94422.8,96461.228645,94436.96342000001,212.78933451635947,2.968081599823912,9.893589373541731,2.9852404570152897,202.91290400000912,main,delay1
F,1736438400000,1,1.5204585293755692,False,1736445600000,1736532000000,92656.6,95759.2,92670.49849000001,95744.83611999999,334.8493253583653,3.050227398804973,10.167399548979782,-1.1047857756416162,320.5269126349389,main,delay1
F,1736467200000,1,2.3400188417054633,False,1736474400000,1736560800000,93056.1,94391.5,93070.05841500002,94377.341275,143.50483203142986,3.0215257248065046,10.071741653153312,-1.2836893950790809,129.12787525839096,main,delay1
F,1736740800000,-1,2.267316969627515,False,1736748000000,1736834400000,94129.1,94886.3,94114.98063500001,94900.53294500001,-80.44271112758935,3.0120664066693545,10.04022738876713,1.7846760001857556,-91.71032892284008,main,delay1
B,1736769600000,-1,3.3792848242467923,True,1736776800000,1736863200000,91090.1,96295.3,91076.43648500001,96309.74429500001,-571.4342173298742,3.0857151325996277,10.285759966231238,2.167376331323327,-582.6383160973818,main,delay1
F,1736784000000,1,3.0397620195614627,False,1736791200000,1736877600000,91942.5,96481.2,91956.29137500002,96466.72782,493.64548494983245,3.07404682274381,10.246785719063546,-3.0548737200949305,477.2697786879302,main,delay1
B,1736956800000,1,1.7217042851497948,True,1736964000000,1737050400000,98596.4,99775.4,98611.18946000001,99760.43368999999,119.57840245688485,3.017936760370353,10.05978023284826,-1.3028174226129767,105.19786804105324,main,delay1
B,1736971200000,1,0.8893998325846512,False,1736978400000,1737064800000,99628.0,100101.1,99642.94420000001,100086.084835,47.48665033926264,3.007122997552594,10.023739763670857,-1.2893273751045697,33.166460202934616,main,delay1
B,1736985600000,1,2.0566125555711343,True,1736992800000,1737079200000,100046.1,101636.3,100061.10691500001,101621.05455500001,158.94672555951675,3.0238420088337863,10.079461441775342,-1.6700371466648747,144.17338496224275,main,delay1
F,1737000000000,-1,1.5112868853606085,False,1737007200000,1737093600000,99345.1,101299.1,99330.198235,101314.29486500002,-196.68811043524036,3.0295032165667513,10.098358806825903,1.6818212813611213,-208.13415117727192,main,delay1
B,1737129600000,1,1.2110721083287317,False,1737136800000,1737223200000,104079.5,103784.0,104095.111925,103768.4324,-28.391758223281244,2.9957412362664653,9.985806250270228,-2.6623940498863847,-44.03569975970432,main,delay1
B,1737144000000,1,1.4968203955245718,False,1737151200000,1737237600000,104568.8,103857.6,104584.48532,103842.02136000001,-68.01263856905665,2.989798104214315,9.965998781663364,-2.649936133102321,-83.61837158803665,main,delay1
B,1737316800000,1,0.4952492832245907,False,1737324000000,1737410400000,103687.4,102586.0,103702.95311,102570.6121,-106.2231283646802,2.9840665307462193,9.946896402552287,-3.0228031127236292,-122.17689441070235,main,delay1
F,1737331200000,-1,7.822334331109949,False,1737338400000,1737424800000,100666.2,101496.8,100651.10007,101512.02452,-82.51031627298993,3.0123765474409554,10.041261346410217,3.122919023019345,-92.44103514382175,main,delay1
B,1738468800000,-1,1.3395291280933548,False,1738476000000,1738562400000,100212.0,94171.9,100196.9682,94186.025785,602.732207719635,2.9095901688428643,9.698588691224604,1.2252032668329575,591.3492321264005,main,delay1
B,1738497600000,-1,1.2026746682365679,False,1738504800000,1738591200000,98750.1,94615.5,98735.28748500001,94629.69232500001,418.6932468929151,2.9371960129669437,9.790621974560027,1.867295648975748,407.8327245543639,main,delay1
F,1738512000000,1,0.7565808629197226,True,1738519200000,1738605600000,97204.0,99150.0,97218.58060000002,99135.1275,200.1975227356899,3.0300296284117283,10.100083746553642,-2.4774181348170283,184.58999122590748,main,delay1
F,1739145600000,1,1.1412686444154738,False,1739152800000,1739239200000,95544.0,97946.1,95558.3316,97931.408085,251.412961567446,3.037711944235959,10.125687624811606,-2.1238128548117063,236.12574914358672,main,delay1
B,1739808000000,-1,0.8369573586893635,False,1739815200000,1739901600000,95434.1,94074.6,95419.784885,94088.71119000002,142.454321882849,2.978631851719188,9.928762154984435,2.952453591792137,132.4993814679375,main,delay1
F,1740067200000,-1,1.1669429345571696,False,1740074400000,1740160800000,97915.3,96929.5,97900.612705,96944.03942500001,100.67885202823285,2.9848981721963805,9.949653023071983,0.23172582037740785,87.9760266533419,main,delay1
B,1740081600000,1,0.9668054088770808,False,1740088800000,1740175200000,98039.8,95366.4,98054.50597000001,95352.09504,-272.6851747963591,2.959097223780955,9.863677863989931,-0.23143155351194108,-285.7393814376419,main,delay1
B,1740412800000,-1,1.7298683568763407,True,1740420000000,1740506400000,94616.0,87219.7,94601.8076,87232.782955,781.7176798850091,2.8827423480178003,9.609082531231504,1.5899868348445452,770.8158418406044,main,delay1
B,1740441600000,-1,3.2934083210086826,True,1740448800000,1740535200000,91982.0,88653.2,91968.2027,88666.49798,361.8968928703445,2.945715466070388,9.819024411297864,0.9797932661714411,350.1119462591477,main,delay1
F,1740456000000,1,3.7053008849049873,False,1740463200000,1740549600000,92035.4,88387.9,92049.20531,88374.641815,-396.31489622471355,2.9405527655673174,9.801872275504861,-0.979224778824034,-410.0365460446098,main,delay1
F,1740484800000,1,7.097455167431276,False,1740492000000,1740578400000,88788.1,87150.0,88801.41821500001,87136.9275,-184.495444772442,2.9723256832842875,9.907766114772137,-1.0873436666092382,-198.46288023710767,main,delay1
B,1740600000000,-1,4.491662202673899,True,1740607200000,1740693600000,84585.6,84379.9,84572.91216,84392.556985,24.318560133168248,2.9963522159809,9.987838896041406,1.8166100268494918,13.150979047995433,main,delay1
B,1740715200000,-1,11.188097867373093,True,1740722400000,1740808800000,79938.3,85546.6,79926.309255,85559.43199000001,-701.578592489458,3.105236788874524,10.350841914639167,0.9023269869400565,-714.1323442060316,main,delay1
B,1740729600000,-1,8.200754117492261,True,1740736800000,1740823200000,80299.9,85334.9,80287.855015,85347.700235,-627.024442122593,3.0940536663187483,10.313559247894455,-0.6848065494162271,-641.1168615862225,main,delay1
F,1740744000000,1,5.235555979519119,False,1740751200000,1740837600000,81462.2,84484.9,81474.41933,84472.227265,371.05553250464595,3.0556583298765907,10.185499937087386,0.6750357520109707,358.48940998969294,main,delay1
B,1740945600000,1,5.177987855818827,True,1740952800000,1741039200000,94245.0,85324.7,94259.13675,85311.901295,-946.5011406440664,2.858024828903275,9.526820417263515,-0.02929299682612346,-958.9152788870592,main,delay1
P,1740974400000,-1,2.4169031188114034,False,1740981600000,1741068000000,93290.9,84231.1,93276.906365,84243.73466500001,971.1343764504351,2.854329843532078,9.51435997669655,0.44596548066317293,959.2116521108695,main,delay1
B,1741536000000,-1,0.7766551232357882,False,1741543200000,1741629600000,82324.4,78420.5,82312.05133999999,78432.26307500001,474.2093474109735,2.9288685978899505,9.762859760593457,0.9139843411050691,462.43160339359514,main,delay1
B,1741564800000,-1,1.75623016982161,True,1741572000000,1741658400000,81715.3,79084.1,81703.042705,79095.96261500001,321.99600319646345,2.951700599521574,9.838977848701527,0.9829394024236603,310.188264150664,main,delay1
P,1741622400000,-1,1.7028875306344557,False,1741629600000,1741716000000,78420.5,81272.6,78408.736925,81284.79089000002,-363.6931669652713,3.054553975045796,10.18187386047016,1.7110909001359973,-375.2185039006513,main,delay1
F,1741665600000,1,2.667000980391104,False,1741672800000,1741759200000,80220.0,81950.1,80232.03300000001,81937.80748500001,215.66940912490725,3.032350411369246,10.107818529356772,-1.2714193920981673,201.25782079208307,main,delay1
B,1741968000000,1,1.0674831278003696,False,1741975200000,1742061600000,84319.9,84375.1,84332.547985,84362.44373500001,6.546497327441286,3.0009819745992403,10.00327275767642,0.8702945834201955,-5.58746282141418,main,delay1
P,1742184000000,1,0.678351369520277,True,1742191200000,1742277600000,83088.8,82983.8,83101.26332000001,82971.35243,-12.637082254166627,2.99810443766353,9.993682406654086,-1.009217714704686,-26.638086813188927,main,delay1
B,1742414400000,1,1.8267901829701307,True,1742421600000,1742508000000,85592.8,84326.0,85605.63892000001,84313.3511,-148.0031030647441,2.977799534541384,9.926009548700359,-0.6843605809411378,-161.59127272892698,main,delay1
B,1742428800000,1,1.5472181352234315,True,1742436000000,1742522400000,85840.4,84733.5,85853.27606,84720.789975,-128.94860694964075,2.980657708957861,9.9355353676707,-0.6441741256142635,-142.50897415188356,main,delay1
F,1742443200000,-1,1.5738430651199466,False,1742450400000,1742536800000,85784.9,84436.8,85772.032265,84449.46552000001,157.1488688568724,2.9764276696717142,9.921413779406402,0.644590885020308,144.8956182928146,main,delay1
B,1742788800000,1,1.354341285021,False,1742796000000,1742882400000,86860.4,86610.8,86873.42906000001,86597.80838,-28.735764514092878,2.9956896353247284,9.985634272925292,-0.17829927206690868,-41.895387694409806,main,delay1
B,1742817600000,1,0.9159792886596985,False,1742824800000,1742911200000,87652.4,87547.1,87665.54786,87533.96793500001,-12.013361870295435,2.998197995720577,9.993994220066995,0.2559809745607421,-24.749573111522263,main,delay1
P,1742904000000,1,0.7635440476602944,False,1742911200000,1742997600000,87547.1,86792.0,87560.23206500002,86778.9812,-86.25071532923486,2.987062392702648,9.956881111139035,0.5098142504425062,-98.68484458263404,main,delay1
P,1742976000000,1,1.1698810831205233,False,1742983200000,1743069600000,87900.7,87369.4,87913.88510500001,87356.29458999999,-60.443204661624186,2.9909335193024797,9.969782930909536,-0.5537664699998082,-73.95768758183601,main,delay1
B,1743148800000,-1,2.8467030154360096,True,1743156000000,1743242400000,85118.9,83509.2,85106.132165,83521.72638000001,189.11193636195924,2.9716332095459075,9.905429848423797,2.1406880798646566,178.37556138385418,main,delay1
B,1743177600000,-1,1.114064211128001,False,1743184800000,1743271200000,83972.8,82293.4,83960.20408000001,82305.74401,199.99333117390498,2.9700010003231028,9.899988334913212,1.6059107046709378,188.72925254333958,main,delay1
B,1743249600000,-1,1.5787240542722305,True,1743256800000,1743343200000,82808.8,82655.2,82796.37868000001,82667.59828,18.54875327259975,2.9972176870094165,9.990724232207205,0.3284995407847634,5.889310894167893,main,delay1
F,1743278400000,1,0.7431172095303361,True,1743285600000,1743372000000,82476.9,82199.3,82489.271535,82186.970105,-33.657909063021435,2.99495131364243,9.98317356981167,-0.5371849826186158,-47.173218929094155,main,delay1
B,1743393600000,-1,1.5759276552402965,True,1743400800000,1743487200000,82133.8,82967.2,82121.47993,82979.64508,-101.46857931813628,3.015220286898517,10.050741899802519,1.1854870279950789,-113.34905447684224,main,delay1
B,1743523200000,1,1.357771326037211,False,1743530400000,1743616800000,85068.4,86567.5,85081.16026,86554.51487500001,176.22289827950286,3.0264334347421595,10.088098232422384,-0.16458003241991534,162.9437865799184,main,delay1
B,1743609600000,1,1.6967224490673851,True,1743616800000,1743703200000,86567.5,81796.1,86580.485125,81783.830585,-551.1768273312726,2.917323475901349,9.724452924596413,-1.6583160548331128,-565.4769197866034,main,delay1
F,1743638400000,-1,7.0714860609725845,False,1743645600000,1743732000000,83712.1,82665.5,83699.543185,82677.89982500001,125.02374208746474,2.981246438689093,9.937478752175611,1.5627934586130978,113.66781035521315,main,delay1
P,1743638400000,-1,7.0714860609725845,False,1743645600000,1743732000000,83712.1,82665.5,83699.543185,82677.89982500001,125.02374208746474,2.981246438689093,9.937478752175611,1.5627934586130978,113.66781035521315,main,delay1
B,1743969600000,-1,3.3033314108345486,True,1743976800000,1744063200000,78920.6,79199.9,78908.76191,79211.779985,-35.38999956918578,3.0053084999368473,10.017697654034562,1.6406105109088571,-46.772395212248334,main,delay1
B,1744012800000,-1,6.87189652043909,True,1744020000000,1744106400000,76244.8,78873.9,76233.36328,78885.731085,-344.8235158332098,3.0517235273763474,10.172437619680295,1.3097714291785751,-356.73790555108786,main,delay1
P,1744257600000,-1,1.783637771888312,False,1744264800000,1744351200000,82115.6,80774.2,82103.28266000001,80786.31613,163.35507504055363,2.975496738744353,9.918310210849096,0.860973264067917,151.3222413550281,main,delay1
B,1744401600000,1,1.6051558473604588,True,1744408800000,1744495200000,83634.3,85317.2,83646.84514500001,85304.40242,201.2212692639257,3.0301831903907273,10.10059554303677,-1.4760905434731924,186.61439998702502,main,delay1
F,1744416000000,-1,0.9404168518167939,True,1744423200000,1744509600000,83181.6,85214.8,83169.12276000001,85227.58222000001,-244.42905642593996,3.036664358464026,10.122232860392204,1.6360413888736411,-255.9519122559226,main,delay1
P,1744444800000,1,0.9611484370269955,True,1744452000000,1744538400000,83507.0,84874.1,83519.52605000001,84861.368885,163.7108266372886,3.024556623997661,10.081843135006647,-1.9162097314332516,148.68821714685103,main,delay1
B,1744473600000,1,0.7499990558457525,False,1744480800000,1744567200000,84730.7,84711.3,84743.40960500001,84698.593305,-2.2896069547394484,2.9996565589581685,9.998855368243152,-2.302024738410004,-17.590143620350776,main,delay1
F,1744732800000,-1,0.83531419654209,True,1744740000000,1744826400000,84430.1,83237.5,84417.43548500001,83249.985625,141.25294178261137,2.9788120587323617,9.92936293513806,1.121848729151988,129.46661551789296,main,delay1
F,1745078400000,-1,0.20406394382533125,True,1745085600000,1745172000000,85189.8,84539.9,85177.02153,84552.58098500001,76.28847585039627,2.988556728624595,9.961850040439113,-0.3604347816234699,62.97763429970909,main,delay1
B,1745208000000,1,3.181064759312083,True,1745215200000,1745301600000,87504.9,88347.6,87518.025735,88334.34786000001,96.30317845057954,3.0144454767682256,10.048144366486907,-1.4704030177334975,81.77018558959091,main,delay1
B,1745337600000,1,1.84161238072699,True,1745344800000,1745431200000,91343.5,93844.0,91357.20152500001,93829.9234,273.7469004362653,3.041062035066714,10.1368529192006,-0.467301516930886,260.10168396506714,main,delay1
B,1745366400000,1,3.3096171934992995,True,1745373600000,1745460000000,92603.7,93447.3,92617.590555,93433.282905,91.0978718992876,3.013664680785788,10.045542103609252,-0.33095128337868257,77.70771383151387,main,delay1
F,1745409600000,-1,1.448650345573606,False,1745416800000,1745503200000,92992.3,92768.4,92978.35115500001,92782.31526,24.07726231096647,2.9963884106534158,9.987959563049845,0.7068892380079735,11.799803575271183,main,delay1
P,1745784000000,1,0.2566050690586794,False,1745791200000,1745877600000,94289.3,94498.9,94303.44339500001,94484.725165,22.229457637291958,3.003334418646061,10.011113061609326,0.517213663162204,9.732223820198776,main,delay1
B,1746100800000,1,1.962963748095184,True,1746108000000,1746194400000,95745.1,96709.7,95759.46176500001,96695.193545,100.7466700645768,3.015112000510097,10.050365779032033,2.987259406763285,90.66845169179796,main,delay1
P,1746158400000,1,0.7214098598799126,False,1746165600000,1746252000000,96650.0,96379.2,96664.49750000001,96364.74312,-28.01862390067283,2.9957972064159475,9.985992789446456,2.4057786569960067,-38.59463523953922,main,delay1
B,1746403200000,-1,2.146697707550022,True,1746410400000,1746496800000,93880.1,94254.8,93866.01798500001,94268.93822000001,-39.912611937992935,3.005986891790772,10.019959299414893,0.34194363098602193,-52.59661449821258,main,delay1
F,1746547200000,1,1.316282246203637,False,1746554400000,1746640800000,94470.9,96277.4,94485.070635,96262.95839,191.22290567783307,3.0286834358513173,10.095597111120991,-0.25760876582542,177.84101636503533,main,delay1
B,1746576000000,1,3.286101797102826,True,1746583200000,1746669600000,97208.7,97769.1,97223.28130500001,97754.43463500001,57.64916103188385,3.0086473741555775,10.028820256828865,-0.36035150759441975,44.25134189330498,main,delay1
F,1746590400000,-1,2.633576425874991,False,1746597600000,1746684000000,96334.2,98700.0,96319.74987,98714.80500000001,-245.58256569318092,3.0368373848544974,10.122809701539017,0.36362269678155495,-258.37859008279287,main,delay1
B,1746676800000,1,3.135195677798184,True,1746684000000,1746770400000,98700.0,102938.9,98714.80500000001,102923.459165,429.4731509625121,3.0644209726452694,10.214704364994935,-2.093806688293902,414.10021893657796,main,delay1
B,1746691200000,1,2.086048271206882,True,1746698400000,1746784800000,99741.1,102885.4,99756.06116500002,102869.96719,315.24617234018757,3.0472869258523914,10.15759944270717,-2.652560586369711,299.3887253852583,main,delay1
B,1746921600000,1,1.5120988590401436,True,1746928800000,1747015200000,104092.0,103965.9,104107.6138,103950.305115,-12.114283518426568,2.9981828574727225,9.99394376681205,-1.8572791910849058,-26.963689333796243,main,delay1
P,1746964800000,1,1.258159832144767,False,1746972000000,1747058400000,103930.0,104283.2,103945.58950000002,104267.55752,33.984412585393734,3.005097661888905,10.016989657461755,-2.4523168676841145,18.51000839835896,main,delay1
B,1747584000000,1,1.063312875931108,False,1747591200000,1747677600000,104804.2,105328.4,104819.92063000001,105312.60074,50.017079468188975,3.0075025619212292,10.025004788453135,-1.4136962758802734,35.57087584193434,main,delay1
F,1747598400000,-1,2.090432533139672,False,1747605600000,1747692000000,104131.2,105408.5,104115.58032,105424.31127500001,-122.66256414984203,3.0183993846242054,10.061340481767232,1.4228329956498278,-134.31947102058362,main,delay1
B,1747612800000,1,2.7176784019883655,True,1747620000000,1747706400000,105022.6,106407.6,105038.35339000002,106391.63886,131.8763770845513,3.019781456563827,10.065928297813995,-1.6457384734569809,117.1449288567165,main,delay1
F,1747627200000,-1,2.452560995401897,False,1747634400000,1747720800000,102990.7,106065.5,102975.251395,106081.40982500001,-298.55122841188603,3.044782684262511,10.149298005548076,1.6782071915472283,-310.06710191014935,main,delay1
P,1747670400000,1,1.5424934321959631,False,1747677600000,1747764000000,105328.4,106153.6,105344.19926000001,106137.67696000001,78.34544149536228,3.0117518162251153,10.03916684483957,-1.6745143231055033,63.62000851119209,main,delay1
F,1747814400000,-1,2.7073511973977014,False,1747821600000,1747908000000,106154.4,110772.6,106138.47684,110789.21589000002,-435.04555628405524,3.0652568334432377,10.217555406558748,2.603584301361319,-445.7247842226959,main,delay1
B,1747843200000,1,2.3319415096665,True,1747850400000,1747936800000,106566.9,111464.2,106582.885035,111447.48037,459.5516994488911,3.068932754917097,10.229741383346989,-3.114044160338999,443.13898115028803,main,delay1
B,1747886400000,1,2.7406204715812903,True,1747893600000,1747980000000,110843.0,110810.4,110859.62645000001,110793.77844,-2.9410968667399673,2.999558835470914,9.998529672148896,-2.944021308610486,-18.883206682970265,main,delay1
B,1748548800000,-1,1.6937753271863583,True,1748556000000,1748642400000,106397.9,104587.2,106381.940315,104602.88808,170.18193028245832,2.974472710457775,9.914896271214001,1.3729083951844914,158.665469695971,main,delay1
F,1748577600000,1,1.70111850916157,False,1748584800000,1748671200000,106028.0,103485.9,106043.9042,103470.377115,-239.7574225676242,2.9640363866151382,9.88013927052288,-1.9506342866035387,-254.55223251136576,main,delay1
P,1748836800000,-1,0.7142160414460946,False,1748844000000,1748930400000,104781.2,105408.0,104765.48282,105423.81120000001,-59.81989135455625,3.008972983703506,10.02991443216913,1.5128137867289169,-71.34596498369997,main,delay1
F,1748923200000,-1,1.2382841574850463,False,1748930400000,1749016800000,105408.0,105307.3,105392.1888,105323.09609500002,9.553354584092013,2.9985669968132296,9.995222606206362,1.0543791878225561,-2.386055831105022,main,delay1
B,1748966400000,1,1.0142969394079773,False,1748973600000,1749060000000,105889.9,105000.7,105905.783485,104984.949895,-83.97401451885375,2.9874038978233233,9.958019290791663,-0.3540778178732588,-97.27351552534199,main,delay1
B,1749153600000,-1,2.859279338620596,True,1749160800000,1749247200000,101488.1,104335.5,101472.876785,104351.15032500001,-280.5649135218803,3.0420847370297652,10.140303499129455,-0.966776483410882,-294.7140782414504,main,delay1
B,1749412800000,1,0.4945119956725663,False,1749420000000,1749506400000,106271.0,109935.9,106286.94065,109919.409615,344.8636034289688,3.05172954051448,10.17240593694423,-0.49378517161520813,331.1456827798949,main,delay1
F,1749427200000,-1,0.6249587495168215,True,1749434400000,1749520800000,105476.4,109742.7,105460.57854,109759.161405,-404.47910622660646,3.06067186593409,10.202269889046272,1.3804348455673798,-416.36161313601946,main,delay1
P,1749427200000,-1,0.6249587495168215,True,1749434400000,1749520800000,105476.4,109742.7,105460.57854,109759.161405,-404.47910622660646,3.06067186593409,10.202269889046272,1.3804348455673798,-416.36161313601946,main,delay1
B,1749470400000,1,2.1171059139007236,True,1749477600000,1749564000000,106971.0,109266.9,106987.04565000001,109250.50996499999,214.62826373503046,3.0321942395619903,10.107298034747737,-1.9848462792726633,199.50392518144807,main,delay1
B,1749499200000,1,1.2278120478417198,False,1749506400000,1749592800000,109935.9,109813.4,109952.390385,109796.92799,-11.142856882965438,2.9983285714684254,9.994429407272785,-2.4415274275494596,-26.57714228925611,main,delay1
B,1749513600000,1,2.3271973070595644,True,1749520800000,1749607200000,109742.7,109562.6,109759.161405,109546.16561000001,-16.411114361136665,2.9975383328461938,9.991795673653009,-2.687448199582611,-32.08789656721848,main,delay1
B,1749772800000,-1,2.1377556099493993,True,1749780000000,1749866400000,103715.0,105420.4,103699.44275,105436.21306000001,-164.4313744395694,3.0246647061671865,10.082228019572868,0.5648198101644826,-176.973447355145,main,delay1
B,1750060800000,1,2.091134657691261,True,1750068000000,1750154400000,106914.3,106112.3,106930.33714500001,106096.383155,-75.01335181542599,2.9887479972285345,9.962498950093673,-1.0414220766539182,-89.00602083940213,main,delay1
B,1750104000000,1,1.2331447193949154,False,1750111200000,1750197600000,108470.9,104490.0,108487.170635,104474.3265,-367.00165666551993,2.9449497515013214,9.816526696791492,-0.962401605606648,-380.7255347194194,main,delay1
F,1750118400000,-1,2.202087013920231,False,1750125600000,1750212000000,107133.2,104726.8,107117.13002,104742.50902000001,224.6175788644411,2.9663073631712247,9.887674364249365,0.6194720520958783,212.3830691891164,main,delay1
B,1750176000000,-1,1.4064364775653164,False,1750183200000,1750269600000,103750.1,104290.0,103734.53748500001,104305.6435,-52.03850405927263,3.0078057756092176,10.026023154917441,0.8728684459160247,-64.19946454388327,main,delay1
P,1750291200000,1,1.1006786145972156,False,1750298400000,1750384800000,104557.8,104733.0,104573.48367000002,104717.29005,16.756282171200723,3.0025134423273165,10.008376884364438,-0.6567550573331262,3.0886367871758416,main,delay1
P,1750435200000,-1,1.3487258003572047,False,1750442400000,1750528800000,103216.6,103144.0,103201.11751000001,103159.4716,7.033752322785851,2.998944937151511,9.996482596307182,1.3376307196593742,-4.624044491013468,main,delay1
B,1750536000000,-1,0.8212038830831223,False,1750543200000,1750629600000,101392.7,99136.0,101377.491095,99150.87040000001,222.57026393418826,2.96661446041052,9.88869817526311,1.7042820916503527,211.41923339016498,main,delay1
B,1750608000000,-1,2.7220137715899098,True,1750615200000,1750701600000,99428.0,102435.5,99413.0858,102450.865325,-302.4801866677395,3.0453720280007017,10.15126277934787,0.10296923104347565,-315.5738522440446,main,delay1
P,1750608000000,-1,2.7220137715899098,True,1750615200000,1750701600000,99428.0,102435.5,99413.0858,102450.865325,-302.4801866677395,3.0453720280007017,10.15126277934787,0.10296923104347565,-315.5738522440446,main,delay1
F,1750636800000,1,2.9399939469551777,False,1750644000000,1750730400000,101047.6,105383.5,101062.75714000002,105367.692475,429.0948028453911,3.0643642204274806,10.214515219312483,-0.3370136787439234,415.4789097269072,main,delay1
B,1750852800000,1,1.4362074347006801,False,1750860000000,1750946400000,107870.2,106905.9,107886.38053000001,106889.86411499999,-89.39447595350737,2.986590828608564,9.955309466608943,-0.48957473329409,-102.82595098201895,main,delay1
F,1750867200000,-1,1.4150002285473118,False,1750874400000,1750960800000,107344.7,107136.9,107328.598295,107152.970535,19.358198401970746,2.997096270239693,9.990319448934136,0.46424066226181354,6.835023345058732,main,delay1
B,1751198400000,1,1.341623118343179,False,1751205600000,1751292000000,108013.1,107481.8,108029.30196500002,107465.67773000001,-49.18847806423506,2.9926217282910423,9.975409450103738,-1.400417296444689,-63.55692653907454,main,delay1
F,1751212800000,-1,0.3346504817026744,True,1751220000000,1751306400000,107485.5,107422.7,107469.377175,107438.81340500001,5.842648543292157,2.9991236027193926,9.997078237529713,0.8978877708888404,-6.255665526068109,main,delay1
P,1751241600000,1,0.9344193680041393,True,1751248800000,1751335200000,108455.2,107171.7,108471.46828,107155.624245,-118.3437954104552,2.982248430688607,9.940836978079428,-0.8855854423615567,-132.1524662615848,main,delay1
F,1751356800000,1,0.9701402566206864,True,1751364000000,1751450400000,106502.5,107591.4,106518.47537500001,107575.26129,102.24173141475498,3.015336259712997,10.051113197577521,-0.6314841741743152,88.54379778329015,main,delay1
B,1751385600000,-1,1.2412870382885883,False,1751392800000,1751479200000,106200.2,109082.7,106184.26997,109099.062405,-271.42133442309904,3.0407132001644346,10.135731023811632,0.945392695117335,-283.65238595195774,main,delay1
B,1751400000000,-1,0.7960237579844891,False,1751407200000,1751493600000,105732.6,109402.4,105716.74011000001,109418.81036,-347.083113438995,3.0520624670159813,10.173567587953007,0.949573672642118,-359.35916982132187,main,delay1
F,1751428800000,1,0.9205802986849625,True,1751436000000,1751522400000,106584.3,109290.4,106600.28764500002,109274.00644,253.89292794529695,3.0380839391929593,10.126927422003053,-1.2601160461719032,239.46780053792904,main,delay1
B,1751486400000,1,2.0989437619320443,True,1751493600000,1751580000000,109402.4,109745.0,109418.81036,109728.53825,31.315583570379246,3.004697337536577,10.015655443116422,-1.3414367808555292,16.953794008870716,main,delay1
F,1751558400000,-1,1.6566736421007076,False,1751565600000,1751652000000,109504.8,107824.9,109488.37428,107841.073735,153.40880034482586,2.97698867994857,9.923284094167562,1.1967241155266966,141.70525168623644,main,delay1
B,1752091200000,1,2.615767490132206,True,1752098400000,1752184800000,110785.7,116459.5,110802.317855,116442.031075,512.141910011852,3.0768212865015805,10.256032544362675,-2.05088921792253,496.75816696306515,main,delay1
B,1752177600000,1,3.5389380978402003,True,1752184800000,1752271200000,116459.5,117585.8,116476.96892500001,117568.16213000001,96.71173240482767,3.014506759860698,10.048348612822483,-3.0087663205178625,80.64011071162663,main,delay1
F,1752235200000,-1,1.930841705886489,False,1752242400000,1752328800000,117967.0,117476.1,117949.30495,117493.72141500002,41.61333254215113,2.993758000119592,9.979190212728986,2.9846345858452787,31.625018915147827,main,delay1
B,1752480000000,1,4.9980981074335915,True,1752487200000,1752573600000,121980.0,116765.0,121998.297,116747.48525,-427.5291031316609,2.935870634530909,9.786267513116904,-2.922333940732743,-443.1735752200414,main,delay1
P,1753243200000,-1,1.3001475191131227,False,1753250400000,1753336800000,118618.7,117556.6,118600.90719499999,117574.23349000001,89.5390018605828,2.986569149721927,9.95522378364457,2.997605927282292,79.5948148544986,main,delay1
B,1753416000000,-1,3.855825778984768,True,1753423200000,1753509600000,115481.2,117415.1,115463.87782,117432.71226500002,-167.46448772614147,3.025119673160721,10.083744803699652,3.018604432082625,-177.5547477709192,main,delay1
P,1753574400000,-1,0.3878467056475599,True,1753581600000,1753668000000,118063.7,119031.6,118045.990445,119049.45474000002,-81.9811677933191,3.012297175169317,10.040996732484246,3.0160610446009235,-92.01840065637174,main,delay1
B,1754006400000,-1,2.421599831762296,True,1754013600000,1754100000000,115270.0,113620.0,115252.7095,113637.043,143.14218790665396,2.978528671814689,9.928418170382582,1.1954077046244729,131.43064876908116,main,delay1
F,1754020800000,1,2.4360160128675625,False,1754028000000,1754114400000,115511.4,113929.1,115528.72671,113912.01063500001,-136.98215067949903,2.979452677398162,9.931519198321553,-1.192909497348859,-151.08603205256762,main,delay1
F,1754049600000,1,1.4924324646686185,False,1754056800000,1754143200000,114304.7,113410.1,114321.84570500001,113393.08848500001,-78.26449831021745,2.988260325254188,9.960873620682266,-1.138711934421407,-92.35234419057532,main,delay1
B,1754078400000,-1,1.97591567964843,True,1754085600000,1754172000000,113834.0,112814.1,113816.9249,112831.02211500001,89.59537572254284,2.9865606936425255,9.95519559248555,1.0076416498625944,77.66126108627736,main,delay1
P,1754078400000,-1,1.97591567964843,False,1754085600000,1754172000000,113834.0,112814.1,113816.9249,112831.02211500001,89.59537572254284,2.9865606936425255,9.95519559248555,1.0076416498625944,77.66126108627736,main,delay1
B,1754164800000,-1,1.5057519466332463,True,1754172000000,1754258400000,112814.1,114378.8,112797.17788500001,114395.95682,-138.69720185685983,3.020804580278327,10.06935900321857,1.7760862434984166,-150.0112791968583,main,delay1
F,1754193600000,1,0.9806222800103906,True,1754200800000,1754287200000,113570.4,114335.7,113587.43556,114318.54964499999,67.3855159442956,3.010107827392447,10.033687704058451,-1.627159856221753,52.71456055662295,main,delay1
B,1754568000000,1,2.8948576433414486,True,1754575200000,1754661600000,116590.7,116862.9,116608.188605,116845.37056499999,23.346630563157877,3.0035019945853256,10.011671564284287,-1.0429158269287557,9.288541177359507,main,delay1
B,1754596800000,1,1.4191809290854362,False,1754604000000,1754690400000,117029.9,116883.1,117047.45448500001,116865.56753500001,-12.543802908486494,2.9981184295647276,9.993729039330976,-1.2050680750830107,-26.74071845246521,main,delay1
F,1754625600000,-1,1.2892628418324104,False,1754632800000,1754719200000,116484.0,116684.6,116466.5274,116702.10269000001,-17.221249270286545,3.002583187390726,10.008611916228839,1.8530786120854128,-28.3793657618207,main,delay1
B,1754798400000,1,2.2239839131292687,True,1754805600000,1754892000000,118000.0,122042.3,118017.70000000001,122023.993655,342.56779661016975,3.051385169492894,10.171258205720338,-3.0152423648305082,326.329910870126,main,delay1
P,1754798400000,1,2.2239839131292687,True,1754805600000,1754892000000,118000.0,122042.3,118017.70000000001,122023.993655,342.56779661016975,3.051385169492894,10.171258205720338,-3.0152423648305082,326.329910870126,main,delay1
B,1754870400000,1,1.5403360306912681,True,1754877600000,1754964000000,120050.0,118924.5,120068.0075,118906.66132500001,-93.75260308204913,2.9859371095375895,9.953130729904206,-3.002520269332195,-109.69419119082313,main,delay1
B,1754884800000,1,3.7890597174545086,True,1754892000000,1754978400000,122042.3,118783.1,122060.60634500001,118765.282535,-267.0549473420279,2.959941757899072,9.866492555450037,-2.9535051234967713,-282.8348867788738,main,delay1
F,1754899200000,-1,2.0741639959363853,False,1754906400000,1754992800000,121412.4,118360.0,121394.18814,118377.75400000002,251.40759922380204,2.962288860117349,9.874277344818157,2.7503111533864746,241.32134417225302,main,delay1
B,1755115200000,1,1.4857893402202689,False,1755122400000,1755208800000,122581.0,117843.6,122599.38715000001,117825.92346,-386.4709865313543,2.942029352021109,9.806793492058313,-2.9635082019117966,-402.18331757734546,main,delay1
F,1755144000000,-1,2.1225294667570327,False,1755151200000,1755237600000,122166.0,118939.2,122147.67510000001,118957.04088000002,264.1324099995091,2.9603801385009145,9.867913985069498,2.1517732241226155,253.4558891000613,main,delay1
B,1755489600000,-1,3.360460675521748,True,1755496800000,1755583200000,115640.0,114926.0,115622.654,114943.23890000001,61.743341404358354,2.9907384987907477,9.969123698547216,1.1808482715323418,49.96432747855273,main,delay1
B,1755619200000,-1,1.5749269691392422,True,1755626400000,1755712800000,113459.9,114150.0,113442.88101499999,114167.12250000001,-60.823251210340025,3.0091234876828428,10.03041618734901,1.0810209634468166,-72.78176992192508,main,delay1
P,1755619200000,-1,1.5749269691392422,False,1755626400000,1755712800000,113459.9,114150.0,113442.88101499999,114167.12250000001,-60.823251210340025,3.0091234876828428,10.03041618734901,1.0810209634468166,-72.78176992192508,main,delay1
F,1755662400000,1,1.3719480125211825,False,1755669600000,1755756000000,113671.8,113934.8,113688.85077000002,113917.70978,23.136785024957817,3.0034705177550127,10.011566657253605,-0.7429259439205798,9.378821906028621,main,delay1
P,1755748800000,-1,0.8775763637803574,False,1755756000000,1755842400000,113934.8,113197.2,113917.70978,113214.17958000001,64.73878042529638,2.990289182937262,9.967625754378822,2.2288813481043546,54.00974683608466,main,delay1
B,1755806400000,-1,0.9864354481621126,False,1755813600000,1755900000000,112581.8,116978.4,112564.91273000001,116995.94676,-390.52493387030506,3.0585787400808995,10.195291756305192,2.3390685147155224,-401.4397358519756,main,delay1
P,1755864000000,-1,0.9750117537076045,False,1755871200000,1755957600000,112434.0,114817.3,112417.1349,114834.52259500002,-211.97324652685157,3.0317959869798514,10.106002521256915,2.6763428616788514,-222.4347021734095,main,delay1
B,1755878400000,1,3.9238441366824763,True,1755885600000,1755972000000,116972.8,115050.0,116990.34592,115032.74250000001,-164.38009520161975,2.975342985719462,9.91782228090633,-2.9419533945118324,-180.21521386275737,main,delay1
P,1755921600000,-1,1.432859795364789,False,1755928800000,1756015200000,115919.9,114970.9,115902.512015,114988.14563500001,81.8668753164901,2.9877199687031992,9.959060422326107,2.9555591923867577,71.87565411784755,main,delay1
F,1756180800000,1,2.0037795931774776,False,1756188000000,1756274400000,110141.2,111316.8,110157.72118000001,111300.10248,106.73571742454286,3.016010357614787,10.053359853533465,-1.568519149823425,92.09782806357117,main,delay1
P,1756339200000,-1,2.0018149841339072,True,1756346400000,1756432800000,111600.1,111425.0,111583.359985,111441.71375000001,15.689950098611543,2.997646507486367,9.992153848204437,2.169935618797154,4.8700853617178925,main,delay1
B,1756483200000,-1,2.014767564594793,True,1756490400000,1756576800000,108411.5,108728.9,108395.238275,108745.209335,-29.27733681389836,3.004391600523615,10.01464086420721,2.357361815397813,-39.93900746323138,main,delay1
F,1756512000000,1,1.633604810195346,False,1756519200000,1756605600000,107405.0,109380.0,107421.11075,109363.59300000001,183.88343187002468,3.0275825147804167,10.091927924677622,-1.495904859045367,169.26801657152126,main,delay1
F,1756526400000,1,0.9615150560200377,True,1756533600000,1756620000000,108300.1,108707.9,108316.34501500001,108691.593815,37.654628204405014,3.005648194230818,10.018824490005088,-1.4835412098951675,23.14661431027394,main,delay1
F,1756713600000,1,1.9985378903667355,False,1756720800000,1756807200000,109485.3,110408.0,109501.72279500001,110391.4388,84.27615396770133,3.0126414230953675,10.042131756272303,-2.0718270751580183,69.14955371317565,main,delay1
B,1756785600000,1,1.7020096784635932,True,1756792800000,1756879200000,110164.6,110647.6,110181.12469000001,110631.00286000001,43.84348511227744,3.0065765227671757,10.021918454294756,-1.5973252539925715,29.21766488122294,main,delay1
F,1756814400000,-1,1.4689848496408413,False,1756821600000,1756908000000,111113.4,111409.4,111096.73298999999,111426.11141,-26.63945122730472,3.003995917684833,10.013321723572496,1.222890621885369,-38.43387824667667,main,delay1
B,1756915200000,1,1.4778435282621514,False,1756922400000,1757008800000,112251.8,109728.4,112268.63777000002,109711.94073999999,-224.7981769557378,2.9662802734580733,9.887617771385404,-1.3855663508664608,-239.03764135144772,main,delay1
B,1757059200000,1,2.289845784832646,True,1757066400000,1757152800000,112252.8,110653.2,112269.63792000001,110636.60202,-142.49978619687045,2.9786250320701813,9.92876079438553,-1.4624958401928503,-156.869667863519,main,delay1
F,1757088000000,-1,3.0506420471685844,False,1757095200000,1757181600000,110567.1,110096.2,110550.51493500001,110112.71443,42.58952256141372,2.993611571615988,9.978702044505104,1.2067228147432645,30.823931760035897,main,delay1
B,1757404800000,1,2.745314048433217,True,1757412000000,1757498400000,112928.8,112240.3,112945.73932000001,112223.463955,-60.96761853486444,2.9908548572205325,9.969520763303958,-2.055279635012775,-75.98327379040171,main,delay1
B,1757520000000,1,2.213973002452889,True,1757527200000,1757613600000,113693.9,114534.1,113710.954085,114516.91988500001,73.90018285941565,3.011085027429461,10.036944548915994,-1.3488477857606567,59.50330549730953,main,delay1
B,1757563200000,1,0.7170673441352631,False,1757570400000,1757656800000,114215.2,115559.6,114232.33228,115542.26606000001,117.70762560499904,3.017656143840931,10.05884498473058,-1.380215138319087,103.25090933810844,main,delay1
B,1757635200000,1,1.3404409332447749,False,1757642400000,1757728800000,115329.5,115703.1,115346.799425,115685.744535,32.39414026766836,3.0048591210406057,10.016194640573316,-0.907127608460975,18.465958897593467,main,delay1
F,1757649600000,-1,2.0956114269790267,False,1757656800000,1757743200000,115559.6,115656.7,115542.26606000001,115674.04850500001,-8.402590524715494,3.001260388579841,10.004201925456647,0.905321353829539,-20.502731484922442,main,delay1
B,1757707200000,1,1.6163115324699733,True,1757714400000,1757800800000,115810.5,115849.8,115827.87157500001,115832.42253000001,3.393474684938145,3.000509021203096,10.00169648283187,-0.3827558813423359,-9.991486700439156,main,delay1
F,1758081600000,-1,0.8134081250831192,True,1758088800000,1758175200000,117070.4,117228.1,117052.83944,117245.68421500002,-13.470527135809876,3.0020205790710497,10.006736273857442,1.9593377132904648,-24.519946275447904,main,delay1
B,1758096000000,1,1.5120881356570866,True,1758103200000,1758189600000,116503.9,117251.4,116521.375585,117233.81229,64.16094225171862,3.009624141337752,10.032075659055192,-2.0172265493308603,49.10201590199482,main,delay1
P,1758096000000,1,1.5120881356570866,True,1758103200000,1758189600000,116503.9,117251.4,116521.375585,117233.81229,64.16094225171862,3.009624141337752,10.032075659055192,-2.0172265493308603,49.10201590199482,main,delay1
B,1758168000000,1,2.1056887350810793,True,1758175200000,1758261600000,117228.1,116837.6,117245.68421500002,116820.07436000001,-33.31112591605596,2.995003331112798,9.983346935376417,-1.2902139325840378,-47.57969011512921,main,delay1
P,1758441600000,1,0.3625788334506352,True,1758448800000,1758535200000,115626.1,112288.7,115643.44391500001,112271.856695,-288.63725404558386,2.956704411893774,9.85570302077126,-1.2071719163046994,-302.6568333945536,main,delay1
F,1758700800000,1,1.5521574858760636,False,1758708000000,1758794400000,112691.0,111510.4,112707.90365000001,111493.67344,-104.76435562733545,2.984285346656165,9.947625679513004,-0.640627821890416,-118.33689447539501,main,delay1
F,1758816000000,1,1.6692602957857319,False,1758823200000,1758909600000,108793.9,109847.4,108810.219085,109830.92289,96.83447325631309,3.014525170988689,10.048409974042665,-1.5255352430971967,82.24600286818455,main,delay1
B,1758830400000,-1,3.3924862750278613,True,1758837600000,1758924000000,109360.8,109412.4,109344.39588000001,109428.81186,-4.718326859349169,3.000707749028847,10.002359517304189,1.5176272364868588,-16.203766889195347,main,delay1
B,1759104000000,1,2.9889129431117425,True,1759111200000,1759197600000,111800.7,114455.0,111817.47010500001,114437.83175,237.41354034455983,3.035612031053494,10.118688964156755,-0.3741515919965331,223.88508775735306,main,delay1
B,1759161600000,1,1.925009513608053,True,1759168800000,1759255200000,114000.1,113198.8,114017.20001500001,113181.82018000001,-70.28941202683181,2.9894565881956963,9.964860565692488,-1.0796524193904216,-84.32338160011042,main,delay1
B,1759176000000,1,1.1706029355250676,False,1759183200000,1759269600000,114120.8,114108.0,114137.91812000002,114090.8838,-1.1216184954892456,2.999831757227233,9.999439274873643,-1.0785105237235455,-15.199400051313669,main,delay1
B,1759320000000,1,3.958049038086343,True,1759327200000,1759413600000,116761.9,119559.6,116779.414285,119541.66606,239.60726915201036,3.035941090374056,10.119785664030822,-2.8099350653108592,223.64160733229463,main,delay1
B,1759334400000,1,1.2839563688688498,False,1759341600000,1759428000000,116734.3,119869.1,116751.81014500001,119851.11963500001,268.5414655332668,3.0402812198302698,10.134250592156718,-2.785163670835347,252.5817700504445,main,delay1
B,1759363200000,1,1.9498082980994942,True,1759370400000,1759456800000,118577.5,119832.6,118595.28662500001,119814.62511000001,105.84638738377903,3.015876958108039,10.052915255212836,-2.972163754847207,89.80543141561095,main,delay1
B,1759420800000,1,1.7094416152006924,True,1759428000000,1759514400000,119869.1,122035.6,119887.08036500002,122017.29466000001,180.73882259898505,3.027110823390019,10.090355855887797,-3.0153812424457174,164.60597467726151,main,delay1
B,1759435200000,1,2.1640151024904184,True,1759442400000,1759528800000,120105.1,122245.2,120123.11576500002,122226.86322,178.1856057736092,3.0267278408673826,10.089079438966374,-3.0094561820343184,162.06034231174115,main,delay1
P,1759492800000,1,1.3327697975426673,True,1759500000000,1759586400000,120325.1,122335.5,120343.14876500002,122317.14967500001,167.08068391382963,3.025062102587594,10.083527810905624,-3.0475625377743296,150.92453146256207,main,delay1
B,1759507200000,1,1.504072194807887,True,1759514400000,1759600800000,122035.6,121698.0,122053.90534000001,121679.7453,-27.664058684515485,2.9958503911982413,9.986170045462142,-2.8323482983155195,-43.47842741949138,main,delay1
P,1759708800000,1,1.099700319896756,True,1759716000000,1759802400000,123980.8,124657.9,123999.39712000001,124639.201315,54.61329496179983,3.008191994244396,10.027302551483778,-2.558599892334893,39.019200523736764,main,delay1
P,1760011200000,1,1.3953460819202823,True,1760018400000,1760104800000,122357.0,121609.1,122375.35355000001,121590.85863500001,-61.124414622783675,2.990831337807299,9.969442377019705,-0.6052040173413191,-74.689892354952,main,delay1
P,1760054400000,1,0.9125623524742622,False,1760061600000,1760148000000,121575.2,111060.0,121593.43628000001,111043.341,-864.913238884246,2.8702630141683136,9.567608249050796,-1.4119368790674416,-878.7630470265326,main,delay1
B,1760112000000,-1,2.3867672590342868,True,1760119200000,1760205600000,117590.8,111944.5,117573.16138,111961.29167500001,480.1651149579731,2.9279752327573965,9.759881430137392,1.9411993091222273,469.4184576042006,main,delay1
B,1760126400000,-1,3.0786300416218997,True,1760133600000,1760220000000,113253.6,110832.6,113236.61196000001,110849.22489000001,213.76803916166904,2.9679347941260112,9.893099947816228,2.0155401657795426,202.9225445855063,main,delay1
F,1760616000000,1,1.9047467598783498,False,1760623200000,1760709600000,110794.7,105770.0,110811.319205,105754.1345,-453.5144731652324,2.9319728290261047,9.773276777002872,0.3823911431640707,-465.8373316280973,main,delay1
B,1760630400000,-1,1.4785117950441018,False,1760637600000,1760724000000,108220.5,106405.2,108204.266925,106421.16078,167.74086240592152,2.974838870639573,9.91611698823236,-0.11903744385617138,154.7308691031934,main,delay1
B,1760688000000,-1,3.1487878252527555,True,1760695200000,1760781600000,104487.5,106834.5,104471.826875,106850.52517500002,-224.62016987677953,3.0336930254832595,10.11232693145113,-1.171108799279145,-238.93729863299305,main,delay1
B,1760932800000,1,1.7332744783284095,True,1760940000000,1761026400000,110973.7,107498.0,110990.346055,107481.8753,-313.2003348541138,2.9530199497723344,9.843423322598056,0.6225767552862397,-325.374201371198,main,delay1
B,1760947200000,1,1.778060378595575,True,1760954400000,1761040800000,110920.9,107708.6,110937.53813500001,107692.44371,-289.6027709836459,2.9565595843537693,9.855220334716002,0.33980991369751146,-302.0747409890181,main,delay1
B,1761062400000,1,1.9525043887661648,True,1761069600000,1761156000000,111960.2,107743.3,111976.99403,107727.13850500001,-376.64277127050457,2.943503584309208,9.811706862572594,-0.38115879482682574,-389.7791405122132,main,delay1
F,1761076800000,-1,1.5039494948351317,False,1761084000000,1761170400000,110772.5,107159.7,110755.884125,107175.77395500001,326.1459297208245,2.9510781105434596,9.83690257419486,0.3852455699796463,313.74319460606574,main,delay1
B,1761480000000,1,1.2347888734550372,False,1761487200000,1761573600000,113669.4,115210.3,113686.45041,115193.018455,135.55979005783516,3.020333968510085,10.067769728044663,-2.713938550625445,119.75774781065498,main,delay1
P,1761724800000,1,0.7254106003544999,False,1761732000000,1761818400000,112935.2,110129.6,112952.14028,110113.08056,-248.4256458570925,2.9627361531226293,9.875805808994894,-0.9405692797028188,-262.2047570989128,main,delay1
F,1761811200000,1,2.7422845376949856,False,1761818400000,1761904800000,110129.6,109813.3,110146.11944000001,109796.828005,-28.72070723947085,2.9956918939144015,9.985641800433308,-1.3625605164279178,-43.06460145024648,main,delay1
B,1761840000000,-1,1.3291900136298187,False,1761847200000,1761933600000,107446.2,109269.5,107430.08307,109285.890425,-169.6942283673134,3.0254541342559187,10.084859841250784,2.0650315654367493,-180.73951077738337,main,delay1
B,1761854400000,-1,1.4594122296150265,False,1761861600000,1761948000000,107847.7,109530.2,107831.522845,109546.62953,-156.00703584777423,3.023401055377733,10.078015218451577,2.057343778181918,-167.05110834342162,main,delay1
P,1762099200000,-1,0.3450302300870551,False,1762106400000,1762192800000,110142.1,107433.3,110125.578685,107449.41499500001,245.93683977334757,2.963109474035472,9.877013134850342,1.7917006093187673,234.88841777378053,main,delay1
P,1762142400000,-1,1.6891711064706487,True,1762149600000,1762236000000,107556.8,104164.3,107540.66648,104179.924645,315.4147390030198,2.9526877891501564,9.842268974393065,2.198875355529348,304.8186575950059,main,delay1
F,1762171200000,1,1.047222134042491,False,1762178400000,1762264800000,107855.0,103870.1,107871.17825000001,103854.51948500001,-369.46826758147455,2.9445797598633305,9.815293576329333,-2.0726332711075646,-384.3007741887749,main,delay1
B,1762185600000,-1,1.3067593121656915,False,1762192800000,1762279200000,107433.3,101074.8,107417.185005,101089.96122000001,591.8555978453608,2.9112216603236916,9.704027811907483,2.165042514893486,581.4053908880231,main,delay1
B,1762243200000,-1,2.101331995901316,True,1762250400000,1762336800000,103822.4,101949.6,103806.82664,101964.89244000001,180.38496509423675,2.9729422552358242,9.909793988580502,1.6046380390936834,169.10686688951412,main,delay1
F,1762257600000,1,1.6090471831237343,False,1762264800000,1762351200000,103870.1,102926.2,103885.68051500001,102910.76107,-90.87311940587414,2.9863690320903356,9.95457025578102,-1.6039011452766485,-105.41795983902213,main,delay1
B,1762272000000,-1,1.2392143959251003,False,1762279200000,1762365600000,101074.8,103850.6,101059.63878000001,103866.17759000002,-274.6282950844328,3.0411942442636377,10.137334744664347,1.2901225206480744,-286.5167015527127,main,delay1
B,1762286400000,-1,3.345275739812604,True,1762293600000,1762380000000,100274.2,103625.9,100259.15887,103641.443885,-334.25347696615853,3.0501380215453433,10.167151807493852,1.30042299764047,-346.1703437975572,main,delay1
F,1762300800000,1,4.25383124480239,False,1762308000000,1762394400000,100722.1,103315.4,100737.20831500001,103299.90269,257.47080332915897,3.038620620499027,10.128716091354331,-0.9872290098588449,243.3162376074468,main,delay1
B,1762718400000,1,0.7854001713233114,False,1762725600000,1762812000000,104483.6,105583.5,104499.27254000002,105567.662475,105.27010937601634,3.0157905164073107,10.052627159429806,-2.1381779787414277,90.06351372143779,main,delay1
P,1762920000000,1,0.7671039173808285,False,1762927200000,1763013600000,103350.0,103097.8,103365.50250000002,103082.33533,-24.402515723270156,2.9963396226432595,9.987800572327044,-0.7463173093599266,-38.13297322760039,main,delay1
B,1763064000000,-1,3.575815543176847,True,1763071200000,1763157600000,98764.2,95023.3,98749.38537,95037.55349500001,378.7708501663553,2.9431843724755775,9.810586167103061,2.651260534901925,368.6683401616786,main,delay1
F,1763136000000,1,2.3492149080429168,False,1763143200000,1763229600000,95813.7,96197.9,95828.07205500001,96183.470315,40.09864977555371,3.006014797467365,10.020046317489044,-2.4392559072646183,24.633332753332684,main,delay1
P,1763294400000,-1,1.0661458573707734,True,1763301600000,1763388000000,95371.9,93913.6,95357.59421499999,93927.68704000002,152.90667376868748,2.9770639989364986,9.923535195115125,2.646899650802578,142.6529742254384,main,delay1
B,1763409600000,-1,2.0151136345163914,True,1763416800000,1763503200000,91925.6,92459.0,91911.81116000001,92472.86885000001,-58.02518558486365,3.0087037778385213,10.029016944681352,2.363023951140312,-68.69988235624321,main,delay1
F,1763424000000,1,1.9552533975363642,False,1763431200000,1763517600000,91681.2,92410.1,91694.95218000001,92396.23848500001,79.50375867680711,3.0119255638023157,10.039745916556504,-2.123698236529887,64.32838895991841,main,delay1
F,1763452800000,1,3.04674955573073,False,1763460000000,1763546400000,91361.6,91479.9,91375.30424000001,91466.178015,12.948547310903963,3.0019422820969517,10.006473302514404,-1.6447366532868597,-1.704604926994253,main,delay1
B,1763582400000,-1,1.6070906577397726,True,1763589600000,1763676000000,90553.8,87234.6,90540.21693000001,87247.68519000002,366.54452932952535,2.945018320601215,9.81670024449554,2.342255809483464,356.125066573912,main,delay1
F,1763596800000,1,2.588566278763087,False,1763604000000,1763690400000,92556.0,87017.4,92569.8834,87004.34739,-598.4052897705179,2.9102392065349516,9.700842235511473,-2.270169850274259,-613.2865410628386,main,delay1
B,1763668800000,-1,3.383966467542532,True,1763676000000,1763762400000,87234.6,85142.5,87221.51481000001,85155.27137500001,239.82456502351198,2.964026315247521,9.88006973064587,1.1109151578257965,228.09138413544437,main,delay1
B,1763697600000,-1,1.9328912709756785,True,1763704800000,1763791200000,86148.3,84250.0,86135.37775500001,84262.63750000001,220.35257805435543,2.966947113292535,9.88980718452947,0.8310847580390546,208.32690851457247,main,delay1
B,1764014400000,1,1.424641974518346,False,1764021600000,1764108000000,88713.3,86993.4,88726.60699500001,86980.35098999999,-193.87171934760727,2.970919242098844,9.903078680705148,0.6255518044819883,-206.12016546592926,main,delay1
F,1764028800000,-1,1.363460587854623,False,1764036000000,1764122400000,87687.6,87878.6,87674.44686000001,87891.78179000001,-21.78187109693959,3.003267280664228,10.010892569188801,0.30163692871055886,-34.494394018082055,main,delay1
B,1764187200000,1,1.5037761314425881,True,1764194400000,1764280800000,90142.8,91373.5,90156.32142000001,91359.79397500001,136.52782030289686,3.02047917304508,10.068253670564928,-0.449652189493661,122.98943526979316,main,delay1
B,1764201600000,1,1.0685723068392576,False,1764208800000,1764295200000,91094.7,90754.3,91108.364205,90740.686855,-37.36770635393653,2.9943948440473416,9.98131894940101,-0.880470584280405,-51.223890731665286,main,delay1
F,1764244800000,-1,1.0070689532688428,False,1764252000000,1764338400000,90813.6,92329.2,90799.97796,92343.04938000001,-166.89130262427557,3.0250336953954275,10.083458168159835,1.2420635221680343,-178.7577309656628,main,delay1
B,1764561600000,-1,3.2930634623766495,True,1764568800000,1764655200000,85966.8,86968.6,85953.90498,86981.64529000001,-116.53335938990435,3.0174800039091147,10.058275419696907,0.36283541739928943,-129.24627939611108,main,delay1
F,1764576000000,1,1.9260823956076778,False,1764583200000,1764669600000,86659.2,86734.4,86672.19888000001,86721.38983999999,8.677670691628482,3.0013016506059387,10.004338184520513,-0.31046028875360854,-4.638429432251578,main,delay1
B,1764734400000,1,1.2564396116541838,False,1764741600000,1764828000000,93591.1,92932.4,93605.13866500002,92918.46014,-70.38062379863166,2.9894429064316133,9.96481496664747,-0.29108706206863744,-83.62596873377939,main,delay1
P,1765080000000,1,0.2360664566344307,False,1765087200000,1765173600000,89469.2,91290.6,89482.62038000001,91276.90641000001,203.57843816643143,3.030536765725612,10.101773950700354,-0.6333612842358161,189.81276616576963,main,delay1
F,1765123200000,1,0.9214370677895894,True,1765130400000,1765216800000,90904.2,90212.1,90917.83563,90198.56818500001,-76.13509606816751,2.9885797355896795,9.961938162098123,-0.9411919551569817,-90.0268059210123,main,delay1
B,1765296000000,1,1.0840358052555878,False,1765303200000,1765389600000,93884.5,92348.7,93898.58267500001,92334.847695,-163.58397818596285,2.9754624032726866,9.918220279705384,-0.7853581034279908,-177.2630189723689,main,delay1
B,1765814400000,-1,1.7174704161178482,True,1765821600000,1765908000000,85734.2,87087.7,85721.33987,87100.76315500001,-157.87165448560785,3.023680748174203,10.078947667616893,1.3071959995165265,-169.6670869018824,main,delay1
F,1765987200000,-1,1.9884507821450257,False,1765994400000,1766080800000,86380.7,86443.6,86367.742895,86456.56654000001,-7.281719180327172,3.001092257877348,10.003641405719103,1.3905146209467134,-18.89593822297691,main,delay1
B,1766088000000,-1,2.2285904736241973,True,1766095200000,1766181600000,85584.3,87805.8,85571.46235500001,87818.97087,-259.5686358362457,3.0389352953747446,10.12980378556581,2.6030907073024063,-270.1342842098838,main,delay1
P,1766088000000,-1,2.2285904736241973,False,1766095200000,1766181600000,85584.3,87805.8,85571.46235500001,87818.97087,-259.5686358362457,3.0389352953747446,10.12980378556581,2.6030907073024063,-270.1342842098838,main,delay1
F,1766102400000,1,1.7018401373728185,False,1766109600000,1766196000000,85291.1,88036.6,85303.89366500001,88023.39451000001,321.897595411479,3.048284639311452,10.160924655386086,-3.0946974204421096,305.59368869633937,main,delay1
B,1766404800000,1,1.6766599709929622,True,1766412000000,1766498400000,89882.6,87567.7,89896.08239000001,87554.564845,-257.54706695178027,2.9613679399573414,9.871245782554132,-1.4328646118175248,-271.8125452861093,main,delay1
P,1766678400000,1,0.3640802935251383,False,1766685600000,1766772000000,88096.1,87288.5,88109.31441500002,87275.40672500001,-91.67261660845438,2.9862491075088973,9.95417056714202,-1.9667441190195283,-106.57978040212483,main,delay1
F,1766736000000,-1,1.9814633907974784,False,1766743200000,1766829600000,88782.9,87575.4,88769.58256499999,87588.53631,136.0059200589303,2.9795991119918552,9.93198683952653,1.4337273505094965,124.52806145792138,main,delay1
B,1766980800000,1,2.8473365382762457,True,1766988000000,1767074400000,89950.8,87216.1,89964.29262000001,87203.01758500001,-304.02175411447115,2.954396736883014,9.848011924574323,-2.435648157141632,-319.2598109330701,main,delay1
F,1766995200000,-1,2.3000218448082856,False,1767002400000,1767088800000,88068.2,87954.7,88054.98977,87967.893205,12.887739274789311,2.9980668391088012,9.99355516378216,1.9286149257440885,1.8247321976424378,main,delay1
B,1767628800000,1,1.3086164879101736,False,1767632400000,1767718800000,93646.6,92651.3,93660.64699000001,92637.40230500001,-106.28255590699533,2.9840576166134096,9.946866693238196,-0.4114143189582034,-119.62489453580514,recent,base
B,1767643200000,1,2.0631450849544244,True,1767646800000,1767733200000,94131.0,92472.7,94145.11965000001,92458.829095,-176.16938096907532,2.9735745928558313,9.911928522219034,-0.4092971726822332,-189.4641812568324,recent,base
F,1767657600000,-1,1.9218129823494634,False,1767661200000,1767747600000,93768.8,92670.4,93754.73468000001,92684.30056,117.13917635716878,2.9824291235467855,9.941421626383189,1.2063300373018668,105.42165564454066,recent,base
F,1767888000000,1,1.491996536254795,False,1767891600000,1767978000000,90888.0,91589.9,90901.63320000001,91576.161515,77.22691664466092,3.0115840374973075,10.038607666303584,-0.4644242901153067,63.712300650744716,recent,base
P,1768161600000,-1,0.3541641141526363,True,1768165200000,1768251600000,90654.2,91446.5,90640.60187,91460.216975,-87.39804664317847,3.0131097069966417,10.043705578175087,0.9444140474462298,-99.51044788090398,recent,base
F,1768305600000,-1,1.8932167894316214,False,1768309200000,1768395600000,92076.3,95041.5,92062.488555,95055.756225,-322.0372669188485,3.048305590038262,10.161042786254445,0.6209353381853242,-334.6256799569559,recent,base
B,1768320000000,1,1.4968769599292266,False,1768323600000,1768410000000,93341.6,97232.1,93355.60124000002,97217.51518500001,416.8023689330373,3.0625203553407094,10.20836992428885,-0.6900034429381259,402.84147521046964,recent,base
B,1768334400000,1,2.274315088029861,True,1768338000000,1768424400000,94349.0,97606.0,94363.15235,97591.3591,345.2076863559762,3.0517811529536556,10.172577952601511,-0.6826360148952652,331.3006912355258,recent,base
P,1768406400000,1,1.5530664041632483,False,1768410000000,1768496400000,97232.1,96684.7,97246.68481500002,96670.197295,-56.29828009474326,2.991555257985886,9.971855082323636,-0.28905405416013313,-69.55074448921292,recent,base
F,1768435200000,-1,1.692314257076592,False,1768438800000,1768525200000,96613.3,95589.6,96598.808005,95603.93844000001,105.95849639749362,2.98410622554149,9.947012804914023,1.0537713534213557,94.08114872045947,recent,base
B,1768780800000,-1,2.0500718513770226,True,1768784400000,1768870800000,92658.2,92676.1,92644.30127,92690.00141500002,-1.9318311816988385,3.0002897746789405,10.000966060478188,1.4261233687100683,-13.5069636481459,recent,base
B,1768896000000,-1,3.110313999427982,True,1768899600000,1768986000000,91078.9,89160.4,91065.238165,89173.77406,210.6415426624608,2.9684037685999303,9.894663430553072,2.1259175856760977,199.9043930489839,recent,base
F,1769025600000,1,2.677847979189196,False,1769029200000,1769115600000,90170.8,89370.8,90184.32562000002,89357.39438,-88.72051706317345,2.9866919224427306,9.955646395507195,-2.06839502509203,-103.7312504062154,recent,base
B,1769371200000,-1,1.9055832668067325,True,1769374800000,1769461200000,86618.4,87595.3,86605.40724,87608.43929500002,-112.78204169091195,3.016917306254691,10.056399479498584,1.2629034281399796,-124.59245504852524,recent,base
B,1769601600000,1,1.4585318607004478,False,1769605200000,1769691600000,89954.9,88073.9,89968.393235,88060.68891499999,-209.10478473101523,2.968634282290834,9.895463290493346,-1.6711878040701278,-223.64007010786955,recent,base
F,1769630400000,-1,1.124376812542026,False,1769634000000,1769720400000,89100.0,84186.4,89086.635,84199.02796,551.4702581369255,2.9172794612814563,9.724223510662178,1.686060742207069,540.5148159071889,recent,base
B,1769702400000,-1,2.1005980326178997,True,1769706000000,1769792400000,85230.3,83115.1,85217.515455,83127.56726500002,248.17465150304494,2.962773802276435,9.875894061149616,0.6411838508630742,235.97716749048197,recent,base
F,1770235200000,1,3.270378556918973,False,1770238800000,1770325200000,73488.9,63750.9,73499.923335,63741.337365,-1325.0980760359719,2.8012352885956067,9.337550344337718,-0.4867886639403463,-1337.7236503328459,recent,base
B,1770264000000,-1,4.506871818501903,True,1770267600000,1770354000000,70863.9,64865.1,70853.27041499999,64874.829765,846.5241117127332,2.873021383243949,9.576674454835256,-0.5838457313541069,833.4905701432999,recent,base
B,1770307200000,-1,4.2139353274409155,True,1770310800000,1770397200000,68262.7,69896.0,68252.460595,69906.4844,-239.2668323989533,3.0358900248600555,10.119651361211908,-2.800264009738115,-255.22263779476341,recent,base
B,1770321600000,-1,4.098635529002289,True,1770325200000,1770411600000,63750.9,69939.0,63741.337365,69949.49085,-970.6686493837732,3.1456002974081936,10.485407124840588,-2.9984452300681244,-987.2981020360901,recent,base
B,1770336000000,-1,8.192134488512016,True,1770339600000,1770426000000,63460.4,69917.2,63450.88094,69927.68758,-1017.4534040125804,3.152618010601825,10.508803011011592,-4.541143702844608,-1035.6559687370384,recent,base
F,1770595200000,-1,1.5943808448329715,False,1770598800000,1770685200000,70453.8,69793.3,70443.23193000001,69803.768995,93.74937902568776,2.985937593145693,9.95311827928373,-1.1139069523574314,79.6964162009009,recent,base
F,1770811200000,1,1.0871939315526067,False,1770814800000,1770901200000,67099.2,67832.4,67109.26488,67822.22514,109.27104943128937,3.016390657415369,10.054627329386939,-0.0965446280860243,96.10348681640104,recent,base
B,1771070400000,1,1.153870613089252,False,1771074000000,1771160400000,69602.2,69285.0,69612.64033000001,69274.60725,-45.57327210921452,2.993164009185234,9.977216781940804,-0.05714748010838738,-58.600800380448945,recent,base
B,1771142400000,1,1.433091003865556,False,1771146000000,1771232400000,70405.1,68724.5,70415.66076500001,68714.191325,-238.7042984102012,2.9641943552377508,9.880665753617281,0.291851698570201,-251.25730682048604,recent,base
F,1771156800000,-1,0.7585817999827674,True,1771160400000,1771246800000,69285.0,69739.3,69274.60725,69749.76089500001,-65.56974814173384,3.0098354622227244,10.032789791801978,-0.2965699361045661,-78.9089433318631,recent,base
B,1771444800000,-1,1.1001343336883764,False,1771448400000,1771534800000,66230.3,67118.6,66220.365455,67128.66779,-134.1229014514509,3.0201184352173254,10.067071509943336,-0.43598212169104217,-147.64607351830261,recent,base
B,1771689600000,1,0.37995341582219017,False,1771693200000,1771779600000,68292.3,67601.7,68302.54384500001,67591.55974499999,-101.12413844606284,2.984831379234587,9.949445515087353,-0.5694072082092692,-114.62782254859405,recent,base
B,1771819200000,-1,4.865162602018953,True,1771822800000,1771909200000,64777.2,63338.1,64767.48342,63347.60071500001,222.1615012689648,2.9666757748111174,9.888902587252923,-0.15066279773387262,209.15526010916687,recent,base
B,1771905600000,-1,2.4455416065189897,True,1771909200000,1771995600000,63338.1,65428.0,63328.599285,65437.81420000001,-329.9593767416455,3.049493906512815,10.165004435324077,0.10275367782280595,-343.07112140565954,recent,base
F,1771948800000,1,1.0147259187667155,False,1771952400000,1772038800000,64227.4,68249.9,64237.03411000001,68239.66251499999,626.2903371458276,3.0939435505736554,10.313098196797627,-0.13856884322240084,612.7447265552339,recent,base
B,1772049600000,1,1.9233087560082338,True,1772053200000,1772139600000,69104.9,67386.6,69115.265735,67376.49201,-248.65096396926825,2.9627023554051117,9.875693166837664,-0.08340184052442517,-261.57276133203544,recent,base
F,1772064000000,-1,2.9480273458375765,False,1772067600000,1772154000000,68294.3,67190.3,68284.055855,67200.37854500001,161.6533151375737,2.975752002731623,9.91916121843258,0.18532340971057676,148.94372532612007,recent,base
B,1772467200000,1,1.9232695351155324,True,1772470800000,1772557200000,69395.2,68137.4,69405.60928,68127.17938999999,-181.25172922622934,2.9728122406176616,9.909387729266577,-0.26718962912754607,-194.40111882524116,recent,base
P,1772611200000,1,1.8380450531113248,False,1772614800000,1772701200000,70993.7,72307.6,71004.349055,72296.75386000001,185.07275997729502,3.0277609139960133,10.09252249953165,-1.3524713364263024,170.60000522734103,recent,base
B,1772640000000,1,1.7721183278757664,True,1772643600000,1772730000000,73241.2,71267.9,73252.18618,71257.209815,-269.4248592322358,2.9595862711160694,9.865307777248326,-0.8590185820716508,-283.10877186267186,recent,base
B,1772913600000,-1,0.45841893598106015,False,1772917200000,1773003600000,67354.4,67195.6,67344.29684,67205.67934000002,23.576781917734902,2.996463482713809,9.988209840782487,-0.846216502765706,9.7458920914729,recent,base
F,1772956800000,1,0.7888470879585942,True,1772960400000,1773046800000,67491.0,67772.4,67501.12365000001,67762.23414,41.69444814864118,3.0062541672226426,10.02084409699071,1.3071594261337793,29.974509310561608,recent,base
B,1773014400000,-1,2.6249264130361993,True,1773018000000,1773104400000,66326.8,69113.2,66316.85098,69123.56698,-420.1016783562593,3.063015251754369,10.210082346804006,-1.0690277700886663,-434.4438037249063,recent,base
B,1773158400000,1,1.4574898509695298,False,1773162000000,1773248400000,71224.5,70539.0,71235.18367500001,70528.41915,-96.24497188467453,2.985563254218136,9.951884732430557,2.172047249748596,-107.01037262157462,recent,base
F,1773417600000,-1,1.6452714858205828,False,1773421200000,1773507600000,71846.0,70636.7,71835.2231,70647.295505,168.31834757676182,2.974752247863749,9.91582820233555,-0.9054850052285716,154.52228212133394,recent,base
F,1773648000000,-1,2.3131612552096894,False,1773651600000,1773738000000,73098.4,74150.1,73087.43523999999,74161.22251500002,-143.8745581298649,3.021581183721203,10.071948069656791,-0.02774601875268187,-156.99583340199558,recent,base
F,1773676800000,-1,1.0648418996638442,False,1773680400000,1773766800000,73726.4,74120.0,73715.34104,74131.118,-53.386575229497964,3.008007986284025,10.026697291607892,-0.35395056121665225,-66.77523106860654,recent,base
B,1773705600000,1,1.7208805004509296,True,1773709200000,1773795600000,75283.8,73821.3,75295.09257000001,73810.226805,-194.26490161229907,2.970860264759425,9.902882119061474,1.0151755172485206,-206.12346847887144,recent,base
F,1773720000000,-1,2.394918348058477,False,1773723600000,1773810000000,74203.3,74139.5,74192.169505,74150.62092500001,8.598000358475016,2.998710299948258,9.995700354970737,-1.0299578402232,-5.42636813666718,recent,base
F,1773878400000,1,1.1839008977375947,False,1773882000000,1773968400000,70970.0,70159.9,70980.64550000001,70149.376015,-114.14682260109988,2.9828779766106535,9.942935149711149,0.11836822383575085,-126.95426750358592,recent,base
F,1774152000000,1,1.5243492515351245,False,1774155600000,1774242000000,69313.3,68504.4,69323.696995,68494.12434,-116.70198937289216,2.9824947015943724,9.941657757962755,1.3220557887605044,-128.30408604368878,recent,base
B,1774180800000,-1,0.7409586943998949,False,1774184400000,1774270800000,68614.4,70710.0,68604.10784,70720.60650000001,-305.416938718404,3.0458125408086647,10.152731375629608,-1.1762306242289302,-319.79171325907123,recent,base
F,1774281600000,-1,1.2981101089253078,False,1774285200000,1774371600000,70539.6,69448.4,70529.01906,69458.81726,154.6932503161361,2.9767960124528368,9.922641772848158,1.09872645421929,142.8925389850544,recent,base
B,1774612800000,-1,2.1914638215472757,True,1774616400000,1774702800000,66579.4,66416.7,66569.41309,66426.662505,24.436988017314228,2.9963344517967267,9.987779673217242,-2.1457718518999647,9.307102040400295,recent,base
F,1775145600000,1,1.0631290811827914,False,1775149200000,1775235600000,67050.0,66972.5,67060.05750000001,66962.454125,-11.558538404175989,2.9982662192402767,9.994221597688295,0.10776568302013431,-24.443260538084427,recent,base
B,1775433600000,1,2.375200686122853,True,1775437200000,1775523600000,69051.9,68738.6,69062.257785,68728.28921,-45.37166971509667,2.9931942495432176,9.977317568017678,-0.566126667855094,-58.908308200512664,recent,base
P,1775592000000,1,0.9746053450005098,False,1775595600000,1775682000000,69285.3,71337.0,69295.69279500001,71326.29945,296.1234201194189,3.044418513018077,10.148039500803204,-1.2027605893765299,281.728201516221,recent,base
B,1775606400000,1,5.839803885434638,True,1775610000000,1775696400000,71681.9,70779.0,71692.652285,70768.38315,-125.95927284293444,2.981106109075705,9.937029810523997,-0.5440864124341713,-139.4214951749683,recent,base
F,1775779200000,-1,2.0934309490706,False,1775782800000,1775869200000,71932.3,72792.5,71921.51015500001,72803.418875,-119.58466502530811,3.0179376997531127,10.059801301362532,-0.7083740145942782,-133.37077804101804,recent,base
B,1775937600000,1,0.8120266428199782,False,1775941200000,1776027600000,73252.8,71302.8,73263.78792000002,71292.10458,-266.20142847781926,2.9600697857307545,9.866919250868229,1.201383694123715,-277.82703382029456,recent,base
B,1776441600000,1,2.8005367824242713,True,1776445200000,1776531600000,77805.1,75897.9,77816.77076500001,75886.515315,-245.12531954846295,2.9632312020677096,9.877455724624735,1.951021645563925,-256.01498482959147,recent,base
F,1776657600000,1,1.121595181988298,False,1776661200000,1776747600000,74523.7,75768.2,74534.878555,75756.83477,166.99385564592203,3.025049078347111,10.083484403283789,1.565503810577736,155.45082597486888,recent,base
B,1776830400000,1,2.2699325172338884,True,1776834000000,1776920400000,77475.4,77871.5,77487.02131,77859.819275,51.12590577138109,3.0076688858657867,10.025559118442757,0.5120310741215921,38.60470884119414,recent,base
B,1776873600000,1,1.308132334184763,False,1776877200000,1776963600000,78705.1,78049.1,78716.90576500002,78037.39263500001,-83.34910952403338,2.9874976335722385,9.9583316964212,1.7999235161803822,-94.49501533784645,recent,base
F,1776888000000,-1,0.9496018045363864,True,1776891600000,1776978000000,78395.8,77841.3,78384.04063,77852.97619500001,70.73082996793195,2.9893903755057085,9.964629280203786,-1.8070248703799003,55.96978544184256,recent,base
P,1777032000000,1,1.455002170720908,False,1777035600000,1777122000000,78233.0,77518.3,78244.73495000001,77506.672255,-91.35531041887657,2.9862967034394687,9.954329196438843,1.038176818478136,-103.25775950027676,recent,base
P,1777161600000,1,0.30199437016838,False,1777165200000,1777251600000,77457.4,79264.1,77469.01861,79252.21038500001,233.25079333930805,3.0349876190006078,10.116607902860155,-0.06032939744724759,220.03886842000006,recent,base
B,1777305600000,-1,1.123587602242447,False,1777309200000,1777395600000,76587.9,76091.7,76576.411815,76103.113755,64.78830206860314,2.9902817546892004,9.967600989843044,-0.19999190799858546,51.630427416072315,recent,base
F,1777320000000,1,0.7304265417883439,True,1777323600000,1777410000000,76915.8,76420.0,76927.33737000001,76408.537,-64.4600979252641,2.99033098531236,9.96777478554471,0.19913932183770905,-77.21906437428346,recent,base
B,1777377600000,-1,0.9683943667750848,False,1777381200000,1777467600000,76345.6,77110.0,76334.14816000001,77121.5665,-100.12364825215784,3.0150185472371787,10.050069333399698,0.36596598295067756,-112.82277014984402,recent,base
F,1777852800000,-1,1.8501983527022763,False,1777856400000,1777942800000,78505.0,80130.9,78493.22425,80142.919635,-207.10782752690838,3.0310661741296605,10.10356944685052,-0.3769196735239794,-220.61938282141256,recent,base
B,1777867200000,1,3.6593849672614973,True,1777870800000,1777957200000,80300.0,80850.9,80312.04500000001,80838.772365,68.60523038605157,3.010290784559141,10.034297469800748,0.36849413412204235,55.92913626581373,recent,base
F,1777881600000,-1,1.8518691833670327,False,1777885200000,1777971600000,79666.6,80776.0,79654.65001000001,80788.11640000001,-139.25534665719312,3.0208883019994865,10.069638117479599,-0.8249554860041918,-153.1708285626764,recent,base
B,1777953600000,1,1.4781099778326983,False,1777957200000,1778043600000,80850.9,81285.0,80863.027635,81272.80725,53.6914245852558,3.008053713689474,10.026841685435784,2.2083809303458777,42.86491011647642,recent,base
F,1777968000000,-1,1.572383446069653,False,1777971600000,1778058000000,80776.0,81903.7,80763.8836,81915.985555,-139.60829949489911,3.020941244925282,10.069814620369915,-2.3667867357878576,-155.0658420959822,recent,base
B,1777996800000,1,1.435107918506235,False,1778000400000,1778086800000,81250.6,81575.4,81262.78759,81563.16369,39.97508941472289,3.005996263411509,10.019984546575655,1.904025623005747,28.853134227741467,recent,base
F,1778025600000,-1,1.9790389770829477,False,1778029200000,1778115600000,80980.4,80967.0,80968.25293999999,80979.14505,1.6547213893725123,2.999751791792757,9.999172515201211,-1.5850279798033455,-12.9292308974248,recent,base
B,1778068800000,1,2.94633249406362,True,1778072400000,1778158800000,82187.9,81118.4,82200.228185,81106.23224,-130.12864424081891,2.9804807033641687,9.93494543752791,1.4060236186778343,-141.63804676303315,recent,base
P,1778140800000,1,1.1846274407374202,True,1778144400000,1778230800000,81196.0,79849.2,81208.17940000001,79837.22262,-165.8702399132966,2.9751194640135967,9.917077320311346,0.7889674711746737,-177.97346922644684,recent,base
B,1778457600000,1,3.5074923770871904,True,1778461200000,1778547600000,81430.5,81508.7,81442.714575,81496.473695,9.603281325792803,3.001440492199999,10.004800920416796,-0.7007208784362997,-4.103680965260292,recent,base
F,1778616000000,1,1.4631990579631722,False,1778619600000,1778706000000,80656.9,79671.4,80668.998535,79659.44928999999,-122.18421486568417,2.981672367772197,9.938917056383273,-1.2521683110494135,-136.35697260088904,recent,base
B,1778688000000,-1,1.6890480968734218,True,1778691600000,1778778000000,79069.5,81839.2,79057.63957500001,81851.47588,-350.2867730287907,3.0525430159533973,10.175169658022375,1.1097296007170447,-362.4047561020494,recent,base
F,1778702400000,1,1.6645848573111106,False,1778706000000,1778792400000,79671.4,81372.0,79683.35071,81359.7942,213.4517530757594,3.032017762961453,10.106709867656399,-1.1013458363213948,199.21167960882016,recent,base
F,1779091200000,1,1.3126986291659455,False,1779094800000,1779181200000,77001.0,77015.9,77012.55015000001,77004.34761499999,1.9350398046771053,3.0002902559723537,10.000967374774355,-1.7104281119725717,-12.776645938042176,recent,base
B,1779120000000,-1,1.721830254779566,True,1779123600000,1779210000000,76377.3,76858.4,76365.843405,76869.92876,-62.98991977982872,3.0094484879665906,10.031499684133898,1.563515344742482,-74.46735260718674,recent,base
P,1779120000000,-1,1.721830254779566,False,1779123600000,1779210000000,76377.3,76858.4,76365.843405,76869.92876,-62.98991977982872,3.0094484879665906,10.031499684133898,1.563515344742482,-74.46735260718674,recent,base
F,1779364800000,-1,1.414728442165285,False,1779368400000,1779454800000,77244.1,77491.4,77232.51338500001,77503.02371000001,-32.01539017219287,3.0048023085267723,10.016010096240361,0.8887465514833294,-44.14745602547668,recent,base
B,1779480000000,-1,2.3145830005630255,True,1779483600000,1779570000000,75939.5,77246.9,75928.109075,77258.487035,-172.1633668907478,3.0258245050341133,10.08609459569789,1.0176391311653772,-184.25764686031442,recent,base
F,1779508800000,1,0.874255561199602,True,1779512400000,1779598800000,75505.9,76747.9,75517.225885,76736.387815,164.49045703713222,3.0246735685572284,10.082232891734288,-1.7640764611842672,149.6194741156564,recent,base
P,1779638400000,-1,0.7005632970831717,False,1779642000000,1779728400000,76645.1,77694.5,76633.603235,77706.154175,-136.91677615398692,3.020537516423987,10.068468656835208,1.1585555076580236,-148.84722681958806,recent,base
F,1779811200000,-1,2.066758255002623,False,1779814800000,1779901200000,76534.7,75273.9,76523.219795,75285.191085,164.73573424864838,2.9752896398632553,9.917619777695608,2.85498372037116,154.6978085514607,recent,base
P,1779811200000,-1,2.066758255002623,False,1779814800000,1779901200000,76534.7,75273.9,76523.219795,75285.191085,164.73573424864838,2.9752896398632553,9.917619777695608,2.85498372037116,154.6978085514607,recent,base
F,1779868800000,1,1.4136893481681334,False,1779872400000,1779958800000,75838.5,73293.9,75849.87577500001,73282.905915,-335.5287881485005,2.9496706817785365,9.83226077058486,-2.4510648705894926,-350.7617844714534,recent,base
B,1779926400000,-1,2.8574916226138796,True,1779930000000,1780016400000,74541.7,73693.9,74530.518745,73704.954085,113.73499665288061,2.9829397505039226,9.943123971548811,2.4591991298180917,103.26813206064597,recent,base
B,1779940800000,-1,2.891008753159238,True,1779944400000,1780030800000,73145.1,73466.3,73134.12823500001,73477.31994500001,-43.91271595773293,3.0065869073939413,10.021959651432564,2.5061539840011324,-54.4351085325583,recent,base
F,1779955200000,1,2.69447602041198,False,1779958800000,1780045200000,73293.9,73625.1,73304.894085,73614.05623500001,45.187935148765675,3.006778190273392,10.022590578479246,-2.5393062082514373,29.6192601717616,recent,base
F,1780070400000,1,1.8421194398480871,False,1780074000000,1780160400000,74022.1,73900.0,74033.203315,73888.91500000001,-16.495073768510462,2.9975257389336623,9.99175370024628,-1.4338994548729287,-30.91825266256333,recent,base
P,1780300800000,-1,1.5018519827156243,False,1780304400000,1780390800000,72875.8,69794.4,72864.86863,69804.86916,422.82897752065963,2.936575653373758,9.788553799066356,2.531338511708619,412.63518657992813,recent,base
B,1780329600000,-1,2.6084889998885923,True,1780333200000,1780419600000,71537.7,67393.1,71526.969345,67403.20896500001,579.358855540504,2.913096171668761,9.710277120315585,2.3695435185954126,569.1050257671151,recent,base
F,1780344000000,1,2.0167004966868842,False,1780347600000,1780434000000,71419.7,67556.0,71430.412955,67545.8666,-540.9851903606425,2.9188522214481507,9.729547978708958,-2.3734584907276712,-556.0070490515271,recent,base
B,1780401600000,-1,2.134126773393765,True,1780405200000,1780491600000,68985.4,67050.7,68975.05219,67060.757605,280.45064607873513,2.957932403088347,9.859753643162177,2.0162147451140786,269.64917477759866,recent,base
B,1780416000000,-1,3.2400295377903627,True,1780419600000,1780506000000,67393.1,66037.4,67382.99103500001,66047.30561,201.16302707547382,2.9698255459377565,9.899403399235233,2.21079277046945,190.5045909007703,recent,base
B,1780531200000,-1,5.369353374367207,True,1780534800000,1780621200000,63314.5,63398.3,63305.002825,63407.809745000006,-13.235514771498298,3.0019853272156944,10.006618750049357,0.17649806987191285,-26.06762077889144,recent,base
F,1780545600000,1,9.186084299785232,False,1780549200000,1780635600000,64363.9,63589.0,64373.554585000005,63579.46165,-120.39357465908708,2.9819409638021313,9.939812242188557,-0.17362041524682664,-133.48894828032456,recent,base
F,1780646400000,1,5.65643022076332,False,1780650000000,1780736400000,62429.9,61239.5,62439.26448500001,61230.314075,-190.6778642925908,2.9713983203566667,9.904675368693526,-0.05711761583483644,-203.61105559747585,recent,base
B,1780675200000,-1,3.486526536414694,True,1780678800000,1780765200000,61358.1,60749.9,61348.896285,60759.01248500001,99.12301717295631,2.9851315474242384,9.950431057187235,0.09249399514959011,86.27994856349444,recent,base
B,1781481600000,1,3.5036971527578613,True,1781485200000,1781571600000,65591.4,66216.8,65601.23871,66206.86748,95.34786572630081,3.01430217986093,10.047666781773222,0.6043002427029027,82.89019700736957,recent,base
P,1781481600000,1,3.5036971527578613,True,1781485200000,1781571600000,65591.4,66216.8,65601.23871,66206.86748,95.34786572630081,3.01430217986093,10.047666781773222,0.6043002427029027,82.89019700736957,recent,base
B,1781496000000,1,1.320050793443053,False,1781499600000,1781586000000,65612.2,65811.1,65622.04183,65801.228335,30.314484196537954,3.0045471726300303,10.015154968511954,0.6041086709365511,17.89889072633252,recent,base
B,1781524800000,1,1.2024306163880263,False,1781528400000,1781614800000,66528.5,66390.5,66538.479275,66380.541425,-20.74298984645678,2.9968885515233428,9.98963006080101,0.7677496378127143,-32.96175882096842,recent,base
B,1781539200000,1,1.0216040710655563,False,1781542800000,1781629200000,67122.3,65730.9,67132.36834500001,65721.040365,-207.29325425380367,2.968906011863071,9.896368919867166,0.1278456499438067,-220.03068353559013,recent,base
P,1781712000000,1,0.7163323884973052,False,1781715600000,1781802000000,65829.6,62664.2,65839.47444,62654.80037,-480.8475214797004,2.9278728717779665,9.75961230282426,-0.5264515602642974,-494.061458214567,recent,base
F,1781769600000,1,1.2037044619128257,False,1781773200000,1781859600000,64370.0,62575.7,64379.65550000001,62566.313644999995,-278.7478639117606,2.9581878204148517,9.860646974133914,-0.8677093170847777,-292.43440802339416,recent,base
B,1781798400000,-1,1.3608977735953431,False,1781802000000,1781888400000,62664.2,62943.7,62654.80037,62953.141555,-44.602819472681375,3.0066904229216638,10.022304754947802,1.0892636778375395,-56.5425509727133,recent,base
P,1782028800000,-1,0.5197086198311293,True,1782032400000,1782118800000,63987.9,64133.9,63978.301815,64143.52008500001,-22.81681380385979,3.0034225220724737,10.011410118162965,1.2221662375230318,-34.6094802065722,recent,base
B,1782201600000,-1,2.204614010428114,True,1782205200000,1782291600000,62353.6,62773.0,62344.24696,62782.41595,-67.26155346283157,3.010089233020086,10.033635821347925,0.24171772102974004,-80.06356079616985,recent,base
B,1782316800000,-1,1.9078107007214018,True,1782320400000,1782406800000,59808.3,59284.1,59799.328755,59292.992615,87.64669786635038,2.9868529953208722,9.956170077564485,-0.1745506120387972,74.52912418142623,recent,base
P,1782475200000,-1,1.5505139080599415,False,1782478800000,1782565200000,59167.6,60394.0,59158.72486,60403.059100000006,-207.2756035397754,3.0310913405313586,10.103653347440154,1.716530339577742,-218.69381788816918,recent,base
P,1782662400000,-1,0.2999104937411997,False,1782666000000,1782752400000,59655.9,59870.9,59646.951615000005,59879.88063500001,-36.040022864461015,3.005406003430209,10.018022714433947,1.9272985602269765,-47.1361530220982,recent,base
B,1782835200000,-1,1.9933624736857505,True,1782838800000,1782925200000,58479.2,59902.9,58470.42812,59911.885435000004,-243.45408281919117,3.0365181124233174,10.121745300465808,1.4676899980147906,-255.14465623406554,recent,base
F,1782878400000,1,3.5944433986336457,False,1782882000000,1782968400000,59311.1,60757.7,59319.996665000006,60748.586344999996,243.9003828962873,3.0365850574358775,10.121931898919426,-1.7098730978165393,229.03199284211544,recent,base
F,1782950400000,-1,3.864369183311014,False,1782954000000,1783040400000,59719.7,61283.9,59710.742045,61293.092585000006,-261.9236198440388,3.0392885429770016,10.130981454193506,2.100376186584996,-272.9935136546243,recent,base
B,1782993600000,1,2.6480223791763144,True,1782997200000,1783083600000,61507.3,61952.6,61516.52609500001,61943.30711,72.39791049192463,3.0108596865741837,10.036193525402677,-2.5309741212831645,56.81988315866461,recent,base
F,1783353600000,1,2.5342635918436134,False,1783357200000,1783443600000,63710.4,63962.4,63719.956560000006,63952.805640000006,39.55398176749793,3.0059330972651312,10.019774024335117,-2.262863246659886,24.26541139923779,recent,base
P,1783353600000,1,2.5342635918436134,False,1783357200000,1783443600000,63710.4,63962.4,63719.956560000006,63952.805640000006,39.55398176749793,3.0059330972651312,10.019774024335117,-2.262863246659886,24.26541139923779,recent,base
B,1783684800000,1,1.450298396604162,False,1783688400000,1783774800000,64258.9,64168.5,64268.53883500001,64158.874725,-14.0680901789482,2.9978897864737353,9.99296701001729,-2.039302570297942,-29.098249545737165,recent,base
F,1783929600000,1,1.2861390102478594,False,1783933200000,1784019600000,63174.9,62680.1,63184.37623500001,62670.697985,-78.322245068849,2.9882516632410727,9.960844751633955,-2.1505545850660623,-93.42189606879009,recent,base
B,1784044800000,1,2.0948483086901795,True,1784048400000,1784134800000,64704.0,65089.6,64713.70560000001,65079.836559999996,59.594460929772275,3.008939169141145,10.029792760880317,-2.4526104908597857,44.10311850889103,recent,base
B,1784073600000,1,1.6147381480521172,True,1784077200000,1784163600000,64798.1,64554.3,64807.819715000005,64544.61685500001,-37.62455997938144,2.9943563160033957,9.981190541852307,-1.6879765349057285,-52.288083372142864,recent,base
F,1784102400000,-1,1.0819969144649368,False,1784106000000,1784192400000,64744.9,64096.6,64735.188265000004,64106.214490000006,100.13143892414737,2.9849802841620487,9.949926770680008,1.4447406590526968,88.64127252835802,recent,base
B,1784131200000,1,1.0188392183021742,False,1784134800000,1784221200000,65089.6,64448.4,65099.36344000001,64438.73274,-98.51036110223401,2.985223445836464,9.950752207725966,-1.5956514400670672,-113.0419881958635,recent,base
B,1784563200000,1,1.3336578364844278,False,1784566800000,1784653200000,65478.6,66507.1,65488.42179000001,66497.12393500001,157.07421966871732,3.0235611329509715,10.078525329267887,-1.6327192100163637,142.33941399648208,recent,base
F,1784577600000,-1,1.6862007808026964,False,1784581200000,1784667600000,65344.8,66373.8,65334.99828000001,66383.75607,-157.47236199360927,3.023620854298432,10.078747991423954,1.636062365558965,-168.9386684737727,recent,base
B,1784620800000,1,1.443296597701634,False,1784624400000,1784710800000,66199.9,65953.4,66209.829985,65943.50699,-37.235705794117514,2.994414644132324,9.981384939780874,-1.1270162785744389,-51.33852165660515,recent,base
F,1785254400000,1,1.171608504720656,False,1785258000000,1785344400000,64019.9,63786.6,64029.50298500001,63777.03201,-36.44179387971598,2.9945337309181843,9.981781836194683,-2.3723202233415592,-51.790429670170404,recent,base
F,1785470400000,-1,2.278992109282766,False,1785474000000,1785560400000,64281.6,63074.0,64271.95776,63083.46110000001,187.86091198725586,2.9718208632032743,9.906055454437976,1.8907224820290613,176.87375815164367,recent,base
P,1785672000000,-1,0.8627896460164151,False,1785675600000,1785762000000,63097.2,62669.9,63087.73542,62679.30048500001,67.7209131308514,2.9898418630312307,9.96613446436609,2.408978552455577,57.17391535590966,recent,base
P,1785729600000,-1,0.9440733463480548,False,1785733200000,1785819600000,62765.2,64004.5,62755.78522,64014.10067500001,-197.4501793987756,3.02961752691108,10.098739898462844,1.1972732112893607,-209.38126361286012,recent,base
P,1785801600000,-1,1.341633588173168,False,1785805200000,1785891600000,63337.6,63970.9,63328.09936,63980.49563500001,-99.98800080836706,3.01499820012181,10.050001499504244,1.5749572886268839,-111.47804321936624,recent,base
F,1785830400000,-1,1.1159315907228509,False,1785834000000,1785920400000,63559.7,64096.4,63550.166045,64106.014460000006,-84.44029786169608,3.012666044679773,10.042226481953188,1.046033249749985,-96.44915713857907,recent,base
B,1785960000000,1,1.1938632226073365,False,1785963600000,1786050000000,64804.2,64403.7,64813.92063,64394.039444999995,-61.801549899543545,2.990729767515939,9.96910386016647,-1.5129738737612684,-76.27435740098723,recent,base
F,1785974400000,-1,1.4895999311861552,False,1785978000000,1786064400000,64614.8,64291.9,64605.107780000006,64301.54378500001,49.97307118492999,2.9925040393229816,9.975009716427197,0.9372245129598791,37.94278194213969,recent,base
F,1786118400000,-1,1.223884474924255,False,1786122000000,1786208400000,64779.9,65056.1,64770.183015,65065.858415,-42.636682057242616,3.0063955023090485,10.021321538779778,1.6821295398757932,-53.98226955845565,recent,base
F,1786320000000,-1,1.3710909016704813,False,1786323600000,1786410000000,64945.3,64006.1,64935.558205,64015.700915,144.61400594038435,2.978307899109627,9.927682150979361,1.520696222774441,133.2287121130698,recent,base
B,1786464000000,-1,1.0075529007910933,False,1786467600000,1786554000000,63488.5,63462.3,63478.976725,63471.81934500001,4.1267316128113105,2.999380990259251,9.997936324688723,2.521879234467376,-6.348706467669288,recent,base
P,1786622400000,-1,1.225492320167949,False,1786626000000,1786712400000,63669.2,62706.1,63659.64962,62715.505915,151.26623233839888,2.9773100651498043,9.924355538863376,2.2248031805127564,140.58936991489844,recent,base
F,1786651200000,1,2.197130322588132,False,1786654800000,1786741200000,63385.6,62878.5,63395.107840000004,62869.068225,-80.00239802100138,2.987999640297317,9.960004801169353,-1.513123042600753,-94.4635255050688,recent,base
P,1786680000000,-1,0.6463595083115659,False,1786683600000,1786770000000,63350.0,63092.5,63340.4975,63101.96387500001,40.64719810576164,2.993902920285854,9.979673352407262,1.3345480360246222,29.00816986909315,recent,base
F,1786723200000,1,0.90920232247036,True,1786726800000,1786813200000,63105.9,63066.3,63115.36588500001,63056.840055,-6.275166030434325,2.9990587250966088,9.996862887622237,-1.8616251755964852,-21.132712818749656,recent,base
B,1786982400000,1,1.0396198003753099,False,1786986000000,1787072400000,64082.2,64804.7,64091.81233,64794.979295,112.74581709117352,3.0169118725641897,10.056364452609305,-1.3917194983998753,98.28082126760015,recent,base
B,1787068800000,1,1.1245510251390665,False,1787072400000,1787158800000,64804.7,68430.7,64814.420705000004,68420.435395,559.5273182346342,3.0839290977368834,10.27972169456845,-1.5974458458285763,544.5662215965003,recent,base
P,1787140800000,1,0.7831593208108459,False,1787144400000,1787230800000,64857.3,71930.1,64867.02859500001,71919.31048500001,1090.5171815663005,3.1635775772356425,10.545176801994533,-3.1652686080057295,1073.6431585790647,recent,base
B,1787227200000,1,7.351064378395342,True,1787230800000,1787317200000,71930.1,77228.1,71940.88951500002,77216.51578500001,736.5483990707645,3.1104822598615343,10.368218958405455,-2.0694301872084,721.000267665289,recent,base
B,1787299200000,1,5.969211290064683,True,1787302800000,1787389200000,79268.9,77193.5,79280.790335,77181.920975,-261.8176863814175,2.960727347043138,9.86911079313577,-2.937014883900622,-277.58453940549697,recent,base
F,1787313600000,-1,11.246522862686918,False,1787317200000,1787403600000,77228.1,77295.6,77216.51578500001,77307.19434000002,-8.740341922175995,3.0013110512890866,10.004370826486735,3.014627307035004,-18.731396492916815,recent,base
P,1787486400000,1,1.748054038709997,False,1787490000000,1787576400000,77203.0,79146.3,77214.58045000001,79134.42805500001,251.71301633356256,3.037756952450067,10.125837629690558,-3.0067693359517125,235.54265241547026,recent,base
P,1787716800000,1,1.3944193660223707,False,1787720400000,1787806800000,78792.1,78746.0,78803.91881500001,78734.1881,-5.850840376129818,2.999122373944419,9.997075018624964,-1.7559024780318464,-20.60294024673105,recent,base
F,1787889600000,-1,2.9984497272327495,False,1787893200000,1787979600000,79616.3,77619.6,79604.35755500001,77631.24294000001,250.79035323168713,2.962381447015058,9.874586014107665,2.559221783844891,240.51260755440927,recent,base
B,1767628800000,1,1.3086164879101736,False,1767632400000,1767718800000,93646.6,92651.3,93674.69398,92623.50461,-106.28255590699533,5.968115233226819,19.893749328859776,-0.4114143189582034,-132.55583478804013,recent,cost_x2
B,1767643200000,1,2.0631450849544244,True,1767646800000,1767733200000,94131.0,92472.7,94159.2393,92444.95819,-176.16938096907532,5.947149185708571,19.823883469845214,-0.4092971726822332,-202.34971079731133,recent,cost_x2
F,1767657600000,-1,1.9218129823494634,False,1767661200000,1767747600000,93768.8,92670.4,93740.66936,92698.20112,117.13917635716878,5.964858247093571,19.882825681889923,1.2063300373018668,92.49782246548715,recent,cost_x2
F,1767888000000,1,1.491996536254795,False,1767891600000,1767978000000,90888.0,91589.9,90915.2664,91562.42302999999,77.22691664466092,6.023168074993014,20.077203748569666,-0.4644242901153067,50.66212053098294,recent,cost_x2
P,1768161600000,-1,0.3541641141526363,True,1768165200000,1768251600000,90654.2,91446.5,90627.00374,91473.93394999999,-87.39804664317847,6.0262194139916785,20.087424266057173,0.9444140474462298,-112.56727627578108,recent,cost_x2
F,1768305600000,-1,1.8932167894316214,False,1768309200000,1768395600000,92076.3,95041.5,92048.67711,95070.01245,-322.0372669188485,6.096611180074944,20.322133878098924,0.6209353381853242,-347.83507663883705,recent,cost_x2
B,1768320000000,1,1.4968769599292266,False,1768323600000,1768410000000,93341.6,97232.1,93369.60248,97202.93037,416.8023689330373,6.125040710679859,20.41667732822236,-0.6900034429381259,389.570647451197,recent,cost_x2
B,1768334400000,1,2.274315088029861,True,1768338000000,1768424400000,94349.0,97606.0,94377.3047,97576.7182,345.2076863559762,6.103562305905768,20.345104124050067,-0.6826360148952652,318.0763839111251,recent,cost_x2
P,1768406400000,1,1.5530664041632483,False,1768410000000,1768496400000,97232.1,96684.7,97261.26963000001,96655.69459,-56.29828009474326,5.983110515971772,19.943718609389286,-0.28905405416013313,-82.51416327426446,recent,cost_x2
F,1768435200000,-1,1.692314257076592,False,1768438800000,1768525200000,96613.3,95589.6,96584.31601000001,95618.27688,105.95849639749362,5.968212451079968,19.89400971605359,1.0537713534213557,81.15004558378143,recent,cost_x2
B,1768780800000,-1,2.0500718513770226,True,1768784400000,1768870800000,92658.2,92676.1,92630.40254,92703.90283,-1.9318311816988385,6.00057954935474,20.001932410731055,1.4261233687100683,-26.50821977307457,recent,cost_x2
B,1768896000000,-1,3.110313999427982,True,1768899600000,1768986000000,91078.9,89160.4,91051.57633,89187.14812,210.6415426624608,5.936807537201458,19.789295264874738,2.1259175856760977,187.04135744606072,recent,cost_x2
F,1769025600000,1,2.677847979189196,False,1769029200000,1769115600000,90170.8,89370.8,90197.85124,89343.98876000001,-88.72051706317345,5.97338384488062,19.91130609909195,-2.06839502509203,-116.67360203223807,recent,cost_x2
B,1769371200000,-1,1.9055832668067325,True,1769374800000,1769461200000,86618.4,87595.3,86592.41447999999,87621.57859,-112.78204169091195,6.033834612507702,20.11281587630342,1.2629034281399796,-137.66578875158308,recent,cost_x2
B,1769601600000,1,1.4585318607004478,False,1769605200000,1769691600000,89954.9,88073.9,89981.88647,88047.47783,-209.10478473101523,5.937268564580051,19.79095794670441,-1.6711878040701278,-236.5041990463698,recent,cost_x2
F,1769630400000,-1,1.124376812542026,False,1769634000000,1769720400000,89100.0,84186.4,89073.27,84211.65591999999,551.4702581369255,5.834558922558013,19.448364300785634,1.686060742207069,527.8733956557888,recent,cost_x2
B,1769702400000,-1,2.1005980326178997,True,1769706000000,1769792400000,85230.3,83115.1,85204.73091000001,83140.03453,248.17465150304494,5.925547604547748,19.75175089610151,0.6411838508630742,223.13853685325878,recent,cost_x2
F,1770235200000,1,3.270378556918973,False,1770238800000,1770325200000,73488.9,63750.9,73510.94666999999,63731.774730000005,-1325.0980760359719,5.602470577188243,18.675299453386838,-0.4867886639403463,-1349.8626347304876,recent,cost_x2
B,1770264000000,-1,4.506871818501903,True,1770267600000,1770354000000,70863.9,64865.1,70842.64082999999,64884.55953,846.5241117127332,5.746042766486871,19.15322193105375,-0.5838457313541069,821.0410012838385,recent,cost_x2
B,1770307200000,-1,4.2139353274409155,True,1770310800000,1770397200000,68262.7,69896.0,68242.22119,69916.9688,-239.2668323989533,6.071780049720111,20.239338612448673,-2.800264009738115,-268.3782150708602,recent,cost_x2
B,1770321600000,-1,4.098635529002289,True,1770325200000,1770411600000,63750.9,69939.0,63731.774730000005,69959.9817,-970.6686493837732,6.291200594815246,20.970959849978588,-2.9984452300681244,-1000.9292550586351,recent,cost_x2
B,1770336000000,-1,8.192134488512016,True,1770339600000,1770426000000,63460.4,69917.2,63441.361880000004,69938.17516,-1017.4534040125804,6.30523602120365,21.017758640033787,-4.541143702844608,-1049.3175423766625,recent,cost_x2
F,1770595200000,-1,1.5943808448329715,False,1770598800000,1770685200000,70453.8,69793.3,70432.66386,69814.23799,93.74937902568776,5.971875186291386,19.906222496160606,-1.1139069523574314,66.75737439087834,recent,cost_x2
F,1770811200000,1,1.0871939315526067,False,1770814800000,1770901200000,67099.2,67832.4,67119.32976,67812.05028,109.27104943128937,6.032781314828569,20.10923826811646,-0.0965446280860243,83.03248522025831,recent,cost_x2
B,1771070400000,1,1.153870613089252,False,1771074000000,1771160400000,69602.2,69285.0,69623.08065999999,69264.2145,-45.57327210921452,5.986328018366287,19.954440399872414,-0.05714748010838738,-71.57118800756162,recent,cost_x2
B,1771142400000,1,1.433091003865556,False,1771146000000,1771232400000,70405.1,68724.5,70426.22153000001,68703.88265,-238.7042984102012,5.928388710477568,19.761367312879322,0.291851698570201,-264.1022027349879,recent,cost_x2
F,1771156800000,-1,0.7585817999827674,True,1771160400000,1771246800000,69285.0,69739.3,69264.2145,69760.22179,-65.56974814173384,6.0196709244412485,20.065589419066175,-0.2965699361045661,-91.95157842134583,recent,cost_x2
B,1771444800000,-1,1.1001343336883764,False,1771448400000,1771534800000,66230.3,67118.6,66210.43091000001,67138.73558000001,-134.1229014514509,6.040236870434651,20.13416313832189,-0.43598212169104217,-160.73328358189846,recent,cost_x2
B,1771689600000,1,0.37995341582219017,False,1771693200000,1771779600000,68292.3,67601.7,68312.78769,67581.41949,-101.12413844606284,5.969662758464913,19.89890619879547,-0.5694072082092692,-127.5621146115325,recent,cost_x2
B,1771819200000,-1,4.865162602018953,True,1771822800000,1771909200000,64777.2,63338.1,64757.76684,63357.101429999995,222.1615012689648,5.933351549618865,19.777771850280654,-0.15066279773387262,196.2997150713314,recent,cost_x2
B,1771905600000,-1,2.4455416065189897,True,1771909200000,1771995600000,63338.1,65428.0,63319.09857,65447.6284,-329.9593767416455,6.098987813022184,20.33005836455467,0.10275367782280595,-356.2856692413995,recent,cost_x2
F,1771948800000,1,1.0147259187667155,False,1771952400000,1772038800000,64227.4,68249.9,64246.66822,68229.42503,626.2903371458276,6.187887101142779,20.626102450044687,-0.13856884322240084,599.3377787514178,recent,cost_x2
B,1772049600000,1,1.9233087560082338,True,1772053200000,1772139600000,69104.9,67386.6,69125.63147,67366.38402000001,-248.65096396926825,5.925404710808118,19.751423631319927,-0.08340184052442517,-274.4111941519207,recent,cost_x2
F,1772064000000,-1,2.9480273458375765,False,1772067600000,1772154000000,68294.3,67190.3,68273.81171000001,67210.45709,161.6533151375737,5.9515040054568535,19.83829818886789,0.18532340971057676,136.04883635295954,recent,cost_x2
B,1772467200000,1,1.9232695351155324,True,1772470800000,1772557200000,69395.2,68137.4,69416.01856,68116.95878,-181.25172922622934,5.945624481231129,19.81880264629254,-0.26718962912754607,-207.28334598288055,recent,cost_x2
P,1772611200000,1,1.8380450531113248,False,1772614800000,1772701200000,70993.7,72307.6,71014.99811,72285.90772,185.07275997729502,6.055521827994077,20.185017238149303,-1.3524713364263024,157.47974957472533,recent,cost_x2
B,1772640000000,1,1.7721183278757664,True,1772643600000,1772730000000,73241.2,71267.9,73263.17236,71246.51963,-269.4248592322358,5.919172542230152,19.730655968225534,-0.8590185820716508,-295.9337063247632,recent,cost_x2
B,1772913600000,-1,0.45841893598106015,False,1772917200000,1773003600000,67354.4,67195.6,67334.19368,67215.75868,23.576781917734902,5.992926965423297,19.976416145047686,-0.846216502765706,-3.238777695501789,recent,cost_x2
F,1772956800000,1,0.7888470879585942,True,1772960400000,1773046800000,67491.0,67772.4,67511.2473,67752.06827999999,41.69444814864118,6.012508334445285,20.041681939814197,1.3071594261337793,16.947417300515472,recent,cost_x2
B,1773014400000,-1,2.6249264130361993,True,1773018000000,1773104400000,66326.8,69113.2,66306.90196,69133.93396,-420.1016783562593,6.126030503506544,20.420227708859763,-1.0690277700886663,-447.71696433871426,recent,cost_x2
B,1773158400000,1,1.4574898509695298,False,1773162000000,1773248400000,71224.5,70539.0,71245.86735,70517.8383,-96.24497188467453,5.971126508434229,19.903783901606896,2.172047249748596,-119.94783504496705,recent,cost_x2
F,1773417600000,-1,1.6452714858205828,False,1773421200000,1773507600000,71846.0,70636.7,71824.4462,70657.89100999999,168.31834757676182,5.949504495725472,19.831631156918966,-0.9054850052285716,141.6317269188888,recent,cost_x2
F,1773648000000,-1,2.3131612552096894,False,1773651600000,1773738000000,73098.4,74150.1,73076.47048,74172.34503,-143.8745581298649,6.043162367436434,20.143917720497303,-0.02774601875268187,-170.08938423655133,recent,cost_x2
F,1773676800000,-1,1.0648418996638442,False,1773680400000,1773766800000,73726.4,74120.0,73704.28207999999,74142.236,-53.386575229497964,6.016015972570024,20.05340259120207,-0.35395056121665225,-79.80994435448672,recent,cost_x2
B,1773705600000,1,1.7208805004509296,True,1773709200000,1773795600000,75283.8,73821.3,75306.38514,73799.15361000001,-194.26490161229907,5.941720529514984,19.805793377858187,1.0151755172485206,-218.99724000242372,recent,cost_x2
F,1773720000000,-1,2.394918348058477,False,1773723600000,1773810000000,74203.3,74139.5,74181.03901000001,74161.74184999999,8.598000358475016,5.997420599890633,19.991399420241418,-1.0299578402232,-18.420777501880238,recent,cost_x2
F,1773878400000,1,1.1839008977375947,False,1773882000000,1773968400000,70970.0,70159.9,70991.291,70138.85203,-114.14682260109988,5.965755953219256,19.885887421445677,0.11836822383575085,-139.88009775192907,recent,cost_x2
F,1774152000000,1,1.5243492515351245,False,1774155600000,1774242000000,69313.3,68504.4,69334.09399,68483.84868,-116.70198937289216,5.964989403186645,19.883333021223915,1.3220557887605044,-141.22825600854222,recent,cost_x2
B,1774180800000,-1,0.7409586943998949,False,1774184400000,1774270800000,68614.4,70710.0,68593.81568,70731.213,-305.416938718404,6.091625081615209,20.30550856380002,-1.1762306242289302,-332.99030298804814,recent,cost_x2
F,1774281600000,-1,1.2981101089253078,False,1774285200000,1774371600000,70539.6,69448.4,70518.43812,69469.23452,154.6932503161361,5.9535920249056735,19.845260341708766,1.09872645421929,129.99312440374095,recent,cost_x2
B,1774612800000,-1,2.1914638215472757,True,1774616400000,1774702800000,66579.4,66416.7,66559.42618,66436.62500999999,24.436988017314228,5.9926689035934535,19.975555680886277,-2.1457718518999647,-3.677008419065466,recent,cost_x2
F,1775145600000,1,1.0631290811827914,False,1775149200000,1775235600000,67050.0,66972.5,67070.11499999999,66952.40825000001,-11.558538404175989,5.996532438476213,19.98844492915735,0.10776568302013431,-37.43575008878942,recent,cost_x2
B,1775433600000,1,2.375200686122853,True,1775437200000,1775523600000,69051.9,68738.6,69072.61557,68717.97842000001,-45.37166971509667,5.986388499084328,19.95464194178582,-0.566126667855094,-71.87882682382192,recent,cost_x2
P,1775592000000,1,0.9746053450005098,False,1775595600000,1775682000000,69285.3,71337.0,69306.08559,71315.5989,296.1234201194189,6.088837026036154,20.296034583093384,-1.2027605893765299,268.53578792091275,recent,cost_x2
B,1775606400000,1,5.839803885434638,True,1775610000000,1775696400000,71681.9,70779.0,71703.40457,70757.7663,-125.95927284293444,5.962212218147349,19.87407851493892,-0.5440864124341713,-152.33964998845485,recent,cost_x2
F,1775779200000,-1,2.0934309490706,False,1775782800000,1775869200000,71932.3,72792.5,71910.72031,72814.33774999999,-119.58466502530811,6.035875399506225,20.11962054042482,-0.7083740145942782,-146.44853497983345,recent,cost_x2
B,1775937600000,1,0.8120266428199782,False,1775941200000,1776027600000,73252.8,71302.8,73274.77584,71281.40916000001,-266.20142847781926,5.920139571455549,19.733878431950725,1.201383694123715,-290.65406278710185,recent,cost_x2
B,1776441600000,1,2.8005367824242713,True,1776445200000,1776531600000,77805.1,75897.9,77828.44153,75875.13063,-245.12531954846295,5.926462404133549,19.7549482180474,1.951021645563925,-268.85570852507993,recent,cost_x2
F,1776657600000,1,1.121595181988298,False,1776661200000,1776747600000,74523.7,75768.2,74546.05711,75745.46954,166.99385564592203,6.05009815669227,20.16694375748923,1.565503810577736,142.34231754231826,recent,cost_x2
B,1776830400000,1,2.2699325172338884,True,1776834000000,1776920400000,77475.4,77871.5,77498.64262,77848.13855,51.12590577138109,6.0153377717315735,20.05111056799965,0.5120310741215921,25.57148850577146,recent,cost_x2
B,1776873600000,1,1.308132334184763,False,1776877200000,1776963600000,78705.1,78049.1,78728.71153,78025.68527,-83.34910952403338,5.974995267142628,19.916675895208822,1.7999235161803822,-107.44085717020445,recent,cost_x2
F,1776888000000,-1,0.9496018045363864,True,1776891600000,1776978000000,78395.8,77841.3,78372.28126,77864.65239,70.73082996793195,5.978780751009562,19.92924795078308,-1.8070248703799003,43.01577639575941,recent,cost_x2
P,1777032000000,1,1.455002170720908,False,1777035600000,1777122000000,78233.0,77518.3,78256.4699,77495.04451,-91.35531041887657,5.972593406873357,19.90867209617425,1.038176818478136,-116.19839910344605,recent,cost_x2
P,1777161600000,1,0.30199437016838,False,1777165200000,1777251600000,77457.4,79264.1,77480.63721999999,79240.32077,233.25079333930805,6.0699752380012155,20.233180818101307,-0.06032939744724759,206.88730788575828,recent,cost_x2
B,1777305600000,-1,1.123587602242447,False,1777309200000,1777395600000,76587.9,76091.7,76564.92362999999,76114.52751,64.78830206860314,5.980563509380302,19.935192261440775,-0.19999190799858546,38.672554389783485,recent,cost_x2
F,1777320000000,1,0.7304265417883439,True,1777323600000,1777410000000,76915.8,76420.0,76938.87474,76397.07400000001,-64.4600979252641,5.980661970620935,19.935559240104112,0.19913932183770905,-90.17717981415144,recent,cost_x2
B,1777377600000,-1,0.9683943667750848,False,1777381200000,1777467600000,76345.6,77110.0,76322.69632,77133.133,-100.12364825215784,6.030037094476263,20.100153685346633,0.36596598295067756,-125.88787304903005,recent,cost_x2
F,1777852800000,-1,1.8501983527022763,False,1777856400000,1777942800000,78505.0,80130.9,78481.4485,80154.93926999999,-207.10782752690838,6.062132348257467,20.207169959875166,-0.3769196735239794,-233.754049508565,recent,cost_x2
B,1777867200000,1,3.6593849672614973,True,1777870800000,1777957200000,80300.0,80850.9,80324.09,80826.64473,68.60523038605157,6.0205815691146585,20.068584648816937,0.36849413412204235,42.88455830224203,recent,cost_x2
F,1777881600000,-1,1.8518691833670327,False,1777885200000,1777971600000,79666.6,80776.0,79642.70002,80800.2328,-139.25534665719312,6.041776603997147,20.139297123261187,-0.8249554860041918,-166.26137587045565,recent,cost_x2
B,1777953600000,1,1.4781099778326983,False,1777957200000,1778043600000,80850.9,81285.0,80875.15526999999,81260.6145,53.6914245852558,6.016107427375349,20.05367531715788,2.2083809303458777,29.830022771068453,recent,cost_x2
F,1777968000000,-1,1.572383446069653,False,1777971600000,1778058000000,80776.0,81903.7,80751.7672,81928.27111,-139.60829949489911,6.041882489848763,20.13965018198475,-2.3667867357878576,-168.1566189025205,recent,cost_x2
B,1777996800000,1,1.435107918506235,False,1778000400000,1778086800000,81250.6,81575.4,81274.97518000001,81550.92738,39.97508941472289,6.01199252682481,20.039963096887902,1.904025623005747,15.827159414015922,recent,cost_x2
F,1778025600000,-1,1.9790389770829477,False,1778029200000,1778115600000,80980.4,80967.0,80956.10588,80991.2901,1.6547213893725123,5.9995035835819195,19.998344782194213,-1.5850279798033455,-25.928154956206964,recent,cost_x2
B,1778068800000,1,2.94633249406362,True,1778072400000,1778158800000,82187.9,81118.4,82212.55636999999,81094.06448,-130.12864424081891,5.960961406726566,19.869910394352456,1.4060236186778343,-154.5534924232201,recent,cost_x2
P,1778140800000,1,1.1846274407374202,True,1778144400000,1778230800000,81196.0,79849.2,81220.3588,79825.24524,-165.8702399132966,5.950238928025401,19.834179521158678,0.7889674711746737,-190.86569089130597,recent,cost_x2
B,1778457600000,1,3.5074923770871904,True,1778461200000,1778547600000,81430.5,81508.7,81454.92915,81484.24739,9.603281325792803,6.002880984396424,20.009600400341398,-0.7007208784362997,-17.109920937381318,recent,cost_x2
F,1778616000000,1,1.4631990579631722,False,1778619600000,1778706000000,80656.9,79671.4,80681.09706999999,79647.49858,-122.18421486568417,5.963344735538981,19.877852440398776,-1.2521683110494135,-149.27758035267135,recent,cost_x2
B,1778688000000,-1,1.6890480968734218,True,1778691600000,1778778000000,79069.5,81839.2,79045.77915,81863.75176,-350.2867730287907,6.105086031908635,20.3503918590607,1.1097296007170447,-375.632521319043,recent,cost_x2
F,1778702400000,1,1.6645848573111106,False,1778706000000,1778792400000,79671.4,81372.0,79695.30141999999,81347.58840000001,213.4517530757594,6.064035525921079,20.213387717549836,-1.1013458363213948,186.0729839959671,recent,cost_x2
F,1779091200000,1,1.3126986291659455,False,1779094800000,1779181200000,77001.0,77015.9,77024.10029999999,76992.79523,1.9350398046771053,6.000580511939038,20.001934459292734,-1.7104281119725717,-25.777903278527237,recent,cost_x2
B,1779120000000,-1,1.721830254779566,True,1779123600000,1779210000000,76377.3,76858.4,76354.38681000001,76881.45752,-62.98991977982872,6.018896975933181,20.06300881675576,1.563515344742482,-87.50831022777518,recent,cost_x2
P,1779120000000,-1,1.721830254779566,False,1779123600000,1779210000000,76377.3,76858.4,76354.38681000001,76881.45752,-62.98991977982872,6.018896975933181,20.06300881675576,1.563515344742482,-87.50831022777518,recent,cost_x2
F,1779364800000,-1,1.414728442165285,False,1779368400000,1779454800000,77244.1,77491.4,77220.92677,77514.64742,-32.01539017219287,6.009604617051661,20.032024994789246,0.8887465514833294,-57.16827323255045,recent,cost_x2
B,1779480000000,-1,2.3145830005630255,True,1779483600000,1779570000000,75939.5,77246.9,75916.71815,77270.07406999999,-172.1633668907478,6.05164901006631,20.172215015900814,1.0176391311653772,-197.36959178554952,recent,cost_x2
F,1779508800000,1,0.874255561199602,True,1779512400000,1779598800000,75505.9,76747.9,75528.55176999999,76724.87563,164.49045703713222,6.049347137110602,20.16444110990002,-1.7640764611842672,136.5125923289373,recent,cost_x2
P,1779638400000,-1,0.7005632970831717,False,1779642000000,1779728400000,76645.1,77694.5,76622.10647000001,77717.80834999999,-136.91677615398692,6.0410750328441765,20.136957851186835,1.1585555076580236,-161.9362535303599,recent,cost_x2
F,1779811200000,-1,2.066758255002623,False,1779814800000,1779901200000,76534.7,75273.9,76511.73959,75296.48216999999,164.73573424864838,5.95057927972461,19.835214845031075,2.85498372037116,141.80492384426387,recent,cost_x2
P,1779811200000,-1,2.066758255002623,False,1779814800000,1779901200000,76534.7,75273.9,76511.73959,75296.48216999999,164.73573424864838,5.95057927972461,19.835214845031075,2.85498372037116,141.80492384426387,recent,cost_x2
F,1779868800000,1,1.4136893481681334,False,1779872400000,1779958800000,75838.5,73293.9,75861.25155,73271.91183,-335.5287881485005,5.899341363555155,19.66457187048794,-2.4510648705894926,-363.5437662531331,recent,cost_x2
B,1779926400000,-1,2.8574916226138796,True,1779930000000,1780016400000,74541.7,73693.9,74519.33749,73716.00816999999,113.73499665288061,5.9658795010019885,19.88623088284813,2.4591991298180917,90.34208539884858,recent,cost_x2
B,1779940800000,-1,2.891008753159238,True,1779944400000,1780030800000,73145.1,73466.3,73123.15647,73488.33989,-43.91271595773293,6.013173814787883,20.04392588977252,2.5061539840011324,-67.4636616782922,recent,cost_x2
F,1779955200000,1,2.69447602041198,False,1779958800000,1780045200000,73293.9,73625.1,73315.88816999999,73603.01247,45.187935148765675,6.013556380544798,20.04517437876822,-2.5393062082514373,16.589898181201217,recent,cost_x2
F,1780070400000,1,1.8421194398480871,False,1780074000000,1780160400000,74022.1,73900.0,74044.30663,73877.83,-16.495073768510462,5.99505147786929,19.983509874753626,-1.4338994548729287,-43.907534576006306,recent,cost_x2
P,1780300800000,-1,1.5018519827156243,False,1780304400000,1780390800000,72875.8,69794.4,72853.93726,69815.33832,422.82897752065963,5.873151306743522,19.57704417378609,2.531338511708619,399.91012055183865,recent,cost_x2
B,1780329600000,-1,2.6084889998885923,True,1780333200000,1780419600000,71537.7,67393.1,71516.23869,67413.31793,579.358855540504,5.826192343337522,19.420467336802833,2.3695435185954126,556.4817393789591,recent,cost_x2
F,1780344000000,1,2.0167004966868842,False,1780347600000,1780434000000,71419.7,67556.0,71441.12590999999,67535.7332,-540.9851903606425,5.837704442890189,19.459177105196467,-2.3734584907276712,-568.6555303994568,recent,cost_x2
B,1780401600000,-1,2.134126773393765,True,1780405200000,1780491600000,68985.4,67050.7,68964.70438,67070.81521,280.45064607873513,5.915864806176694,19.71946521872744,2.0162147451140786,256.83153079894504,recent,cost_x2
B,1780416000000,-1,3.2400295377903627,True,1780419600000,1780506000000,67393.1,66037.4,67372.88207,66057.21122,201.16302707547382,5.939651091877672,19.798776624016405,2.21079277046945,177.6353921300492,recent,cost_x2
B,1780531200000,-1,5.369353374367207,True,1780534800000,1780621200000,63314.5,63398.3,63295.50565,63417.31949,-13.235514771498298,6.003970654431389,20.01323948542593,0.17649806987191285,-39.0762268414837,recent,cost_x2
F,1780545600000,1,9.186084299785232,False,1780549200000,1780635600000,64363.9,63589.0,64383.20917,63569.9233,-120.39357465908708,5.963881927602002,19.87964254341331,-0.17362041524682664,-146.4107195453492,recent,cost_x2
F,1780646400000,1,5.65643022076332,False,1780650000000,1780736400000,62429.9,61239.5,62448.62897,61221.128150000004,-190.6778642925908,5.942796640711002,19.809379339066698,-0.05711761583483644,-216.48715788820334,recent,cost_x2
B,1780675200000,-1,3.486526536414694,True,1780678800000,1780765200000,61358.1,60749.9,61339.69257,60768.12497,99.12301717295631,5.970263094847291,19.900847245921888,0.09249399514959011,73.34440082733673,recent,cost_x2
B,1781481600000,1,3.5036971527578613,True,1781485200000,1781571600000,65591.4,66216.8,65611.07741999999,66196.93496,95.34786572630081,6.028604359717423,20.09531926136658,0.6043002427029027,69.82824234791971,recent,cost_x2
P,1781481600000,1,3.5036971527578613,True,1781485200000,1781571600000,65591.4,66216.8,65611.07741999999,66196.93496,95.34786572630081,6.028604359717423,20.09531926136658,0.6043002427029027,69.82824234791971,recent,cost_x2
B,1781496000000,1,1.320050793443053,False,1781499600000,1781586000000,65612.2,65811.1,65631.88365999999,65791.35667000001,30.314484196537954,6.009094345257843,20.03030538985128,0.6041086709365511,4.8791931323653825,recent,cost_x2
B,1781524800000,1,1.2024306163880263,False,1781528400000,1781614800000,66528.5,66390.5,66548.45855,66370.58285,-20.74298984645678,5.993777103044498,19.979263233050496,0.7677496378127143,-45.948280544739056,recent,cost_x2
B,1781539200000,1,1.0216040710655563,False,1781542800000,1781629200000,67122.3,65730.9,67142.43669,65711.18073,-207.29325425380367,5.937812023723974,19.79276893372247,0.1278456499438067,-232.89598956130632,recent,cost_x2
P,1781712000000,1,0.7163323884973052,False,1781715600000,1781802000000,65829.6,62664.2,65849.34888,62645.40074,-480.8475214797004,5.855745743555933,19.51929673277674,-0.5264515602642974,-506.74901551629745,recent,cost_x2
F,1781769600000,1,1.2037044619128257,False,1781773200000,1781859600000,64370.0,62575.7,64389.310999999994,62556.92729,-278.7478639117606,5.916375640825183,19.721335760447413,-0.8677093170847777,-305.253284630118,recent,cost_x2
B,1781798400000,-1,1.3608977735953431,False,1781802000000,1781888400000,62664.2,62943.7,62645.40074,62962.58310999999,-44.602819472681375,6.013380845841006,20.044616200318526,1.0892636778375395,-69.57155284100337,recent,cost_x2
P,1782028800000,-1,0.5197086198311293,True,1782032400000,1782118800000,63987.9,64133.9,63968.70363,64153.14017,-22.81681380385979,6.006845044140399,20.022823658848,1.2221662375230318,-47.62431626932515,recent,cost_x2
B,1782201600000,-1,2.204614010428114,True,1782205200000,1782291600000,62353.6,62773.0,62334.89392,62791.8319,-67.26155346283157,6.020178466037838,20.06728173192887,0.24171772102974004,-93.10729593976853,recent,cost_x2
B,1782316800000,-1,1.9078107007214018,True,1782320400000,1782406800000,59808.3,59284.1,59790.35751,59301.88523,87.64669786635038,5.973705990640528,19.91232700812429,-0.1745506120387972,61.58611425554676,recent,cost_x2
P,1782475200000,-1,1.5505139080599415,False,1782478800000,1782565200000,59167.6,60394.0,59149.84972,60412.1182,-207.2756035397754,6.062182681061487,20.20733778622084,1.716530339577742,-231.82859366747996,recent,cost_x2
P,1782662400000,-1,0.2999104937411997,False,1782666000000,1782752400000,59655.9,59870.9,59638.00323,59888.86127,-36.040022864461015,6.010812006859198,20.03605083487132,1.9272985602269765,-60.15958714596456,recent,cost_x2
B,1782835200000,-1,1.9933624736857505,True,1782838800000,1782925200000,58479.2,59902.9,58461.65624,59920.87087,-243.45408281919117,6.07303622484539,20.24352711904404,1.4676899980147906,-268.30295616506584,recent,cost_x2
F,1782878400000,1,3.5944433986336457,False,1782882000000,1782968400000,59311.1,60757.7,59328.89333,60739.47269,243.9003828962873,6.073170114868074,20.24382721278142,-1.7098730978165393,215.87351247082125,recent,cost_x2
F,1782950400000,-1,3.864369183311014,False,1782954000000,1783040400000,59719.7,61283.9,59701.78409,61302.28517,-261.9236198440388,6.0785770859527855,20.26200219692999,2.100376186584996,-286.16382294033656,recent,cost_x2
B,1782993600000,1,2.6480223791763144,True,1782997200000,1783083600000,61507.3,61952.6,61525.75219,61934.01422,72.39791049192463,6.021719373147185,20.072376191118778,-2.5309741212831645,43.77284080637551,recent,cost_x2
F,1783353600000,1,2.5342635918436134,False,1783357200000,1783443600000,63710.4,63962.4,63729.513119999996,63943.21128,39.55398176749793,6.01186619452912,20.03954211557297,-2.262863246659886,11.239710210735952,recent,cost_x2
P,1783353600000,1,2.5342635918436134,False,1783357200000,1783443600000,63710.4,63962.4,63729.513119999996,63943.21128,39.55398176749793,6.01186619452912,20.03954211557297,-2.262863246659886,11.239710210735952,recent,cost_x2
B,1783684800000,1,1.450298396604162,False,1783688400000,1783774800000,64258.9,64168.5,64278.17767,64149.24945,-14.0680901789482,5.995779572945206,19.985936130248106,-2.039302570297942,-42.089108452439454,recent,cost_x2
F,1783929600000,1,1.2861390102478594,False,1783933200000,1784019600000,63174.9,62680.1,63193.85247,62661.29597,-78.322245068849,5.97650332647869,19.92170125160467,-2.1505545850660623,-106.37100423199843,recent,cost_x2
B,1784044800000,1,2.0948483086901795,True,1784048400000,1784134800000,64704.0,65089.6,64723.411199999995,65070.07312,59.594460929772275,6.017878338277792,20.059576582591493,-2.4526104908597857,31.064395518043202,recent,cost_x2
B,1784073600000,1,1.6147381480521172,True,1784077200000,1784163600000,64798.1,64554.3,64817.53943,64534.933710000005,-37.62455997938144,5.988712632005669,19.962386727388612,-1.6879765349057285,-65.26363587368144,recent,cost_x2
F,1784102400000,-1,1.0819969144649368,False,1784106000000,1784192400000,64744.9,64096.6,64725.47653000001,64115.82898,100.13143892414737,5.96996056832185,19.899838521644178,1.4447406590526968,75.70638049323405,recent,cost_x2
B,1784131200000,1,1.0188392183021742,False,1784134800000,1784221200000,65089.6,64448.4,65109.126879999996,64429.065480000005,-98.51036110223401,5.970446891668457,19.9015191920061,-1.5956514400670672,-125.97797862597564,recent,cost_x2
B,1784563200000,1,1.3336578364844278,False,1784566800000,1784653200000,65478.6,66507.1,65498.243579999995,66487.14787000002,157.07421966871732,6.047122265898609,20.157027097402818,-1.6327192100163637,129.23735109539953,recent,cost_x2
F,1784577600000,-1,1.6862007808026964,False,1784581200000,1784667600000,65344.8,66373.8,65325.196560000004,66393.71214,-157.47236199360927,6.047241708597978,20.15751960370221,1.636062365558965,-182.0410609403505,recent,cost_x2
B,1784620800000,1,1.443296597701634,False,1784624400000,1784710800000,66199.9,65953.4,66219.75997,65933.61398,-37.235705794117514,5.988829288262449,19.96277546491762,-1.1270162785744389,-64.31432682587202,recent,cost_x2
F,1785254400000,1,1.171608504720656,False,1785258000000,1785344400000,64019.9,63786.6,64039.10597,63767.46402,-36.44179387971598,5.989067461835233,19.963569138658446,-2.3723202233415592,-64.76675070355121,recent,cost_x2
F,1785470400000,-1,2.278992109282766,False,1785474000000,1785560400000,64281.6,63074.0,64262.315520000004,63092.9222,187.86091198725586,5.943641726403152,19.81208272973915,1.8907224820290613,163.9959100131426,recent,cost_x2
P,1785672000000,-1,0.8627896460164151,False,1785675600000,1785762000000,63097.2,62669.9,63078.27084,62688.70097,67.7209131308514,5.979683726060156,19.932258770595208,2.408978552455577,44.217949186651616,recent,cost_x2
P,1785729600000,-1,0.9440733463480548,False,1785733200000,1785819600000,62765.2,64004.5,62746.37044,64023.701349999996,-197.4501793987756,6.059235053818682,20.197509414452593,1.1972732112893607,-222.5096506557575,recent,cost_x2
P,1785801600000,-1,1.341633588173168,False,1785805200000,1785891600000,63337.6,63970.9,63318.59872,63990.09127,-99.98800080836706,6.029996400241322,20.10001799720861,1.5749572886268839,-124.54305791719011,recent,cost_x2
F,1785830400000,-1,1.1159315907228509,False,1785834000000,1785920400000,63559.7,64096.4,63540.63209,64115.62892,-84.44029786169608,6.025332089358402,20.084465629951058,1.046033249749985,-109.50406233125555,recent,cost_x2
B,1785960000000,1,1.1938632226073365,False,1785963600000,1786050000000,64804.2,64403.7,64823.64126,64384.37889,-61.801549899543545,5.981459535029633,19.938216990565426,-1.5129738737612684,-89.23420029889988,recent,cost_x2
F,1785974400000,-1,1.4895999311861552,False,1785978000000,1786064400000,64614.8,64291.9,64595.41556000001,64311.18757,49.97307118492999,5.985008078643712,19.950011936893713,0.9372245129598791,24.975275682352443,recent,cost_x2
F,1786118400000,-1,1.223884474924255,False,1786122000000,1786208400000,64779.9,65056.1,64760.46603,65075.61683,-42.636682057242616,6.0127910046169735,20.04264947306186,1.6821295398757932,-67.00999299504566,recent,cost_x2
F,1786320000000,-1,1.3710909016704813,False,1786323600000,1786410000000,64945.3,64006.1,64925.81641000001,64025.30183,144.61400594038435,5.956615798217013,19.855342609857832,1.520696222774441,120.32274375508393,recent,cost_x2
B,1786464000000,-1,1.0075529007910933,False,1786467600000,1786554000000,63488.5,63462.3,63469.45345,63481.338690000004,4.1267316128113105,5.99876198051621,19.995872030367703,2.521879234467376,-19.346023163605228,recent,cost_x2
P,1786622400000,-1,1.225492320167949,False,1786626000000,1786712400000,63669.2,62706.1,63650.099239999996,62724.91183,151.26623233839888,5.954620130298466,19.8486883877919,2.2248031805127564,127.68772700082125,recent,cost_x2
F,1786651200000,1,2.197130322588132,False,1786654800000,1786741200000,63385.6,62878.5,63404.615679999995,62859.636450000005,-80.00239802100138,5.975999280592338,19.92002160269841,-1.513123042600753,-107.4115419468929,recent,cost_x2
P,1786680000000,-1,0.6463595083115659,False,1786683600000,1786770000000,63350.0,63092.5,63330.995,63111.427749999995,40.64719810576164,5.9878058405671135,19.95934060773481,1.3345480360246222,16.034599693484342,recent,cost_x2
F,1786723200000,1,0.90920232247036,True,1786726800000,1786813200000,63105.9,63066.3,63124.83177,63047.380110000006,-6.275166030434325,5.998117450189759,19.993726716519376,-1.8616251755964852,-34.12863537273995,recent,cost_x2
B,1786982400000,1,1.0396198003753099,False,1786986000000,1787072400000,64082.2,64804.7,64101.42466,64785.25859,112.74581709117352,6.033823745127244,20.112711993346046,-1.3917194983998753,85.20756185430035,recent,cost_x2
B,1787068800000,1,1.1245510251390665,False,1787072400000,1787158800000,64804.7,68430.7,64824.14141,68410.17079,559.5273182346342,6.167858195469275,20.55935946003916,-1.5974458458285763,531.2026547332971,recent,cost_x2
P,1787140800000,1,0.7831593208108459,False,1787144400000,1787230800000,64857.3,71930.1,64876.757190000004,71908.52097000001,1090.5171815663005,6.327155154469041,21.090190026411832,-3.1652686080057295,1059.9345677774138,recent,cost_x2
B,1787227200000,1,7.351064378395342,True,1787230800000,1787317200000,71930.1,77228.1,71951.67903,77204.93157000002,736.5483990707645,6.220964519719023,20.736327434551043,-2.0694301872084,707.5216769292861,recent,cost_x2
B,1787299200000,1,5.969211290064683,True,1787302800000,1787389200000,79268.9,77193.5,79292.68066999999,77170.34195,-261.8176863814175,5.921454694084441,19.738260858924498,-2.937014883900622,-290.414416818327,recent,cost_x2
F,1787313600000,-1,11.246522862686918,False,1787317200000,1787403600000,77228.1,77295.6,77204.93157000002,77318.78868,-8.740341922175995,6.002622102574405,20.008742964024755,3.014627307035004,-31.73707968174015,recent,cost_x2
P,1787486400000,1,1.748054038709997,False,1787490000000,1787576400000,77203.0,79146.3,77226.1609,79122.55611,251.71301633356256,6.075513904900134,20.251637502428668,-3.0067693359517125,222.37909559028208,recent,cost_x2
P,1787716800000,1,1.3944193660223707,False,1787720400000,1787806800000,78792.1,78746.0,78815.73763,78722.3762,-5.850840376129818,5.99824474788699,19.99415091487598,-1.7559024780318464,-33.59913851692463,recent,cost_x2
F,1787889600000,-1,2.9984497272327495,False,1787893200000,1787979600000,79616.3,77619.6,79592.41511,77642.88588,250.79035323168713,5.924762894030116,19.749134409662346,2.559221783844891,227.67567771183954,recent,cost_x2
B,1767628800000,1,1.3086164879101736,False,1767636000000,1767722400000,94273.0,91547.5,94287.14095000002,91533.767875,-289.10716748167556,2.9566339248788553,9.855468099296726,-0.40868066319891483,-302.32795016905004,recent,delay1
B,1767643200000,1,2.0631450849544244,True,1767650400000,1767736800000,94049.1,93207.8,94063.20736500001,93193.81883,-89.4532749383038,2.98658200875953,9.955280071526468,-0.4096535975543763,-102.80479061614419,recent,delay1
F,1767657600000,-1,1.9218129823494634,False,1767664800000,1767751200000,93736.1,92405.6,93722.039585,92419.46084000001,141.94104512562393,2.9787088432320505,9.929018831858803,1.2067508676139853,130.24006831814705,recent,delay1
F,1767888000000,1,1.491996536254795,False,1767895200000,1767981600000,91320.1,91372.9,91333.79801500001,91359.19406499999,5.781859634405608,3.0008672789459463,10.00289049617773,-0.4622267702291171,-7.684124910947186,recent,delay1
P,1768161600000,-1,0.3541641141526363,True,1768168800000,1768255200000,90711.1,91005.6,90697.493335,91019.25084000001,-32.465707063413404,3.004869856059666,10.016235288459736,0.9438216485082861,-44.54299055942452,recent,delay1
F,1768305600000,-1,1.8932167894316214,False,1768312800000,1768399200000,92021.0,94964.3,92007.19685000001,94978.54464500002,-319.85090359809203,3.047977635540351,10.159949440616819,0.621308489142189,-332.437522185107,recent,delay1
B,1768320000000,1,1.4968769599292266,False,1768327200000,1768413600000,93190.5,96895.1,93204.47857500002,96880.56573500001,397.52979112677855,3.059629468670125,10.198735080829056,-0.6911222213568269,383.5803043559226,recent,delay1
B,1768334400000,1,2.274315088029861,True,1768341600000,1768428000000,94040.0,97515.0,94054.10600000001,97500.37275,369.523606975755,3.055428541048418,10.184734089217354,-0.6848790447613077,355.5985653007279,recent,delay1
P,1768406400000,1,1.5530664041632483,False,1768413600000,1768500000000,96895.1,96587.4,96909.63426500002,96572.91189,-31.755991789059678,2.995236601231689,9.984124385804856,-0.2900593807065939,-45.025412156802815,recent,delay1
F,1768435200000,-1,1.692314257076592,False,1768442400000,1768528800000,96400.0,95623.7,96385.54000000001,95638.04355500001,80.52904564315384,2.987920643154136,9.959729437500002,1.0561029865093723,68.63749854900908,recent,delay1
B,1768780800000,-1,2.0500718513770226,True,1768788000000,1768874400000,92542.3,92688.8,92528.418655,92702.70332000002,-15.83059854790728,3.0023745897836744,10.007916486568845,1.4279094459788793,-27.412980178280918,recent,delay1
B,1768896000000,-1,3.110313999427982,True,1768903200000,1768989600000,91003.0,89068.5,90989.34955,89081.86027500001,212.57540960188126,2.9681136885613273,9.893696352043342,2.127690682659195,201.8412902439358,recent,delay1
F,1769025600000,1,2.677847979189196,False,1769032800000,1769119200000,90203.8,89222.2,90217.33057,89208.81667,-108.82024925779244,2.9836769626112822,9.9455980368898,-2.067638327083431,-123.81716258437696,recent,delay1
B,1769371200000,-1,1.9055832668067325,True,1769378400000,1769464800000,86525.0,88016.4,86512.02125,88029.60246000001,-172.36636810170404,3.0258549552163814,10.08619611152846,1.2642666778387748,-184.21415249061008,recent,delay1
B,1769601600000,1,1.4585318607004478,False,1769608800000,1769695200000,90220.1,88008.8,90233.63301500001,87995.59868000001,-245.10059288340432,2.963234911067601,9.877468086102764,-1.6662753842696685,-259.6075712648443,recent,delay1
F,1769630400000,-1,1.124376812542026,False,1769637600000,1769724000000,89369.4,84491.1,89355.99459,84503.77366500002,545.8579782341594,2.9181213032650404,9.727030071534553,1.6809781886266426,534.8938050479865,recent,delay1
B,1769702400000,-1,2.1005980326178997,True,1769709600000,1769796000000,84225.0,82908.0,84212.36625,82920.43620000001,156.36687444345503,2.976544968834029,9.92180483526269,0.6488369482245778,144.1173615875829,recent,delay1
F,1770235200000,1,3.270378556918973,False,1770242400000,1770328800000,72772.9,63188.8,72783.815935,63179.32168,-1316.987504964072,2.8024518742572857,9.341605021580838,-0.4915780935684261,-1329.6231399534786,recent,delay1
B,1770264000000,-1,4.506871818501903,True,1770271200000,1770357600000,70694.8,66365.3,70684.19578000001,66375.25479500002,612.4212813389386,2.908136807800034,9.69374342773443,-0.5852422741432791,599.2341588292609,recent,delay1
B,1770307200000,-1,4.2139353274409155,True,1770314400000,1770400800000,66153.8,70707.3,66143.87693,70717.90609500001,-688.320247665289,3.103248037151981,10.34421174785122,-2.889532906916156,-704.6572403572084,recent,delay1
B,1770321600000,-1,4.098635529002289,True,1770328800000,1770415200000,63188.8,70308.7,63179.32168,70319.24630500001,-1126.766135770895,3.1690149203676516,10.56346757534563,-3.025118090825431,-1143.5237363574338,recent,delay1
B,1770336000000,-1,8.192134488512016,True,1770343200000,1770429600000,65666.0,70431.0,65656.1501,70441.56465,-725.6418846891847,3.10884628270358,10.362875365485944,-4.388615049492889,-743.5022213868672,recent,delay1
F,1770595200000,-1,1.5943808448329715,False,1770602400000,1770688800000,70327.9,70454.7,70317.350815,70465.268205,-18.029828844598363,3.002704474326609,10.009016266659463,-1.1159010526405597,-32.157450638224994,recent,delay1
F,1770811200000,1,1.0871939315526067,False,1770818400000,1770904800000,67424.1,68340.0,67434.21361500002,68329.749,135.84163526098146,3.020376245291097,10.067910629507848,-0.09607940349029147,122.65726898269224,recent,delay1
B,1771070400000,1,1.153870613089252,False,1771077600000,1771164000000,69430.0,68907.2,69440.41450000001,68896.86392,-75.2988621633304,2.988705170676534,9.962356216333,-0.05728921705314706,-88.30721276739308,recent,delay1
B,1771142400000,1,1.433091003865556,False,1771149600000,1771236000000,70382.5,68961.0,70393.057375,68950.65585,-201.96781870493376,2.969704827195454,9.899031238233938,0.29194541289389925,-214.54460935746926,recent,delay1
F,1771156800000,-1,0.7585817999827674,True,1771164000000,1771250400000,68907.2,68355.5,68896.86392,68365.75332500001,80.06420228945555,2.9879903696574646,9.959961894040102,-0.29819595082959205,66.81805407492838,recent,delay1
B,1771444800000,-1,1.1001343336883764,False,1771452000000,1771538400000,66300.5,66893.1,66290.554925,66903.13396500002,-89.38092472907532,3.0134071387102095,10.044697165933894,-0.43552049704352497,-102.87454953076295,recent,delay1
B,1771689600000,1,0.37995341582219017,False,1771696800000,1771783200000,68408.8,67364.9,68419.06132000001,67354.795265,-152.59732665972925,2.977110401001899,9.923712781469636,-0.568437509285207,-166.066587351486,recent,delay1
B,1771819200000,-1,4.865162602018953,True,1771826400000,1771912800000,65031.9,63067.5,65022.145215000004,63076.960125000005,302.06713935776156,2.9546899290967077,9.848943775285669,-0.1500727209472061,289.113432932432,recent,delay1
B,1771905600000,-1,2.4455416065189897,True,1771912800000,1771999200000,63067.5,64847.9,63058.039875,64857.627185000005,-282.30070955722067,3.042345106433767,10.141171527331826,0.10319455696370816,-295.3810316340225,recent,delay1
F,1771948800000,1,1.0147259187667155,False,1771956000000,1772042400000,64188.8,68625.6,64198.428320000006,68615.30616000001,691.2109277630992,3.1036816391647597,10.345553623061969,-0.1386521717368517,677.6230403291356,recent,delay1
B,1772049600000,1,1.9233087560082338,True,1772056800000,1772143200000,68874.2,67432.1,68884.53113,67421.98518500001,-209.3817423650643,2.968592738645165,9.895324832448145,-0.0836812020939096,-222.32934113825152,recent,delay1
F,1772064000000,-1,2.9480273458375765,False,1772071200000,1772157600000,68213.9,67315.9,68203.667915,67325.997385,131.64472343613252,2.9802532914841326,9.934167764927677,0.18554184029643583,118.91584422001716,recent,delay1
B,1772467200000,1,1.9232695351155324,True,1772474400000,1772560800000,69170.0,68280.5,69180.37550000001,68270.257925,-128.59621223073586,2.9807105681669985,9.93571153860055,-0.26805953088379186,-141.7806938683872,recent,delay1
P,1772611200000,1,1.8380450531113248,False,1772618400000,1772704800000,71487.1,72563.1,71497.82306500002,72552.21553500001,150.5166666433524,3.022577499997679,10.075247044571677,-1.3431366542613696,136.07570544452167,recent,delay1
B,1772640000000,1,1.7721183278757664,True,1772647200000,1772733600000,73174.3,70668.5,73185.27614500001,70657.899725,-342.442633547571,2.9486336049695243,9.82880436642373,-0.8598039444617329,-356.079875463426,recent,delay1
B,1772913600000,-1,0.45841893598106015,False,1772920800000,1773007200000,67416.3,66977.1,67406.187555,66987.14656500002,65.14744950405125,2.9902278825770012,9.967421389189262,-0.8454395274419164,51.344360704843076,recent,delay1
F,1772956800000,1,0.7888470879585942,True,1772964000000,1773050400000,67663.0,67946.4,67673.14945000001,67936.20804,41.88404297769743,3.0062826064478636,10.020938880185629,1.3038366142381346,30.16065810530208,recent,delay1
B,1773014400000,-1,2.6249264130361993,True,1773021600000,1773108000000,66150.1,69229.0,66140.17748500001,69239.38435000001,-465.4414732555195,3.069816220989224,10.232755644738255,-1.0718833546905744,-479.8159284759375,recent,delay1
B,1773158400000,1,1.4574898509695298,False,1773165600000,1773252000000,70827.1,70745.1,70837.72406500002,70734.48823500001,-11.577489407303137,2.998263376589622,9.994212123608055,2.184234273882721,-22.385730633618092,recent,delay1
F,1773417600000,-1,1.6452714858205828,False,1773424800000,1773511200000,70999.5,70586.2,70988.850075,70596.78793,58.21167754702539,2.991268248369911,9.970889795350672,-0.9162807581131127,44.33323874519169,recent,delay1
F,1773648000000,-1,2.3131612552096894,False,1773655200000,1773741600000,73219.7,73890.0,73208.717045,73901.08350000001,-91.5464007637293,3.0137319601155714,10.045780066361925,-0.027700053089415012,-104.63361284329622,recent,delay1
F,1773676800000,-1,1.0648418996638442,False,1773684000000,1773770400000,73911.7,74480.1,73900.613245,74491.27201500001,-76.90257428796912,3.011535386143245,10.038457054837057,-0.353063191030424,-90.30562991997985,recent,delay1
B,1773705600000,1,1.7208805004509296,True,1773712800000,1773799200000,75584.6,74035.2,75595.93769,74024.09472,-204.98884693442957,2.9692516729603247,9.897520950696304,1.0111354774045793,-216.84448408068164,recent,delay1
F,1773720000000,-1,2.394918348058477,False,1773727200000,1773813600000,73996.0,73911.2,73984.90060000001,73922.28668,11.46007892318543,2.998280988161454,9.99426910103249,-1.0328432699799202,-2.565314435988433,recent,delay1
F,1773878400000,1,1.1839008977375947,False,1773885600000,1773972000000,71078.5,70370.8,71089.161775,70360.24438,-99.5659728328534,2.985065104075025,9.950224481031537,0.11818753695735332,-112.3830748810026,recent,delay1
F,1774152000000,1,1.5243492515351245,False,1774159200000,1774245600000,69116.3,68864.1,69126.66744500001,68853.77038500001,-36.489221789939144,2.9945266167323594,9.981758125796665,1.325824002487018,-48.13968252998115,recent,delay1
B,1774180800000,-1,0.7409586943998949,False,1774188000000,1774274400000,68660.4,71449.9,68650.10093999999,71460.617485,-406.2749415966118,3.060941241240346,10.203167941418924,-1.1754425919903395,-420.71449337126137,recent,delay1
F,1774281600000,-1,1.2981101089253078,False,1774288800000,1774375200000,71052.6,69205.0,71041.94211,69215.38075000001,260.03270816268594,2.960995093777483,9.869964143465547,1.0907936456941343,248.29254257113703,recent,delay1
B,1774612800000,-1,2.1914638215472757,True,1774620000000,1774706400000,66153.9,66813.4,66143.97691499999,66823.42201,-99.69177932064476,3.014953766898515,10.049853366543772,-2.1595733953159,-114.91615984940294,recent,delay1
F,1775145600000,1,1.0631290811827914,False,1775152800000,1775239200000,66641.4,66811.0,66651.39621,66800.97835,25.449645415613393,3.003817446813423,10.012722913984403,0.10842642931421016,12.541531484129777,recent,delay1
B,1775433600000,1,2.375200686122853,True,1775440800000,1775527200000,68782.9,68363.9,68793.217435,68353.64541499999,-60.91630332539047,2.990862554502193,9.969546417060055,-0.5683407075895777,-74.44505300454229,recent,delay1
P,1775592000000,1,0.9746053450005098,False,1775599200000,1775685600000,69886.7,71509.6,69897.183005,71498.87356,232.21871972778925,3.0348328079592277,10.116091943459915,-1.192410405171938,217.87538457119814,recent,delay1
B,1775606400000,1,5.839803885434638,True,1775613600000,1775700000000,71446.5,70899.9,71457.216975,70889.265015,-76.50479729587954,2.988524280405613,9.961753339211857,-0.5458790536620411,-90.00095396915907,recent,delay1
F,1775779200000,-1,2.0934309490706,False,1775786400000,1775872800000,72124.0,72920.1,72113.1814,72931.03801500001,-110.37934668071736,3.0165569020028973,10.055197951791362,-0.7064912113859465,-124.15759274589757,recent,delay1
B,1775937600000,1,0.8120266428199782,False,1775944800000,1776031200000,73384.7,71331.4,73395.70770500001,71320.70029,-279.79946773646316,2.958030079841122,9.86012125109185,1.1992243542442182,-291.41839471315194,recent,delay1
B,1776441600000,1,2.8005367824242713,True,1776448800000,1776535200000,77465.3,75783.9,77476.91979500001,75772.532415,-217.05202200211048,2.9674421967004507,9.891490267900597,1.959579763265175,-227.95137470344636,recent,delay1
F,1776657600000,1,1.121595181988298,False,1776664800000,1776751200000,74226.5,75760.7,74237.633975,75749.335895,206.69168019507816,3.031003752029915,10.103330338221523,1.571772026545129,195.12911813137185,recent,delay1
B,1776830400000,1,2.2699325172338884,True,1776837600000,1776924000000,77954.4,77992.0,77966.09316,77980.3012,4.823332614965394,3.0007234998932857,10.002411304557539,0.5088848388288538,-7.670917350656576,recent,delay1
B,1776873600000,1,1.308132334184763,False,1776880800000,1776967200000,78869.8,77715.1,78881.63047,77703.442735,-146.4058486264701,2.9780391227063374,9.926808056125413,1.7961648226992917,-157.51453098260254,recent,delay1
F,1776888000000,-1,0.9496018045363864,True,1776895200000,1776981600000,78713.9,77819.5,78702.092915,77831.172925,113.62669109267794,2.982955996336011,9.94317813245183,-1.7997222896251948,98.90083467426491,recent,delay1
P,1777032000000,1,1.455002170720908,False,1777039200000,1777125600000,78050.0,77650.1,78061.7075,77638.452485,-51.23638693145345,2.9923145419613424,9.974385649263292,1.0406109806534274,-63.16247614202466,recent,delay1
P,1777161600000,1,0.30199437016838,False,1777168800000,1777255200000,77417.3,79245.3,77428.91259500002,79233.413205,236.12293376286695,3.0354184400659503,10.118043757661402,-0.060360646390799404,222.9091109187488,recent,delay1
B,1777305600000,-1,1.123587602242447,False,1777312800000,1777399200000,76702.3,76154.1,76690.794655,76165.52311500002,71.47112928816959,2.9892793306080896,9.96425907502122,-0.19969362392789866,58.317897258612376,recent,delay1
F,1777320000000,1,0.7304265417883439,True,1777327200000,1777413600000,76741.4,76321.5,76752.91121,76310.051775,-54.71622878915346,2.9917925656831357,9.972645989322581,0.1995918793585322,-67.48107546480065,recent,delay1
B,1777377600000,-1,0.9683943667750848,False,1777384800000,1777471200000,76158.4,76748.6,76146.97623999999,76760.11229000002,-77.4963759742867,3.0116244563985646,10.038754000215343,0.3668655400843407,-90.17988889081627,recent,delay1
F,1777852800000,-1,1.8501983527022763,False,1777860000000,1777946400000,79756.0,80310.9,79744.0366,80322.946635,-69.57470284367247,3.0104362054264673,10.03479256952455,-0.3710075601835599,-82.99093917880704,recent,delay1
B,1777867200000,1,3.6593849672614973,True,1777874400000,1777960800000,79984.0,80924.2,79995.9976,80912.06137,117.54850970194002,3.017632276455754,10.058765438712744,0.3699499771204241,104.84206196389195,recent,delay1
F,1777881600000,-1,1.8518691833670327,False,1777888800000,1777975200000,79800.1,80551.0,79788.129985,80563.08265000001,-94.0976264440764,3.0141146439678854,10.047055870544021,-0.823575393029602,-107.98237235161791,recent,delay1
B,1777953600000,1,1.4781099778326983,False,1777960800000,1778047200000,80924.2,81277.9,80936.33863,81265.708315,43.7075683170173,3.0065561352474597,10.021850506090885,2.2063806100190244,32.88554228569798,recent,delay1
F,1777968000000,-1,1.572383446069653,False,1777975200000,1778061600000,80551.0,81959.2,80538.91735,81971.49388000001,-174.82092090725095,3.0262231381371607,10.087423572022695,-2.3733977898474254,-190.30796540725822,recent,delay1
B,1777996800000,1,1.435107918506235,False,1778004000000,1778090400000,81223.6,81401.6,81235.78354000002,81389.38976,21.91481293614171,3.00328722194203,10.010955762857101,1.9046585510195404,10.80522850236212,recent,delay1
F,1778025600000,-1,1.9790389770829477,False,1778032800000,1778119200000,81390.4,81121.2,81378.19144,81133.36818,33.07515382649515,2.995038726926883,9.983459942450217,-1.57704348197904,18.519611675139014,recent,delay1
B,1778068800000,1,2.94633249406362,True,1778076000000,1778162400000,81621.4,80457.6,81633.64321,80445.53136000001,-142.58515536366545,2.9786122266952333,9.928718116204818,1.4157822405586278,-154.07670346600688,recent,delay1
P,1778140800000,1,1.1846274407374202,True,1778148000000,1778234400000,80888.8,79826.2,80900.93332000001,79814.22607,-131.3655289731095,2.980295170654149,9.93432708792812,0.7919638168633829,-143.48818741482836,recent,delay1
B,1778457600000,1,3.5074923770871904,True,1778464800000,1778551200000,81463.2,81148.4,81475.41948000001,81136.22774,-38.64321558691568,2.994203517662748,9.980681290447713,-0.7004396032994912,-52.31853999832563,recent,delay1
F,1778616000000,1,1.4631990579631722,False,1778623200000,1778709600000,80549.9,79363.1,80561.982485,79351.195535,-147.33724064213467,2.977899413904411,9.926342429971982,-1.2538316527702882,-161.49531413878137,recent,delay1
B,1778688000000,-1,1.6890480968734218,True,1778695200000,1778781600000,79470.1,81620.0,79458.179485,81632.243,-270.52941924069484,3.0405794128870434,10.13528499932679,1.10413557632237,-282.6011480765863,recent,delay1
F,1778702400000,1,1.6645848573111106,False,1778709600000,1778796000000,79363.1,81352.0,79375.00446500002,81339.7972,250.60765015479413,3.037591147524893,10.125285029503639,-1.1056242090328676,236.33914976873274,recent,delay1
F,1779091200000,1,1.3126986291659455,False,1779098400000,1779184800000,76901.4,76787.3,76912.93521,76775.78190500001,-14.837181117637817,2.997774422831574,9.992582522229766,-1.7126433985597143,-29.540181461258875,recent,delay1
B,1779120000000,-1,1.721830254779566,True,1779127200000,1779213600000,76671.0,76821.1,76659.49935,76832.62316500001,-19.577154334755754,3.0029365731512234,10.009790045453954,1.5575260599183525,-31.032354893442577,recent,delay1
P,1779120000000,-1,1.721830254779566,False,1779127200000,1779213600000,76671.0,76821.1,76659.49935,76832.62316500001,-19.577154334755754,3.0029365731512234,10.009790045453954,1.5575260599183525,-31.032354893442577,recent,delay1
F,1779364800000,-1,1.414728442165285,False,1779372000000,1779458400000,77090.0,77255.5,77078.4365,77267.088325,-21.46841354261253,3.003220262032443,10.010735816902324,0.8905231222912627,-33.591846499256036,recent,delay1
B,1779480000000,-1,2.3145830005630255,True,1779487200000,1779573600000,75940.1,76778.0,75928.708985,76789.51670000001,-110.33696294842832,3.016550544443379,10.055176756746437,1.0176310908351867,-122.39105915878297,recent,delay1
F,1779508800000,1,0.874255561199602,True,1779516000000,1779602400000,75448.0,76780.3,75459.3172,76768.782955,176.58519775209456,3.026487779663539,10.088279354986216,-1.7654302416304364,161.70500037581436,recent,delay1
P,1779638400000,-1,0.7005632970831717,False,1779645600000,1779732000000,76661.6,77523.3,76650.10076,77534.92849500001,-112.40308055140996,3.0168604620848507,10.056209970506746,1.1583061498846878,-124.31784483411687,recent,delay1
F,1779811200000,-1,2.066758255002623,False,1779818400000,1779904800000,75909.6,74838.2,75898.21356,74849.42573,141.1415683918778,2.9788287647422207,9.929418630186433,2.8784939262424065,131.11181492319156,recent,delay1
P,1779811200000,-1,2.066758255002623,False,1779818400000,1779904800000,75909.6,74838.2,75898.21356,74849.42573,141.1415683918778,2.9788287647422207,9.929418630186433,2.8784939262424065,131.11181492319156,recent,delay1
F,1779868800000,1,1.4136893481681334,False,1779876000000,1779962400000,75875.7,73514.0,75887.081355,73502.97290000001,-311.2590724039445,2.9533111391390197,9.84439380822846,-2.4498631734297183,-326.5066405247417,recent,delay1
B,1779926400000,-1,2.8574916226138796,True,1779933600000,1780020000000,74313.0,73558.5,74301.85305,73569.533775,101.53001493682129,2.984770497759255,9.94922737778047,2.4667673728036985,91.06278443408527,recent,delay1
B,1779940800000,-1,2.891008753159238,True,1779948000000,1780034400000,72960.0,73663.0,72949.056,73674.04945,-96.35416666666667,3.0144531250012383,10.048184309895834,2.5125121131463986,-106.90429198841734,recent,delay1
F,1779955200000,1,2.69447602041198,False,1779962400000,1780048800000,73514.0,73707.8,73525.0271,73696.74383,26.3623255434343,3.0039543488318974,10.0131791855973,-2.5317035571042252,10.813488451900875,recent,delay1
F,1780070400000,1,1.8421194398480871,False,1780077600000,1780164000000,73954.7,73982.0,73965.79320500001,73970.9027,3.691448954563119,3.000553717343988,10.001845447618612,-1.4352062659783544,-10.746156476377834,recent,delay1
P,1780300800000,-1,1.5018519827156243,False,1780308000000,1780394400000,72855.2,69393.1,72844.27172,69403.50896500002,475.20286815491437,2.928719569777098,9.762362925707432,2.5320542543507534,465.0438399137806,recent,delay1
B,1780329600000,-1,2.6084889998885923,True,1780336800000,1780423200000,71617.5,67466.0,71606.757375,67476.1199,579.6767549830697,2.9130484867531115,9.710118146751842,2.366903248091919,569.4204915976567,recent,delay1
F,1780344000000,1,2.0167004966868842,False,1780351200000,1780437600000,71004.6,67532.1,71015.25069000002,67521.97018500001,-489.05282192984674,2.9266420767108676,9.755510267996723,-2.3873339666757225,-504.1223082412301,recent,delay1
B,1780401600000,-1,2.134126773393765,True,1780408800000,1780495200000,68788.9,66884.8,68778.58166499999,66894.83272,276.80337961502386,2.9584794930586846,9.861577549939017,2.0219741946388554,266.005296766665,recent,delay1
B,1780416000000,-1,3.2400295377903627,True,1780423200000,1780509600000,67466.0,65934.0,67455.8801,65943.8901,227.07734266148873,2.965938398602157,9.886444297868556,2.208403910999981,216.433363876018,recent,delay1
B,1780531200000,-1,5.369353374367207,True,1780538400000,1780624800000,62140.4,63347.0,62131.07894,63356.50205,-194.17319489414268,3.0291259792348963,10.097101160436686,0.17983287917208812,-207.11958915464217,recent,delay1
F,1780545600000,1,9.186084299785232,False,1780552800000,1780639200000,63927.6,62294.1,63937.18914,62284.755885,-255.523435886847,2.961671484617529,9.872257446314268,-0.17480535863860408,-268.5321701764174,recent,delay1
F,1780646400000,1,5.65643022076332,False,1780653600000,1780740000000,62832.4,60956.7,62841.82486000001,60947.556495,-298.52432821283355,2.9552213507691016,9.850760225218199,-0.056751724346153505,-311.38706151316705,recent,delay1
B,1780675200000,-1,3.486526536414694,True,1780682400000,1780768800000,60786.5,60553.2,60777.382025,60562.28298,38.380232452929995,2.994242965133299,9.980807005256102,0.09336375352731388,25.498546236067906,recent,delay1
B,1781481600000,1,3.5036971527578613,True,1781488800000,1781575200000,65482.6,66309.9,65492.42239000001,66299.953515,126.33890529697898,3.018950835794787,10.063159977230594,0.6053042936478266,113.86209877760142,recent,delay1
P,1781481600000,1,3.5036971527578613,True,1781488800000,1781575200000,65482.6,66309.9,65492.42239000001,66299.953515,126.33890529697898,3.018950835794787,10.063159977230594,0.6053042936478266,113.86209877760142,recent,delay1
B,1781496000000,1,1.320050793443053,False,1781503200000,1781589600000,65828.0,66028.1,65837.8742,66018.195785,30.39739928298077,3.004559609893655,10.015196419836544,0.60212825756856,17.97977151081913,recent,delay1
B,1781524800000,1,1.2024306163880263,False,1781532000000,1781618400000,66410.8,66012.8,66420.76162,66002.89808,-59.930011383690605,2.991010498293311,9.97003948905901,0.7691103221045849,-72.12195104893834,recent,delay1
B,1781539200000,1,1.0216040710655563,False,1781546400000,1781632800000,66820.7,65946.2,66830.723105,65936.30807,-130.87261881422972,2.980369107177592,9.934573506039298,0.1284226904121504,-143.65913873703448,recent,delay1
P,1781712000000,1,0.7163323884973052,False,1781719200000,1781805600000,66073.1,62579.2,66083.01096500001,62569.81312,-528.7931094499892,2.920681033582647,9.735643104758212,-0.5245114219186717,-541.9739450102488,recent,delay1
F,1781769600000,1,1.2037044619128257,False,1781776800000,1781863200000,64172.7,62352.9,64182.325905000005,62343.547065000006,-283.5785310575986,2.9574632203418902,9.85823200286103,-0.8703771033593278,-297.2646033841608,recent,delay1
B,1781798400000,-1,1.3608977735953431,False,1781805600000,1781892000000,62579.2,63166.6,62569.81312,63176.07499,-93.86505420331379,3.0140797581305985,10.046939566980722,1.0907432015869032,-105.8353303268382,recent,delay1
P,1782028800000,-1,0.5197086198311293,True,1782036000000,1782122400000,64189.8,64114.7,64180.17153000001,64124.31720500001,11.699678142011008,2.998245048279567,9.994149283453137,1.2183220852845777,-0.07439410443711819,recent,delay1
B,1782201600000,-1,2.204614010428114,True,1782208800000,1782295200000,62350.3,62650.2,62340.947455,62659.59753000001,-48.099207221135124,3.0072148810849084,10.02405321105111,0.24173051436801424,-60.88874479890313,recent,delay1
B,1782316800000,-1,1.9078107007214018,True,1782324000000,1782410400000,59363.6,59656.3,59354.69546,59665.24844500001,-49.30630891657588,3.007395946338327,10.024656852431459,-0.17585819205708542,-62.51421990740274,recent,delay1
P,1782475200000,-1,1.5505139080599415,False,1782482400000,1782568800000,60153.5,60554.6,60144.476975,60563.68319,-66.67941183804741,3.0100019117768824,10.033344706874912,1.688396860033082,-78.03436159666613,recent,delay1
P,1782662400000,-1,0.2999104937411997,False,1782669600000,1782756000000,59557.3,60396.0,59548.366405,60405.059400000006,-140.82236770303507,3.0211233551567642,10.070421745529096,1.9304892965101588,-151.98342350721077,recent,delay1
B,1782835200000,-1,1.9933624736857505,True,1782842400000,1782928800000,58396.8,60166.5,58388.04048,60175.52497500001,-303.0474272562875,3.0454571140896682,10.151546442185188,1.4697609617634277,-314.77466985079894,recent,delay1
F,1782878400000,1,3.5944433986336457,False,1782885600000,1782972000000,59122.3,60480.0,59131.168345000006,60470.928,229.64262215779783,3.0344463933241275,10.114804087882238,-1.7153333732264566,214.77803830336498,recent,delay1
F,1782950400000,-1,3.864369183311014,False,1782957600000,1783044000000,60150.0,61566.6,60140.9775,61575.83499,-235.51122194513692,3.0353266832923693,10.117773274314215,2.085350552784705,-246.5789713499588,recent,delay1
B,1782993600000,1,2.6480223791763144,True,1783000800000,1783087200000,61913.6,62083.9,61922.88704,62074.587415,27.50607297911976,3.0041259109472818,10.013750973534087,-2.5143649306452867,11.973831163993104,recent,delay1
F,1783353600000,1,2.5342635918436134,False,1783360800000,1783447200000,63565.2,64164.6,63574.734780000006,64154.97531,94.29687942459105,3.0141445319146274,10.04714136744634,-2.268032234461624,78.96756129076846,recent,delay1
P,1783353600000,1,2.5342635918436134,False,1783360800000,1783447200000,63565.2,64164.6,63574.734780000006,64154.97531,94.29687942459105,3.0141445319146274,10.04714136744634,-2.268032234461624,78.96756129076846,recent,delay1
B,1783684800000,1,1.450298396604162,False,1783692000000,1783778400000,64453.6,64213.9,64463.26804,64204.267915000004,-37.18954410614723,2.994421568384322,9.981408017162735,-2.033142290492982,-52.19851598218727,recent,delay1
F,1783929600000,1,1.2861390102478594,False,1783936800000,1784023200000,63074.0,62604.2,63083.46110000001,62594.809369999995,-74.48393949963581,2.988827409076547,9.962763616545645,-2.1539948450405877,-89.58952537029859,recent,delay1
B,1784044800000,1,2.0948483086901795,True,1784052000000,1784138400000,64597.5,65023.1,64607.189625000006,65013.346535,65.88490266651164,3.009882735401206,10.032937509965555,-2.456654037704115,50.385428383440754,recent,delay1
B,1784073600000,1,1.6147381480521172,True,1784080800000,1784167200000,64643.7,64698.6,64653.39655500001,64688.89521,8.492706945920709,3.0012739060427664,10.00424571651994,-1.6920082282801712,-6.204820904922167,recent,delay1
F,1784102400000,-1,1.0819969144649368,False,1784109600000,1784196000000,64644.6,64063.9,64634.90331,64073.50958500001,89.829622273167,2.986525556659434,9.955078451641747,1.4469822614155081,78.33500052628132,recent,delay1
B,1784131200000,1,1.0188392183021742,False,1784138400000,1784224800000,65023.1,64045.5,65032.85346500001,64035.893175,-150.34656914235075,2.977448014630408,9.92483799142151,-1.5972833342825763,-164.84613848268523,recent,delay1
B,1784563200000,1,1.3336578364844278,False,1784570400000,1784656800000,65560.0,66181.1,65569.834,66171.172835,94.73764490543103,3.014210646736353,10.047361717129348,-1.6306920083126522,80.04538053325267,recent,delay1
F,1784577600000,-1,1.6862007808026964,False,1784584800000,1784671200000,65258.4,66352.4,65248.611240000006,66362.35286,-167.64125384624703,3.0251461880770436,10.083833200017164,1.638228458941339,-179.1120047753999,recent,delay1
B,1784620800000,1,1.443296597701634,False,1784628000000,1784714400000,66261.3,65896.3,66271.239195,65886.415555,-55.084944002004185,2.9917372584000526,9.972461659369795,-1.1259719465208198,-69.17511486629485,recent,delay1
F,1785254400000,1,1.171608504720656,False,1785261600000,1785348000000,63666.0,64247.4,63675.549900000005,64237.762890000005,91.32032796154955,3.013698049194462,10.045653314956178,-2.3855072325307742,75.87546936486815,recent,delay1
F,1785470400000,-1,2.278992109282766,False,1785477600000,1785564000000,64334.3,62999.8,64324.649855,63009.24997000001,207.43211630498814,2.968885182555553,9.896268384438784,1.8891736803042747,196.45613641829806,recent,delay1
P,1785672000000,-1,0.8627896460164151,False,1785679200000,1785765600000,63095.0,63317.6,63085.53575,63327.09764000001,-35.28013313257763,3.0052920199708297,10.017642712576276,2.4090625488549016,-45.894005316269826,recent,delay1
P,1785729600000,-1,0.9440733463480548,False,1785736800000,1785823200000,62800.0,63783.6,62790.58,63793.16754,-156.6242038216558,3.023493630573551,10.078323848726116,1.1966097541595377,-168.52941154679593,recent,delay1
P,1785801600000,-1,1.341633588173168,False,1785808800000,1785895200000,63816.1,64306.3,63806.527584999996,64315.94594500001,-76.81447158319051,3.0115221707384525,10.038412996876964,1.5631480890266582,-88.30125866177927,recent,delay1
F,1785830400000,-1,1.1159315907228509,False,1785837600000,1785924000000,63576.4,64127.4,63566.863540000006,64137.01911000001,-86.66737971951856,3.0130001069583408,10.04334018991324,1.0457584818286991,-98.67796153456145,recent,delay1
B,1785960000000,1,1.1938632226073365,False,1785967200000,1786053600000,64710.1,64411.9,64719.806515000004,64402.238215000005,-46.08245080752419,2.9930876323791664,9.97696223078005,-1.5151740069942714,-60.56767467767767,recent,delay1
F,1785974400000,-1,1.4895999311861552,False,1785981600000,1786068000000,64560.1,64394.7,64550.415985,64404.359205,25.619539003192603,2.9961570691499047,9.987188309032978,0.9380185975548366,13.574212222564556,recent,delay1
F,1786118400000,-1,1.223884474924255,False,1786125600000,1786212000000,64740.2,65086.2,64730.48897,65095.96293,-53.444382315779066,3.0080166573478286,10.026726199486562,1.6831610557304408,-64.79596411688301,recent,delay1
F,1786320000000,-1,1.3710909016704813,False,1786327200000,1786413600000,65172.9,64026.6,65163.124065,64036.20399,175.8859894219841,2.97361710158687,9.912043813839801,1.5153855727910357,164.51571407934847,recent,delay1
B,1786464000000,-1,1.0075529007910933,False,1786471200000,1786557600000,63580.2,63450.0,63570.66297,63459.51750000001,20.47807336246144,2.9969282889969717,9.989759427463268,2.5182419963680833,10.009627642369285,recent,delay1
P,1786622400000,-1,1.225492320167949,False,1786629600000,1786716000000,63700.0,62639.8,63690.445,62649.19597000001,166.43642072213456,2.975034536892516,9.916769306907378,2.223727451502399,155.76834432983705,recent,delay1
F,1786651200000,1,2.197130322588132,False,1786658400000,1786744800000,63444.7,62897.7,63454.216705000006,62888.265345,-86.21681558900902,2.987067477662656,9.956898058466667,-1.5117135383897202,-100.67249466352806,recent,delay1
P,1786680000000,-1,0.6463595083115659,False,1786687200000,1786773600000,63357.8,63055.5,63348.296330000005,63064.95832500001,47.71314660546971,2.992843028009987,9.97613984821127,1.3343837393684725,36.078547468616925,recent,delay1
F,1786723200000,1,0.90920232247036,True,1786730400000,1786816800000,62988.4,63043.4,62997.848260000006,63033.943490000005,8.731766483987528,3.001309764972758,10.004365228359507,-1.8650978937181166,-6.139006403062855,recent,delay1
B,1786982400000,1,1.0396198003753099,False,1786989600000,1787076000000,64293.2,64634.4,64302.843980000005,64624.704840000006,53.06937592156004,3.0079604063888064,10.026530707757587,-1.387152097583578,38.64773270983006,recent,delay1
B,1787068800000,1,1.1245510251390665,False,1787076000000,1787162400000,64634.4,68170.5,64644.095160000004,68160.274425,547.0925699008575,3.0820638854862072,10.273505253007688,-1.6016548278496767,532.1353459345139,recent,delay1
P,1787140800000,1,0.7831593208108459,False,1787148000000,1787234400000,64984.1,71663.7,64993.847615000006,71652.950445,1027.8822050316921,3.154182330756238,10.513864011350469,-3.1590923885998268,1011.0550663009857,recent,delay1
B,1787227200000,1,7.351064378395342,True,1787234400000,1787320800000,71663.7,77244.4,71674.449555,77232.81334,778.7345615702227,3.1168101842359515,10.389308875692993,-2.0771230107979206,763.1513194994959,recent,delay1
B,1787299200000,1,5.969211290064683,True,1787306400000,1787392800000,77900.5,77047.6,77912.185075,77036.04286,-109.48581844789112,2.983577127233544,9.945265302212437,-2.9886064804517303,-125.40326735778882,recent,delay1
F,1787313600000,-1,11.246522862686918,False,1787320800000,1787407200000,77244.4,77290.6,77232.81334,77302.19359000001,-5.981016099550472,3.0008971524155656,10.002990956625984,3.01399116480198,-15.970913043790041,recent,delay1
P,1787486400000,1,1.748054038709997,False,1787493600000,1787580000000,77471.7,78565.3,77483.32075500001,78553.515205,141.1612240340674,3.0211741836064534,10.07057002492523,-2.996340767576806,125.07313905795891,recent,delay1
P,1787716800000,1,1.3944193660223707,False,1787724000000,1787810400000,79052.6,78888.1,79064.45789000002,78876.26678500001,-20.80892975057114,2.9968786605380893,9.989597095794448,-1.7501162977477407,-35.545521804651415,recent,delay1
F,1787889600000,-1,2.9984497272327495,False,1787896800000,1787983200000,79657.7,77606.9,79645.751345,77618.541035,257.4515709090274,2.9613822643646475,9.871254905677668,2.5578916954560578,247.17682543444113,recent,delay1
