date_utc,strategy,equity_USDT,drawdown_pct,position_btc,fees,funding,impact
2026-01-01,T1,1000.0,0.0,0.0,0.0,0.0,0.0
2026-01-02,T1,1000.0,0.0,0.0,0.0,0.0,0.0
2026-01-03,T1,1000.0,0.0,0.0,0.0,0.0,0.0
2026-01-04,T1,1000.0,0.0,0.0,0.0,0.0,0.0
2026-01-05,T1,1000.0,0.0,0.0,0.0,0.0,0.0
2026-01-06,T1,1000.0,0.0,0.0,0.0,0.0,0.0
2026-01-07,T1,1000.0,0.0,0.0,0.0,0.0,0.0
2026-01-08,T1,1000.0,0.0,0.0,0.0,0.0,0.0
2026-01-09,T1,1000.0,0.0,0.0,0.0,0.0,0.0
2026-01-10,T1,1000.0,0.0,0.0,0.0,0.0,0.0
2026-01-11,T1,1000.0,0.0,0.0,0.0,0.0,0.0
2026-01-12,T1,1000.0,0.0,0.0,0.0,0.0,0.0
2026-01-13,T1,1000.0,0.0,0.0,0.0,0.0,0.0
2026-01-14,T1,1000.0,0.0,0.0,0.0,0.0,0.0
2026-01-15,T1,1000.0,0.0,0.0,0.0,0.0,0.0
2026-01-16,T1,1000.0,0.0,0.0,0.0,0.0,0.0
2026-01-17,T1,998.8722710120888,0.1269189485793465,0.003,0.14314666878,-0.017104334121060452,0.04293756
2026-01-18,T1,998.5706451231825,0.1570772658378905,0.0,0.28573507731000003,-0.027099299507422354,0.0857205
2026-01-19,T1,998.5706451231825,0.1570772658378905,0.0,0.28573507731000003,-0.027099299507422354,0.0857205
2026-01-20,T1,985.5002187540035,1.4639347991068696,0.003,0.42477007943250006,-0.06058642156378244,0.127424745
2026-01-21,T1,986.8147753504909,1.332497756235873,0.0,0.558093327945,-0.08710360156378244,0.16742772
2026-01-22,T1,986.8147753504909,1.332497756235873,0.0,0.558093327945,-0.08710360156378244,0.16742772
2026-01-23,T1,986.8350035622284,1.3304752215344773,0.003,0.69234036198,-0.1149602857912321,0.20769579
2026-01-24,T1,985.663375510393,1.4476214340972793,0.003,0.69234036198,-0.15346005500666118,0.20769579
2026-01-25,T1,977.9825816234152,2.2155920472329727,0.003,0.69234036198,-0.19148222460468814,0.20769579
2026-01-26,T1,978.3277549760376,2.1810796003228994,0.0,0.8225335800675,-0.20205182889468815,0.246759615
2026-01-27,T1,980.7732304909609,1.9365666817054539,0.003,0.9550325519325,-0.23782826427624118,0.28650334499999996
2026-01-28,T1,980.9154631067966,1.922345434423145,0.003,0.9550325519325,-0.2813009962707108,0.28650334499999996
2026-01-29,T1,980.2610071854726,1.9877817581372192,0.0,1.0886805017325,-0.3006085677946014,0.32660374499999995
2026-01-30,T1,980.2610071854726,1.9877817581372192,0.0,1.0886805017325,-0.3006085677946014,0.32660374499999995
2026-01-31,T1,980.2610071854726,1.9877817581372192,0.0,1.0886805017325,-0.3006085677946014,0.32660374499999995
2026-02-01,T1,980.2610071854726,1.9877817581372192,0.0,1.0886805017325,-0.3006085677946014,0.32660374499999995
2026-02-02,T1,980.2610071854726,1.9877817581372192,0.0,1.0886805017325,-0.3006085677946014,0.32660374499999995
2026-02-03,T1,980.2610071854726,1.9877817581372192,0.0,1.0886805017325,-0.3006085677946014,0.32660374499999995
2026-02-04,T1,980.2610071854726,1.9877817581372192,0.0,1.0886805017325,-0.3006085677946014,0.32660374499999995
2026-02-05,T1,980.2610071854726,1.9877817581372192,0.0,1.0886805017325,-0.3006085677946014,0.32660374499999995
2026-02-06,T1,980.2610071854726,1.9877817581372192,0.0,1.0886805017325,-0.3006085677946014,0.32660374499999995
2026-02-07,T1,980.2610071854726,1.9877817581372192,0.0,1.0886805017325,-0.3006085677946014,0.32660374499999995
2026-02-08,T1,980.2610071854726,1.9877817581372192,0.0,1.0886805017325,-0.3006085677946014,0.32660374499999995
2026-02-09,T1,980.2610071854726,1.9877817581372192,0.0,1.0886805017325,-0.3006085677946014,0.32660374499999995
2026-02-10,T1,980.2610071854726,1.9877817581372192,0.0,1.0886805017325,-0.3006085677946014,0.32660374499999995
2026-02-11,T1,980.2610071854726,1.9877817581372192,0.0,1.0886805017325,-0.3006085677946014,0.32660374499999995
2026-02-12,T1,980.2610071854726,1.9877817581372192,0.0,1.0886805017325,-0.3006085677946014,0.32660374499999995
2026-02-13,T1,980.2610071854726,1.9877817581372192,0.0,1.0886805017325,-0.3006085677946014,0.32660374499999995
2026-02-14,T1,980.2610071854726,1.9877817581372192,0.0,1.0886805017325,-0.3006085677946014,0.32660374499999995
2026-02-15,T1,980.2610071854726,1.9877817581372192,0.0,1.0886805017325,-0.3006085677946014,0.32660374499999995
2026-02-16,T1,980.2610071854726,1.9877817581372192,0.0,1.0886805017325,-0.3006085677946014,0.32660374499999995
2026-02-17,T1,980.2610071854726,1.9877817581372192,0.0,1.0886805017325,-0.3006085677946014,0.32660374499999995
2026-02-18,T1,980.2610071854726,1.9877817581372192,0.0,1.0886805017325,-0.3006085677946014,0.32660374499999995
2026-02-19,T1,980.2610071854726,1.9877817581372192,0.0,1.0886805017325,-0.3006085677946014,0.32660374499999995
2026-02-20,T1,980.2610071854726,1.9877817581372192,0.0,1.0886805017325,-0.3006085677946014,0.32660374499999995
2026-02-21,T1,980.2610071854726,1.9877817581372192,0.0,1.0886805017325,-0.3006085677946014,0.32660374499999995
2026-02-22,T1,980.2610071854726,1.9877817581372192,0.0,1.0886805017325,-0.3006085677946014,0.32660374499999995
2026-02-23,T1,980.2610071854726,1.9877817581372192,0.0,1.0886805017325,-0.3006085677946014,0.32660374499999995
2026-02-24,T1,980.2610071854726,1.9877817581372192,0.0,1.0886805017325,-0.3006085677946014,0.32660374499999995
2026-02-25,T1,980.2610071854726,1.9877817581372192,0.0,1.0886805017325,-0.3006085677946014,0.32660374499999995
2026-02-26,T1,980.2610071854726,1.9877817581372192,0.0,1.0886805017325,-0.3006085677946014,0.32660374499999995
2026-02-27,T1,980.2610071854726,1.9877817581372192,0.0,1.0886805017325,-0.3006085677946014,0.32660374499999995
2026-02-28,T1,980.2610071854726,1.9877817581372192,0.0,1.0886805017325,-0.3006085677946014,0.32660374499999995
2026-03-01,T1,980.2610071854726,1.9877817581372192,0.0,1.0886805017325,-0.3006085677946014,0.32660374499999995
2026-03-02,T1,980.2610071854726,1.9877817581372192,0.0,1.0886805017325,-0.3006085677946014,0.32660374499999995
2026-03-03,T1,980.2610071854726,1.9877817581372192,0.0,1.0886805017325,-0.3006085677946014,0.32660374499999995
2026-03-04,T1,980.2610071854726,1.9877817581372192,0.0,1.0886805017325,-0.3006085677946014,0.32660374499999995
2026-03-05,T1,980.2610071854726,1.9877817581372192,0.0,1.0886805017325,-0.3006085677946014,0.32660374499999995
2026-03-06,T1,980.2610071854726,1.9877817581372192,0.0,1.0886805017325,-0.3006085677946014,0.32660374499999995
2026-03-07,T1,980.2610071854726,1.9877817581372192,0.0,1.0886805017325,-0.3006085677946014,0.32660374499999995
2026-03-08,T1,980.2610071854726,1.9877817581372192,0.0,1.0886805017325,-0.3006085677946014,0.32660374499999995
2026-03-09,T1,980.2610071854726,1.9877817581372192,0.0,1.0886805017325,-0.3006085677946014,0.32660374499999995
2026-03-10,T1,980.2610071854726,1.9877817581372192,0.0,1.0886805017325,-0.3006085677946014,0.32660374499999995
2026-03-11,T1,980.2610071854726,1.9877817581372192,0.0,1.0886805017325,-0.3006085677946014,0.32660374499999995
2026-03-12,T1,980.2610071854726,1.9877817581372192,0.0,1.0886805017325,-0.3006085677946014,0.32660374499999995
2026-03-13,T1,980.2610071854726,1.9877817581372192,0.0,1.0886805017325,-0.3006085677946014,0.32660374499999995
2026-03-14,T1,980.2610071854726,1.9877817581372192,0.0,1.0886805017325,-0.3006085677946014,0.32660374499999995
2026-03-15,T1,980.2610071854726,1.9877817581372192,0.0,1.0886805017325,-0.3006085677946014,0.32660374499999995
2026-03-16,T1,980.2610071854726,1.9877817581372192,0.0,1.0886805017325,-0.3006085677946014,0.32660374499999995
2026-03-17,T1,980.2610071854726,1.9877817581372192,0.0,1.0886805017325,-0.3006085677946014,0.32660374499999995
2026-03-18,T1,980.2610071854726,1.9877817581372192,0.0,1.0886805017325,-0.3006085677946014,0.32660374499999995
2026-03-19,T1,980.2610071854726,1.9877817581372192,0.0,1.0886805017325,-0.3006085677946014,0.32660374499999995
2026-03-20,T1,980.2610071854726,1.9877817581372192,0.0,1.0886805017325,-0.3006085677946014,0.32660374499999995
2026-03-21,T1,980.2610071854726,1.9877817581372192,0.0,1.0886805017325,-0.3006085677946014,0.32660374499999995
2026-03-22,T1,980.2610071854726,1.9877817581372192,0.0,1.0886805017325,-0.3006085677946014,0.32660374499999995
2026-03-23,T1,980.2610071854726,1.9877817581372192,0.0,1.0886805017325,-0.3006085677946014,0.32660374499999995
2026-03-24,T1,980.2610071854726,1.9877817581372192,0.0,1.0886805017325,-0.3006085677946014,0.32660374499999995
2026-03-25,T1,980.2610071854726,1.9877817581372192,0.0,1.0886805017325,-0.3006085677946014,0.32660374499999995
2026-03-26,T1,980.2610071854726,1.9877817581372192,0.0,1.0886805017325,-0.3006085677946014,0.32660374499999995
2026-03-27,T1,980.2610071854726,1.9877817581372192,0.0,1.0886805017325,-0.3006085677946014,0.32660374499999995
2026-03-28,T1,980.2610071854726,1.9877817581372192,0.0,1.0886805017325,-0.3006085677946014,0.32660374499999995
2026-03-29,T1,980.2610071854726,1.9877817581372192,0.0,1.0886805017325,-0.3006085677946014,0.32660374499999995
2026-03-30,T1,980.2610071854726,1.9877817581372192,0.0,1.0886805017325,-0.3006085677946014,0.32660374499999995
2026-03-31,T1,980.2610071854726,1.9877817581372192,0.0,1.0886805017325,-0.3006085677946014,0.32660374499999995
2026-04-01,T1,980.2610071854726,1.9877817581372192,0.0,1.0886805017325,-0.3006085677946014,0.32660374499999995
2026-04-02,T1,980.2610071854726,1.9877817581372192,0.0,1.0886805017325,-0.3006085677946014,0.32660374499999995
2026-04-03,T1,980.2610071854726,1.9877817581372192,0.0,1.0886805017325,-0.3006085677946014,0.32660374499999995
2026-04-04,T1,980.2610071854726,1.9877817581372192,0.0,1.0886805017325,-0.3006085677946014,0.32660374499999995
2026-04-05,T1,980.2610071854726,1.9877817581372192,0.0,1.0886805017325,-0.3006085677946014,0.32660374499999995
2026-04-06,T1,980.2610071854726,1.9877817581372192,0.0,1.0886805017325,-0.3006085677946014,0.32660374499999995
2026-04-07,T1,980.2610071854726,1.9877817581372192,0.0,1.0886805017325,-0.3006085677946014,0.32660374499999995
2026-04-08,T1,980.2610071854726,1.9877817581372192,0.0,1.0886805017325,-0.3006085677946014,0.32660374499999995
2026-04-09,T1,980.2610071854726,1.9877817581372192,0.0,1.0886805017325,-0.3006085677946014,0.32660374499999995
2026-04-10,T1,983.0755046608941,1.706371869566603,0.003,1.1965951365,-0.3011269226056014,0.35897327999999995
2026-04-11,T1,983.3885732911345,1.675069440226984,0.003,1.1965951365,-0.25729690106510805,0.35897327999999995
2026-04-12,T1,976.5214360982752,2.361685906973787,0.003,1.1965951365,-0.23089548522443637,0.35897327999999995
2026-04-13,T1,987.5444137938726,1.2595442450524463,0.003,1.1965951365,-0.21835569068691366,0.35897327999999995
2026-04-14,T1,986.7455521964766,1.3394190912975557,0.003,1.1965951365,-0.19957938702291367,0.35897327999999995
2026-04-15,T1,988.8012356076604,1.1338798628102276,0.003,1.1965951365,-0.15179597583908921,0.35897327999999995
2026-04-16,T1,989.8368270707151,1.0303353825725003,0.003,1.1965951365,-0.13278096930442615,0.35897327999999995
2026-04-17,T1,995.6387872137894,0.45022153574476587,0.003,1.1965951365,-0.12131150014008944,0.35897327999999995
2026-04-18,T1,991.5100599136301,0.8630357946391665,0.003,1.1965951365,-0.07577166986950971,0.35897327999999995
2026-04-19,T1,985.8611938597182,1.427842400672319,0.003,1.1965951365,-0.01251252379150971,0.35897327999999995
2026-04-20,T1,992.0198829547123,0.8120607106554156,0.003,1.1965951365,0.014651371212579561,0.35897327999999995
2026-04-21,T1,993.544963621308,0.6595742422198292,0.003,1.1965951365,0.055632037808266366,0.35897327999999995
2026-04-22,T1,999.1107669201459,0.3262699396305635,0.003,1.1965951365,0.05420398881624533,0.35897327999999995
2026-04-23,T1,999.3655345204158,0.3008537016535584,0.003,1.1965951365,0.0967029369162439,0.35897327999999995
2026-04-24,T1,996.9435099817548,0.5424807845147206,0.003,1.1965951365,0.13137839825524392,0.35897327999999995
2026-04-25,T1,997.541014809317,0.48287224373622095,0.003,1.1965951365,0.1615832258174058,0.35897327999999995
2026-04-26,T1,1000.6167392042149,0.1760304668007362,0.003,1.1965951365,0.1602076207154567,0.35897327999999995
2026-04-27,T1,996.8154141531465,0.5694651234345538,0.003,1.1965951365,0.19284317835699863,0.35897327999999995
2026-04-28,T1,993.7161698499317,0.8786091378693683,0.003,1.1965951365,0.1974382664321801,0.35897327999999995
2026-04-29,T1,992.0670153405983,1.043109317771207,0.003,1.1965951365,0.19288375709884242,0.35897327999999995
2026-04-30,T1,993.7330498667123,0.8769253867220717,0.003,1.1965951365,0.21332771798284242,0.35897327999999995
2026-05-01,T1,999.4336157435573,0.30830424966297176,0.003,1.1965951365,0.23348416005786868,0.35897327999999995
2026-05-02,T1,1000.8425213128862,0.1677684670497448,0.003,1.1965951365,0.2533592945966728,0.35897327999999995
2026-05-03,T1,1000.4607136669598,0.20585308925301637,0.003,1.1965951365,0.24958208346031,0.35897327999999995
2026-05-04,T1,1005.622852973253,0.20395403015237568,0.004,1.235853524375,0.25005552762830996,0.3707490299999999
2026-05-05,T1,1009.8090905845813,0.2962452492687673,0.004,1.235853524375,0.2930931389568306,0.3707490299999999
2026-05-06,T1,1012.0098763570551,0.42725611603331437,0.004,1.235853524375,0.3549744286706669,0.3707490299999999
2026-05-07,T1,1006.3373549082371,0.985381623101167,0.004,1.235853524375,0.39855746261264335,0.3707490299999999
2026-05-08,T1,1007.1082928686169,0.9095282051921894,0.004,1.235853524375,0.41949542299244286,0.3707490299999999
2026-05-09,T1,1009.0208387260352,0.7213507542837339,0.004,1.235853524375,0.4140196572107717,0.3707490299999999
2026-05-10,T1,1015.1592308942675,0.11738772437048794,0.004,1.235853524375,0.38003344864286653,0.3707490299999999
2026-05-11,T1,1013.4148813664636,0.2890161568926741,0.005,1.2765748816625,0.33197499807652964,0.38296360499999993
2026-05-12,T1,1007.1857711053931,0.9019050378621829,0.005,1.2765748816625,0.293400842055877,0.38296360499999993
2026-05-13,T1,1001.2688643482693,1.4840758791520026,0.005,1.2765748816625,0.2429028349321363,0.38296360499999993
2026-05-14,T1,1010.0291868932374,0.6221382899151973,0.005,1.2765748816625,0.19902995260018808,0.38296360499999993
2026-05-15,T1,1000.1731922149231,1.591880242788457,0.005,1.2765748816625,0.2177307015859243,0.38296360499999993
2026-05-16,T1,995.3144278019145,2.0699393169059777,0.005,1.2765748816625,0.18361096622734818,0.38296360499999993
2026-05-17,T1,991.9155243731565,2.404361093318219,0.005,1.2765748816625,0.16306285981927207,0.38296360499999993
2026-05-18,T1,989.5182288988815,2.640233582165308,0.005,1.2765748816625,0.11776738554427206,0.38296360499999993
2026-05-19,T1,988.6430203586115,2.7263462949572714,0.005,1.2765748816625,0.05805884527427206,0.38296360499999993
2026-05-20,T1,992.1249395084401,2.3837565121593074,0.005,1.2765748816625,-0.011819396197193688,0.38296360499999993
2026-05-21,T1,992.457428708527,2.3510425409443036,0.005,1.2765748816625,-0.0585328048101961,0.38296360499999993
2026-05-22,T1,982.0416794918572,3.3758593469269127,0.005,1.2765748816625,-0.08028202147986944,0.38296360499999993
2026-05-23,T1,988.0475299160067,2.7849372422514618,0.005,1.2765748816625,-0.11892152488043603,0.38296360499999993
2026-05-24,T1,989.5012896160622,2.6419002564825766,0.005,1.2765748816625,-0.20167189727513607,0.38296360499999993
2026-05-25,T1,990.7534382784422,2.518699998286844,0.005,1.2765748816625,-0.24607069864513606,0.38296360499999993
2026-05-26,T1,983.7761487966927,3.2052030402052067,0.005,1.2765748816625,-0.31406656449461534,0.38296360499999993
2026-05-27,T1,976.2516422875709,3.9455473559969256,0.005,1.2765748816625,-0.4233192257663606,0.38296360499999993
2026-05-28,T1,972.0284810963834,4.361068743183916,0.005,1.2765748816625,-0.5153889676539413,0.38296360499999993
2026-05-29,T1,971.1297441231154,4.449496443890155,0.005,1.2765748816625,-0.5967173902219506,0.38296360499999993
2026-05-30,T1,973.2031739986962,4.245489440810546,0.005,1.2765748816625,-0.6497875146412253,0.38296360499999993
2026-05-31,T1,971.9025162787511,4.373462557530505,0.0,1.4606802617125,-0.7090999545362254,0.43820350499999994
2026-01-01,T2,1000.0,0.0,0.0,0.0,0.0,0.0
2026-01-02,T2,1004.367705622948,0.15503357302163456,0.004,0.17761503826,-0.032196905752,0.05327652000000001
2026-01-03,T2,1006.9037852316958,0.0,0.004,0.17761503826,-0.07212321004410446,0.05327652000000001
2026-01-04,T2,1010.50714242292,0.016918198503312887,0.004,0.17761503826,-0.1439768883800275,0.05327652000000001
2026-01-05,T2,1019.6566171452291,0.22630814202451166,0.004,0.17761503826,-0.22489129651068687,0.05327652000000001
2026-01-06,T2,1019.1844061243645,0.27251412558356725,0.004,0.17761503826,-0.24030231737538738,0.05327652000000001
2026-01-07,T2,1008.1775974352445,1.349533506443945,0.005,0.22395718854,-0.32456829621538735,0.06717708000000001
2026-01-08,T2,1006.7244389601615,1.4917254791883217,0.005,0.22395718854,-0.4387267712985671,0.06717708000000001
2026-01-09,T2,1007.379724414069,1.4276056099521206,0.0,0.4520432205025,-0.42591921042856706,0.135613155
2026-01-10,T2,1007.379724414069,1.4276056099521206,0.0,0.4520432205025,-0.42591921042856706,0.135613155
2026-01-11,T2,1007.379724414069,1.4276056099521206,0.0,0.4520432205025,-0.42591921042856706,0.135613155
2026-01-12,T2,1007.1738104703389,1.4477543482876776,0.005,0.6801504314525,-0.4604797316085671,0.20403505500000002
2026-01-13,T2,1027.707086110343,0.1645617070796801,0.005,0.6801504314525,-0.532028403204456,0.20403505500000002
2026-01-14,T2,1031.8038774541462,0.20070954744481062,0.003,0.7753323520225,-0.5515962788312619,0.23259391500000004
2026-01-15,T2,1027.7739458543363,0.5904971059348063,0.003,0.7753323520225,-0.5600278786411129,0.23259391500000004
2026-01-16,T2,1027.5339814380684,0.6137072130110499,0.003,0.7753323520225,-0.6091922949091129,0.23259391500000004
2026-01-17,T2,1026.331846668695,0.7299814387949466,0.003,0.7753323520225,-0.6257866392721733,0.23259391500000004
2026-01-18,T2,1021.7909477058104,1.1691913549573107,0.003,0.7753323520225,-0.6819260271669614,0.23259391500000004
2026-01-19,T2,1018.6995090628955,1.4682049463791258,0.003,0.7753323520225,-0.7040478657317639,0.23259391500000004
2026-01-20,T2,1006.0390643337971,2.6927626635834367,0.003,0.7753323520225,-0.7648093991801048,0.23259391500000004
2026-01-21,T2,1007.3536209302845,2.5656146479035025,0.0,0.9086556005349999,-0.7913265791801048,0.27259689000000004
2026-01-22,T2,1007.3536209302845,2.5656146479035025,0.0,0.9086556005349999,-0.7913265791801048,0.27259689000000004
2026-01-23,T2,1007.3536209302845,2.5656146479035025,0.0,0.9086556005349999,-0.7913265791801048,0.27259689000000004
2026-01-24,T2,1007.3536209302845,2.5656146479035025,0.0,0.9086556005349999,-0.7913265791801048,0.27259689000000004
2026-01-25,T2,1007.3536209302845,2.5656146479035025,0.0,0.9086556005349999,-0.7913265791801048,0.27259689000000004
2026-01-26,T2,1007.3536209302845,2.5656146479035025,0.0,0.9086556005349999,-0.7913265791801048,0.27259689000000004
2026-01-27,T2,1009.7990964452079,2.32908062574938,0.003,1.0411545724,-0.8271030145616579,0.31234062
2026-01-28,T2,1009.9413290610435,2.3153234433528236,0.003,1.0411545724,-0.8705757465561276,0.31234062
2026-01-29,T2,995.9616284617542,3.667483704652319,0.003,1.0411545724,-0.9156441501953224,0.31234062
2026-01-30,T2,994.3956052001461,3.81895436080677,0.0,1.167371736985,-0.9270116128685665,0.35021145000000004
2026-01-31,T2,994.3956052001461,3.81895436080677,0.0,1.167371736985,-0.9270116128685665,0.35021145000000004
2026-02-01,T2,994.3956052001461,3.81895436080677,0.0,1.167371736985,-0.9270116128685665,0.35021145000000004
2026-02-02,T2,994.3956052001461,3.81895436080677,0.0,1.167371736985,-0.9270116128685665,0.35021145000000004
2026-02-03,T2,994.3956052001461,3.81895436080677,0.0,1.167371736985,-0.9270116128685665,0.35021145000000004
2026-02-04,T2,994.3956052001461,3.81895436080677,0.0,1.167371736985,-0.9270116128685665,0.35021145000000004
2026-02-05,T2,994.3956052001461,3.81895436080677,0.0,1.167371736985,-0.9270116128685665,0.35021145000000004
2026-02-06,T2,994.3956052001461,3.81895436080677,0.0,1.167371736985,-0.9270116128685665,0.35021145000000004
2026-02-07,T2,994.3956052001461,3.81895436080677,0.0,1.167371736985,-0.9270116128685665,0.35021145000000004
2026-02-08,T2,994.3956052001461,3.81895436080677,0.0,1.167371736985,-0.9270116128685665,0.35021145000000004
2026-02-09,T2,994.3956052001461,3.81895436080677,0.0,1.167371736985,-0.9270116128685665,0.35021145000000004
2026-02-10,T2,994.3956052001461,3.81895436080677,0.0,1.167371736985,-0.9270116128685665,0.35021145000000004
2026-02-11,T2,994.3956052001461,3.81895436080677,0.0,1.167371736985,-0.9270116128685665,0.35021145000000004
2026-02-12,T2,994.3956052001461,3.81895436080677,0.0,1.167371736985,-0.9270116128685665,0.35021145000000004
2026-02-13,T2,994.3956052001461,3.81895436080677,0.0,1.167371736985,-0.9270116128685665,0.35021145000000004
2026-02-14,T2,994.3956052001461,3.81895436080677,0.0,1.167371736985,-0.9270116128685665,0.35021145000000004
2026-02-15,T2,994.3956052001461,3.81895436080677,0.0,1.167371736985,-0.9270116128685665,0.35021145000000004
2026-02-16,T2,994.3956052001461,3.81895436080677,0.0,1.167371736985,-0.9270116128685665,0.35021145000000004
2026-02-17,T2,994.3956052001461,3.81895436080677,0.0,1.167371736985,-0.9270116128685665,0.35021145000000004
2026-02-18,T2,994.3956052001461,3.81895436080677,0.0,1.167371736985,-0.9270116128685665,0.35021145000000004
2026-02-19,T2,994.3956052001461,3.81895436080677,0.0,1.167371736985,-0.9270116128685665,0.35021145000000004
2026-02-20,T2,994.3956052001461,3.81895436080677,0.0,1.167371736985,-0.9270116128685665,0.35021145000000004
2026-02-21,T2,994.3956052001461,3.81895436080677,0.0,1.167371736985,-0.9270116128685665,0.35021145000000004
2026-02-22,T2,994.3956052001461,3.81895436080677,0.0,1.167371736985,-0.9270116128685665,0.35021145000000004
2026-02-23,T2,994.3956052001461,3.81895436080677,0.0,1.167371736985,-0.9270116128685665,0.35021145000000004
2026-02-24,T2,994.3956052001461,3.81895436080677,0.0,1.167371736985,-0.9270116128685665,0.35021145000000004
2026-02-25,T2,994.3956052001461,3.81895436080677,0.0,1.167371736985,-0.9270116128685665,0.35021145000000004
2026-02-26,T2,994.3956052001461,3.81895436080677,0.0,1.167371736985,-0.9270116128685665,0.35021145000000004
2026-02-27,T2,994.3956052001461,3.81895436080677,0.0,1.167371736985,-0.9270116128685665,0.35021145000000004
2026-02-28,T2,994.3956052001461,3.81895436080677,0.0,1.167371736985,-0.9270116128685665,0.35021145000000004
2026-03-01,T2,994.3956052001461,3.81895436080677,0.0,1.167371736985,-0.9270116128685665,0.35021145000000004
2026-03-02,T2,994.3956052001461,3.81895436080677,0.0,1.167371736985,-0.9270116128685665,0.35021145000000004
2026-03-03,T2,994.3956052001461,3.81895436080677,0.0,1.167371736985,-0.9270116128685665,0.35021145000000004
2026-03-04,T2,994.3956052001461,3.81895436080677,0.0,1.167371736985,-0.9270116128685665,0.35021145000000004
2026-03-05,T2,994.3956052001461,3.81895436080677,0.0,1.167371736985,-0.9270116128685665,0.35021145000000004
2026-03-06,T2,994.3956052001461,3.81895436080677,0.0,1.167371736985,-0.9270116128685665,0.35021145000000004
2026-03-07,T2,994.3956052001461,3.81895436080677,0.0,1.167371736985,-0.9270116128685665,0.35021145000000004
2026-03-08,T2,994.3956052001461,3.81895436080677,0.0,1.167371736985,-0.9270116128685665,0.35021145000000004
2026-03-09,T2,994.3956052001461,3.81895436080677,0.0,1.167371736985,-0.9270116128685665,0.35021145000000004
2026-03-10,T2,994.3956052001461,3.81895436080677,0.0,1.167371736985,-0.9270116128685665,0.35021145000000004
2026-03-11,T2,994.3956052001461,3.81895436080677,0.0,1.167371736985,-0.9270116128685665,0.35021145000000004
2026-03-12,T2,994.3956052001461,3.81895436080677,0.0,1.167371736985,-0.9270116128685665,0.35021145000000004
2026-03-13,T2,994.3956052001461,3.81895436080677,0.0,1.167371736985,-0.9270116128685665,0.35021145000000004
2026-03-14,T2,994.3956052001461,3.81895436080677,0.0,1.167371736985,-0.9270116128685665,0.35021145000000004
2026-03-15,T2,994.3956052001461,3.81895436080677,0.0,1.167371736985,-0.9270116128685665,0.35021145000000004
2026-03-16,T2,994.3956052001461,3.81895436080677,0.0,1.167371736985,-0.9270116128685665,0.35021145000000004
2026-03-17,T2,994.3956052001461,3.81895436080677,0.0,1.167371736985,-0.9270116128685665,0.35021145000000004
2026-03-18,T2,994.3956052001461,3.81895436080677,0.0,1.167371736985,-0.9270116128685665,0.35021145000000004
2026-03-19,T2,994.3956052001461,3.81895436080677,0.0,1.167371736985,-0.9270116128685665,0.35021145000000004
2026-03-20,T2,994.9341064218321,3.7668688424186247,0.002,1.2375421609700001,-0.9277665624175734,0.37125942
2026-03-21,T2,995.1819097682,3.7429005295641526,0.0,1.308175464385,-0.9256621774148364,0.39245259
2026-03-22,T2,995.1819097682,3.7429005295641526,0.0,1.308175464385,-0.9256621774148364,0.39245259
2026-03-23,T2,995.1819097682,3.7429005295641526,0.0,1.308175464385,-0.9256621774148364,0.39245259
2026-03-24,T2,994.832737456157,3.776673565069255,0.002,1.3788361619,-0.9351688489028364,0.41364762
2026-03-25,T2,996.8069486952901,3.585721694104127,0.003,1.4142436222225,-0.95073941748727,0.424268265
2026-03-26,T2,989.2747341995553,4.31426098207961,0.003,1.4142436222225,-0.9545165893722192,0.424268265
2026-03-27,T2,982.0217584555533,5.0157914267092485,0.003,1.4142436222225,-0.9360296572242193,0.424268265
2026-03-28,T2,981.9855156977688,5.019296939326489,0.0,1.5138135344950001,-0.9199270477362192,0.45414372
2026-03-29,T2,981.9855156977688,5.019296939326489,0.0,1.5138135344950001,-0.9199270477362192,0.45414372
2026-03-30,T2,981.9855156977688,5.019296939326489,0.0,1.5138135344950001,-0.9199270477362192,0.45414372
2026-03-31,T2,981.9855156977688,5.019296939326489,0.0,1.5138135344950001,-0.9199270477362192,0.45414372
2026-04-01,T2,981.247596161986,5.09067081927731,0.003,1.616260899295,-0.9201696187189282,0.48487332
2026-04-02,T2,977.6063063973378,5.4428677268337005,0.003,1.616260899295,-0.914227283377147,0.48487332
2026-04-03,T2,977.1509350714375,5.486912662320298,0.0,1.71638857789,-0.9125602206725228,0.51491613
2026-04-04,T2,977.1509350714375,5.486912662320298,0.0,1.71638857789,-0.9125602206725228,0.51491613
2026-04-05,T2,977.1509350714375,5.486912662320298,0.0,1.71638857789,-0.9125602206725228,0.51491613
2026-04-06,T2,976.3144903233534,5.567816208222376,0.003,1.8199819645675002,-0.9249382270793418,0.545989485
2026-04-07,T2,985.576148221399,4.671999758181633,0.003,1.8199819645675002,-0.9470210464237319,0.545989485
2026-04-08,T2,982.93343436987,4.927611287673539,0.003,1.8199819645675002,-0.9720211349026708,0.545989485
2026-04-09,T2,985.061215984281,4.7218056108426225,0.003,1.8199819645675002,-0.9785620878916709,0.545989485
2026-04-10,T2,988.5453633618006,4.38480800528358,0.003,1.8199819645675002,-0.9799651886322053,0.545989485
2026-04-11,T2,988.858431992041,4.354527030532795,0.003,1.8199819645675002,-0.9361351670917119,0.545989485
2026-04-12,T2,981.9912947991816,5.018737966605946,0.003,1.8199819645675002,-0.9097337512510402,0.545989485
2026-04-13,T2,993.0142724947791,3.9525611700917618,0.003,1.8199819645675002,-0.8971939567135175,0.545989485
2026-04-14,T2,992.2154108973831,4.029829556392683,0.003,1.8199819645675002,-0.8784176530495176,0.545989485
2026-04-15,T2,994.271094308567,3.830997442738071,0.003,1.8199819645675002,-0.8306342418656931,0.545989485
2026-04-16,T2,995.3066857716216,3.7308318051882505,0.003,1.8199819645675002,-0.8116192353310301,0.545989485
2026-04-17,T2,1001.1086459146959,3.1696481169261714,0.003,1.8199819645675002,-0.8001497661666934,0.545989485
2026-04-18,T2,996.9799186145366,3.568991503815422,0.003,1.8199819645675002,-0.7546099358961137,0.545989485
2026-04-19,T2,991.3310525606246,4.115367454090912,0.003,1.8199819645675002,-0.6913507898181136,0.545989485
2026-04-20,T2,997.4897416556188,3.5196798285366704,0.003,1.8199819645675002,-0.6641868948140243,0.545989485
2026-04-21,T2,999.0148223222145,3.372169267920544,0.003,1.8199819645675002,-0.6232062282183375,0.545989485
2026-04-22,T2,1004.5806256210524,2.833827406487488,0.003,1.8199819645675002,-0.6246342772103586,0.545989485
2026-04-23,T2,1004.8353932213223,2.8091854892657975,0.003,1.8199819645675002,-0.58213532911036,0.545989485
2026-04-24,T2,1002.4133686826613,3.0434512598243035,0.003,1.8199819645675002,-0.5474598677713601,0.545989485
2026-04-25,T2,1003.0108735102234,2.9856587285732927,0.003,1.8199819645675002,-0.5172550402091982,0.545989485
2026-04-26,T2,1006.0865979051214,2.688165068251136,0.003,1.8199819645675002,-0.5186306453111473,0.545989485
2026-04-27,T2,1002.285272854053,3.055841088050748,0.003,1.8199819645675002,-0.4859950876696054,0.545989485
2026-04-28,T2,999.1860285508382,3.3556096672919256,0.003,1.8199819645675002,-0.481399999594424,0.545989485
2026-04-29,T2,997.5368740415048,3.5151210371117347,0.003,1.8199819645675002,-0.48595450892776165,0.545989485
2026-04-30,T2,999.2029085676188,3.3539769794000196,0.003,1.8199819645675002,-0.46551054804376163,0.545989485
2026-05-01,T2,1004.9034744444638,2.8026004609371324,0.003,1.8199819645675002,-0.4453541059687353,0.545989485
2026-05-02,T2,1006.3123800137927,2.666326718217138,0.003,1.8199819645675002,-0.4254789714299312,0.545989485
2026-05-03,T2,1005.9305723678663,2.703256345043936,0.003,1.8199819645675002,-0.42925618256629394,0.545989485
2026-05-04,T2,1011.0927116741593,2.2039581244785778,0.004,1.8592403524425,-0.42878273839829395,0.557765235
2026-05-05,T2,1015.2789492854878,1.79905216084989,0.004,1.8592403524425,-0.3857451270697733,0.557765235
2026-05-06,T2,1017.4797350579615,1.5861852940642351,0.004,1.8592403524425,-0.323863837355937,0.557765235
2026-05-07,T2,1011.8072136091436,2.134849267944383,0.004,1.8592403524425,-0.28028080341396056,0.557765235
2026-05-08,T2,1012.5781515695234,2.060281742942749,0.004,1.8592403524425,-0.25934284303416105,0.557765235
2026-05-09,T2,1014.4906974269418,1.8752943401048272,0.004,1.8592403524425,-0.2648186088158322,0.557765235
2026-05-10,T2,1022.1109468160477,1.138240042556815,0.005,1.8995639000675002,-0.3072287988849397,0.569860485
2026-05-11,T2,1019.6675685574854,1.3745712115318498,0.005,1.8995639000675002,-0.3600519124972766,0.569860485
2026-05-12,T2,1013.4384582964149,1.9770701919964773,0.005,1.8995639000675002,-0.3986260685179292,0.569860485
2026-05-13,T2,1007.5215515392911,2.5493718754247996,0.005,1.8995639000675002,-0.44912407564166995,0.569860485
2026-05-14,T2,1016.2818740842591,1.7020461449957835,0.005,1.8995639000675002,-0.4929969579736181,0.569860485
2026-05-15,T2,1006.4258794059449,2.6553487028683986,0.005,1.8995639000675002,-0.47429620898788183,0.569860485
2026-05-16,T2,1001.5671149929362,3.125303557167669,0.005,1.8995639000675002,-0.508415944346458,0.569860485
2026-05-17,T2,998.1682115641783,3.4540561020250937,0.005,1.8995639000675002,-0.5289640507545341,0.569860485
2026-05-18,T2,995.7709160899033,3.6859300003167728,0.005,1.8995639000675002,-0.574259525029534,0.569860485
2026-05-19,T2,994.8957075496332,3.7705829011495107,0.005,1.8995639000675002,-0.6339680652995341,0.569860485
2026-05-20,T2,998.3776266994619,3.43380081672523,0.005,1.8995639000675002,-0.7038463067709998,0.569860485
2026-05-21,T2,998.7101158995488,3.401641423863011,0.005,1.8995639000675002,-0.7505597153840022,0.569860485
2026-05-22,T2,988.294366682879,4.409085187226469,0.005,1.8995639000675002,-0.7723089320536757,0.569860485
2026-05-23,T2,994.3002171070285,3.8281805948021774,0.005,1.8995639000675002,-0.8109484354542422,0.569860485
2026-05-24,T2,995.753976807084,3.6875684206048476,0.005,1.8995639000675002,-0.8936988078489422,0.569860485
2026-05-25,T2,997.006125469464,3.5664566950364462,0.005,1.8995639000675002,-0.9380976092189423,0.569860485
2026-05-26,T2,990.0288359877145,4.241321904187223,0.005,1.8995639000675002,-1.0060934750684216,0.569860485
2026-05-27,T2,982.5043294785927,4.969115651647105,0.005,1.8995639000675002,-1.115346136340167,0.569860485
2026-05-28,T2,982.8433879067302,4.936320862550581,0.0,2.0858901969300003,-1.1525551363401672,0.62576676
2026-05-29,T2,982.8433879067302,4.936320862550581,0.0,2.0858901969300003,-1.1525551363401672,0.62576676
2026-05-30,T2,982.8433879067302,4.936320862550581,0.0,2.0858901969300003,-1.1525551363401672,0.62576676
2026-05-31,T2,982.8433879067302,4.936320862550581,0.0,2.0858901969300003,-1.1525551363401672,0.62576676
2026-01-01,T3,1000.0,0.0,0.0,0.0,0.0,0.0
2026-01-02,T3,1000.0,0.0,0.0,0.0,0.0,0.0
2026-01-03,T3,1000.0,0.0,0.0,0.0,0.0,0.0
2026-01-04,T3,1000.0,0.0,0.0,0.0,0.0,0.0
2026-01-05,T3,1000.0,0.0,0.0,0.0,0.0,0.0
2026-01-06,T3,1000.0,0.0,0.0,0.0,0.0,0.0
2026-01-07,T3,1000.0,0.0,0.0,0.0,0.0,0.0
2026-01-08,T3,1000.0,0.0,0.0,0.0,0.0,0.0
2026-01-09,T3,1000.0,0.0,0.0,0.0,0.0,0.0
2026-01-10,T3,1000.0,0.0,0.0,0.0,0.0,0.0
2026-01-11,T3,1000.0,0.0,0.0,0.0,0.0,0.0
2026-01-12,T3,1000.0,0.0,0.0,0.0,0.0,0.0
2026-01-13,T3,1000.0,0.0,0.0,0.0,0.0,0.0
2026-01-14,T3,1000.0,0.0,0.0,0.0,0.0,0.0
2026-01-15,T3,1000.0,0.0,0.0,0.0,0.0,0.0
2026-01-16,T3,1000.0,0.0,0.0,0.0,0.0,0.0
2026-01-17,T3,1000.0,0.0,0.0,0.0,0.0,0.0
2026-01-18,T3,1000.0,0.0,0.0,0.0,0.0,0.0
2026-01-19,T3,1000.0,0.0,0.0,0.0,0.0,0.0
2026-01-20,T3,1000.0,0.0,0.0,0.0,0.0,0.0
2026-01-21,T3,1000.0,0.0,0.0,0.0,0.0,0.0
2026-01-22,T3,1000.0,0.0,0.0,0.0,0.0,0.0
2026-01-23,T3,1000.0,0.0,0.0,0.0,0.0,0.0
2026-01-24,T3,1000.0,0.0,0.0,0.0,0.0,0.0
2026-01-25,T3,1000.0,0.0,0.0,0.0,0.0,0.0
2026-01-26,T3,1000.0,0.0,0.0,0.0,0.0,0.0
2026-01-27,T3,1000.0,0.0,0.0,0.0,0.0,0.0
2026-01-28,T3,1000.0,0.0,0.0,0.0,0.0,0.0
2026-01-29,T3,1000.0,0.0,0.0,0.0,0.0,0.0
2026-01-30,T3,1000.0,0.0,0.0,0.0,0.0,0.0
2026-01-31,T3,1000.0,0.0,0.0,0.0,0.0,0.0
2026-02-01,T3,1000.0,0.0,0.0,0.0,0.0,0.0
2026-02-02,T3,1000.0,0.0,0.0,0.0,0.0,0.0
2026-02-03,T3,1000.0,0.0,0.0,0.0,0.0,0.0
2026-02-04,T3,1000.0,0.0,0.0,0.0,0.0,0.0
2026-02-05,T3,1000.0,0.0,0.0,0.0,0.0,0.0
2026-02-06,T3,1000.0,0.0,0.0,0.0,0.0,0.0
2026-02-07,T3,1000.0,0.0,0.0,0.0,0.0,0.0
2026-02-08,T3,1000.0,0.0,0.0,0.0,0.0,0.0
2026-02-09,T3,1000.0,0.0,0.0,0.0,0.0,0.0
2026-02-10,T3,1000.0,0.0,0.0,0.0,0.0,0.0
2026-02-11,T3,1000.0,0.0,0.0,0.0,0.0,0.0
2026-02-12,T3,1000.0,0.0,0.0,0.0,0.0,0.0
2026-02-13,T3,1000.0,0.0,0.0,0.0,0.0,0.0
2026-02-14,T3,1000.0,0.0,0.0,0.0,0.0,0.0
2026-02-15,T3,1000.0,0.0,0.0,0.0,0.0,0.0
2026-02-16,T3,1000.0,0.0,0.0,0.0,0.0,0.0
2026-02-17,T3,1000.0,0.0,0.0,0.0,0.0,0.0
2026-02-18,T3,1000.0,0.0,0.0,0.0,0.0,0.0
2026-02-19,T3,1000.0,0.0,0.0,0.0,0.0,0.0
2026-02-20,T3,1000.0,0.0,0.0,0.0,0.0,0.0
2026-02-21,T3,1000.0,0.0,0.0,0.0,0.0,0.0
2026-02-22,T3,1000.0,0.0,0.0,0.0,0.0,0.0
2026-02-23,T3,1000.0,0.0,0.0,0.0,0.0,0.0
2026-02-24,T3,1000.0,0.0,0.0,0.0,0.0,0.0
2026-02-25,T3,1000.0,0.0,0.0,0.0,0.0,0.0
2026-02-26,T3,1000.0,0.0,0.0,0.0,0.0,0.0
2026-02-27,T3,1000.0,0.0,0.0,0.0,0.0,0.0
2026-02-28,T3,1000.0,0.0,0.0,0.0,0.0,0.0
2026-03-01,T3,1000.0,0.0,0.0,0.0,0.0,0.0
2026-03-02,T3,1000.0,0.0,0.0,0.0,0.0,0.0
2026-03-03,T3,1000.0,0.0,0.0,0.0,0.0,0.0
2026-03-04,T3,1000.0,0.0,0.0,0.0,0.0,0.0
2026-03-05,T3,1000.0,0.0,0.0,0.0,0.0,0.0
2026-03-06,T3,1000.0,0.0,0.0,0.0,0.0,0.0
2026-03-07,T3,1000.0,0.0,0.0,0.0,0.0,0.0
2026-03-08,T3,1000.0,0.0,0.0,0.0,0.0,0.0
2026-03-09,T3,1000.0,0.0,0.0,0.0,0.0,0.0
2026-03-10,T3,1000.0,0.0,0.0,0.0,0.0,0.0
2026-03-11,T3,1000.0,0.0,0.0,0.0,0.0,0.0
2026-03-12,T3,1000.0,0.0,0.0,0.0,0.0,0.0
2026-03-13,T3,1000.0,0.0,0.0,0.0,0.0,0.0
2026-03-14,T3,1000.0,0.0,0.0,0.0,0.0,0.0
2026-03-15,T3,1000.0,0.0,0.0,0.0,0.0,0.0
2026-03-16,T3,1000.0,0.0,0.0,0.0,0.0,0.0
2026-03-17,T3,1000.0,0.0,0.0,0.0,0.0,0.0
2026-03-18,T3,1000.0,0.0,0.0,0.0,0.0,0.0
2026-03-19,T3,1000.0,0.0,0.0,0.0,0.0,0.0
2026-03-20,T3,1000.0,0.0,0.0,0.0,0.0,0.0
2026-03-21,T3,1000.0,0.0,0.0,0.0,0.0,0.0
2026-03-22,T3,1000.0,0.0,0.0,0.0,0.0,0.0
2026-03-23,T3,1000.0,0.0,0.0,0.0,0.0,0.0
2026-03-24,T3,1000.0,0.0,0.0,0.0,0.0,0.0
2026-03-25,T3,1000.0,0.0,0.0,0.0,0.0,0.0
2026-03-26,T3,1000.0,0.0,0.0,0.0,0.0,0.0
2026-03-27,T3,1000.0,0.0,0.0,0.0,0.0,0.0
2026-03-28,T3,1000.0,0.0,0.0,0.0,0.0,0.0
2026-03-29,T3,1000.0,0.0,0.0,0.0,0.0,0.0
2026-03-30,T3,1000.0,0.0,0.0,0.0,0.0,0.0
2026-03-31,T3,1000.0,0.0,0.0,0.0,0.0,0.0
2026-04-01,T3,1000.0,0.0,0.0,0.0,0.0,0.0
2026-04-02,T3,1000.0,0.0,0.0,0.0,0.0,0.0
2026-04-03,T3,1000.0,0.0,0.0,0.0,0.0,0.0
2026-04-04,T3,1000.0,0.0,0.0,0.0,0.0,0.0
2026-04-05,T3,1000.0,0.0,0.0,0.0,0.0,0.0
2026-04-06,T3,1000.0,0.0,0.0,0.0,0.0,0.0
2026-04-07,T3,1000.0,0.0,0.0,0.0,0.0,0.0
2026-04-08,T3,1000.0,0.0,0.0,0.0,0.0,0.0
2026-04-09,T3,1000.0,0.0,0.0,0.0,0.0,0.0
2026-04-10,T3,1000.0,0.0,0.0,0.0,0.0,0.0
2026-04-11,T3,1000.0,0.0,0.0,0.0,0.0,0.0
2026-04-12,T3,1000.0,0.0,0.0,0.0,0.0,0.0
2026-04-13,T3,1000.0,0.0,0.0,0.0,0.0,0.0
2026-04-14,T3,1000.0,0.0,0.0,0.0,0.0,0.0
2026-04-15,T3,1000.0,0.0,0.0,0.0,0.0,0.0
2026-04-16,T3,1000.0,0.0,0.0,0.0,0.0,0.0
2026-04-17,T3,1000.0,0.0,0.0,0.0,0.0,0.0
2026-04-18,T3,1000.0,0.0,0.0,0.0,0.0,0.0
2026-04-19,T3,1000.0,0.0,0.0,0.0,0.0,0.0
2026-04-20,T3,1000.0,0.0,0.0,0.0,0.0,0.0
2026-04-21,T3,1000.0,0.0,0.0,0.0,0.0,0.0
2026-04-22,T3,1000.0,0.0,0.0,0.0,0.0,0.0
2026-04-23,T3,1000.0,0.0,0.0,0.0,0.0,0.0
2026-04-24,T3,1000.0,0.0,0.0,0.0,0.0,0.0
2026-04-25,T3,1000.0,0.0,0.0,0.0,0.0,0.0
2026-04-26,T3,1000.0,0.0,0.0,0.0,0.0,0.0
2026-04-27,T3,994.084479341438,0.5915520658561935,0.003,0.11891398442250002,0.03322277957054192,0.035668845
2026-04-28,T3,993.9494205968166,0.6050579403183431,0.0,0.23489893407,0.04238908088660666,0.07046954999999999
2026-04-29,T3,991.6354175021232,0.8364582497876749,0.003,0.349622640045,0.040821642168268966,0.10488149999999999
2026-04-30,T3,993.3014520282372,0.6698547971762725,0.003,0.349622640045,0.06126560305226896,0.10488149999999999
2026-05-01,T3,999.0020179050822,0.14888733676552413,0.003,0.349622640045,0.08142204512729524,0.10488149999999999
2026-05-02,T3,1000.4109234744111,0.042922864082572953,0.003,0.349622640045,0.10129717966609939,0.10488149999999999
2026-05-03,T3,1000.0291158284847,0.18536300394691452,0.003,0.349622640045,0.09751996852973663,0.10488149999999999
2026-05-04,T3,1005.1912551347777,0.20404142298272587,0.004,0.38888102792,0.09799341269773663,0.11665724999999999
2026-05-05,T3,1009.3774927461062,0.29637154480540717,0.004,0.38888102792,0.14103102402625725,0.11665724999999999
2026-05-06,T3,1011.57827851858,0.4274376290343773,0.004,0.38888102792,0.20291231374009355,0.11665724999999999
2026-05-07,T3,1005.905757069762,0.985800246893509,0.004,0.38888102792,0.24649534768207004,0.11665724999999999
2026-05-08,T3,1006.6766950301418,0.9099146038600514,0.004,0.38888102792,0.26743330806186955,0.11665724999999999
2026-05-09,T3,1008.5892408875602,0.7216572087388129,0.004,0.38888102792,0.2619575422801984,0.11665724999999999
2026-05-10,T3,1014.7276330557922,0.11743759468795245,0.004,0.38888102792,0.22797133371229328,0.11665724999999999
2026-05-11,T3,1012.9832835279885,0.28913894083425484,0.005,0.42960238520750005,0.17991288314595644,0.128871825
2026-05-12,T3,1006.754173266918,0.9022881979480091,0.005,0.42960238520750005,0.14133872712530388,0.128871825
2026-05-13,T3,1000.8372665097941,1.4847063653089299,0.005,0.42960238520750005,0.09084072000156317,0.128871825
2026-05-14,T3,1009.5975890547622,0.6224025955244961,0.005,0.42960238520750005,0.04696783766961499,0.128871825
2026-05-15,T3,999.7415943764481,1.5925565279236165,0.005,0.42960238520750005,0.06566858665535125,0.128871825
2026-05-16,T3,994.8828299634395,2.070818697875154,0.005,0.42960238520750005,0.03154885129677512,0.128871825
2026-05-17,T3,991.4839265346814,2.405382548088042,0.005,0.42960238520750005,0.011000744888698991,0.128871825
2026-05-18,T3,989.0866310604064,2.6413552436301613,0.005,0.42960238520750005,-0.03429472938630101,0.128871825
2026-05-19,T3,988.2114225201364,2.727504540045711,0.005,0.42960238520750005,-0.094003269656301,0.128871825
2026-05-20,T3,991.6933416699649,2.3847692133988296,0.005,0.42960238520750005,-0.16388151112776675,0.128871825
2026-05-21,T3,992.0258308700518,2.352041344170741,0.005,0.42960238520750005,-0.21059491974076913,0.128871825
2026-05-22,T3,981.6100816533822,3.377293527359182,0.005,0.42960238520750005,-0.2323441364104425,0.128871825
2026-05-23,T3,987.6159320775316,2.7861203787768574,0.005,0.42960238520750005,-0.2709836398110091,0.128871825
2026-05-24,T3,989.0696917775871,2.6430226260076406,0.005,0.42960238520750005,-0.3537340122057091,0.128871825
2026-05-25,T3,990.321840439967,2.5197700281314406,0.005,0.42960238520750005,-0.39813281357570907,0.128871825
2026-05-26,T3,983.3445509582175,3.2065647200056224,0.005,0.42960238520750005,-0.4661286794251883,0.128871825
2026-05-27,T3,975.8200444490958,3.9472235593665084,0.005,0.42960238520750005,-0.5753813406969336,0.128871825
2026-05-28,T3,971.5968832579083,4.362921474240666,0.005,0.42960238520750005,-0.6674510825845142,0.128871825
2026-05-29,T3,970.6981462846404,4.451386742056485,0.005,0.42960238520750005,-0.7487795051525236,0.128871825
2026-05-30,T3,972.7715761602211,4.247293069829327,0.005,0.42960238520750005,-0.8018496295717983,0.128871825
2026-05-31,T3,971.4709184402761,4.375320553903183,0.0,0.6137077652575,-0.8611620694667984,0.184111725
2026-01-01,T4,1000.0,0.0,0.0,0.0,0.0,0.0
2026-01-02,T4,1000.0,0.0,0.0,0.0,0.0,0.0
2026-01-03,T4,1000.0,0.0,0.0,0.0,0.0,0.0
2026-01-04,T4,1000.0,0.0,0.0,0.0,0.0,0.0
2026-01-05,T4,1000.0,0.0,0.0,0.0,0.0,0.0
2026-01-06,T4,1000.0,0.0,0.0,0.0,0.0,0.0
2026-01-07,T4,1000.0,0.0,0.0,0.0,0.0,0.0
2026-01-08,T4,1000.0,0.0,0.0,0.0,0.0,0.0
2026-01-09,T4,1000.0,0.0,0.0,0.0,0.0,0.0
2026-01-10,T4,1000.0,0.0,0.0,0.0,0.0,0.0
2026-01-11,T4,1000.0,0.0,0.0,0.0,0.0,0.0
2026-01-12,T4,1000.0,0.0,0.0,0.0,0.0,0.0
2026-01-13,T4,1000.0,0.0,0.0,0.0,0.0,0.0
2026-01-14,T4,1000.0,0.0,0.0,0.0,0.0,0.0
2026-01-15,T4,1000.0,0.0,0.0,0.0,0.0,0.0
2026-01-16,T4,1000.0,0.0,0.0,0.0,0.0,0.0
2026-01-17,T4,998.1204516868149,0.2115116114200788,0.005,0.2385777813,-0.02850722353510075,0.0715626
2026-01-18,T4,997.6177418719709,0.26177072837996196,0.0,0.47622512885,-0.045165499179037255,0.1428675
2026-01-19,T4,997.6177418719709,0.26177072837996196,0.0,0.47622512885,-0.045165499179037255,0.1428675
2026-01-20,T4,975.8336979233393,2.4396609949811965,0.005,0.7079501323875,-0.10097736927297074,0.212374575
2026-01-21,T4,978.0246255841519,2.220619937289481,0.0,0.930155546575,-0.14517266927297073,0.2790462
2026-01-22,T4,978.0246255841519,2.220619937289481,0.0,0.930155546575,-0.14517266927297073,0.2790462
2026-01-23,T4,978.0583392703811,2.217249364347973,0.005,1.1539006033,-0.19160047631872015,0.34615965000000004
2026-01-24,T4,976.1056258506555,2.4124746200585467,0.005,1.1539006033,-0.2557667583444353,0.34615965000000004
2026-01-25,T4,963.3043027056922,3.6923048087404764,0.005,1.1539006033,-0.3191370410078136,0.34615965000000004
2026-01-26,T4,963.8795916267297,3.634789494110846,0.0,1.3708893001125002,-0.3367530481578136,0.41126602500000004
2026-01-27,T4,967.9553841516021,3.2273064349719105,0.005,1.5917209198875002,-0.396380440460402,0.477505575
2026-01-28,T4,968.192438511328,3.2036065937523506,0.005,1.5917209198875002,-0.46883499378451815,0.477505575
2026-01-29,T4,967.1016786424549,3.3126568374637455,0.0,1.8144675028875001,-0.5010142796576691,0.544339575
2026-01-30,T4,967.1016786424549,3.3126568374637455,0.0,1.8144675028875001,-0.5010142796576691,0.544339575
2026-01-31,T4,967.1016786424549,3.3126568374637455,0.0,1.8144675028875001,-0.5010142796576691,0.544339575
2026-02-01,T4,967.1016786424549,3.3126568374637455,0.0,1.8144675028875001,-0.5010142796576691,0.544339575
2026-02-02,T4,967.1016786424549,3.3126568374637455,0.0,1.8144675028875001,-0.5010142796576691,0.544339575
2026-02-03,T4,967.1016786424549,3.3126568374637455,0.0,1.8144675028875001,-0.5010142796576691,0.544339575
2026-02-04,T4,967.1016786424549,3.3126568374637455,0.0,1.8144675028875001,-0.5010142796576691,0.544339575
2026-02-05,T4,967.1016786424549,3.3126568374637455,0.0,1.8144675028875001,-0.5010142796576691,0.544339575
2026-02-06,T4,967.1016786424549,3.3126568374637455,0.0,1.8144675028875001,-0.5010142796576691,0.544339575
2026-02-07,T4,967.1016786424549,3.3126568374637455,0.0,1.8144675028875001,-0.5010142796576691,0.544339575
2026-02-08,T4,967.1016786424549,3.3126568374637455,0.0,1.8144675028875001,-0.5010142796576691,0.544339575
2026-02-09,T4,967.1016786424549,3.3126568374637455,0.0,1.8144675028875001,-0.5010142796576691,0.544339575
2026-02-10,T4,967.1016786424549,3.3126568374637455,0.0,1.8144675028875001,-0.5010142796576691,0.544339575
2026-02-11,T4,967.1016786424549,3.3126568374637455,0.0,1.8144675028875001,-0.5010142796576691,0.544339575
2026-02-12,T4,967.1016786424549,3.3126568374637455,0.0,1.8144675028875001,-0.5010142796576691,0.544339575
2026-02-13,T4,967.1016786424549,3.3126568374637455,0.0,1.8144675028875001,-0.5010142796576691,0.544339575
2026-02-14,T4,967.1016786424549,3.3126568374637455,0.0,1.8144675028875001,-0.5010142796576691,0.544339575
2026-02-15,T4,967.1016786424549,3.3126568374637455,0.0,1.8144675028875001,-0.5010142796576691,0.544339575
2026-02-16,T4,967.1016786424549,3.3126568374637455,0.0,1.8144675028875001,-0.5010142796576691,0.544339575
2026-02-17,T4,967.1016786424549,3.3126568374637455,0.0,1.8144675028875001,-0.5010142796576691,0.544339575
2026-02-18,T4,967.1016786424549,3.3126568374637455,0.0,1.8144675028875001,-0.5010142796576691,0.544339575
2026-02-19,T4,967.1016786424549,3.3126568374637455,0.0,1.8144675028875001,-0.5010142796576691,0.544339575
2026-02-20,T4,967.1016786424549,3.3126568374637455,0.0,1.8144675028875001,-0.5010142796576691,0.544339575
2026-02-21,T4,967.1016786424549,3.3126568374637455,0.0,1.8144675028875001,-0.5010142796576691,0.544339575
2026-02-22,T4,967.1016786424549,3.3126568374637455,0.0,1.8144675028875001,-0.5010142796576691,0.544339575
2026-02-23,T4,967.1016786424549,3.3126568374637455,0.0,1.8144675028875001,-0.5010142796576691,0.544339575
2026-02-24,T4,967.1016786424549,3.3126568374637455,0.0,1.8144675028875001,-0.5010142796576691,0.544339575
2026-02-25,T4,967.1016786424549,3.3126568374637455,0.0,1.8144675028875001,-0.5010142796576691,0.544339575
2026-02-26,T4,967.1016786424549,3.3126568374637455,0.0,1.8144675028875001,-0.5010142796576691,0.544339575
2026-02-27,T4,967.1016786424549,3.3126568374637455,0.0,1.8144675028875001,-0.5010142796576691,0.544339575
2026-02-28,T4,967.1016786424549,3.3126568374637455,0.0,1.8144675028875001,-0.5010142796576691,0.544339575
2026-03-01,T4,967.1016786424549,3.3126568374637455,0.0,1.8144675028875001,-0.5010142796576691,0.544339575
2026-03-02,T4,967.1016786424549,3.3126568374637455,0.0,1.8144675028875001,-0.5010142796576691,0.544339575
2026-03-03,T4,967.1016786424549,3.3126568374637455,0.0,1.8144675028875001,-0.5010142796576691,0.544339575
2026-03-04,T4,967.1016786424549,3.3126568374637455,0.0,1.8144675028875001,-0.5010142796576691,0.544339575
2026-03-05,T4,967.1016786424549,3.3126568374637455,0.0,1.8144675028875001,-0.5010142796576691,0.544339575
2026-03-06,T4,967.1016786424549,3.3126568374637455,0.0,1.8144675028875001,-0.5010142796576691,0.544339575
2026-03-07,T4,967.1016786424549,3.3126568374637455,0.0,1.8144675028875001,-0.5010142796576691,0.544339575
2026-03-08,T4,967.1016786424549,3.3126568374637455,0.0,1.8144675028875001,-0.5010142796576691,0.544339575
2026-03-09,T4,967.1016786424549,3.3126568374637455,0.0,1.8144675028875001,-0.5010142796576691,0.544339575
2026-03-10,T4,967.1016786424549,3.3126568374637455,0.0,1.8144675028875001,-0.5010142796576691,0.544339575
2026-03-11,T4,967.1016786424549,3.3126568374637455,0.0,1.8144675028875001,-0.5010142796576691,0.544339575
2026-03-12,T4,967.1016786424549,3.3126568374637455,0.0,1.8144675028875001,-0.5010142796576691,0.544339575
2026-03-13,T4,967.1016786424549,3.3126568374637455,0.0,1.8144675028875001,-0.5010142796576691,0.544339575
2026-03-14,T4,967.1016786424549,3.3126568374637455,0.0,1.8144675028875001,-0.5010142796576691,0.544339575
2026-03-15,T4,967.1016786424549,3.3126568374637455,0.0,1.8144675028875001,-0.5010142796576691,0.544339575
2026-03-16,T4,967.1016786424549,3.3126568374637455,0.0,1.8144675028875001,-0.5010142796576691,0.544339575
2026-03-17,T4,967.1016786424549,3.3126568374637455,0.0,1.8144675028875001,-0.5010142796576691,0.544339575
2026-03-18,T4,967.1016786424549,3.3126568374637455,0.0,1.8144675028875001,-0.5010142796576691,0.544339575
2026-03-19,T4,967.1016786424549,3.3126568374637455,0.0,1.8144675028875001,-0.5010142796576691,0.544339575
2026-03-20,T4,967.1016786424549,3.3126568374637455,0.0,1.8144675028875001,-0.5010142796576691,0.544339575
2026-03-21,T4,967.1016786424549,3.3126568374637455,0.0,1.8144675028875001,-0.5010142796576691,0.544339575
2026-03-22,T4,967.1016786424549,3.3126568374637455,0.0,1.8144675028875001,-0.5010142796576691,0.544339575
2026-03-23,T4,967.1016786424549,3.3126568374637455,0.0,1.8144675028875001,-0.5010142796576691,0.544339575
2026-03-24,T4,967.1016786424549,3.3126568374637455,0.0,1.8144675028875001,-0.5010142796576691,0.544339575
2026-03-25,T4,967.1016786424549,3.3126568374637455,0.0,1.8144675028875001,-0.5010142796576691,0.544339575
2026-03-26,T4,967.1016786424549,3.3126568374637455,0.0,1.8144675028875001,-0.5010142796576691,0.544339575
2026-03-27,T4,967.1016786424549,3.3126568374637455,0.0,1.8144675028875001,-0.5010142796576691,0.544339575
2026-03-28,T4,967.1016786424549,3.3126568374637455,0.0,1.8144675028875001,-0.5010142796576691,0.544339575
2026-03-29,T4,967.1016786424549,3.3126568374637455,0.0,1.8144675028875001,-0.5010142796576691,0.544339575
2026-03-30,T4,967.1016786424549,3.3126568374637455,0.0,1.8144675028875001,-0.5010142796576691,0.544339575
2026-03-31,T4,967.1016786424549,3.3126568374637455,0.0,1.8144675028875001,-0.5010142796576691,0.544339575
2026-04-01,T4,967.1016786424549,3.3126568374637455,0.0,1.8144675028875001,-0.5010142796576691,0.544339575
2026-04-02,T4,967.1016786424549,3.3126568374637455,0.0,1.8144675028875001,-0.5010142796576691,0.544339575
2026-04-03,T4,967.1016786424549,3.3126568374637455,0.0,1.8144675028875001,-0.5010142796576691,0.544339575
2026-04-04,T4,967.1016786424549,3.3126568374637455,0.0,1.8144675028875001,-0.5010142796576691,0.544339575
2026-04-05,T4,967.1016786424549,3.3126568374637455,0.0,1.8144675028875001,-0.5010142796576691,0.544339575
2026-04-06,T4,967.1016786424549,3.3126568374637455,0.0,1.8144675028875001,-0.5010142796576691,0.544339575
2026-04-07,T4,967.1016786424549,3.3126568374637455,0.0,1.8144675028875001,-0.5010142796576691,0.544339575
2026-04-08,T4,967.1016786424549,3.3126568374637455,0.0,1.8144675028875001,-0.5010142796576691,0.544339575
2026-04-09,T4,967.1016786424549,3.3126568374637455,0.0,1.8144675028875001,-0.5010142796576691,0.544339575
2026-04-10,T4,972.7306735932978,2.749890193075011,0.006,2.0302967724225,-0.5020509892796692,0.609078645
2026-04-11,T4,973.3568108537788,2.6872912445797814,0.006,2.0302967724225,-0.41439094619868244,0.609078645
2026-04-12,T4,959.6225364680602,4.06039453862479,0.006,2.0302967724225,-0.3615881145173391,0.609078645
2026-04-13,T4,981.6684918592553,1.8563193091757246,0.006,2.0302967724225,-0.33650852544229365,0.609078645
2026-04-14,T4,980.0707686644631,2.016053920566807,0.006,2.0302967724225,-0.2989559181142937,0.609078645
2026-04-15,T4,984.1821354868308,1.605014271272287,0.006,2.0302967724225,-0.20338909574664474,0.609078645
2026-04-16,T4,986.2533184129402,1.3979448609386935,0.006,2.0302967724225,-0.16535908267731858,0.609078645
2026-04-17,T4,997.8572386990888,0.4656783125025932,0.006,2.0302967724225,-0.14242014434864514,0.609078645
2026-04-18,T4,989.5997840987701,1.2893433726263726,0.006,2.0302967724225,-0.051340483807485675,0.609078645
2026-04-19,T4,978.3020519909461,2.416270209801352,0.006,2.0302967724225,0.07517780834851433,0.609078645
2026-04-20,T4,990.6194301809343,1.1876356561179024,0.006,2.0302967724225,0.12950559835669287,0.609078645
2026-04-21,T4,993.6695915141256,0.8833879866492422,0.006,2.0302967724225,0.21146693154806648,0.609078645
2026-04-22,T4,1004.8011981118018,0.6467581123423161,0.006,2.0302967724225,0.2086108335640244,0.609078645
2026-04-23,T4,1005.3107333123418,0.5963760326586298,0.006,2.0302967724225,0.2936087297640215,0.609078645
2026-04-24,T4,1000.4666842350196,1.075348371265783,0.006,2.0302967724225,0.36295965244202155,0.609078645
2026-04-25,T4,1001.661693890144,0.9571876012082203,0.006,2.0302967724225,0.42336930756634533,0.609078645
2026-04-26,T4,1007.8131426799403,0.34894153151735496,0.006,2.0302967724225,0.4206180973624471,0.609078645
2026-04-27,T4,1000.2104925778033,1.1286804954895868,0.006,2.0302967724225,0.485889212645531,0.609078645
2026-04-28,T4,994.0120039713736,1.7414042691343723,0.006,2.0302967724225,0.49507938879589386,0.609078645
2026-04-29,T4,990.7136949527069,2.0674438050411914,0.006,2.0302967724225,0.4859703701292185,0.609078645
2026-04-30,T4,994.0457640049349,1.7380670725247627,0.006,2.0302967724225,0.5268582918972186,0.609078645
2026-05-01,T4,1005.4468957586249,0.6110593589514934,0.006,2.0302967724225,0.5671711760472712,0.609078645
2026-05-02,T4,1008.2647068972826,0.3325172845971558,0.006,2.0302967724225,0.6069214451248794,0.609078645
2026-05-03,T4,1007.5010916054298,0.4080010473246687,0.006,2.0302967724225,0.5993670228521539,0.609078645
2026-05-04,T4,1015.2799319458979,0.30272121153818166,0.006,2.0302967724225,0.5950073633201539,0.609078645
2026-05-05,T4,1021.5592883628907,0.4386293676464703,0.006,2.0302967724225,0.6595637803129348,0.609078645
2026-05-06,T4,1024.8604670216014,0.6315497951855154,0.006,2.0302967724225,0.7523857148836892,0.609078645
2026-05-07,T4,1016.3516848483745,1.4565445382660802,0.006,2.0302967724225,0.817760265796654,0.609078645
2026-05-08,T4,1017.5080917889442,1.344421601351109,0.006,2.0302967724225,0.8491672063663533,0.609078645
2026-05-09,T4,1020.3769105750719,1.066266588186815,0.006,2.0302967724225,0.8409535576938466,0.609078645
2026-05-10,T4,1029.5844988274198,0.1735169854834906,0.006,2.0302967724225,0.789974244841989,0.609078645
2026-05-11,T4,1026.652444917145,0.45780315160686147,0.006,2.0302967724225,0.7265865085071848,0.609078645
2026-05-12,T4,1019.1775126038601,1.182557850669086,0.006,2.0302967724225,0.6802975212824016,0.609078645
2026-05-13,T4,1012.0772244953116,1.8709877863114954,0.006,2.0302967724225,0.6196999127339127,0.609078645
2026-05-14,T4,1022.5896115492733,0.8517274644248563,0.006,2.0302967724225,0.5670524539355749,0.609078645
2026-05-15,T4,1010.7624179352962,1.998468838017542,0.006,2.0302967724225,0.5894933527184585,0.609078645
2026-05-16,T4,1004.931900639686,2.563784299195282,0.006,2.0302967724225,0.5485496702881671,0.609078645
2026-05-17,T4,1000.8532165251762,2.959245469155003,0.006,2.0302967724225,0.5238919425984758,0.609078645
2026-05-18,T4,997.9764619560463,3.238169920192535,0.006,2.0302967724225,0.46953737346847585,0.609078645
2026-05-19,T4,996.9262117077221,3.340000113532393,0.006,2.0302967724225,0.39788712514447583,0.609078645
2026-05-20,T4,1001.1045146875164,2.9348800948093334,0.006,2.0302967724225,0.31403323537871697,0.609078645
2026-05-21,T4,1001.5035017276207,2.8961950980680773,0.006,2.0302967724225,0.25797714504311403,0.609078645
2026-05-22,T4,989.0046026676171,4.108063707331933,0.006,2.0302967724225,0.23187808503950602,0.609078645
2026-05-23,T4,996.2116231765964,3.4092852085838787,0.006,2.0302967724225,0.18551068095882614,0.609078645
2026-05-24,T4,997.9561348166627,3.2401407995489295,0.006,2.0302967724225,0.08621023408518613,0.609078645
2026-05-25,T4,999.4587132115187,3.0944537609591816,0.006,2.0302967724225,0.03293167244118614,0.609078645
2026-05-26,T4,991.0859658334193,3.906258838518706,0.006,2.0302967724225,-0.04866336657818898,0.609078645
2026-05-27,T4,982.0565580224732,4.781732416935169,0.006,2.0302967724225,-0.17976656010428332,0.609078645
2026-05-28,T4,976.988764593048,5.273095675880645,0.006,2.0302967724225,-0.29025025036938007,0.609078645
2026-05-29,T4,975.9102802251264,5.377663393788568,0.006,2.0302967724225,-0.3878443574509912,0.609078645
2026-05-30,T4,978.3983960758234,5.136420586626422,0.006,2.0302967724225,-0.4515285067541209,0.609078645
2026-05-31,T4,976.8376068118893,5.287751636309867,0.0,2.2512232284825,-0.5227034346281209,0.6753665249999999
2026-01-01,T5,995.706878832189,0.4887616721882315,-0.004,0.17552046797999996,0.041063340168811996,0.05266404
2026-01-02,T5,991.1510012445488,0.9440774182717826,-0.004,0.17552046797999996,0.09317983948881199,0.05266404
2026-01-03,T5,988.6149216358009,1.1975339602818158,-0.004,0.17552046797999996,0.13310614378091645,0.05266404
2026-01-04,T5,985.0115644445768,1.557654537792219,-0.004,0.17552046797999996,0.2049598221168395,0.05266404
2026-01-05,T5,975.8620897222675,2.472055732583467,-0.004,0.17552046797999996,0.28587423024749886,0.05266404
2026-01-06,T5,976.3343007431322,2.424862824271534,-0.004,0.17552046797999996,0.3012852511121994,0.05266404
2026-01-07,T5,985.9266478146524,1.4662008366425394,-0.004,0.17552046797999996,0.3736323226321994,0.05266404
2026-01-08,T5,987.089174594719,1.350017568320283,-0.004,0.17552046797999996,0.46495910269874313,0.05266404
2026-01-09,T5,989.5226429412905,1.1068160260321758,-0.005,0.22113767437249995,0.48862591231274316,0.066351255
2026-01-10,T5,990.2830752114003,1.0308182012990552,-0.005,0.22113767437249995,0.5771380538225135,0.066351255
2026-01-11,T5,987.8166437440411,1.2773140875737887,-0.005,0.22113767437249995,0.645432673413523,0.066351255
2026-01-12,T5,986.4712756056113,1.4117705750281706,-0.005,0.22113767437249995,0.6882402233835231,0.066351255
2026-01-13,T5,965.9379999656071,3.4638721817375373,-0.005,0.22113767437249995,0.7597888949794119,0.066351255
2026-01-14,T5,961.5936985018038,3.898042947776059,-0.003,0.3163481538025,0.7793567706062179,0.094910115
2026-01-15,T5,965.6236301016138,3.4952903984075023,-0.003,0.3163481538025,0.7877883704160689,0.094910115
2026-01-16,T5,965.8635945178817,3.4713082840673537,-0.003,0.3163481538025,0.8369527866840688,0.094910115
2026-01-17,T5,964.8102713114325,3.576577715123319,0.003,0.6026414913625,0.8193384628050084,0.180785235
2026-01-18,T5,968.7479184965047,3.1830480973063513,-0.003,0.8878183084225,0.8554879199270727,0.26635111499999997
2026-01-19,T5,971.8393571394195,2.874088810079467,-0.003,0.8878183084225,0.8776097584918753,0.26635111499999997
2026-01-20,T5,958.35894913016,4.221324751382671,0.003,1.1658883126675,0.871397047827496,0.34975960500000003
2026-01-21,T5,958.5203216007258,4.205197139211458,-0.002,1.388093726855,0.8600290358407295,0.41643123000000004
2026-01-22,T5,958.3620058458115,4.221019262321423,-0.002,1.388093726855,0.8973308026664432,0.41643123000000004
2026-01-23,T5,958.3452036381589,4.222698479896092,0.003,1.6118387835799999,0.8785871017389935,0.48354468000000006
2026-01-24,T5,957.1735755863235,4.339791331995779,0.003,1.6118387835799999,0.8400873325235644,0.48354468000000006
2026-01-25,T5,949.4927816993456,5.107412132135569,0.003,1.6118387835799999,0.8020651629255375,0.48354468000000006
2026-01-26,T5,945.2123315199204,5.5352015820334,-0.003,1.872225219755,0.8137431566355375,0.5616723299999999
2026-01-27,T5,946.6276233729558,5.393756897975377,0.002,2.09305683953,0.8011956577060271,0.6279118799999999
2026-01-28,T5,946.4919821661232,5.40731292008102,0.003,2.13777814672,0.763286572843376,0.6413262599999998
2026-01-29,T5,959.1627709227645,4.140990565009705,-0.003,2.4050740463199998,0.7697398334347898,0.7215270599999999
2026-01-30,T5,960.4000374538437,4.017337783988806,-0.003,2.4050740463199998,0.7861343210240542,0.7215270599999999
2026-01-31,T5,976.9865791643564,2.359673927006256,-0.003,2.4050740463199998,0.8355681837067064,0.7215270599999999
2026-02-01,T5,982.3008985538403,1.8285592841735254,-0.003,2.4050740463199998,0.8398996601605876,0.7215270599999999
2026-02-02,T5,976.9794721012294,2.3603842089855,-0.003,2.4050740463199998,0.8195572480195876,0.7215270599999999
2026-02-03,T5,985.8771689772055,1.4711457662096916,-0.003,2.4050740463199998,0.8185700835256119,0.7215270599999999
2026-02-04,T5,993.6463527163166,0.6946912582504905,-0.003,2.4050740463199998,0.837253822636612,0.7215270599999999
2026-02-05,T5,1024.43108478535,0.0,-0.003,2.4050740463199998,0.8479858916702457,0.7215270599999999
2026-02-06,T5,1008.477895741767,1.5580670209250913,-0.002,2.43680900585,0.8087508676169807,0.7310461199999999
2026-02-07,T5,1010.9768196100719,1.31413614549174,-0.002,2.43680900585,0.7719840162820675,0.7310461199999999
2026-02-08,T5,1008.862333963532,1.5205403266649875,-0.002,2.43680900585,0.7554080314020675,0.7310461199999999
2026-02-09,T5,1009.2808700300968,1.4796851928161714,-0.002,2.43680900585,0.7477251559469478,0.7310461199999999
2026-02-10,T5,1011.8602700643748,1.2278986872588549,-0.002,2.43680900585,0.7165251902249478,0.7310461199999999
2026-02-11,T5,1015.3153633106027,0.8906319417825492,-0.002,2.43680900585,0.7056184364529476,0.7310461199999999
2026-02-12,T5,1016.9738943423645,0.7287354824136338,-0.002,2.43680900585,0.7061494682147217,0.7310461199999999
2026-02-13,T5,1011.7604539751446,1.237642171779163,-0.002,2.43680900585,0.7130772314347658,0.7310461199999999
2026-02-14,T5,1009.8786752228539,1.4213308164154448,-0.002,2.43680900585,0.7149303487043099,0.7310461199999999
2026-02-15,T5,1011.9002588718479,1.2239952050687175,-0.002,2.43680900585,0.7167670411783099,0.7310461199999999
2026-02-16,T5,1011.7394072070451,1.239696638756993,-0.002,2.43680900585,0.710381028555709,0.7310461199999999
2026-02-17,T5,1014.5313211659777,0.9671657206386186,-0.002,2.43680900585,0.7289762918281787,0.7310461199999999
2026-02-18,T5,1016.6061525492905,0.7646323653301978,-0.002,2.43680900585,0.7380008925409561,0.7310461199999999
2026-02-19,T5,1015.5383707213479,0.8688632142029862,-0.002,2.43680900585,0.7322258471981092,0.7310461199999999
2026-02-20,T5,1013.5167583220543,1.0662016319920475,-0.002,2.43680900585,0.7402709841445635,0.7310461199999999
2026-02-21,T5,1013.5759177772991,1.060426819125171,-0.002,2.43680900585,0.7541379176490389,0.7310461199999999
2026-02-22,T5,1014.2890600173761,0.9908138896810748,-0.002,2.43680900585,0.7619151432260769,0.7310461199999999
2026-02-23,T5,1020.2551104755108,0.4084416415342851,-0.002,2.43680900585,0.7619805289011077,0.7310461199999999
2026-02-24,T5,1021.4673611536459,0.29010855707630734,-0.002,2.43680900585,0.7676162794960653,0.7310461199999999
2026-02-25,T5,1013.6156063978101,1.056552639495778,-0.002,2.43680900585,0.7693962628003018,0.7310461199999999
2026-02-26,T5,1014.6282938321202,0.9576997950675126,-0.002,2.43680900585,0.7705489579701532,0.7310461199999999
2026-02-27,T5,1019.1272905388744,0.5185330724755244,-0.003,2.4703991165774997,0.751426112061994,0.741124665
2026-02-28,T5,1015.7731996313587,1.0983109705547167,-0.003,2.4703991165774997,0.7439063042463133,0.741124665
2026-03-01,T5,1019.4356958577989,0.7417086670184814,-0.003,2.4703991165774997,0.757619639376482,0.741124665
2026-03-02,T5,1010.2462895936529,1.6364436344616484,-0.003,2.4703991165774997,0.7509133752304821,0.741124665
2026-03-03,T5,1011.7574777056782,1.489305418199638,-0.003,2.4703991165774997,0.7564758785558516,0.741124665
2026-03-04,T5,998.6726530432452,2.7633213700266945,-0.003,2.4703991165774997,0.7609878465728693,0.741124665
2026-03-05,T5,1004.0973176435571,2.235143926889005,-0.003,2.4703991165774997,0.7798625121048371,0.741124665
2026-03-06,T5,1012.3798609965937,1.428706498364396,-0.003,2.4703991165774997,0.7724609303313124,0.741124665
2026-03-07,T5,1014.9767894486567,1.175854178288549,-0.003,2.4703991165774997,0.7723132302345204,0.741124665
2026-03-08,T5,1018.8499653772926,0.7987388523582051,-0.003,2.4703991165774997,0.7552143087903557,0.741124665
2026-03-09,T5,1011.4309936919119,1.521093833580467,-0.003,2.4703991165774997,0.7274417560996613,0.741124665
2026-03-10,T5,1006.9104308482144,1.9612425801389444,-0.003,2.4703991165774997,0.7288439341321324,0.741124665
2026-03-11,T5,1006.1335092587525,2.0368882631212393,-0.003,2.4703991165774997,0.6824330403302168,0.741124665
2026-03-12,T5,1005.0780925746319,2.1396498763703975,-0.003,2.4703991165774997,0.6391606822993616,0.741124665
2026-03-13,T5,1003.8550199778398,2.2587354612945476,-0.003,2.4703991165774997,0.6410437594172791,0.741124665
2026-03-14,T5,1002.999103335134,2.342072570073095,-0.003,2.4703991165774997,0.6215271167115834,0.741124665
2026-03-15,T5,998.1737381524191,2.8118986758687403,-0.003,2.4703991165774997,0.6093619339966744,0.741124665
2026-03-16,T5,991.9848410681915,3.414486315591525,-0.003,2.4703991165774997,0.6350021976088318,0.741124665
2026-03-17,T5,994.9107497658343,3.1296025322353094,-0.003,2.4703991165774997,0.6271735474118867,0.741124665
2026-03-18,T5,1002.88174183828,2.3534995798328406,-0.003,2.4703991165774997,0.6071359024776242,0.741124665
2026-03-19,T5,1006.8171313241543,1.9703267738531927,-0.003,2.4703991165774997,0.6012244752918247,0.741124665
2026-03-20,T5,1005.0790318006414,2.1395584277687396,-0.003,2.4703991165774997,0.6036674300488948,0.741124665
2026-03-21,T5,1009.8578371263086,1.674265665149166,-0.003,2.4703991165774997,0.6012609078861101,0.741124665
2026-03-22,T5,1012.9757426994986,1.370687929947323,-0.003,2.4703991165774997,0.579666481076093,0.741124665
2026-03-23,T5,1003.864626043832,2.257800157870604,-0.003,2.4703991165774997,0.5699066949795386,0.741124665
2026-03-24,T5,1004.915348900339,2.155495563451204,-0.003,2.4703991165774997,0.5931578123565526,0.741124665
2026-03-25,T5,1002.6186337434461,2.379117340752146,-0.003,2.4703991165774997,0.6103575250239405,0.741124665
2026-03-26,T5,1010.1508482391812,1.6457363694579508,-0.003,2.4703991165774997,0.6141346969088897,0.741124665
2026-03-27,T5,1017.4038239831834,0.9395437352835545,-0.003,2.4703991165774997,0.5956477647608898,0.741124665
2026-03-28,T5,1017.4390038299937,0.9361184172395287,-0.003,2.4703991165774997,0.5640220643512043,0.741124665
2026-03-29,T5,1018.5425912176793,0.8286666192660164,-0.003,2.4703991165774997,0.5620149992567739,0.741124665
2026-03-30,T5,1016.1826198293606,1.0584473975446596,-0.003,2.4703991165774997,0.5651436109384064,0.741124665
2026-03-31,T5,1011.7367423775156,1.491324332440136,-0.003,2.4703991165774997,0.5559661590934063,0.741124665
2026-04-01,T5,1012.1904240108403,1.4471512041928758,-0.003,2.4703991165774997,0.5491477924181153,0.741124665
2026-04-02,T5,1015.8317137754884,1.0926136872550174,-0.003,2.4703991165774997,0.543205457076334,0.741124665
2026-04-03,T5,1015.6518139687846,1.1101297968998947,-0.003,2.4703991165774997,0.541037750362384,0.741124665
2026-04-04,T5,1014.6521710598772,1.2074609453817886,-0.003,2.4703991165774997,0.5601948414549065,0.741124665
2026-04-05,T5,1009.4979791784567,1.7093035642255838,-0.003,2.4703991165774997,0.5765029600345271,0.741124665
2026-04-06,T5,1010.0379977431694,1.65672416148418,-0.003,2.4703991165774997,0.603521524747346,0.741124665
2026-04-07,T5,1000.7763398451239,2.558493975515541,-0.003,2.4703991165774997,0.625604344091736,0.741124665
2026-04-08,T5,1003.4190536966528,2.301183718036237,-0.003,2.4703991165774997,0.650604432570675,0.741124665
2026-04-09,T5,1001.2912720822419,2.5083571260641424,-0.003,2.4703991165774997,0.657145385559675,0.741124665
2026-04-10,T5,1003.4361196555654,2.2995220752975,0.003,2.6862283861124996,0.6575117766782094,0.805863735
2026-04-11,T5,1003.7491882858059,2.269039861035349,0.003,2.6862283861124996,0.7013417982187028,0.805863735
2026-04-12,T5,996.8820510929465,2.937664970870102,0.003,2.6862283861124996,0.7277432140593745,0.805863735
2026-04-13,T5,1007.905028788544,1.8644026396487767,0.003,2.6862283861124996,0.7402830085968971,0.805863735
2026-04-14,T5,1007.106167191148,1.9421845316222042,0.003,2.6862283861124996,0.7590593122608971,0.805863735
2026-04-15,T5,1009.1618506023317,1.7420310312643794,0.003,2.6862283861124996,0.8068427234447215,0.805863735
2026-04-16,T5,1010.1974420653864,1.6411997188437,0.003,2.6862283861124996,0.8258577299793846,0.805863735
2026-04-17,T5,1015.9994022084608,1.076286549211125,0.003,2.6862283861124996,0.8373271991437212,0.805863735
2026-04-18,T5,1011.8706749083015,1.4782838687662503,0.003,2.6862283861124996,0.882867029414301,0.805863735
2026-04-19,T5,1006.2218088543896,2.028290892022755,0.003,2.6862283861124996,0.946126175492301,0.805863735
2026-04-20,T5,1012.3804979493837,1.4286444808719212,0.003,2.6862283861124996,0.9732900704963904,0.805863735
2026-04-21,T5,1013.9055786159794,1.280153603294909,0.003,2.6862283861124996,1.0142707370920772,0.805863735
2026-04-22,T5,1019.4713819148172,0.7382340613533711,0.003,2.6862283861124996,1.0128426881000563,0.805863735
2026-04-23,T5,1019.7261495150872,0.7134283803353791,0.003,2.6862283861124996,1.0553416362000547,0.805863735
2026-04-24,T5,1017.3041249764261,0.9492510204988314,0.003,2.6862283861124996,1.0900170975390548,0.805863735
2026-04-25,T5,1017.9016298039883,0.8910744150611327,0.003,2.6862283861124996,1.1202219251012167,0.805863735
2026-04-26,T5,1020.9773541988862,0.5916036889631382,0.003,2.6862283861124996,1.1188463199992675,0.805863735
2026-04-27,T5,1017.1760291478179,0.9617231883130462,0.003,2.6862283861124996,1.1514818776408096,0.805863735
2026-04-28,T5,1014.076784844603,1.2634839518516738,0.003,2.6862283861124996,1.156076965715991,0.805863735
2026-04-29,T5,1012.4276303352697,1.424055392900514,0.003,2.6862283861124996,1.1515224563826534,0.805863735
2026-04-30,T5,1014.0936648613837,1.2618404135391281,0.003,2.6862283861124996,1.1719664172666533,0.805863735
2026-05-01,T5,1019.7942307382286,0.7067995896148482,0.003,2.6862283861124996,1.1921228593416795,0.805863735
2026-05-02,T5,1021.2031363075575,0.5696202069138789,0.003,2.6862283861124996,1.2119979938804837,0.805863735
2026-05-03,T5,1020.8213286616311,0.606795258470838,0.003,2.6862283861124996,1.2082207827441207,0.805863735
2026-05-04,T5,1025.9834679679243,0.19991465924742435,0.004,2.7254867739874995,1.2086942269121208,0.8176394849999999
2026-05-05,T5,1030.1697055792526,0.29040716371849795,0.004,2.7254867739874995,1.2517318382406413,0.8176394849999999
2026-05-06,T5,1032.3704913517263,0.4188649817805312,0.004,2.7254867739874995,1.3136131279544776,0.8176394849999999
2026-05-07,T5,1026.6979699029084,0.9660291336237914,0.004,2.7254867739874995,1.3571961618964539,0.8176394849999999
2026-05-08,T5,1027.4689078632882,0.8916654456199491,0.004,2.7254867739874995,1.3781341222762533,0.8176394849999999
2026-05-09,T5,1029.3814537207065,0.7071837223902033,0.004,2.7254867739874995,1.3726583564945822,0.8176394849999999
2026-05-10,T5,1037.0017031098125,0.0,0.005,2.7658103216124994,1.3302481664254748,0.829734735
2026-05-11,T5,1034.5583248512503,0.23561950296078216,0.005,2.7658103216124994,1.2774250528131381,0.829734735
2026-05-12,T5,1028.3292145901796,0.8363041732357246,0.005,2.7658103216124994,1.2388508967924854,0.829734735
2026-05-13,T5,1022.4123078330558,1.4068824798460167,0.005,2.7658103216124994,1.1883528896687447,0.829734735
2026-05-14,T5,1031.172630378024,0.5621083084345946,0.005,2.7658103216124994,1.1444800073367964,0.829734735
2026-05-15,T5,1021.3166356997099,1.512540178387889,0.005,2.7658103216124994,1.1631807563225327,0.829734735
2026-05-16,T5,1016.4578712867012,1.9810798537267083,0.005,2.7658103216124994,1.1290610209639567,0.829734735
2026-05-17,T5,1013.0589678579431,2.3088424233122073,0.005,2.7658103216124994,1.1085129145558807,0.829734735
2026-05-18,T5,1010.6616723836681,2.5400180778059056,0.005,2.7658103216124994,1.0632174402808807,0.829734735
2026-05-19,T5,1009.7864638433981,2.6244160626544777,0.005,2.7658103216124994,1.0035089000108808,0.829734735
2026-05-20,T5,1013.2683829932266,2.2886481329214003,0.005,2.7658103216124994,0.9336306585394151,0.829734735
2026-05-21,T5,1013.6008721933135,2.256585581906323,0.005,2.7658103216124994,0.8869172499264126,0.829734735
2026-05-22,T5,1003.1851229766439,3.260995621488161,0.005,2.7658103216124994,0.8651680332567392,0.829734735
2026-05-23,T5,1009.1909734007934,2.681840311893313,0.005,2.7658103216124994,0.8265285298561726,0.829734735
2026-05-24,T5,1010.6447331008488,2.541651564305347,0.005,2.7658103216124994,0.7437781574614727,0.829734735
2026-05-25,T5,1011.8968817632287,2.4209045434832155,0.005,2.7658103216124994,0.6993793560914726,0.829734735
2026-05-26,T5,1004.9195922814793,3.0937375254181165,0.005,2.7658103216124994,0.6313834902419933,0.829734735
2026-05-27,T5,997.3950857723576,3.819339661514598,0.005,2.7658103216124994,0.522130828970248,0.829734735
2026-05-28,T5,993.1719245811701,4.226586937823107,0.005,2.7658103216124994,0.4300610870826673,0.829734735
2026-05-29,T5,992.2731876079022,4.313253813159246,0.005,2.7658103216124994,0.348732664514658,0.829734735
2026-05-30,T5,994.3466174834829,4.113309119783837,0.005,2.7658103216124994,0.2956625400953833,0.829734735
2026-05-31,T5,993.0459597635379,4.238733959110963,0.0,2.9499157016624995,0.2363501002003833,0.884974635
2026-01-01,cash,1000.0,0.0,0.0,0.0,0.0,0.0
2026-01-02,cash,1000.0,0.0,0.0,0.0,0.0,0.0
2026-01-03,cash,1000.0,0.0,0.0,0.0,0.0,0.0
2026-01-04,cash,1000.0,0.0,0.0,0.0,0.0,0.0
2026-01-05,cash,1000.0,0.0,0.0,0.0,0.0,0.0
2026-01-06,cash,1000.0,0.0,0.0,0.0,0.0,0.0
2026-01-07,cash,1000.0,0.0,0.0,0.0,0.0,0.0
2026-01-08,cash,1000.0,0.0,0.0,0.0,0.0,0.0
2026-01-09,cash,1000.0,0.0,0.0,0.0,0.0,0.0
2026-01-10,cash,1000.0,0.0,0.0,0.0,0.0,0.0
2026-01-11,cash,1000.0,0.0,0.0,0.0,0.0,0.0
2026-01-12,cash,1000.0,0.0,0.0,0.0,0.0,0.0
2026-01-13,cash,1000.0,0.0,0.0,0.0,0.0,0.0
2026-01-14,cash,1000.0,0.0,0.0,0.0,0.0,0.0
2026-01-15,cash,1000.0,0.0,0.0,0.0,0.0,0.0
2026-01-16,cash,1000.0,0.0,0.0,0.0,0.0,0.0
2026-01-17,cash,1000.0,0.0,0.0,0.0,0.0,0.0
2026-01-18,cash,1000.0,0.0,0.0,0.0,0.0,0.0
2026-01-19,cash,1000.0,0.0,0.0,0.0,0.0,0.0
2026-01-20,cash,1000.0,0.0,0.0,0.0,0.0,0.0
2026-01-21,cash,1000.0,0.0,0.0,0.0,0.0,0.0
2026-01-22,cash,1000.0,0.0,0.0,0.0,0.0,0.0
2026-01-23,cash,1000.0,0.0,0.0,0.0,0.0,0.0
2026-01-24,cash,1000.0,0.0,0.0,0.0,0.0,0.0
2026-01-25,cash,1000.0,0.0,0.0,0.0,0.0,0.0
2026-01-26,cash,1000.0,0.0,0.0,0.0,0.0,0.0
2026-01-27,cash,1000.0,0.0,0.0,0.0,0.0,0.0
2026-01-28,cash,1000.0,0.0,0.0,0.0,0.0,0.0
2026-01-29,cash,1000.0,0.0,0.0,0.0,0.0,0.0
2026-01-30,cash,1000.0,0.0,0.0,0.0,0.0,0.0
2026-01-31,cash,1000.0,0.0,0.0,0.0,0.0,0.0
2026-02-01,cash,1000.0,0.0,0.0,0.0,0.0,0.0
2026-02-02,cash,1000.0,0.0,0.0,0.0,0.0,0.0
2026-02-03,cash,1000.0,0.0,0.0,0.0,0.0,0.0
2026-02-04,cash,1000.0,0.0,0.0,0.0,0.0,0.0
2026-02-05,cash,1000.0,0.0,0.0,0.0,0.0,0.0
2026-02-06,cash,1000.0,0.0,0.0,0.0,0.0,0.0
2026-02-07,cash,1000.0,0.0,0.0,0.0,0.0,0.0
2026-02-08,cash,1000.0,0.0,0.0,0.0,0.0,0.0
2026-02-09,cash,1000.0,0.0,0.0,0.0,0.0,0.0
2026-02-10,cash,1000.0,0.0,0.0,0.0,0.0,0.0
2026-02-11,cash,1000.0,0.0,0.0,0.0,0.0,0.0
2026-02-12,cash,1000.0,0.0,0.0,0.0,0.0,0.0
2026-02-13,cash,1000.0,0.0,0.0,0.0,0.0,0.0
2026-02-14,cash,1000.0,0.0,0.0,0.0,0.0,0.0
2026-02-15,cash,1000.0,0.0,0.0,0.0,0.0,0.0
2026-02-16,cash,1000.0,0.0,0.0,0.0,0.0,0.0
2026-02-17,cash,1000.0,0.0,0.0,0.0,0.0,0.0
2026-02-18,cash,1000.0,0.0,0.0,0.0,0.0,0.0
2026-02-19,cash,1000.0,0.0,0.0,0.0,0.0,0.0
2026-02-20,cash,1000.0,0.0,0.0,0.0,0.0,0.0
2026-02-21,cash,1000.0,0.0,0.0,0.0,0.0,0.0
2026-02-22,cash,1000.0,0.0,0.0,0.0,0.0,0.0
2026-02-23,cash,1000.0,0.0,0.0,0.0,0.0,0.0
2026-02-24,cash,1000.0,0.0,0.0,0.0,0.0,0.0
2026-02-25,cash,1000.0,0.0,0.0,0.0,0.0,0.0
2026-02-26,cash,1000.0,0.0,0.0,0.0,0.0,0.0
2026-02-27,cash,1000.0,0.0,0.0,0.0,0.0,0.0
2026-02-28,cash,1000.0,0.0,0.0,0.0,0.0,0.0
2026-03-01,cash,1000.0,0.0,0.0,0.0,0.0,0.0
2026-03-02,cash,1000.0,0.0,0.0,0.0,0.0,0.0
2026-03-03,cash,1000.0,0.0,0.0,0.0,0.0,0.0
2026-03-04,cash,1000.0,0.0,0.0,0.0,0.0,0.0
2026-03-05,cash,1000.0,0.0,0.0,0.0,0.0,0.0
2026-03-06,cash,1000.0,0.0,0.0,0.0,0.0,0.0
2026-03-07,cash,1000.0,0.0,0.0,0.0,0.0,0.0
2026-03-08,cash,1000.0,0.0,0.0,0.0,0.0,0.0
2026-03-09,cash,1000.0,0.0,0.0,0.0,0.0,0.0
2026-03-10,cash,1000.0,0.0,0.0,0.0,0.0,0.0
2026-03-11,cash,1000.0,0.0,0.0,0.0,0.0,0.0
2026-03-12,cash,1000.0,0.0,0.0,0.0,0.0,0.0
2026-03-13,cash,1000.0,0.0,0.0,0.0,0.0,0.0
2026-03-14,cash,1000.0,0.0,0.0,0.0,0.0,0.0
2026-03-15,cash,1000.0,0.0,0.0,0.0,0.0,0.0
2026-03-16,cash,1000.0,0.0,0.0,0.0,0.0,0.0
2026-03-17,cash,1000.0,0.0,0.0,0.0,0.0,0.0
2026-03-18,cash,1000.0,0.0,0.0,0.0,0.0,0.0
2026-03-19,cash,1000.0,0.0,0.0,0.0,0.0,0.0
2026-03-20,cash,1000.0,0.0,0.0,0.0,0.0,0.0
2026-03-21,cash,1000.0,0.0,0.0,0.0,0.0,0.0
2026-03-22,cash,1000.0,0.0,0.0,0.0,0.0,0.0
2026-03-23,cash,1000.0,0.0,0.0,0.0,0.0,0.0
2026-03-24,cash,1000.0,0.0,0.0,0.0,0.0,0.0
2026-03-25,cash,1000.0,0.0,0.0,0.0,0.0,0.0
2026-03-26,cash,1000.0,0.0,0.0,0.0,0.0,0.0
2026-03-27,cash,1000.0,0.0,0.0,0.0,0.0,0.0
2026-03-28,cash,1000.0,0.0,0.0,0.0,0.0,0.0
2026-03-29,cash,1000.0,0.0,0.0,0.0,0.0,0.0
2026-03-30,cash,1000.0,0.0,0.0,0.0,0.0,0.0
2026-03-31,cash,1000.0,0.0,0.0,0.0,0.0,0.0
2026-04-01,cash,1000.0,0.0,0.0,0.0,0.0,0.0
2026-04-02,cash,1000.0,0.0,0.0,0.0,0.0,0.0
2026-04-03,cash,1000.0,0.0,0.0,0.0,0.0,0.0
2026-04-04,cash,1000.0,0.0,0.0,0.0,0.0,0.0
2026-04-05,cash,1000.0,0.0,0.0,0.0,0.0,0.0
2026-04-06,cash,1000.0,0.0,0.0,0.0,0.0,0.0
2026-04-07,cash,1000.0,0.0,0.0,0.0,0.0,0.0
2026-04-08,cash,1000.0,0.0,0.0,0.0,0.0,0.0
2026-04-09,cash,1000.0,0.0,0.0,0.0,0.0,0.0
2026-04-10,cash,1000.0,0.0,0.0,0.0,0.0,0.0
2026-04-11,cash,1000.0,0.0,0.0,0.0,0.0,0.0
2026-04-12,cash,1000.0,0.0,0.0,0.0,0.0,0.0
2026-04-13,cash,1000.0,0.0,0.0,0.0,0.0,0.0
2026-04-14,cash,1000.0,0.0,0.0,0.0,0.0,0.0
2026-04-15,cash,1000.0,0.0,0.0,0.0,0.0,0.0
2026-04-16,cash,1000.0,0.0,0.0,0.0,0.0,0.0
2026-04-17,cash,1000.0,0.0,0.0,0.0,0.0,0.0
2026-04-18,cash,1000.0,0.0,0.0,0.0,0.0,0.0
2026-04-19,cash,1000.0,0.0,0.0,0.0,0.0,0.0
2026-04-20,cash,1000.0,0.0,0.0,0.0,0.0,0.0
2026-04-21,cash,1000.0,0.0,0.0,0.0,0.0,0.0
2026-04-22,cash,1000.0,0.0,0.0,0.0,0.0,0.0
2026-04-23,cash,1000.0,0.0,0.0,0.0,0.0,0.0
2026-04-24,cash,1000.0,0.0,0.0,0.0,0.0,0.0
2026-04-25,cash,1000.0,0.0,0.0,0.0,0.0,0.0
2026-04-26,cash,1000.0,0.0,0.0,0.0,0.0,0.0
2026-04-27,cash,1000.0,0.0,0.0,0.0,0.0,0.0
2026-04-28,cash,1000.0,0.0,0.0,0.0,0.0,0.0
2026-04-29,cash,1000.0,0.0,0.0,0.0,0.0,0.0
2026-04-30,cash,1000.0,0.0,0.0,0.0,0.0,0.0
2026-05-01,cash,1000.0,0.0,0.0,0.0,0.0,0.0
2026-05-02,cash,1000.0,0.0,0.0,0.0,0.0,0.0
2026-05-03,cash,1000.0,0.0,0.0,0.0,0.0,0.0
2026-05-04,cash,1000.0,0.0,0.0,0.0,0.0,0.0
2026-05-05,cash,1000.0,0.0,0.0,0.0,0.0,0.0
2026-05-06,cash,1000.0,0.0,0.0,0.0,0.0,0.0
2026-05-07,cash,1000.0,0.0,0.0,0.0,0.0,0.0
2026-05-08,cash,1000.0,0.0,0.0,0.0,0.0,0.0
2026-05-09,cash,1000.0,0.0,0.0,0.0,0.0,0.0
2026-05-10,cash,1000.0,0.0,0.0,0.0,0.0,0.0
2026-05-11,cash,1000.0,0.0,0.0,0.0,0.0,0.0
2026-05-12,cash,1000.0,0.0,0.0,0.0,0.0,0.0
2026-05-13,cash,1000.0,0.0,0.0,0.0,0.0,0.0
2026-05-14,cash,1000.0,0.0,0.0,0.0,0.0,0.0
2026-05-15,cash,1000.0,0.0,0.0,0.0,0.0,0.0
2026-05-16,cash,1000.0,0.0,0.0,0.0,0.0,0.0
2026-05-17,cash,1000.0,0.0,0.0,0.0,0.0,0.0
2026-05-18,cash,1000.0,0.0,0.0,0.0,0.0,0.0
2026-05-19,cash,1000.0,0.0,0.0,0.0,0.0,0.0
2026-05-20,cash,1000.0,0.0,0.0,0.0,0.0,0.0
2026-05-21,cash,1000.0,0.0,0.0,0.0,0.0,0.0
2026-05-22,cash,1000.0,0.0,0.0,0.0,0.0,0.0
2026-05-23,cash,1000.0,0.0,0.0,0.0,0.0,0.0
2026-05-24,cash,1000.0,0.0,0.0,0.0,0.0,0.0
2026-05-25,cash,1000.0,0.0,0.0,0.0,0.0,0.0
2026-05-26,cash,1000.0,0.0,0.0,0.0,0.0,0.0
2026-05-27,cash,1000.0,0.0,0.0,0.0,0.0,0.0
2026-05-28,cash,1000.0,0.0,0.0,0.0,0.0,0.0
2026-05-29,cash,1000.0,0.0,0.0,0.0,0.0,0.0
2026-05-30,cash,1000.0,0.0,0.0,0.0,0.0,0.0
2026-05-31,cash,1000.0,0.0,0.0,0.0,0.0,0.0
2026-01-01,perp_hold,1004.795874359764,0.0,0.005,0.21946641502500003,-0.051329175211015,0.06583005
2026-01-02,perp_hold,1010.4907213443139,0.19254532751545872,0.005,0.21946641502500003,-0.116474799361015,0.06583005
2026-01-03,perp_hold,1013.6608208552486,0.0,0.005,0.21946641502500003,-0.16638267972614557,0.06583005
2026-01-04,perp_hold,1018.1650173442788,0.02098783629362888,0.005,0.21946641502500003,-0.2561997776460494,0.06583005
2026-01-05,perp_hold,1029.6018607471653,0.2800019360819639,0.005,0.21946641502500003,-0.3573427878093736,0.06583005
2026-01-06,perp_hold,1029.0115969710846,0.3371707358403975,0.005,0.21946641502500003,-0.37660656389024927,0.06583005
2026-01-07,perp_hold,1017.0211631316845,1.4984798639948727,0.005,0.21946641502500003,-0.46704040329024926,0.06583005
2026-01-08,perp_hold,1015.5680046566014,1.639222578092825,0.005,0.21946641502500003,-0.581198878373429,0.06583005
2026-01-09,perp_hold,1013.2655934008113,1.8622179462277622,0.005,0.21946641502500003,-0.602304175813429,0.06583005
2026-01-10,perp_hold,1012.5051611307015,1.935868070022273,0.005,0.21946641502500003,-0.6908163173231993,0.06583005
2026-01-11,perp_hold,1014.9715925980605,1.696986857267524,0.005,0.21946641502500003,-0.7591109369142086,0.06583005
2026-01-12,perp_hold,1016.3169607364905,1.5666839574047242,0.005,0.21946641502500003,-0.8019184868842087,0.06583005
2026-01-13,perp_hold,1036.8502363764946,0.1631129364224604,0.005,0.21946641502500003,-0.8734671584800976,0.06583005
2026-01-14,perp_hold,1044.4815333638098,0.33002744411602114,0.005,0.21946641502500003,-0.9056701711647742,0.06583005
2026-01-15,perp_hold,1037.76498069746,0.970956554436686,0.005,0.21946641502500003,-0.919722837514526,0.06583005
2026-01-16,perp_hold,1037.36504000368,1.0091210185269817,0.005,0.21946641502500003,-1.001663531294526,0.06583005
2026-01-17,perp_hold,1035.361482054725,1.2003111539268252,0.005,0.21946641502500003,-1.0293207718996267,0.06583005
2026-01-18,perp_hold,1027.7933171165837,1.9225056280154473,0.005,0.21946641502500003,-1.12288641839094,0.06583005
2026-01-19,perp_hold,1022.6409193783924,2.414174771756694,0.005,0.21946641502500003,-1.1597561493322774,0.06583005
2026-01-20,perp_hold,1001.5401781632283,4.42771951203661,0.005,0.21946641502500003,-1.261025371746179,0.06583005
2026-01-21,perp_hold,1006.6140661388454,3.943542186610194,0.005,0.21946641502500003,-1.3430935917792628,0.06583005
2026-01-22,perp_hold,1007.0098555261311,3.905773862222839,0.005,0.21946641502500003,-1.4363480088435472,0.06583005
2026-01-23,perp_hold,1007.1361452608355,3.893722625326834,0.005,0.21946641502500003,-1.5055582741392968,0.06583005
2026-01-24,perp_hold,1005.1834318411097,4.080060905838856,0.005,0.21946641502500003,-1.569724556165012,0.06583005
2026-01-25,perp_hold,992.3821086961465,5.301631116303329,0.005,0.21946641502500003,-1.6330948388283901,0.06583005
2026-01-26,perp_hold,1000.6667701705965,4.511064739189985,0.005,0.21946641502500003,-1.6877901759783902,0.06583005
2026-01-27,perp_hold,1005.1009379569913,4.0879329101811805,0.005,0.21946641502500003,-1.7662566649335198,0.06583005
2026-01-28,perp_hold,1005.3379923167172,4.06531192477032,0.005,0.21946641502500003,-1.838711218257636,0.06583005
2026-01-29,perp_hold,982.038491317902,6.288673995747995,0.005,0.21946641502500003,-1.9138252243229608,0.06583005
2026-01-30,perp_hold,979.9763804327699,6.485451563146805,0.005,0.21946641502500003,-1.9411493703050684,0.06583005
2026-01-31,perp_hold,952.3321442485822,9.123411329589748,0.005,0.21946641502500003,-2.023539141442822,0.06583005
2026-02-01,perp_hold,943.474945266109,9.968612275040655,0.005,0.21946641502500003,-2.030758268865957,0.06583005
2026-02-02,perp_hold,952.343989353794,9.12228100677056,0.005,0.21946641502500003,-1.9968542486309568,0.06583005
2026-02-03,perp_hold,937.5144945605007,10.537390122491363,0.005,0.21946641502500003,-1.9952089744743307,0.06583005
2026-02-04,perp_hold,924.5658549953157,11.773018047804317,0.005,0.21946641502500003,-2.0263485396593306,0.06583005
2026-02-05,perp_hold,873.2579682135929,16.669088973027158,0.005,0.21946641502500003,-2.0442353213820534,0.06583005
2026-02-06,perp_hold,911.6115450046018,13.009187075222762,0.005,0.21946641502500003,-1.9486585303732784,0.06583005
2026-02-07,perp_hold,905.3642353338391,13.605338527922639,0.005,0.21946641502500003,-1.8567414020359954,0.06583005
2026-02-08,perp_hold,910.6504494501892,13.100899915011688,0.005,0.21946641502500003,-1.8153014398359952,0.06583005
2026-02-09,perp_hold,909.6041092837769,13.20074724819964,0.005,0.21946641502500003,-1.7960942511981959,0.06583005
2026-02-10,perp_hold,903.155609198082,13.816097358313995,0.005,0.21946641502500003,-1.718094336893196,0.06583005
2026-02-11,perp_hold,894.517876082512,14.640355705707897,0.005,0.21946641502500003,-1.6908274524631959,0.06583005
2026-02-12,perp_hold,890.3715485031075,15.036020294162622,0.005,0.21946641502500003,-1.6921550318676306,0.06583005
2026-02-13,perp_hold,903.4051494211574,13.792284905540974,0.005,0.21946641502500003,-1.7094744399177408,0.06583005
2026-02-14,perp_hold,908.1095963018835,13.34336161057137,0.005,0.21946641502500003,-1.7141072330916012,0.06583005
2026-02-15,perp_hold,903.0556371793984,13.825637219039388,0.005,0.21946641502500003,-1.7186989642766013,0.06583005
2026-02-16,perp_hold,903.4577663414051,13.787263919693405,0.005,0.21946641502500003,-1.702733932720099,0.06583005
2026-02-17,perp_hold,896.4779814440737,14.453312046865674,0.005,0.21946641502500003,-1.7492220909012735,0.06583005
2026-02-18,perp_hold,891.290902985792,14.948290609020965,0.005,0.21946641502500003,-1.7717835926832175,0.06583005
2026-02-19,perp_hold,893.960357555649,14.693557083134712,0.005,0.21946641502500003,-1.7573459793261004,0.06583005
2026-02-20,perp_hold,899.0143885538828,14.211274615901193,0.005,0.21946641502500003,-1.7774588216922358,0.06583005
2026-02-21,perp_hold,898.8664899157716,14.225387889071406,0.005,0.21946641502500003,-1.8121261554534243,0.06583005
2026-02-22,perp_hold,897.083634315579,14.395517434751358,0.005,0.21946641502500003,-1.8315692193960191,0.06583005
2026-02-23,perp_hold,882.1685081702416,15.818797948659247,0.005,0.21946641502500003,-1.831732683583596,0.06583005
2026-02-24,perp_hold,879.1378814749041,16.107996436045234,0.005,0.21946641502500003,-1.8458220600709903,0.06583005
2026-02-25,perp_hold,898.7672683644935,14.234856136213114,0.005,0.21946641502500003,-1.8502720183315815,0.06583005
2026-02-26,perp_hold,896.2355497787188,14.476446163325152,0.005,0.21946641502500003,-1.8531537562562097,0.06583005
2026-02-27,perp_hold,888.235721532269,15.239832241782224,0.005,0.21946641502500003,-1.8201683220559104,0.06583005
2026-02-28,perp_hold,893.8258730447952,14.706390309072969,0.005,0.21946641502500003,-1.807635309029776,0.06583005
2026-03-01,perp_hold,887.721712667395,15.288881696290513,0.005,0.21946641502500003,-1.8304908675800575,0.06583005
2026-03-02,perp_hold,903.037389774305,13.827378483299968,0.005,0.21946641502500003,-1.8193137606700573,0.06583005
2026-03-03,perp_hold,900.5187429209293,14.067721136315047,0.005,0.21946641502500003,-1.828584599545673,0.06583005
2026-03-04,perp_hold,922.3267840249844,11.986682085927491,0.005,0.21946641502500003,-1.8361045462407026,0.06583005
2026-03-05,perp_hold,913.2856763577978,12.849432574355134,0.005,0.21946641502500003,-1.8675623221273157,0.06583005
2026-03-06,perp_hold,899.4814374360703,14.166706332228463,0.005,0.21946641502500003,-1.8552263525047745,0.06583005
2026-03-07,perp_hold,895.1532233492983,14.579727496762828,0.005,0.21946641502500003,-1.8549801856767878,0.06583005
2026-03-08,perp_hold,888.6979301349054,15.19572584327895,0.005,0.21946641502500003,-1.8264819832698467,0.06583005
2026-03-09,perp_hold,901.0628829438732,14.015796406752134,0.005,0.21946641502500003,-1.780194395452023,0.06583005
2026-03-10,perp_hold,908.5971543500358,13.296836233409138,0.005,0.21946641502500003,-1.7825313588394749,0.06583005
2026-03-11,perp_hold,909.8920236658057,13.173272929469615,0.005,0.21946641502500003,-1.7051798691696154,0.06583005
2026-03-12,perp_hold,911.6510514726738,13.0054171583188,0.005,0.21946641502500003,-1.6330592724515234,0.06583005
2026-03-13,perp_hold,913.6895058006608,12.810897025183888,0.005,0.21946641502500003,-1.636197734314719,0.06583005
2026-03-14,perp_hold,915.1160335385035,12.674770175699912,0.005,0.21946641502500003,-1.6036699964718928,0.06583005
2026-03-15,perp_hold,923.1583088430284,11.907333573630607,0.005,0.21946641502500003,-1.583394691947044,0.06583005
2026-03-16,perp_hold,933.4731373167415,10.923037884282571,0.005,0.21946641502500003,-1.6261284646339733,0.06583005
2026-03-17,perp_hold,928.5966228206697,11.388380784531382,0.005,0.21946641502500003,-1.6130807143057315,0.06583005
2026-03-18,perp_hold,915.3116360332601,12.65610474729213,0.005,0.21946641502500003,-1.5796846394152944,0.06583005
2026-03-19,perp_hold,908.7526535568031,13.281997673630052,0.005,0.21946641502500003,-1.5698322607722954,0.06583005
2026-03-20,perp_hold,911.6494860959913,13.00556653487166,0.005,0.21946641502500003,-1.5739038520340791,0.06583005
2026-03-21,perp_hold,903.6848105532126,13.765598155735903,0.005,0.21946641502500003,-1.5698929817627714,0.06583005
2026-03-22,perp_hold,898.4883012645627,14.261476657788585,0.005,0.21946641502500003,-1.5339022704127427,0.06583005
2026-03-23,perp_hold,913.6734956906736,12.812424794868715,0.005,0.21946641502500003,-1.5176359602518188,0.06583005
2026-03-24,perp_hold,911.9222909298285,12.97953404943929,0.005,0.21946641502500003,-1.5563878225468422,0.06583005
2026-03-25,perp_hold,915.7501495246495,12.614259462089816,0.005,0.21946641502500003,-1.585054010325822,0.06583005
2026-03-26,perp_hold,903.1964586984245,13.812199282141258,0.005,0.21946641502500003,-1.5913492968007372,0.06583005
2026-03-27,perp_hold,891.1081657917546,14.96572836213852,0.005,0.21946641502500003,-1.5605377432207372,0.06583005
2026-03-28,perp_hold,891.0495327137373,14.971323441697294,0.005,0.21946641502500003,-1.5078282425379281,0.06583005
2026-03-29,perp_hold,889.2102204009279,15.146840386596272,0.005,0.21946641502500003,-1.5044831340472107,0.06583005
2026-03-30,perp_hold,893.1435060481253,14.771505390248308,0.005,0.21946641502500003,-1.5096974868499313,0.06583005
2026-03-31,perp_hold,900.5533018012004,14.064423344503362,0.005,0.21946641502500003,-1.4944017337749314,0.06583005
2026-04-01,perp_hold,899.7971657456592,14.136577860880106,0.005,0.21946641502500003,-1.483037789316113,0.06583005
2026-04-02,perp_hold,893.7283494712456,14.7156965261661,0.005,0.21946641502500003,-1.473133897079811,0.06583005
2026-04-03,perp_hold,894.0281824824187,14.687084868572942,0.005,0.21946641502500003,-1.469521052556561,0.06583005
2026-04-04,perp_hold,895.6942539972645,14.528099480266443,0.005,0.21946641502500003,-1.5014495377107653,0.06583005
2026-04-05,perp_hold,904.2845737996319,13.708365562912439,0.005,0.21946641502500003,-1.528629735343466,0.06583005
2026-04-06,perp_hold,903.3845428584439,13.794251293145276,0.005,0.21946641502500003,-1.5736606765314973,0.06583005
2026-04-07,perp_hold,918.8206393551866,12.32125702272916,0.005,0.21946641502500003,-1.610465375438814,0.06583005
2026-04-08,perp_hold,914.4161162693051,12.741559997045748,0.005,0.21946641502500003,-1.6521321895703789,0.06583005
2026-04-09,perp_hold,917.9624189599901,12.403152968711705,0.005,0.21946641502500003,-1.6630337778853788,0.06583005
2026-04-10,perp_hold,923.769331255856,11.849026571379062,0.005,0.21946641502500003,-1.6653722791196026,0.06583005
2026-04-11,perp_hold,924.2911123062568,11.799235453669066,0.005,0.21946641502500003,-1.5923222432187802,0.06583005
2026-04-12,perp_hold,912.8458836514912,12.891399929035574,0.005,0.21946641502500003,-1.5483198834843273,0.06583005
2026-04-13,perp_hold,931.2175131441537,11.138281516837923,0.005,0.21946641502500003,-1.5274202259217895,0.06583005
2026-04-14,perp_hold,929.8860771484937,11.265334207487198,0.005,0.21946641502500003,-1.4961263864817895,0.06583005
2026-04-15,perp_hold,933.3122161671334,10.938393834629956,0.005,0.21946641502500003,-1.416487367842082,0.06583005
2026-04-16,perp_hold,935.0382019388912,10.773691109873374,0.005,0.21946641502500003,-1.3847956902843102,0.06583005
2026-04-17,perp_hold,944.7081355106818,9.850934715498827,0.005,0.21946641502500003,-1.365679908343749,0.06583005
2026-04-18,perp_hold,937.8269233437494,10.507576509461957,0.005,0.21946641502500003,-1.289780191226116,0.06583005
2026-04-19,perp_hold,928.4121465872295,11.40598448602047,0.005,0.21946641502500003,-1.184348281096116,0.06583005
2026-04-20,perp_hold,938.6766284122195,10.426493141159343,0.005,0.21946641502500003,-1.139075122755967,0.06583005
2026-04-21,perp_hold,941.2184295232125,10.183940985967777,0.005,0.21946641502500003,-1.0707740117631557,0.06583005
2026-04-22,perp_hold,950.4947683546092,9.298743491123851,0.005,0.21946641502500003,-1.0731540934165238,0.06583005
2026-04-23,perp_hold,950.9193810217257,9.258224696366335,0.005,0.21946641502500003,-1.0023225132498597,0.06583005
2026-04-24,perp_hold,946.8826734572906,9.643428761073558,0.005,0.21946641502500003,-0.9445300776848596,0.06583005
2026-04-25,perp_hold,947.878514836561,9.548400290228098,0.005,0.21946641502500003,-0.8941886984145899,0.06583005
2026-04-26,perp_hold,953.004722161391,9.059230374761896,0.005,0.21946641502500003,-0.8964813735845052,0.06583005
2026-04-27,perp_hold,946.6691804096104,9.663801401013528,0.005,0.21946641502500003,-0.8420887775152688,0.06583005
2026-04-28,perp_hold,941.5037732375856,10.156711973991882,0.005,0.21946641502500003,-0.8344302973899664,0.06583005
2026-04-29,perp_hold,938.7551823886968,10.418997103719196,0.005,0.21946641502500003,-0.8420211462788627,0.06583005
2026-04-30,perp_hold,941.5319065988868,10.154027339310245,0.005,0.21946641502500003,-0.8079478781388628,0.06583005
2026-05-01,perp_hold,951.0328497269618,9.247396910162776,0.005,0.21946641502500003,-0.774353808013819,0.06583005
2026-05-02,perp_hold,953.3810256758431,9.023321495801307,0.005,0.21946641502500003,-0.7412285837824788,0.06583005
2026-05-03,perp_hold,952.7446795992992,9.08404501647565,0.005,0.21946641502500003,-0.7475239356764167,0.06583005
2026-05-04,perp_hold,959.2270465496892,8.46546315034944,0.005,0.21946641502500003,-0.7511569852864167,0.06583005
2026-05-05,perp_hold,964.4598435638497,7.966121880894727,0.005,0.21946641502500003,-0.6973599711257659,0.06583005
2026-05-06,perp_hold,967.2108257794421,7.703608554261976,0.005,0.21946641502500003,-0.6200083589834705,0.06583005
2026-05-07,perp_hold,960.1201739684195,8.380236190876955,0.005,0.21946641502500003,-0.5655295665559998,0.06583005
2026-05-08,perp_hold,961.0838464188944,8.288277449986293,0.005,0.21946641502500003,-0.5393571160812505,0.06583005
2026-05-09,perp_hold,963.4745287406672,8.060145851877953,0.005,0.21946641502500003,-0.5462018233083393,0.06583005
2026-05-10,perp_hold,971.1475189509574,7.327948393854711,0.005,0.21946641502500003,-0.5886845840182208,0.06583005
2026-05-11,perp_hold,968.7041406923952,7.56110851798849,0.005,0.21946641502500003,-0.6415076976305577,0.06583005
2026-05-12,perp_hold,962.4750304313246,8.155523286403765,0.005,0.21946641502500003,-0.6800818536512102,0.06583005
2026-05-13,perp_hold,956.5581236742007,8.720145939136536,0.005,0.21946641502500003,-0.7305798607749509,0.06583005
2026-05-14,perp_hold,965.3184462191689,7.884189457622048,0.005,0.21946641502500003,-0.774452743106899,0.06583005
2026-05-15,perp_hold,955.4624515408548,8.824700790488604,0.005,0.21946641502500003,-0.7557519941211628,0.06583005
2026-05-16,perp_hold,950.6036871278461,9.288349883585012,0.005,0.21946641502500003,-0.7898717294797389,0.06583005
2026-05-17,perp_hold,947.204783699088,9.612691291875308,0.005,0.21946641502500003,-0.8104198358878151,0.06583005
2026-05-18,perp_hold,944.807488224813,9.841453952101398,0.005,0.21946641502500003,-0.855715310162815,0.06583005
2026-05-19,perp_hold,943.932279684543,9.924970997068627,0.005,0.21946641502500003,-0.915423850432815,0.06583005
2026-05-20,perp_hold,947.4141988343715,9.592707787983878,0.005,0.21946641502500003,-0.9853020919042809,0.06583005
2026-05-21,perp_hold,947.7466880344584,9.56097990348882,0.005,0.21946641502500003,-1.0320155005172833,0.06583005
2026-05-22,perp_hold,937.3309388177888,10.554905985868713,0.005,0.21946641502500003,-1.0537647171869566,0.06583005
2026-05-23,perp_hold,943.3367892419383,9.981795856269882,0.005,0.21946641502500003,-1.092404220587523,0.06583005
2026-05-24,perp_hold,944.7905489419937,9.843070388390396,0.005,0.21946641502500003,-1.1751545929822231,0.06583005
2026-05-25,perp_hold,946.0426976043736,9.723583715980432,0.005,0.21946641502500003,-1.219553394352223,0.06583005
2026-05-26,perp_hold,939.0654081226241,10.389393717350949,0.005,0.21946641502500003,-1.2875492602017022,0.06583005
2026-05-27,perp_hold,931.5409016135025,11.107422072381235,0.005,0.21946641502500003,-1.3968019214734477,0.06583005
2026-05-28,perp_hold,927.317740422315,11.51041853194441,0.005,0.21946641502500003,-1.4888716633610284,0.06583005
2026-05-29,perp_hold,926.4190034490471,11.596180784889254,0.005,0.21946641502500003,-1.5702000859290377,0.06583005
2026-05-30,perp_hold,928.4924333246278,11.398323099334851,0.005,0.21946641502500003,-1.6232702103483125,0.06583005
2026-05-31,perp_hold,927.1917756046828,11.522438763528564,0.0,0.403571795075,-1.6825826502433125,0.12106995000000001
2026-01-01,spot_hold,1005.2849072928736,0.0,0.005690000000000001,0.49970952078634007,0.0,0.07494518634000001
2026-01-02,spot_hold,1011.8630593928737,0.21374453849390962,0.005690000000000001,0.49970952078634007,0.0,0.07494518634000001
2026-01-03,spot_hold,1015.4641465928736,0.0,0.005690000000000001,0.49970952078634007,0.0,0.07494518634000001
2026-01-04,spot_hold,1020.5949333928736,0.03950683375187891,0.005690000000000001,0.49970952078634007,0.0,0.07494518634000001
2026-01-05,spot_hold,1033.8525195928737,0.3236172798475767,0.005690000000000001,0.49970952078634007,0.0,0.07494518634000001
2026-01-06,spot_hold,1033.2167189928737,0.38491645234876026,0.005690000000000001,0.49970952078634007,0.0,0.07494518634000001
2026-01-07,spot_hold,1019.6528400928737,1.6926449327500204,0.005690000000000001,0.49970952078634007,0.0,0.07494518634000001
2026-01-08,spot_hold,1018.1497127928736,1.8375653050395901,0.005690000000000001,0.49970952078634007,0.0,0.07494518634000001
2026-01-09,spot_hold,1015.5396528928736,2.0892078987215013,0.005690000000000001,0.49970952078634007,0.0,0.07494518634000001
2026-01-10,spot_hold,1014.7625126928737,2.1641339858900266,0.005690000000000001,0.49970952078634007,0.0,0.07494518634000001
2026-01-11,spot_hold,1017.6584381928736,1.884930353847114,0.005690000000000001,0.49970952078634007,0.0,0.07494518634000001
2026-01-12,spot_hold,1019.2661476928737,1.7299269424437713,0.005690000000000001,0.49970952078634007,0.0,0.07494518634000001
2026-01-13,spot_hold,1042.6964296928736,0.18693976151692437,0.005690000000000001,0.49970952078634007,0.0,0.07494518634000001
2026-01-14,spot_hold,1051.4463978928736,0.3792616993636977,0.005690000000000001,0.49970952078634007,0.0,0.07494518634000001
2026-01-15,spot_hold,1043.7820816928738,1.1054279023614333,0.005690000000000001,0.49970952078634007,0.0,0.07494518634000001
2026-01-16,spot_hold,1043.4756182928736,1.134464199629015,0.005690000000000001,0.49970952078634007,0.0,0.07494518634000001
2026-01-17,spot_hold,1041.1815809928737,1.3518159257590145,0.005690000000000001,0.49970952078634007,0.0,0.07494518634000001
2026-01-18,spot_hold,1032.7909362928735,2.146799123673304,0.005690000000000001,0.49970952078634007,0.0,0.07494518634000001
2026-01-19,spot_hold,1026.8611596928736,2.7086239813490454,0.005690000000000001,0.49970952078634007,0.0,0.07494518634000001
2026-01-20,spot_hold,1002.9441550928736,4.974673549797382,0.005690000000000001,0.49970952078634007,0.0,0.07494518634000001
2026-01-21,spot_hold,1008.7881833928736,4.420973033002107,0.005690000000000001,0.49970952078634007,0.0,0.07494518634000001
2026-01-22,spot_hold,1009.3852919928736,4.364399155630084,0.005690000000000001,0.49970952078634007,0.0,0.07494518634000001
2026-01-23,spot_hold,1009.6162490928737,4.342516806835228,0.005690000000000001,0.49970952078634007,0.0,0.07494518634000001
2026-01-24,spot_hold,1007.4829542928736,4.544638763232445,0.005690000000000001,0.49970952078634007,0.0,0.07494518634000001
2026-01-25,spot_hold,992.9451180928736,5.922046093211497,0.005690000000000001,0.49970952078634007,0.0,0.07494518634000001
2026-01-26,spot_hold,1002.4856548928736,5.018114783251148,0.005690000000000001,0.49970952078634007,0.0,0.07494518634000001
2026-01-27,spot_hold,1007.6232696928737,4.531344387246216,0.005690000000000001,0.49970952078634007,0.0,0.07494518634000001
2026-01-28,spot_hold,1007.9077127928737,4.504394433655323,0.005690000000000001,0.49970952078634007,0.0,0.07494518634000001
2026-01-29,spot_hold,981.4501800928737,7.011149838846952,0.005690000000000001,0.49970952078634007,0.0,0.07494518634000001
2026-01-30,spot_hold,979.2329577928737,7.221223621918815,0.005690000000000001,0.49970952078634007,0.0,0.07494518634000001
2026-01-31,spot_hold,947.8275717928736,10.19677020822728,0.005690000000000001,0.49970952078634007,0.0,0.07494518634000001
2026-02-01,spot_hold,937.7398845928738,11.152542037037383,0.005690000000000001,0.49970952078634007,0.0,0.07494518634000001
2026-02-02,spot_hold,947.8134605928736,10.198107193322404,0.005690000000000001,0.49970952078634007,0.0,0.07494518634000001
2026-02-03,spot_hold,930.9232645928737,11.79839209508673,0.005690000000000001,0.49970952078634007,0.0,0.07494518634000001
2026-02-04,spot_hold,916.1043423928736,13.202431305589691,0.005690000000000001,0.49970952078634007,0.0,0.07494518634000001
2026-02-05,spot_hold,857.7478730928736,18.73149542900563,0.005690000000000001,0.49970952078634007,0.0,0.07494518634000001
2026-02-06,spot_hold,901.3924490928737,14.596329915431616,0.005690000000000001,0.49970952078634007,0.0,0.07494518634000001
2026-02-07,spot_hold,894.0473418928736,15.292252221721048,0.005690000000000001,0.49970952078634007,0.0,0.07494518634000001
2026-02-08,spot_hold,899.9706318928736,14.731041945903556,0.005690000000000001,0.49970952078634007,0.0,0.07494518634000001
2026-02-09,spot_hold,898.8759896928736,14.83475533001668,0.005690000000000001,0.49970952078634007,0.0,0.07494518634000001
2026-02-10,spot_hold,891.4977097928736,15.533820629493444,0.005690000000000001,0.49970952078634007,0.0,0.07494518634000001
2026-02-11,spot_hold,881.4903084928737,16.481985660040543,0.005690000000000001,0.49970952078634007,0.0,0.07494518634000001
2026-02-12,spot_hold,876.8794169928736,16.9188509309423,0.005690000000000001,0.49970952078634007,0.0,0.07494518634000001
2026-02-13,spot_hold,891.5698020928737,15.526990145156638,0.005690000000000001,0.49970952078634007,0.0,0.07494518634000001
2026-02-14,spot_hold,897.0833551928736,15.004600956718228,0.005690000000000001,0.49970952078634007,0.0,0.07494518634000001
2026-02-15,spot_hold,891.4481498928736,15.538516250533185,0.005690000000000001,0.49970952078634007,0.0,0.07494518634000001
2026-02-16,spot_hold,891.7886963928736,15.506250702975377,0.005690000000000001,0.49970952078634007,0.0,0.07494518634000001
2026-02-17,spot_hold,883.8857984928736,16.255021658004853,0.005690000000000001,0.49970952078634007,0.0,0.07494518634000001
2026-02-18,spot_hold,877.9538596928737,16.817051376300007,0.005690000000000001,0.49970952078634007,0.0,0.07494518634000001
2026-02-19,spot_hold,881.0419933928736,16.524461892155507,0.005690000000000001,0.49970952078634007,0.0,0.07494518634000001
2026-02-20,spot_hold,886.8246265928735,15.976578338737834,0.005690000000000001,0.49970952078634007,0.0,0.07494518634000001
2026-02-21,spot_hold,886.5738113928736,16.00034217058992,0.005690000000000001,0.49970952078634007,0.0,0.07494518634000001
2026-02-22,spot_hold,884.6817156928736,16.179611385784543,0.005690000000000001,0.49970952078634007,0.0,0.07494518634000001
2026-02-23,spot_hold,867.6835234928736,17.790128536381733,0.005690000000000001,0.49970952078634007,0.0,0.07494518634000001
2026-02-24,spot_hold,864.2816431928736,18.112444374617088,0.005690000000000001,0.49970952078634007,0.0,0.07494518634000001
2026-02-25,spot_hold,886.6427172928736,15.993813586113315,0.005690000000000001,0.49970952078634007,0.0,0.07494518634000001
2026-02-26,spot_hold,883.7814438928735,16.264908878426088,0.005690000000000001,0.49970952078634007,0.0,0.07494518634000001
2026-02-27,spot_hold,874.6030186928737,17.134531425703393,0.005690000000000001,0.49970952078634007,0.0,0.07494518634000001
2026-02-28,spot_hold,880.8686190928736,16.540888479191207,0.005690000000000001,0.49970952078634007,0.0,0.07494518634000001
2026-03-01,spot_hold,874.0588839928737,17.186086217899764,0.005690000000000001,0.49970952078634007,0.0,0.07494518634000001
2026-03-02,spot_hold,891.4338110928736,15.539874799904041,0.005690000000000001,0.49970952078634007,0.0,0.07494518634000001
2026-03-03,spot_hold,888.6339896928737,15.805147737770275,0.005690000000000001,0.49970952078634007,0.0,0.07494518634000001
2026-03-04,spot_hold,913.2646909928737,13.47147799170829,0.005690000000000001,0.49970952078634007,0.0,0.07494518634000001
2026-03-05,spot_hold,903.1589664928737,14.428958789369851,0.005690000000000001,0.49970952078634007,0.0,0.07494518634000001
2026-03-06,spot_hold,887.3595434928736,15.925896899708425,0.005690000000000001,0.49970952078634007,0.0,0.07494518634000001
2026-03-07,spot_hold,882.5167275928736,16.384736167576854,0.005690000000000001,0.49970952078634007,0.0,0.07494518634000001
2026-03-08,spot_hold,875.1668976928736,17.081105932587636,0.005690000000000001,0.49970952078634007,0.0,0.07494518634000001
2026-03-09,spot_hold,889.1697600928737,15.754385432706897,0.005690000000000001,0.49970952078634007,0.0,0.07494518634000001
2026-03-10,spot_hold,897.7984743928737,14.936846002381287,0.005690000000000001,0.49970952078634007,0.0,0.07494518634000001
2026-03-11,spot_hold,899.1824530928736,14.80571903274912,0.005690000000000001,0.49970952078634007,0.0,0.07494518634000001
2026-03-12,spot_hold,901.1709942928736,14.617311955714829,0.005690000000000001,0.49970952078634007,0.0,0.07494518634000001
2026-03-13,spot_hold,903.3824696928737,14.407782670605096,0.005690000000000001,0.49970952078634007,0.0,0.07494518634000001
2026-03-14,spot_hold,904.9867651928737,14.255781482068352,0.005690000000000001,0.49970952078634007,0.0,0.07494518634000001
2026-03-15,spot_hold,914.1094852928736,13.391436791275435,0.005690000000000001,0.49970952078634007,0.0,0.07494518634000001
2026-03-16,spot_hold,925.8845419928737,12.27579281328791,0.005690000000000001,0.49970952078634007,0.0,0.07494518634000001
2026-03-17,spot_hold,920.3350280928737,12.801589157291327,0.005690000000000001,0.49970952078634007,0.0,0.07494518634000001
2026-03-18,spot_hold,905.1835822928736,14.237133774632705,0.005690000000000001,0.49970952078634007,0.0,0.07494518634000001
2026-03-19,spot_hold,897.6924696928736,14.946889563801546,0.005690000000000001,0.49970952078634007,0.0,0.07494518634000001
2026-03-20,spot_hold,900.9968233928737,14.633814017715563,0.005690000000000001,0.49970952078634007,0.0,0.07494518634000001
2026-03-21,spot_hold,891.9348724928736,15.49240104688916,0.005690000000000001,0.49970952078634007,0.0,0.07494518634000001
2026-03-22,spot_hold,885.9084796928737,16.063379939611377,0.005690000000000001,0.49970952078634007,0.0,0.07494518634000001
2026-03-23,spot_hold,903.2484701928736,14.420478637939881,0.005690000000000001,0.49970952078634007,0.0,0.07494518634000001
2026-03-24,spot_hold,901.2586202928737,14.609009709559595,0.005690000000000001,0.49970952078634007,0.0,0.07494518634000001
2026-03-25,spot_hold,905.6956253928736,14.188619545313951,0.005690000000000001,0.49970952078634007,0.0,0.07494518634000001
2026-03-26,spot_hold,891.3783335928736,15.545131092112708,0.005690000000000001,0.49970952078634007,0.0,0.07494518634000001
2026-03-27,spot_hold,877.6481928928736,16.846012198602534,0.005690000000000001,0.49970952078634007,0.0,0.07494518634000001
2026-03-28,spot_hold,877.4760703928737,16.862320182121714,0.005690000000000001,0.49970952078634007,0.0,0.07494518634000001
2026-03-29,spot_hold,875.3929613928735,17.059687215720942,0.005690000000000001,0.49970952078634007,0.0,0.07494518634000001
2026-03-30,spot_hold,879.8678049928736,16.635711990635528,0.005690000000000001,0.49970952078634007,0.0,0.07494518634000001
2026-03-31,spot_hold,888.3294608928736,15.834000738694154,0.005690000000000001,0.49970952078634007,0.0,0.07494518634000001
2026-04-01,spot_hold,887.3589744928736,15.92595081039775,0.005690000000000001,0.49970952078634007,0.0,0.07494518634000001
2026-04-02,spot_hold,880.4630927928737,16.5793106274693,0.005690000000000001,0.49970952078634007,0.0,0.07494518634000001
2026-04-03,spot_hold,880.8176366928736,16.54571887695424,0.005690000000000001,0.49970952078634007,0.0,0.07494518634000001
2026-04-04,spot_hold,882.7301594928736,16.364514268013053,0.005690000000000001,0.49970952078634007,0.0,0.07494518634000001
2026-04-05,spot_hold,892.5952538928736,15.429832300864776,0.005690000000000001,0.49970952078634007,0.0,0.07494518634000001
2026-04-06,spot_hold,891.5680950928736,15.52715187722461,0.005690000000000001,0.49970952078634007,0.0,0.07494518634000001
2026-04-07,spot_hold,909.0395814928736,13.871791815251333,0.005690000000000001,0.49970952078634007,0.0,0.07494518634000001
2026-04-08,spot_hold,904.1786713928736,14.332345443040118,0.005690000000000001,0.49970952078634007,0.0,0.07494518634000001
2026-04-09,spot_hold,908.2643189928737,13.945245129449347,0.005690000000000001,0.49970952078634007,0.0,0.07494518634000001
2026-04-10,spot_hold,914.9485326928736,13.311940088804686,0.005690000000000001,0.49970952078634007,0.0,0.07494518634000001
2026-04-11,spot_hold,915.4063500928737,13.268563548178092,0.005690000000000001,0.49970952078634007,0.0,0.07494518634000001
2026-04-12,spot_hold,902.3069458928736,14.509684655557088,0.005690000000000001,0.49970952078634007,0.0,0.07494518634000001
2026-04-13,spot_hold,923.2291327928737,12.527383218204823,0.005690000000000001,0.49970952078634007,0.0,0.07494518634000001
2026-04-14,spot_hold,921.5992891928736,12.681804996692026,0.005690000000000001,0.49970952078634007,0.0,0.07494518634000001
2026-04-15,spot_hold,925.4596127928737,12.316053316071818,0.005690000000000001,0.49970952078634007,0.0,0.07494518634000001
2026-04-16,spot_hold,927.4186797928736,12.130438812744293,0.005690000000000001,0.49970952078634007,0.0,0.07494518634000001
2026-04-17,spot_hold,938.3304496928736,11.096588132592533,0.005690000000000001,0.49970952078634007,0.0,0.07494518634000001
2026-04-18,spot_hold,930.4768840928737,11.840685030857989,0.005690000000000001,0.49970952078634007,0.0,0.07494518634000001
2026-04-19,spot_hold,919.7229547928737,12.859580885792477,0.005690000000000001,0.49970952078634007,0.0,0.07494518634000001
2026-04-20,spot_hold,931.3258889928736,11.760244891324156,0.005690000000000001,0.49970952078634007,0.0,0.07494518634000001
2026-04-21,spot_hold,934.1434631928736,11.493289939951135,0.005690000000000001,0.49970952078634007,0.0,0.07494518634000001
2026-04-22,spot_hold,944.6248983928735,10.50021191413183,0.005690000000000001,0.49970952078634007,0.0,0.07494518634000001
2026-04-23,spot_hold,945.0758308928737,10.457487692846001,0.005690000000000001,0.49970952078634007,0.0,0.07494518634000001
2026-04-24,spot_hold,940.4080393928737,10.899744032679715,0.005690000000000001,0.49970952078634007,0.0,0.07494518634000001
2026-04-25,spot_hold,941.4770196928737,10.798462020654886,0.005690000000000001,0.49970952078634007,0.0,0.07494518634000001
2026-04-26,spot_hold,947.3522291928737,10.241807198084906,0.005690000000000001,0.49970952078634007,0.0,0.07494518634000001
2026-04-27,spot_hold,940.0335804928736,10.935222657320976,0.005690000000000001,0.49970952078634007,0.0,0.07494518634000001
2026-04-28,spot_hold,934.1811309928737,11.489721052318169,0.005690000000000001,0.49970952078634007,0.0,0.07494518634000001
2026-04-29,spot_hold,930.9789696928736,11.793114238602332,0.005690000000000001,0.49970952078634007,0.0,0.07494518634000001
2026-04-30,spot_hold,934.2027529928737,11.48767244612402,0.005690000000000001,0.49970952078634007,0.0,0.07494518634000001
2026-05-01,spot_hold,944.9258993928736,10.471693159481744,0.005690000000000001,0.49970952078634007,0.0,0.07494518634000001
2026-05-02,spot_hold,947.5189461928737,10.22601136611424,0.005690000000000001,0.49970952078634007,0.0,0.07494518634000001
2026-05-03,spot_hold,946.8459329928737,10.28977692944152,0.005690000000000001,0.49970952078634007,0.0,0.07494518634000001
2026-05-04,spot_hold,954.1999165928736,9.593013616398716,0.005690000000000001,0.49970952078634007,0.0,0.07494518634000001
2026-05-05,spot_hold,960.1431784928736,9.029911075386089,0.005690000000000001,0.49970952078634007,0.0,0.07494518634000001
2026-05-06,spot_hold,963.2242565928736,8.73799008378915,0.005690000000000001,0.49970952078634007,0.0,0.07494518634000001
2026-05-07,spot_hold,955.0249096928736,9.514848507954166,0.005690000000000001,0.49970952078634007,0.0,0.07494518634000001
2026-05-08,spot_hold,956.0899069928737,9.41394387075457,0.005690000000000001,0.49970952078634007,0.0,0.07494518634000001
2026-05-09,spot_hold,958.8508656928736,9.152353032968874,0.005690000000000001,0.49970952078634007,0.0,0.07494518634000001
2026-05-10,spot_hold,967.5660679928737,8.326619177866657,0.005690000000000001,0.49970952078634007,0.0,0.07494518634000001
2026-05-11,spot_hold,964.9235181928736,8.576991201204965,0.005690000000000001,0.49970952078634007,0.0,0.07494518634000001
2026-05-12,spot_hold,957.8612039928737,9.246119894902517,0.005690000000000001,0.49970952078634007,0.0,0.07494518634000001
2026-05-13,spot_hold,951.0852105928736,9.888120729734451,0.005690000000000001,0.49970952078634007,0.0,0.07494518634000001
2026-05-14,spot_hold,961.1928127928736,8.930462026798146,0.005690000000000001,0.49970952078634007,0.0,0.07494518634000001
2026-05-15,spot_hold,949.9449345928737,9.996157751131008,0.005690000000000001,0.49970952078634007,0.0,0.07494518634000001
2026-05-16,spot_hold,944.4531741928736,10.516482160168506,0.005690000000000001,0.49970952078634007,0.0,0.07494518634000001
2026-05-17,spot_hold,940.5249119928736,10.888670777093456,0.005690000000000001,0.49970952078634007,0.0,0.07494518634000001
2026-05-18,spot_hold,937.9314099928736,11.134395699012401,0.005690000000000001,0.49970952078634007,0.0,0.07494518634000001
2026-05-19,spot_hold,936.9782780928737,11.224701494691736,0.005690000000000001,0.49970952078634007,0.0,0.07494518634000001
2026-05-20,spot_hold,941.0629583928736,10.837692829272804,0.005690000000000001,0.49970952078634007,0.0,0.07494518634000001
2026-05-21,spot_hold,941.4230784928736,10.8035727540024,0.005690000000000001,0.49970952078634007,0.0,0.07494518634000001
2026-05-22,spot_hold,929.6105246928737,11.922769446416082,0.005690000000000001,0.49970952078634007,0.0,0.07494518634000001
2026-05-23,spot_hold,936.5097065928736,11.269096947346458,0.005690000000000001,0.49970952078634007,0.0,0.07494518634000001
2026-05-24,spot_hold,938.2903920928736,11.100383445120631,0.005690000000000001,0.49970952078634007,0.0,0.07494518634000001
2026-05-25,spot_hold,939.7530065928736,10.961806018224497,0.005690000000000001,0.49970952078634007,0.0,0.07494518634000001
2026-05-26,spot_hold,931.8325265928736,11.712242813553942,0.005690000000000001,0.49970952078634007,0.0,0.07494518634000001
2026-05-27,spot_hold,923.4072866928736,12.510503781378846,0.005690000000000001,0.49970952078634007,0.0,0.07494518634000001
2026-05-28,spot_hold,918.6744015928737,12.958927504070717,0.005690000000000001,0.49970952078634007,0.0,0.07494518634000001
2026-05-29,spot_hold,917.7826078928736,13.043421727441407,0.005690000000000001,0.49970952078634007,0.0,0.07494518634000001
2026-05-30,spot_hold,920.1928918928736,12.815056047483386,0.005690000000000001,0.49970952078634007,0.0,0.07494518634000001
2026-05-31,spot_hold,918.5160233030005,12.973933273456185,0.0,0.9188539187944751,0.0,0.137826278205
2026-01-01,vol_long,1003.8366994878111,0.0,0.004,0.17557313202000002,-0.041063340168811996,0.05266404
2026-01-02,vol_long,1008.3925770754511,0.15441573163985645,0.004,0.17557313202000002,-0.09317983948881199,0.05266404
2026-01-03,vol_long,1010.9286566841988,0.0,0.004,0.17557313202000002,-0.13310614378091645,0.05266404
2026-01-04,vol_long,1014.532013875423,0.016851091602065882,0.004,0.17557313202000002,-0.2049598221168395,0.05266404
2026-01-05,vol_long,1023.6814885977321,0.22542035815434902,0.004,0.17557313202000002,-0.28587423024749886,0.05266404
2026-01-06,vol_long,1023.2092775768675,0.2714450803299462,0.004,0.17557313202000002,-0.3012852511121994,0.05266404
2026-01-07,vol_long,1012.2024688877475,1.344239423480087,0.005,0.22191528230000002,-0.38555122995219937,0.0665646
2026-01-08,vol_long,1010.7493104126645,1.4858735915483257,0.005,0.22191528230000002,-0.4997097050353791,0.0665646
2026-01-09,vol_long,1008.4468991568745,1.710281395897495,0.005,0.22191528230000002,-0.520815002475379,0.0665646
2026-01-10,vol_long,1007.6864668867646,1.7843980141438953,0.005,0.22191528230000002,-0.6093271439851493,0.0665646
2026-01-11,vol_long,1010.1528983541236,1.5440037454067856,0.005,0.22191528230000002,-0.6776217635761588,0.0665646
2026-01-12,vol_long,1011.4982664925536,1.412875516587031,0.005,0.22191528230000002,-0.7204293135461589,0.0665646
2026-01-13,vol_long,1032.0315421325577,0.16387328463465245,0.005,0.22191528230000002,-0.7919779851420478,0.0665646
2026-01-14,vol_long,1036.128333476361,0.19987352669169622,0.003,0.31709720287,-0.8115458607688537,0.09512346
2026-01-15,vol_long,1032.098401876551,0.5880374928197263,0.003,0.31709720287,-0.8199774605787047,0.09512346
2026-01-16,vol_long,1031.858437460283,0.6111509222269551,0.003,0.31709720287,-0.8691418768467046,0.09512346
2026-01-17,vol_long,1030.6563026909098,0.7269408279222178,0.003,0.31709720287,-0.885736221209765,0.09512346
2026-01-18,vol_long,1026.115403728025,1.164321291477266,0.003,0.31709720287,-0.9418756091045531,0.09512346
2026-01-19,vol_long,1023.0239650851101,1.4620893937279056,0.003,0.31709720287,-0.9639974476693557,0.09512346
2026-01-20,vol_long,1010.3635203560118,2.681546428488335,0.003,0.31709720287,-1.0247589811176967,0.09512346
2026-01-21,vol_long,1013.4078531413818,2.388315573592792,0.003,0.31709720287,-1.0739999131375468,0.09512346
2026-01-22,vol_long,1013.6453267737534,2.365442057080369,0.003,0.31709720287,-1.1299525633761174,0.09512346
2026-01-23,vol_long,1013.7211006145758,2.3581435027863584,0.003,0.31709720287,-1.171478722553567,0.09512346
2026-01-24,vol_long,1012.5494725627404,2.4709949942232634,0.003,0.31709720287,-1.209978491768996,0.09512346
2026-01-25,vol_long,1004.8686786757626,3.2108108805082525,0.003,0.31709720287,-1.2480006613670231,0.09512346
2026-01-26,vol_long,1009.8394755604324,2.732022547311397,0.003,0.31709720287,-1.280817863657023,0.09512346
2026-01-27,vol_long,1012.4999762322693,2.475762492496769,0.003,0.31709720287,-1.327897757030101,0.09512346
2026-01-28,vol_long,1012.6422088481049,2.462062613253635,0.003,0.31709720287,-1.3713704890245708,0.09512346
2026-01-29,vol_long,998.6625082488157,3.808590685878599,0.003,0.31709720287,-1.4164388926637659,0.09512346
2026-01-30,vol_long,997.4252417177365,3.927764491181851,0.003,0.31709720287,-1.4328333802530304,0.09512346
2026-01-31,vol_long,980.8387000072238,5.525384117034637,0.003,0.31709720287,-1.4822672429356825,0.09512346
2026-02-01,vol_long,975.5243806177399,6.037260619253804,0.003,0.31709720287,-1.486598719389564,0.09512346
2026-02-02,vol_long,980.8458070703509,5.524699563031021,0.003,0.31709720287,-1.4662563072485642,0.09512346
2026-02-03,vol_long,971.948110194375,6.38172783342319,0.003,0.31709720287,-1.4652691427545883,0.09512346
2026-02-04,vol_long,964.178926455264,7.130057451199567,0.003,0.31709720287,-1.4839528818655883,0.09512346
2026-02-05,vol_long,933.3941943862303,10.095250135032853,0.003,0.31709720287,-1.494684950899222,0.09512346
2026-02-06,vol_long,942.1234293587916,9.25444815507549,0.001,0.38054808381,-1.4735609773979568,0.11416158000000001
2026-02-07,vol_long,940.8739674246391,9.374796624491077,0.001,0.38054808381,-1.4551775517305001,0.11416158000000001
2026-02-08,vol_long,941.9312102479091,9.272962745360157,0.001,0.38054808381,-1.4468895592905,0.11416158000000001
2026-02-09,vol_long,941.7219422146267,9.293119491888213,0.001,0.38054808381,-1.44304812156294,0.11416158000000001
2026-02-10,vol_long,940.4322421974877,9.417343702986901,0.001,0.38054808381,-1.42744813870194,0.11416158000000001
2026-02-11,vol_long,938.7046955743737,9.583741402871093,0.001,0.38054808381,-1.42199476181594,0.11416158000000001
2026-02-12,vol_long,937.8754300584928,9.66361645376097,0.001,0.38054808381,-1.4222602776968272,0.11416158000000001
2026-02-13,vol_long,940.4821502421028,9.412536548309536,0.001,0.38054808381,-1.4257241593068493,0.11416158000000001
2026-02-14,vol_long,941.4230396182481,9.32190986076239,0.001,0.38054808381,-1.4266507179416212,0.11416158000000001
2026-02-15,vol_long,940.4122477937511,9.419269568690202,0.001,0.38054808381,-1.4275690641786212,0.11416158000000001
2026-02-16,vol_long,940.4926736261525,9.411522933465545,0.001,0.38054808381,-1.4243760578673208,0.11416158000000001
2026-02-17,vol_long,939.0967166466862,9.545981840341112,0.001,0.38054808381,-1.4336736895035556,0.11416158000000001
2026-02-18,vol_long,938.0593009550298,9.645905965459212,0.001,0.38054808381,-1.4381859898599445,0.11416158000000001
2026-02-19,vol_long,938.5931918690012,9.594481466180705,0.001,0.38054808381,-1.4352984671885212,0.11416158000000001
2026-02-20,vol_long,939.6039980686479,9.49712037363507,0.001,0.38054808381,-1.439321035661748,0.11416158000000001
2026-02-21,vol_long,939.5744183410255,9.499969500005212,0.001,0.38054808381,-1.4462545024139857,0.11416158000000001
2026-02-22,vol_long,939.2178472209871,9.53431451473632,0.001,0.38054808381,-1.4501431152025048,0.11416158000000001
2026-02-23,vol_long,936.2348219919196,9.82164021128894,0.001,0.38054808381,-1.4501758080400202,0.11416158000000001
2026-02-24,vol_long,935.6286966528521,9.88002234750045,0.001,0.38054808381,-1.452993683337499,0.11416158000000001
2026-02-25,vol_long,939.55457403077,9.50188090866888,0.001,0.38054808381,-1.4538836749896173,0.11416158000000001
2026-02-26,vol_long,938.1557998286765,9.636611171095112,0.002,0.4147003558825,-1.456394090440543,0.12440572500000001
2026-02-27,vol_long,933.5694557319221,10.07836892070756,0.003,0.448300545155,-1.4372712445323839,0.13448427000000002
2026-02-28,vol_long,936.9235466394377,9.755302090124962,0.003,0.448300545155,-1.4297514367167032,0.13448427000000002
2026-03-01,vol_long,933.2610504129975,10.108074594067961,0.003,0.448300545155,-1.443464771846872,0.13448427000000002
2026-03-02,vol_long,942.4504566771434,9.222948806319886,0.003,0.448300545155,-1.436758507700872,0.13448427000000002
2026-03-03,vol_long,940.939268565118,9.368506803174458,0.003,0.448300545155,-1.4423210110262414,0.13448427000000002
2026-03-04,vol_long,954.0240932275509,8.108173392726659,0.003,0.448300545155,-1.4468329790432595,0.13448427000000002
2026-03-05,vol_long,948.5994286272389,8.630678371786537,0.003,0.448300545155,-1.4657076445752275,0.13448427000000002
2026-03-06,vol_long,940.3168852742025,9.428454909158434,0.003,0.448300545155,-1.4583060628017028,0.13448427000000002
2026-03-07,vol_long,937.7199568221392,9.678591672708258,0.003,0.448300545155,-1.4581583627049108,0.13448427000000002
2026-03-08,vol_long,933.8467808935034,10.051656895463367,0.003,0.448300545155,-1.4410594412607463,0.13448427000000002
2026-03-09,vol_long,941.2657525788842,9.337059785645218,0.003,0.448300545155,-1.413286888570052,0.13448427000000002
2026-03-10,vol_long,945.7863154225818,8.901638101906606,0.003,0.448300545155,-1.4146890666025231,0.13448427000000002
2026-03-11,vol_long,946.5632370120437,8.826804830406354,0.003,0.448300545155,-1.3682781728006075,0.13448427000000002
2026-03-12,vol_long,947.2537115160584,8.760298162650193,0.002,0.4833837318875,-1.3339568311133707,0.14501080500000002
2026-03-13,vol_long,948.0690932472531,8.681760401189464,0.002,0.4833837318875,-1.335212215858649,0.14501080500000002
2026-03-14,vol_long,948.6397043423902,8.626799005364404,0.002,0.4833837318875,-1.3222011207215185,0.14501080500000002
2026-03-15,vol_long,951.8566144642002,8.316945460550373,0.002,0.4833837318875,-1.3140909989115792,0.14501080500000002
2026-03-16,vol_long,955.9825458536855,7.919534771944581,0.002,0.4833837318875,-1.331184507986351,0.14501080500000002
2026-03-17,vol_long,954.0319400552569,8.107417584423604,0.002,0.4833837318875,-1.3259654078550542,0.14501080500000002
2026-03-18,vol_long,948.717945340293,8.619262813916095,0.002,0.4833837318875,-1.3126069778988791,0.14501080500000002
2026-03-19,vol_long,946.0943523497101,8.871967912131263,0.002,0.4833837318875,-1.3086660264416794,0.14501080500000002
2026-03-20,vol_long,947.2530853653853,8.760358473631314,0.002,0.4833837318875,-1.3102946629463927,0.14501080500000002
2026-03-21,vol_long,944.0672151482739,9.067222247473394,0.002,0.4833837318875,-1.3086903148378695,0.14501080500000002
2026-03-22,vol_long,941.988611432814,9.267433849635442,0.002,0.4833837318875,-1.294294030297858,0.14501080500000002
2026-03-23,vol_long,948.0626892032583,8.68237724022376,0.002,0.4833837318875,-1.2877875062334885,0.14501080500000002
2026-03-24,vol_long,947.3622072989203,8.749847823149182,0.002,0.4833837318875,-1.3032882511514978,0.14501080500000002
2026-03-25,vol_long,948.8933507368489,8.602367724577453,0.002,0.4833837318875,-1.3147547262630899,0.14501080500000002
2026-03-26,vol_long,941.3482534914269,9.329113278209888,0.003,0.5190219768225,-1.316786532900039,0.155700675
2026-03-27,vol_long,934.0952777474251,10.027721619640529,0.003,0.5190219768225,-1.298299600752039,0.155700675
2026-03-28,vol_long,934.0600979006148,10.031110150817169,0.003,0.5190219768225,-1.2666739003423537,0.155700675
2026-03-29,vol_long,932.9565105129292,10.13740794936867,0.003,0.5190219768225,-1.2646668352479231,0.155700675
2026-03-30,vol_long,935.3164819012475,9.910094946318814,0.003,0.5190219768225,-1.2677954469295556,0.155700675
2026-03-31,vol_long,939.7623593530925,9.48186697721165,0.003,0.5190219768225,-1.2586179950845555,0.155700675
2026-04-01,vol_long,939.3086777197677,9.525565699581806,0.003,0.5190219768225,-1.2517996284092643,0.155700675
2026-04-02,vol_long,935.6673879551195,9.876295592102547,0.003,0.5190219768225,-1.245857293067483,0.155700675
2026-04-03,vol_long,935.8472877618234,9.85896760011401,0.003,0.5190219768225,-1.2436895863535329,0.155700675
2026-04-04,vol_long,936.846930670731,9.762681758376235,0.003,0.5190219768225,-1.2628466774460554,0.155700675
2026-04-05,vol_long,942.0011225521514,9.266228775657769,0.003,0.5190219768225,-1.2791547960256757,0.155700675
2026-04-06,vol_long,941.4611039874386,9.318243491706934,0.003,0.5190219768225,-1.3061733607384949,0.155700675
2026-04-07,vol_long,950.7227618854841,8.426158409469831,0.003,0.5190219768225,-1.3282561800828852,0.155700675
2026-04-08,vol_long,948.0800480339552,8.680705233539832,0.003,0.5190219768225,-1.353256268561824,0.155700675
2026-04-09,vol_long,950.2078296483662,8.475756804503709,0.003,0.5190219768225,-1.3597972215508238,0.155700675
2026-04-10,vol_long,953.6919770258858,8.140162903928239,0.003,0.5190219768225,-1.361200322291358,0.155700675
2026-04-11,vol_long,954.0050456561262,8.110008059317442,0.003,0.5190219768225,-1.3173703007508646,0.155700675
2026-04-12,vol_long,947.1379084632667,8.771452340121455,0.003,0.5190219768225,-1.2909688849101928,0.155700675
2026-04-13,vol_long,958.1608861588643,7.70971651783956,0.003,0.5190219768225,-1.27842909037267,0.155700675
2026-04-14,vol_long,957.3620245614683,7.786663056100219,0.003,0.5190219768225,-1.25965278670867,0.155700675
2026-04-15,vol_long,959.4177079726521,7.5886591430744055,0.003,0.5190219768225,-1.2118693755248455,0.155700675
2026-04-16,vol_long,960.4532994357068,7.488910728087273,0.003,0.5190219768225,-1.1928543689901825,0.155700675
2026-04-17,vol_long,966.2552595787811,6.930064552991222,0.003,0.5190219768225,-1.1813848998258458,0.155700675
2026-04-18,vol_long,962.1265322786218,7.327744544375314,0.003,0.5190219768225,-1.1358450695552662,0.155700675
2026-04-19,vol_long,956.4776662247098,7.871844660545014,0.003,0.5190219768225,-1.0725859234772663,0.155700675
2026-04-20,vol_long,962.636355319704,7.278638268313642,0.003,0.5190219768225,-1.0454220284731772,0.155700675
2026-04-21,vol_long,964.1614359862997,7.131742137312591,0.003,0.5190219768225,-1.0044413618774903,0.155700675
2026-04-22,vol_long,969.7272392851376,6.595642645383926,0.003,0.5190219768225,-1.0058694108695114,0.155700675
2026-04-23,vol_long,969.9820068854075,6.571103369787689,0.003,0.5190219768225,-0.9633704627695129,0.155700675
2026-04-24,vol_long,967.5599823467464,6.804393346975002,0.003,0.5190219768225,-0.928695001430513,0.155700675
2026-04-25,vol_long,968.1574871743086,6.746841540473348,0.003,0.5190219768225,-0.8984901738683511,0.155700675
2026-04-26,vol_long,971.2332115692066,6.450587038313394,0.003,0.5190219768225,-0.8998657789703002,0.155700675
2026-04-27,vol_long,967.4318865181382,6.816731567524304,0.003,0.5190219768225,-0.8672302213287583,0.155700675
2026-04-28,vol_long,964.3326422149233,7.115251512823695,0.003,0.5190219768225,-0.8626351332535768,0.155700675
2026-04-29,vol_long,962.68348770559,7.274098465742441,0.003,0.5190219768225,-0.8671896425869146,0.155700675
2026-04-30,vol_long,964.349522231704,7.113625625609588,0.003,0.5190219768225,-0.8467456817029145,0.155700675
2026-05-01,vol_long,970.050088108549,6.5645457702505965,0.003,0.5190219768225,-0.8265892396278883,0.155700675
2026-05-02,vol_long,971.4589936778779,6.428839652132767,0.003,0.5190219768225,-0.8067141050890841,0.155700675
2026-05-03,vol_long,971.0771860319514,6.465615455014328,0.003,0.5190219768225,-0.8104913162254469,0.155700675
2026-05-04,vol_long,976.2393253382445,5.9683969744498855,0.004,0.5582803646975,-0.8100178720574469,0.167476425
2026-05-05,vol_long,980.425562949573,5.565177576273439,0.004,0.5582803646975,-0.7669802607289263,0.167476425
2026-05-06,vol_long,982.6263487220467,5.353197369442675,0.004,0.5582803646975,-0.70509897101509,0.167476425
2026-05-07,vol_long,976.9538272732287,5.899575978852168,0.004,0.5582803646975,-0.6615159370731134,0.167476425
2026-05-08,vol_long,977.7247652336085,5.825319051922239,0.004,0.5582803646975,-0.6405779766933138,0.167476425
2026-05-09,vol_long,979.637311091027,5.641102181975299,0.004,0.5582803646975,-0.6460537424749849,0.167476425
2026-05-10,vol_long,985.775703259259,5.049850794536715,0.004,0.5582803646975,-0.6800399510428901,0.167476425
2026-05-11,vol_long,984.0313537314553,5.217866954180172,0.005,0.599001721985,-0.728098401609227,0.17969100000000002
2026-05-12,vol_long,977.8022434703847,5.817856329806304,0.005,0.599001721985,-0.7666725576298795,0.17969100000000002
2026-05-13,vol_long,971.8853367132608,6.387774189991147,0.005,0.599001721985,-0.8171705647536202,0.17969100000000002
2026-05-14,vol_long,980.645659258229,5.54397784769689,0.005,0.599001721985,-0.8610434470855683,0.17969100000000002
2026-05-15,vol_long,970.7896645799149,6.493309589370034,0.005,0.599001721985,-0.8423426980998321,0.17969100000000002
2026-05-16,vol_long,966.849645906058,6.872813121175614,0.004,0.638533591315,-0.872752420506693,0.19155234000000002
2026-05-17,vol_long,964.1305231630515,7.134719667769129,0.004,0.638533591315,-0.8891909056331538,0.19155234000000002
2026-05-18,vol_long,962.2126867836314,7.319446122048268,0.004,0.638533591315,-0.9254272850531539,0.19155234000000002
2026-05-19,vol_long,961.5125199514152,7.3868863571523,0.004,0.638533591315,-0.9731941172691538,0.19155234000000002
2026-05-20,vol_long,964.2980552712781,7.118582935427053,0.004,0.638533591315,-1.0290967104463264,0.19155234000000002
2026-05-21,vol_long,964.5640466313478,7.092962584628715,0.004,0.638533591315,-1.0664674373367284,0.19155234000000002
2026-05-22,vol_long,954.342182665986,8.077534942681442,0.005,0.6772117921749999,-1.0854514818384018,0.20315406000000003
2026-05-23,vol_long,960.3480330901356,7.499050007423591,0.005,0.6772117921749999,-1.1240909852389682,0.20315406000000003
2026-05-24,vol_long,961.801792790191,7.359023528811082,0.005,0.6772117921749999,-1.2068413576336683,0.20315406000000003
2026-05-25,vol_long,963.053941452571,7.238416273096304,0.005,0.6772117921749999,-1.2512401590036681,0.20315406000000003
2026-05-26,vol_long,956.0766519708216,7.9104704484542765,0.005,0.6772117921749999,-1.3192360248531474,0.20315406000000003
2026-05-27,vol_long,948.5521454616998,8.635232697489636,0.005,0.6772117921749999,-1.4284886861248929,0.20315406000000003
2026-05-28,vol_long,944.3289842705123,9.042008583622952,0.005,0.6772117921749999,-1.5205584280124735,0.20315406000000003
2026-05-29,vol_long,943.4302472972443,9.128575141741724,0.005,0.6772117921749999,-1.6018868505804829,0.20315406000000003
2026-05-30,vol_long,945.5036771728251,8.92886188506219,0.005,0.6772117921749999,-1.6549569749997577,0.20315406000000003
2026-05-31,vol_long,944.20301945288,9.054141544690342,0.0,0.8613171722249999,-1.7142694148947577,0.25839396000000003
