period,family,scenario,source,entry,exit,side,qty,reference,exit_reference,initial_stop,target,net,fees,impact,funding,reason,regime
main,A_ACCEPT,base,1641542400000,1641542700000,1641974700000,-1,0.003,41775.02,42586.74,43235.68945,38853.681099999994,-2.4410897884485876,0.126542822637,0.037962791999999995,0.15857582618842894,time,range
main,A_ACCEPT,base,1644019200000,1644019500000,1644300600000,1,0.002,41374.01,45434.24049999999,39343.89475000001,45434.24049999999,7.960006393450331,0.08680764146542501,0.026042475149999997,-0.047604489934214775,target,range
main,A_ACCEPT,base,1645358400000,1645358700000,1645674000000,-1,0.003,38299.7,35086.06499999999,39906.5175,35086.06499999999,9.466556828856241,0.11007792443212498,0.033023594249999996,-0.031246652461646183,target,range
main,A_ACCEPT,base,1646424000000,1646424300000,1646812800000,-1,0.002,39793.1,41929.236500000006,41929.236500000006,35520.82699999998,-4.335025095996297,0.081722656920475,0.02451670095,0.04348726187420815,stop,range
main,A_ACCEPT,base,1646827200000,1646827500000,1646876700000,1,0.004,42198.4,41088.7385,41088.7385,44417.723000000005,-4.688972722997876,0.16657460989845,0.049972283099999994,-0.033779829999408,stop,range
main,A_ACCEPT,base,1648756800000,1648757100000,1649189100000,-1,0.002,45544.1,46063.3,47687.9345,41256.43099999999,-1.0219917119504627,0.09160747788000001,0.027482219999999998,0.13549798592956602,time,up
main,A_ACCEPT,base,1649692800000,1649693100000,1650125100000,-1,0.002,40681.7,40010.3,42401.178,37242.74399999999,1.2285958839076254,0.08069189929000001,0.024207599999999996,-0.00930461680235423,time,range
main,A_ACCEPT,base,1652126400000,1652126700000,1652332200000,-1,0.002,31296.4,26877.199,33506.0005,26877.199,8.777224263425598,0.058172936119850006,0.017452079699999998,0.01444727924544434,target,down
main,A_ACCEPT,base,1653897600000,1653897900000,1654267500000,1,0.003,30629.9,29257.6275,29257.6275,33374.44500000001,-4.297825824551457,0.08983160001131252,0.026949387374999998,-0.0642273371651324,stop,range
main,A_ACCEPT,base,1654502400000,1654502700000,1654565100000,1,0.003,31314.8,29834.157,29834.157,34276.085999999996,-4.580039069732902,0.091723768644675,0.027517030649999996,-0.018869270438220002,stop,range
main,A_ACCEPT,base,1654963200000,1654963500000,1655078400000,-1,0.004,28406.5,26460.370000000003,29379.565,26460.370000000003,7.660315859817128,0.10973315616100002,0.032920122,0.018449137978149448,target,range
main,A_ACCEPT,base,1655092800000,1655093100000,1655169600000,-1,0.002,25534.8,21385.835999999992,27609.282000000003,21385.835999999992,8.236921505304608,0.046920013655399995,0.014076190799999996,-1.029023999999973e-05,target,range
main,A_ACCEPT,base,1655553600000,1655553900000,1655670600000,-1,0.003,19212.7,20622.126,20622.126,16393.848,-4.298769268973401,0.05975255612085001,0.0179256717,0.007186958847449217,stop,down
main,A_ACCEPT,base,1656590400000,1656590700000,1656635100000,-1,0.004,19087.9,20116.1055,20116.1055,17031.489,-4.233908090533837,0.07840831946165,0.0235224033,-0.01915536777218879,stop,down
main,A_ACCEPT,base,1656993600000,1656993900000,1657014300000,1,0.008,20289.5,19683.0125,19683.0125,21502.475,-5.075924010089822,0.15989041389250003,0.047967014999999995,-0.016166581197296,stop,range
main,A_ACCEPT,base,1657224000000,1657224300000,1657547100000,1,0.003,21638.3,20319.5645,20319.5645,24275.770999999997,-4.094621165025212,0.06293709346548751,0.018881039024999997,-0.05659653253471778,stop,range
main,A_ACCEPT,base,1657598400000,1657598700000,1657819500000,-1,0.007,19937.8,20589.4935,20589.4935,18634.412999999997,-4.717105878039598,0.14184586938908753,0.042553658174999995,0.02914814952450459,stop,range
main,A_ACCEPT,base,1658260800000,1658261100000,1658693100000,1,0.003,23382.4,22685.1,21900.4525,26346.295000000006,-2.2683117101419454,0.06910140689250001,0.020730375000000002,-0.08657992824943024,time,range
main,A_ACCEPT,base,1658808000000,1658808300000,1658946900000,-1,0.004,21137.2,22298.853499999997,22298.853499999997,18813.893000000007,-4.738506898014039,0.08687245549605002,0.026061632099999996,0.021041189581995558,stop,range
main,A_ACCEPT,base,1659038400000,1659038700000,1659470700000,1,0.003,23841.5,22961.9,22529.4715,26465.557,-2.828134390267919,0.07020529791,0.02106153,-0.09806756235791717,time,range
main,A_ACCEPT,base,1659960000000,1659960300000,1660045200000,1,0.005,24184.1,23237.6295,23237.6295,26077.040999999997,-4.919823645497066,0.1185546786764375,0.03556629712499999,-0.03335016969562501,stop,range
main,A_ACCEPT,base,1660766400000,1660766700000,1660890900000,-1,0.007,23192.9,21997.445,23790.627500000002,21997.445,8.220654965527615,0.15816557988612504,0.047449862249999995,0.05808540766373681,target,range
main,A_ACCEPT,base,1661544000000,1661544300000,1661976300000,-1,0.003,20670.0,20210.2,21901.277,18207.446000000004,1.2665920378970132,0.061320196545000004,0.018396089999999997,-0.033091675557982723,time,range
main,A_ACCEPT,base,1662508800000,1662509100000,1662694200000,-1,0.004,18837.7,19875.105499999998,19875.105499999998,16762.889000000006,-4.242446507089645,0.07742592222165,0.023227683299999996,0.007829098432,stop,down
main,A_ACCEPT,base,1662724800000,1662725100000,1663105200000,1,0.004,20970.0,19877.0455,19877.0455,23155.909,-4.583516443168555,0.08169441888635001,0.024508227299999998,-0.10549579698219015,stop,range
main,A_ACCEPT,base,1663574400000,1663574700000,1663616400000,-1,0.004,18431.3,19536.6805,19536.6805,16220.539,-4.519781319435041,0.07593629261415,0.022780788299999997,0.00045776147911295997,stop,range
main,A_ACCEPT,base,1664265600000,1664265900000,1664297100000,1,0.004,20200.6,19149.2835,19149.2835,22303.232999999993,-4.314366352198945,0.07870008239495,0.0236099301,-0.006790339704,stop,range
main,A_ACCEPT,base,1666569600000,1666569900000,1666722600000,1,0.011,19557.4,20382.304000000004,19144.948,20382.304000000004,8.734205015855027,0.21966769145420004,0.0659005116,-0.05417078109081287,target,range
main,A_ACCEPT,base,1671206400000,1671206700000,1671638700000,-1,0.008,16951.9,16852.6,17536.0095,15783.681000000004,0.7184340225270806,0.13521794042,0.0405654,0.09981736294707841,time,range
main,A_ACCEPT,base,1672819200000,1672819500000,1673251500000,1,0.019,16867.7,17193.2,16636.7675,17329.565,5.493193325930237,0.32357808616250006,0.097073565,-0.2706550229072861,time,range
main,A_ACCEPT,base,1673395200000,1673395500000,1673479800000,1,0.026000000000000002,17430.4,17764.804000000004,17263.198,17764.804000000004,8.089426298531114,0.45753699991220015,0.1372612956,-0.010279405956751041,target,up
main,A_ACCEPT,base,1673640000000,1673640300000,1673656500000,1,0.008,19362.9,20539.506,18774.597,20539.506,9.191415630507612,0.1596089180364,0.0478828872,-0.013940564256000001,target,up
main,A_ACCEPT,base,1675987200000,1675987500000,1676419500000,-1,0.005,21820.2,22174.3,22644.764,20171.072000000004,-1.7983082612707157,0.1099863827875,0.032995874999999994,0.11517399651679197,time,range
main,A_ACCEPT,base,1676476800000,1676477100000,1676493000000,1,0.006,22807.9,24322.861000000004,22050.4195,24322.861000000004,8.905956713832461,0.14139160126755004,0.0424176849,0.0,target,range
main,A_ACCEPT,base,1677268800000,1677269100000,1677701100000,-1,0.005,23217.9,23396.6,24075.2535,21503.193000000007,-0.9673501396492004,0.11653631701250002,0.034960874999999995,0.07764705236330034,time,range
main,A_ACCEPT,base,1678680000000,1678680300000,1678797000000,1,0.003,22232.5,25298.706,20699.397,25298.706,9.076523509250107,0.07129611910365,0.0213890427,-0.02940932894623576,target,down
main,A_ACCEPT,base,1682121600000,1682121900000,1682456400000,-1,0.005,27271.7,28134.983500000002,28134.983500000002,25545.132999999998,-4.431126551163207,0.13851703248131253,0.041555012625,0.06536299394312448,stop,range
main,A_ACCEPT,base,1682481600000,1682481900000,1682511900000,1,0.006,28300.8,29787.855999999996,27557.272,29787.855999999996,8.692921047542356,0.1742652988248,0.05227979039999999,-0.002869863232816084,target,range
main,A_ACCEPT,base,1682971200000,1682971500000,1683042000000,-1,0.006,27895.7,28653.622,28653.622,26379.856000000003,-4.756121927004907,0.1696483070649,0.050894389799999995,0.011952769860000002,stop,range
main,A_ACCEPT,base,1683878400000,1683878700000,1684076700000,-1,0.006,26329.3,27133.9635,27133.9635,24719.972999999994,-5.008622583675977,0.16039015259857503,0.04811693715,0.027865506072627597,stop,range
main,A_ACCEPT,base,1684137600000,1684137900000,1684322400000,1,0.006,27410.0,26661.6865,26661.6865,28906.627,-4.754060732927604,0.16221539624107503,0.04866451785,-0.05329981883652269,stop,range
main,A_ACCEPT,base,1685260800000,1685261100000,1685311200000,1,0.009000000000000001,27197.4,28150.905000000006,26720.6475,28150.905000000006,8.233220369365874,0.2490667288841251,0.07472021175000002,-0.024537690000000004,target,range
main,A_ACCEPT,base,1687320000000,1687320300000,1687364700000,1,0.005,28731.0,30545.378000000004,27823.810999999998,30545.378000000004,8.86100618388944,0.14819026460825002,0.0444572835,-0.01823626800231777,target,range
main,A_ACCEPT,base,1687377600000,1687377900000,1687809900000,1,0.003,30105.6,30252.5,28815.963,32684.873999999996,0.18698023724047685,0.0905371169475,0.027161144999999998,-0.13602150081202202,time,range
main,A_ACCEPT,base,1691510400000,1691510700000,1691942700000,1,0.011,29546.4,29346.6,29144.787,30349.626000000004,-3.0597626292159332,0.323911664835,0.09717345,-0.44087751438089945,time,range
main,A_ACCEPT,base,1692244800000,1692245100000,1692305400000,-1,0.009000000000000001,28653.2,27655.484,29152.058,27655.484,8.70092066466049,0.2533884045417001,0.0760167234,0.05088179260219501,target,range
main,A_ACCEPT,base,1694462400000,1694462700000,1694488800000,-1,0.006,25044.0,25770.2855,25770.2855,23591.428999999996,-4.551768959609204,0.152443183328475,0.04573285695,0.0041200806692993225,stop,range
main,A_ACCEPT,base,1695052800000,1695053100000,1695058200000,1,0.007,27296.0,26645.786,26645.786,28596.428,-4.796933467662371,0.18879659236235002,0.05663887529999999,0.0,stop,range
main,A_ACCEPT,base,1695931200000,1695931500000,1696235700000,1,0.007,27100.1,28452.172999999995,26424.0635,28452.172999999995,9.207547710341064,0.194432245661675,0.05832988664999999,-0.004201157347218487,target,range
main,A_ACCEPT,base,1697054400000,1697054700000,1697402400000,-1,0.009000000000000001,26741.3,27278.4645,27278.4645,25666.971,-5.062657393280893,0.24308930283603755,0.072926682075,0.08783909163016249,stop,range
main,A_ACCEPT,base,1697788800000,1697789100000,1698032700000,1,0.006,29251.9,30705.367000000006,28525.1665,30705.367000000006,8.437146570316354,0.17987114693985,0.0539615403,-0.04982274244380709,target,range
main,A_ACCEPT,base,1698897600000,1698897900000,1698942000000,1,0.004,35573.0,34493.4555,34493.4555,37732.08900000001,-4.5283203043641,0.14013323486335,0.042039873299999996,-0.027969196200732002,stop,up
main,A_ACCEPT,base,1699934400000,1699934700000,1699987800000,-1,0.01,36477.4,35539.324,36946.438,35539.324,9.025090476416914,0.36008291644300006,0.10802508599999999,0.11243847885995692,target,up
main,A_ACCEPT,base,1700092800000,1700093100000,1700157900000,1,0.003,37859.0,36198.965,36198.965,41179.07000000001,-5.154725811439888,0.11108732100787501,0.03332608425,-0.030207406182,stop,up
main,A_ACCEPT,base,1701676800000,1701677100000,1702070400000,1,0.003,41514.4,44688.23100000001,39927.4845,44688.23100000001,9.154660474622688,0.12930323238802502,0.03879118395,-0.19873810903930503,target,up
main,A_ACCEPT,base,1704153600000,1704153900000,1704283200000,1,0.002,44341.0,42641.566999999995,42641.566999999995,47739.86600000001,-3.626991537093409,0.08698282191495,0.026094770099999998,-0.11504794507843885,stop,range
main,A_ACCEPT,base,1704729600000,1704729900000,1704834900000,1,0.003,45077.6,48098.51500000001,43567.142499999994,48098.51500000001,8.838847131503773,0.13976349279412503,0.04192925175,-0.042205123952127006,target,range
main,A_ACCEPT,base,1705104000000,1705104300000,1705536300000,-1,0.002,42843.6,42772.4,44853.794499999996,38823.211,0.15937419196965347,0.08561598932,0.0256848,0.12827498128966203,time,range
main,A_ACCEPT,base,1706284800000,1706285100000,1706717100000,1,0.003,41418.9,43433.0,39880.6815,44495.33700000001,5.713725579155021,0.12727739682750003,0.038183355,-0.16311366901746643,time,range
main,A_ACCEPT,base,1707350400000,1707350700000,1707480300000,1,0.003,44399.8,47309.205000000016,42945.097499999996,47309.205000000016,8.518982595085383,0.13756285288387504,0.04126905225000001,-0.030400499780776885,target,range
main,A_ACCEPT,base,1707926400000,1707926700000,1708358700000,1,0.002,51643.6,52189.2,49658.661,55613.477999999996,0.7469370253021979,0.10383271816,0.031149839999999998,-0.2092804165377865,time,up
main,A_ACCEPT,base,1709121600000,1709121900000,1709140200000,1,0.002,59088.6,63581.848000000005,56841.975999999995,63581.848000000005,8.761709472306315,0.12266977401280002,0.036801134400000005,-0.06531561928089019,target,up
main,A_ACCEPT,base,1709150400000,1709150700000,1709541300000,1,0.002,60967.9,65233.063,58835.3185,65233.063,7.433066769718004,0.12620032322555003,0.0378602889,-0.933198618156429,target,up
main,A_ACCEPT,base,1709568000000,1709568300000,1709658300000,1,0.002,66431.0,63989.4235,63989.4235,71314.153,-5.347303515444492,0.13042078973647503,0.03912612705,-0.29460359865799995,stop,up
main,A_ACCEPT,base,1710158400000,1710158700000,1710471000000,1,0.001,71727.9,68387.097,68387.097,78409.506,-3.783541472659046,0.070057749060225,0.02101724955,-0.35166347404882037,stop,up
main,A_ACCEPT,base,1710907200000,1710907500000,1710954900000,-1,0.001,61991.8,64735.568999999996,64735.568999999996,56504.26200000002,-2.808194076258113,0.063363890282675,0.01900910535,0.017947919374562,stop,range
main,A_ACCEPT,base,1711396800000,1711397100000,1711829100000,1,0.001,70884.5,69897.3,66688.9605,79275.579,-1.3674653797395027,0.07039097404,0.02111727,-0.28875713569950306,time,range
main,A_ACCEPT,base,1712577600000,1712577900000,1712673600000,1,0.001,72495.4,69194.26150000001,69194.26150000001,79097.67699999997,-3.4480108459405874,0.07084507833538752,0.021253449225,-0.054773818380201025,stop,range
main,A_ACCEPT,base,1713528000000,1713528300000,1713960300000,1,0.001,64934.2,66570.5,61514.9535,71772.69299999998,1.5208509559526018,0.0657522272775,0.019725704999999996,-0.029971111769896926,time,range
main,A_ACCEPT,base,1714492800000,1714493100000,1714779000000,-1,0.002,60871.2,63306.2825,63306.2825,56001.03499999999,-4.979521251355167,0.124177847762375,0.03725324475,0.05207484115722842,stop,range
main,A_ACCEPT,base,1715803200000,1715803500000,1716235500000,1,0.001,65720.1,70031.8,62280.282,72599.73600000002,4.19169115374894,0.0678756266225,0.020362785,-0.031770434628552224,time,range
main,A_ACCEPT,base,1718107200000,1718107500000,1718195400000,-1,0.003,66872.3,68519.675,68519.675,63577.55,-5.145830793479631,0.20308833315937502,0.060926388750000005,0.06030892842978601,stop,range
main,A_ACCEPT,base,1719201600000,1719201900000,1719247800000,-1,0.003,62807.1,60063.586,64178.856999999996,60063.586,8.023338213238615,0.18430541170935,0.0552918087,0.032393433648,target,down
main,A_ACCEPT,base,1719806400000,1719806700000,1719971700000,1,0.003,63360.8,61767.313,61767.313,66547.774,-5.137250649702334,0.18769252803457503,0.056307650849999995,-0.11278947081775502,stop,range
main,A_ACCEPT,base,1720166400000,1720166700000,1720283100000,-1,0.001,54246.7,57652.93,57652.93,47434.23999999999,-3.468611975218785,0.05595007046725001,0.0167849445,0.010353039748470825,stop,down
main,A_ACCEPT,base,1721030400000,1721030700000,1721462700000,1,0.002,62875.2,66486.6,60538.1415,67549.317,7.023838181385613,0.12936125829,0.03880854,-0.03079202032440645,time,range
main,A_ACCEPT,base,1722470400000,1722470700000,1722709800000,-1,0.002,64655.9,60123.594999999994,66922.0525,60123.594999999994,8.995944772221634,0.12477881515425002,0.0374338485,0.09354743587587316,target,up
main,A_ACCEPT,base,1724140800000,1724141100000,1724166000000,1,0.003,60877.6,59251.973999999995,59251.973999999995,64128.852000000006,-5.111131035065871,0.18019472676585002,0.054058308299999996,0.0,stop,range
main,A_ACCEPT,base,1724457600000,1724457900000,1724793300000,1,0.001,64068.0,61188.9335,61188.9335,69826.133,-2.9758447594383126,0.0626286826799875,0.018788540024999998,-0.015361036733322873,stop,range
main,A_ACCEPT,base,1725652800000,1725653100000,1725911700000,-1,0.001,53589.8,57115.2325,57115.2325,46538.93500000001,-3.6200576539961316,0.055352780657437504,0.016605754875,-0.02266661846369562,stop,range
main,A_ACCEPT,base,1726257600000,1726257900000,1726506600000,1,0.002,59635.9,57504.4965,57504.4965,63898.707,-4.423146484684057,0.11714071621052502,0.035142118949999995,-0.008056649523521146,stop,range
main,A_ACCEPT,base,1726718400000,1726718700000,1727150700000,1,0.001,62099.2,63064.2,59319.6935,67658.21299999999,0.8334127775508007,0.062581627625,0.018774509999999998,-0.05023108482419652,time,range
main,A_ACCEPT,base,1728518400000,1728518700000,1728662100000,-1,0.002,60573.0,62403.5055,62403.5055,56911.989,-3.8064445953445825,0.122976780075825,0.03689295164999999,0.014436136381247706,stop,range
main,A_ACCEPT,base,1728892800000,1728893100000,1729277100000,1,0.002,64554.5,68966.233,62348.6335,68966.233,8.479787369213895,0.13352007124005,0.040056219899999995,-0.17010233964602792,target,range
main,A_ACCEPT,base,1730160000000,1730160300000,1730220300000,1,0.003,69846.4,72841.29499999998,68348.9525,72841.29499999998,8.663432198901338,0.21403086864862497,0.06420946274999997,-0.04301246970000001,target,up
main,A_ACCEPT,base,1730232000000,1730232300000,1730383500000,1,0.003,72357.9,70828.569,70828.569,75416.56199999998,-4.975750717649475,0.214780047599475,0.06443391104999999,-0.10854375899999699,stop,up
main,A_ACCEPT,base,1731340800000,1731341100000,1731509400000,1,0.001,84482.1,91575.23800000001,80935.531,91575.23800000001,6.842315492398926,0.08802813701465001,0.0264086007,-0.13638576988642942,target,up
main,A_ACCEPT,base,1732176000000,1732176300000,1732571100000,1,0.001,96968.0,93843.5065,93843.5065,103216.987,-3.420036416247043,0.0954059875870125,0.028621725974999998,-0.17151520268502163,stop,up
main,A_ACCEPT,base,1732896000000,1732896300000,1733127300000,1,0.001,98339.9,95535.31150000001,95535.31150000001,103949.07699999996,-3.059986046789387,0.09693781609413751,0.029081281724999998,-0.1293784489702543,stop,up
main,A_ACCEPT,base,1736150400000,1736150700000,1736210100000,1,0.003,99439.5,102736.33899999998,97791.08050000001,102736.33899999998,9.434990171045063,0.303263016711225,0.09097912755,-0.061284684693615005,target,range
main,A_ACCEPT,base,1736971200000,1736971500000,1737355500000,1,0.001,99709.6,106460.98700000002,96333.9065,106460.98700000002,6.517546204168489,0.10308478714597502,0.03092558805,-0.09983042063554082,target,range
main,A_ACCEPT,base,1739822400000,1739822700000,1740019800000,-1,0.003,95475.1,97077.2585,97077.2585,92270.78300000002,-5.022212991855281,0.28882889823566255,0.086648561325,0.15973996770533525,stop,range
main,A_ACCEPT,base,1740427200000,1740427500000,1740467400000,-1,0.002,94075.0,89922.05799999999,96151.471,89922.05799999999,8.08499338299464,0.1839964350587,0.0551991174,0.018304935453334,target,range
main,A_ACCEPT,base,1741550400000,1741550700000,1741632600000,-1,0.002,82739.2,77778.30999999998,85219.645,77778.30999999998,9.728156623631698,0.1605167658665,0.048155252999999995,0.015048642498174027,target,range
main,A_ACCEPT,base,1742428800000,1742429100000,1742561700000,1,0.001,87270.0,83373.7075,83373.7075,95062.58499999999,-4.017207258165475,0.08532214597193752,0.025596556124999996,-0.00999605606853637,stop,range
main,A_ACCEPT,base,1742803200000,1742803500000,1743147000000,1,0.003,86998.9,85409.804,85409.804,90177.09199999998,-5.092304711853627,0.2586134135466,0.07758391679999999,0.0111806184929973,stop,range
main,A_ACCEPT,base,1743192000000,1743192300000,1743601500000,-1,0.002,83807.5,85680.8795,85680.8795,80060.74100000001,-3.894995848012152,0.16948866050692502,0.05084651385,0.0720983263447963,stop,range
main,A_ACCEPT,base,1743624000000,1743624300000,1743628500000,1,0.002,86680.6,84305.7795,84305.7795,91430.24100000001,-4.971923649573094,0.17098673572307502,0.05129591385,0.0,stop,range
main,A_ACCEPT,base,1743984000000,1743984300000,1744222500000,-1,0.001,77776.7,82652.4145,82652.4145,68025.271,-4.951553514094777,0.0802149229285875,0.024064367175,0.028440276008827023,stop,range
main,A_ACCEPT,base,1745352000000,1745352300000,1745784300000,1,0.001,91280.6,94257.3,88334.0055,97173.78900000002,2.864834594492535,0.09276872674750002,0.027830685,0.008734006240045625,time,range
main,A_ACCEPT,base,1746115200000,1746115500000,1746397800000,1,0.002,96970.0,94757.8735,94757.8735,101394.253,-4.620750595693855,0.19172820531897503,0.057518362049999994,0.052748971675118925,stop,up
main,A_ACCEPT,base,1746417600000,1746417900000,1746570600000,-1,0.003,94104.5,95775.051,95775.051,90763.39799999999,-5.357573732854339,0.284819702373975,0.08544579795,0.02434476746965604,stop,up
main,A_ACCEPT,base,1746691200000,1746691500000,1746918900000,1,0.001,99335.9,104575.32699999999,96716.1865,104575.32699999999,5.051222944699895,0.10195522054297501,0.030586684049999997,-0.055662150707116,target,up
main,A_ACCEPT,base,1748563200000,1748563500000,1748995500000,-1,0.003,105692.6,105437.5,107248.99,102579.82,0.5510969337808994,0.31669509260250006,0.095008545,0.19750057138338628,time,range
main,A_ACCEPT,base,1749168000000,1749168300000,1749220800000,-1,0.001,101392.7,104653.272,104653.272,94871.556,-3.397625959382899,0.10302323054290001,0.0309068958,-0.00312383304,stop,range
main,A_ACCEPT,base,1749513600000,1749513900000,1749702000000,1,0.001,110129.5,107478.6875,107478.6875,115431.125,-2.838472552839025,0.10880429256093752,0.032641228125000005,-0.04621453215307879,stop,range
main,A_ACCEPT,base,1749787200000,1749787500000,1750059000000,-1,0.001,103970.2,107045.681,107045.681,97819.238,-3.195097783956917,0.105508171161075,0.03165238215,0.017543769354159206,stop,range
main,A_ACCEPT,base,1750550400000,1750550700000,1750601700000,-1,0.004,102504.9,100111.18999999997,103701.755,100111.18999999997,9.088998484113095,0.405231461887,0.12156965399999997,0.040959600000000006,target,range
main,A_ACCEPT,base,1750622400000,1750622700000,1750702200000,-1,0.001,98750.1,102907.559,102907.559,90435.18200000003,-4.287512987689009,0.10082914130942502,0.030248648849999997,0.001023802470419069,stop,range
main,A_ACCEPT,base,1751400000000,1751400300000,1751443200000,-1,0.002,105330.9,107211.644,107211.644,101569.41199999998,-4.026691642431649,0.21254282611160003,0.06376276319999999,0.011101946880000001,stop,range
main,A_ACCEPT,base,1753430400000,1753430700000,1753628700000,-1,0.001,115455.2,118556.793,118556.793,109252.01399999998,-3.1832353052878792,0.11700622911947502,0.03510179895,0.070465722781614,stop,up
main,A_ACCEPT,base,1754020800000,1754021100000,1754159100000,-1,0.003,115468.5,112319.50999999998,117042.99500000001,112319.50999999998,9.062192436517577,0.34168130647725004,0.10250460449999999,0.059408347494756465,target,range
main,A_ACCEPT,base,1754582400000,1754582700000,1754877600000,1,0.002,116614.0,120548.101,114646.9495,120548.101,7.383738936577845,0.23716151088485005,0.07114863029999999,-0.17615292223725382,target,range
main,A_ACCEPT,base,1755129600000,1755129900000,1755170400000,1,0.001,123605.5,120764.579,120764.579,129287.342,-3.011935694308943,0.12218525256907503,0.03665551185,-0.012173929889855,stop,range
main,A_ACCEPT,base,1755504000000,1755504300000,1755936300000,-1,0.002,115127.1,115783.6,117586.42749999999,110208.44500000004,-1.4019838781684677,0.230910798475,0.06927321,0.21120013030654616,time,range
main,A_ACCEPT,base,1756497600000,1756497900000,1756823400000,-1,0.001,108030.1,111622.6235,111622.6235,100845.05300000001,-3.656382114773305,0.10982663118926252,0.032947908525,0.07891592494097358,stop,range
main,A_ACCEPT,base,1758844800000,1758845100000,1759097700000,-1,0.001,109100.6,111750.7305,111750.7305,103800.339,-2.7533596070160278,0.11042586400978752,0.033127699575,0.04032445656876756,stop,range
main,A_ACCEPT,base,1759176000000,1759176300000,1759363200000,1,0.002,114154.2,118920.63299999999,111770.9835,118920.63299999999,9.147759103393625,0.23307411803505,0.06992244989999999,-0.08211032867129228,target,range
main,A_ACCEPT,base,1759377600000,1759377900000,1759506900000,1,0.002,118786.1,122370.563,116993.86850000001,122370.563,6.761012526241348,0.24115612533055003,0.0723469989,-0.09441034952807895,target,range
main,A_ACCEPT,base,1759521600000,1759521900000,1759953900000,1,0.001,122309.7,123252.3,119699.17099999999,127530.75800000002,0.632419929663771,0.12278092930500001,0.0368343,-0.15056484103123244,time,range
main,A_ACCEPT,base,1760644800000,1760645100000,1761058500000,-1,0.001,108091.5,112143.82,112143.82,99986.85999999999,-4.2163918972998395,0.11011796392400003,0.033035298,-0.020918635375829744,stop,range
main,A_ACCEPT,base,1761494400000,1761494700000,1761752700000,1,0.002,113518.5,111547.58350000001,111547.58350000001,117460.33299999998,-4.343781800770318,0.22506637913747501,0.06751982505,-0.10936259658283412,stop,down
main,A_ACCEPT,base,1761854400000,1761854700000,1761872700000,-1,0.001,106378.7,109893.1345,109893.1345,99349.83099999999,-3.6547808547526013,0.10813618083258753,0.03244077517499999,0.000230601255,stop,range
main,A_ACCEPT,base,1762286400000,1762286700000,1762718400000,-1,0.001,100286.4,104935.4665,104935.4665,90988.26699999999,-4.707938133495436,0.1026112819299875,0.030783279975,0.07452292840955452,stop,range
main,A_ACCEPT,base,1763683200000,1763683500000,1764115500000,-1,0.001,86672.0,87564.1,90077.705,79860.59,-0.9834363174604647,0.08711811690750002,0.026135415,0.02191721444703825,time,down
main,A_ACCEPT,base,1764201600000,1764201900000,1764556500000,1,0.001,90368.8,86766.4445,86766.4445,97573.51100000001,-3.7471546322615343,0.08856789242666252,0.026570286675,-0.02966095315985923,stop,down
main,A_ACCEPT,base,1764748800000,1764749100000,1764941100000,1,0.002,93052.5,90802.9705,90802.9705,97551.55900000001,-4.774906300591436,0.18385580792942502,0.05515664114999999,-0.03683485151199298,stop,range
main,A_ACCEPT,base,1765310400000,1765310700000,1765421100000,1,0.001,93577.5,89824.5065,89824.5065,101083.487,-3.881960695617388,0.0917012847245125,0.027510300975,-0.009755609917876256,stop,range
main,A_ACCEPT,base,1765828800000,1765829100000,1765983600000,-1,0.001,86146.2,89941.27,89941.27,78556.05999999998,-3.885036701033083,0.08804401963025,0.026413120499999998,0.02449043909717498,stop,range
main,A_ACCEPT,cost_x2,1641542400000,1641542700000,1641974700000,-1,0.003,41775.02,42586.74,43235.68945,38853.681099999994,-2.6055957683595565,0.253086010548,0.07592558399999999,0.15857582618842894,time,range
main,A_ACCEPT,cost_x2,1644019200000,1644019500000,1644300600000,1,0.002,41374.01,45434.24049999999,39343.89475000001,45434.24049999999,7.847157494904074,0.1736140648617,0.052084950299999995,-0.047604489934214775,target,range
main,A_ACCEPT,cost_x2,1645358400000,1645358700000,1645674000000,-1,0.002,38299.7,35086.06499999999,39906.5175,35086.06499999999,6.215637837539931,0.14676960181899998,0.044031458999999995,-0.020831101641097454,target,range
main,A_ACCEPT,cost_x2,1646424000000,1646424300000,1646812800000,-1,0.002,39793.1,41929.236500000006,41929.236500000006,35520.82699999998,-4.441265094707708,0.16344595468190004,0.0490334019,0.04348726187420815,stop,range
main,A_ACCEPT,cost_x2,1646827200000,1646827500000,1646876700000,1,0.004,42198.4,41088.7385,41088.7385,44417.723000000005,-4.905520281793208,0.33314988559380004,0.09994456619999999,-0.033779829999408,stop,range
main,A_ACCEPT,cost_x2,1648756800000,1648757100000,1649189100000,-1,0.002,45544.1,46063.3,47687.9345,41256.43099999999,-1.141081565590439,0.18321511152000003,0.054964439999999996,0.13549798592956602,time,up
main,A_ACCEPT,cost_x2,1649692800000,1649693100000,1650125100000,-1,0.002,40681.7,40010.3,42401.178,37242.74399999999,1.1236965860376456,0.16138359716,0.04841519999999999,-0.00930461680235423,time,range
main,A_ACCEPT,cost_x2,1652126400000,1652126700000,1652332200000,-1,0.002,31296.4,26877.199,33506.0005,26877.199,8.701600573366052,0.11634454647940001,0.034904159399999996,0.01444727924544434,target,down
main,A_ACCEPT,cost_x2,1653897600000,1653897900000,1654267500000,1,0.003,30629.9,29257.6275,29257.6275,33374.44500000001,-4.414607429460387,0.17966381754525002,0.053898774749999996,-0.0642273371651324,stop,range
main,A_ACCEPT,cost_x2,1654502400000,1654502700000,1654565100000,1,0.003,31314.8,29834.157,29834.157,34276.085999999996,-4.699280535316913,0.1834482035787,0.05503406129999999,-0.018869270438220002,stop,range
main,A_ACCEPT,cost_x2,1654963200000,1654963500000,1655078400000,-1,0.004,28406.5,26460.370000000003,29379.565,26460.370000000003,7.5176637493341465,0.21946514464400002,0.065840244,0.018449137978149448,target,range
main,A_ACCEPT,cost_x2,1655092800000,1655093100000,1655169600000,-1,0.002,25534.8,21385.835999999992,27609.282000000003,21385.835999999992,8.175926545538415,0.09383878262159998,0.02815238159999999,-1.029023999999973e-05,target,range
main,A_ACCEPT,cost_x2,1655553600000,1655553900000,1655670600000,-1,0.003,19212.7,20622.126,20622.126,16393.848,-4.376448131035944,0.1195057464834,0.0358513434,0.007186958847449217,stop,down
main,A_ACCEPT,cost_x2,1656590400000,1656590700000,1656635100000,-1,0.004,19087.9,20116.1055,20116.1055,17031.489,-4.335839430218785,0.1568172558466,0.0470448066,-0.01915536777218879,stop,down
main,A_ACCEPT,cost_x2,1656993600000,1656993900000,1657014300000,1,0.007,20289.5,19683.0125,19683.0125,21502.475,-4.623309395921383,0.27980886112375,0.08394227625,-0.014145758547634,stop,range
main,A_ACCEPT,cost_x2,1657224000000,1657224300000,1657547100000,1,0.003,21638.3,20319.5645,20319.5645,24275.770999999997,-4.176439890946664,0.12587478036195,0.037762078049999995,-0.05659653253471778,stop,range
main,A_ACCEPT,cost_x2,1657598400000,1657598700000,1657819500000,-1,0.007,19937.8,20589.4935,20589.4935,18634.412999999997,-4.90150608988184,0.28369242305635,0.08510731634999999,0.02914814952450459,stop,range
main,A_ACCEPT,cost_x2,1658260800000,1658261100000,1658693100000,1,0.003,23382.4,22685.1,21900.4525,26346.295000000006,-2.3581438058194304,0.13820312757000003,0.041460750000000005,-0.08657992824943024,time,range
main,A_ACCEPT,cost_x2,1658808000000,1658808300000,1658946900000,-1,0.004,21137.2,22298.853499999997,22298.853499999997,18813.893000000007,-4.8514416826021876,0.1737456079842,0.05212326419999999,0.021041189581995558,stop,range
main,A_ACCEPT,cost_x2,1659038400000,1659038700000,1659470700000,1,0.003,23841.5,22961.9,22529.4715,26465.557,-2.9194016139979038,0.14041099164,0.04212306,-0.09806756235791717,time,range
main,A_ACCEPT,cost_x2,1659960000000,1659960300000,1660045200000,1,0.004,24184.1,23237.6295,23237.6295,26077.040999999997,-4.059156264921093,0.18968805376460002,0.05690607539999999,-0.026680135756500002,stop,range
main,A_ACCEPT,cost_x2,1660766400000,1660766700000,1660890900000,-1,0.007,23192.9,21997.445,23790.627500000002,21997.445,8.015040778619255,0.31632990454450005,0.09489972449999999,0.05808540766373681,target,range
main,A_ACCEPT,cost_x2,1661544000000,1661544300000,1661976300000,-1,0.003,20670.0,20210.2,21901.277,18207.446000000004,1.1868759582620112,0.12264018618,0.036792179999999994,-0.033091675557982723,time,range
main,A_ACCEPT,cost_x2,1662508800000,1662509100000,1662694200000,-1,0.004,18837.7,19875.105499999998,19875.105499999998,16762.889000000006,-4.343100735054587,0.15485246688659998,0.04645536659999999,0.007829098432,stop,down
main,A_ACCEPT,cost_x2,1662724800000,1662725100000,1663105200000,1,0.004,20970.0,19877.0455,19877.0455,23155.909,-4.68971974512759,0.1633894935454,0.049016454599999995,-0.10549579698219015,stop,range
main,A_ACCEPT,cost_x2,1663574400000,1663574700000,1663616400000,-1,0.004,18431.3,19536.6805,19536.6805,16220.539,-4.618499063577482,0.1518732484566,0.045561576599999994,0.00045776147911295997,stop,range
main,A_ACCEPT,cost_x2,1664265600000,1664265900000,1664297100000,1,0.004,20200.6,19149.2835,19149.2835,22303.232999999993,-4.416676995483787,0.1574007955798,0.0472198602,-0.006790339704,stop,range
main,A_ACCEPT,cost_x2,1666569600000,1666569900000,1666722600000,1,0.01,19557.4,20382.304000000004,19144.948,20382.304000000004,7.680580158084006,0.3993945652880001,0.119819112,-0.04924616462801171,target,range
main,A_ACCEPT,cost_x2,1671206400000,1671206700000,1671638700000,-1,0.007,16951.9,16852.6,17536.0095,15783.681000000004,0.47481945110872764,0.23663129147,0.07098945,0.08734019257869359,time,range
main,A_ACCEPT,cost_x2,1672819200000,1672819500000,1673251500000,1,0.017,16867.7,17193.2,16636.7675,17329.565,4.538590749553986,0.57903363995,0.17371059,-0.24216502049599287,time,range
main,A_ACCEPT,cost_x2,1673395200000,1673395500000,1673479800000,1,0.023,17430.4,17764.804000000004,17263.198,17764.804000000004,6.629864387133614,0.8094873846124002,0.2428469076,-0.009093320654049,target,up
main,A_ACCEPT,cost_x2,1673640000000,1673640300000,1673656500000,1,0.007,19362.9,20539.506,18774.597,20539.506,7.860934582548596,0.2793143711274,0.0837950526,-0.012197993724000001,target,up
main,A_ACCEPT,cost_x2,1675987200000,1675987500000,1676419500000,-1,0.005,21820.2,22174.3,22644.764,20171.072000000004,-1.9412907846331946,0.21997303115,0.06599174999999999,0.11517399651679197,time,range
main,A_ACCEPT,cost_x2,1676476800000,1676477100000,1676493000000,1,0.006,22807.9,24322.861000000004,22050.4195,24322.861000000004,8.722148791129825,0.28278183907020005,0.0848353698,0.0,target,range
main,A_ACCEPT,cost_x2,1677268800000,1677269100000,1677701100000,-1,0.005,23217.9,23396.6,24075.2535,21503.193000000007,-1.1188474656866791,0.23307276805,0.06992174999999999,0.07764705236330034,time,range
main,A_ACCEPT,cost_x2,1678680000000,1678680300000,1678797000000,1,0.003,22232.5,25298.706,20699.397,25298.706,8.983839727239163,0.1425908584146,0.0427780854,-0.02940932894623576,target,down
main,A_ACCEPT,cost_x2,1682121600000,1682121900000,1682456400000,-1,0.005,27271.7,28134.983500000002,28134.983500000002,25545.132999999998,-4.611199243732122,0.27703471242525,0.08311002525,0.06536299394312448,stop,range
main,A_ACCEPT,cost_x2,1682481600000,1682481900000,1682511900000,1,0.006,28300.8,29787.855999999996,27557.272,29787.855999999996,8.466377296667966,0.3485292592992,0.10455958079999998,-0.002869863232816084,target,range
main,A_ACCEPT,cost_x2,1682971200000,1682971500000,1683042000000,-1,0.006,27895.7,28653.622,28653.622,26379.856000000003,-4.9766653059995765,0.33929729625960003,0.10178877959999999,0.011952769860000002,stop,range
main,A_ACCEPT,cost_x2,1683878400000,1683878700000,1684076700000,-1,0.005,26329.3,27133.9635,27133.9635,24719.972999999994,-4.347608664684727,0.26731752449525,0.08019489525000001,0.023221255060522996,stop,range
main,A_ACCEPT,cost_x2,1684137600000,1684137900000,1684322400000,1,0.006,27410.0,26661.6865,26661.6865,28906.627,-4.964941320500811,0.3244314659643,0.0973290357,-0.05329981883652269,stop,range
main,A_ACCEPT,cost_x2,1685260800000,1685261100000,1685311200000,1,0.009000000000000001,27197.4,28150.905000000006,26720.6475,28150.905000000006,7.909434715963557,0.4981321705365001,0.14944042350000003,-0.024537690000000004,target,range
main,A_ACCEPT,cost_x2,1687320000000,1687320300000,1687364700000,1,0.005,28731.0,30545.378000000004,27823.810999999998,30545.378000000004,8.668359996564712,0.29637916843300005,0.088914567,-0.01823626800231777,target,range
main,A_ACCEPT,cost_x2,1687377600000,1687377900000,1687809900000,1,0.003,30105.6,30252.5,28815.963,32684.873999999996,0.06928204139798227,0.18107416779,0.054322289999999995,-0.13602150081202202,time,range
main,A_ACCEPT,cost_x2,1691510400000,1691510700000,1691942700000,1,0.01,29546.4,29346.6,29144.787,30349.626000000004,-3.1644073397463046,0.5889305994,0.17667899999999997,-0.40079774034627236,time,range
main,A_ACCEPT,cost_x2,1692244800000,1692245100000,1692305400000,-1,0.008,28653.2,27655.484,29152.058,27655.484,7.4413483410092525,0.4504670774816,0.1351408416,0.04522826009084001,target,range
main,A_ACCEPT,cost_x2,1694462400000,1694462700000,1694488800000,-1,0.006,25044.0,25770.2855,25770.2855,23591.428999999996,-4.749945653544603,0.3048870203139,0.0914657139,0.0041200806692993225,stop,range
main,A_ACCEPT,cost_x2,1695052800000,1695053100000,1695058200000,1,0.007,27296.0,26645.786,26645.786,28596.428,-5.042369618049391,0.37759386744940004,0.11327775059999998,0.0,stop,range
main,A_ACCEPT,cost_x2,1695931200000,1695931500000,1696235700000,1,0.006,27100.1,28452.172999999995,26424.0635,28452.172999999995,7.675531712319489,0.3333112042686,0.09999409139999998,-0.0036009920119015604,target,range
main,A_ACCEPT,cost_x2,1697054400000,1697054700000,1697402400000,-1,0.008,26741.3,27278.4645,27278.4645,25666.971,-4.781043647434637,0.4321594051948,0.1296474348,0.07807919256014444,stop,range
main,A_ACCEPT,cost_x2,1697788800000,1697789100000,1698032700000,1,0.006,29251.9,30705.367000000006,28525.1665,30705.367000000006,8.203315191196836,0.35974098575940006,0.1079230806,-0.04982274244380709,target,range
main,A_ACCEPT,cost_x2,1698897600000,1698897900000,1698942000000,1,0.004,35573.0,34493.4555,34493.4555,37732.08900000001,-4.710494060254154,0.2802671174534,0.08407974659999999,-0.027969196200732002,stop,up
main,A_ACCEPT,cost_x2,1699934400000,1699934700000,1699987800000,-1,0.009000000000000001,36477.4,35539.324,36946.438,35539.324,7.7012854929791414,0.6481479831948002,0.19444515480000002,0.10119463097396125,target,up
main,A_ACCEPT,cost_x2,1700092800000,1700093100000,1700157900000,1,0.002,37859.0,36198.965,36198.965,41179.07000000001,-3.5327599758090096,0.14811692602100002,0.044434778999999994,-0.020138270788,stop,up
main,A_ACCEPT,cost_x2,1701676800000,1701677100000,1702070400000,1,0.003,41514.4,44688.23100000001,39927.4845,44688.23100000001,8.986567486508632,0.25860503655210004,0.0775823679,-0.19873810903930503,target,up
main,A_ACCEPT,cost_x2,1704153600000,1704153900000,1704283200000,1,0.002,44341.0,42641.566999999995,42641.566999999995,47739.86600000001,-3.7400696389382415,0.17396615365979998,0.052189540199999995,-0.11504794507843885,stop,range
main,A_ACCEPT,cost_x2,1704729600000,1704729900000,1704834900000,1,0.003,45077.6,48098.51500000001,43567.142499999994,48098.51500000001,8.657155746371396,0.27952562617650006,0.0838585035,-0.042205123952127006,target,range
main,A_ACCEPT,cost_x2,1705104000000,1705104300000,1705536300000,-1,0.002,42843.6,42772.4,44853.794499999996,38823.211,0.048073424009650756,0.17123195728,0.0513696,0.12827498128966203,time,range
main,A_ACCEPT,cost_x2,1706284800000,1706285100000,1706717100000,1,0.003,41418.9,43433.0,39880.6815,44495.33700000001,5.548265733672534,0.25455388731,0.07636671,-0.16311366901746643,time,range
main,A_ACCEPT,cost_x2,1707350400000,1707350700000,1707480300000,1,0.003,44399.8,47309.205000000016,42945.097499999996,47309.205000000016,8.340151999183774,0.2751243965355001,0.08253810450000001,-0.030400499780776885,target,range
main,A_ACCEPT,cost_x2,1707926400000,1707926700000,1708358700000,1,0.002,51643.6,52189.2,49658.661,55613.477999999996,0.6119546308222141,0.20766527264,0.062299679999999996,-0.2092804165377865,time,up
main,A_ACCEPT,cost_x2,1709121600000,1709121900000,1709140200000,1,0.002,59088.6,63581.848000000005,56841.975999999995,63581.848000000005,8.602239911867944,0.24533820005120002,0.07360226880000001,-0.06531561928089019,target,up
main,A_ACCEPT,cost_x2,1709150400000,1709150700000,1709541300000,1,0.002,60967.9,65233.063,58835.3185,65233.063,7.269007437141378,0.2523993669022,0.0757205778,-0.933198618156429,target,up
main,A_ACCEPT,cost_x2,1709568000000,1709568300000,1709658300000,1,0.002,66431.0,63989.4235,63989.4235,71314.153,-5.516851164703914,0.2608423119459,0.0782522541,-0.29460359865799995,stop,up
main,A_ACCEPT,cost_x2,1710158400000,1710158700000,1710471000000,1,0.001,71727.9,68387.097,68387.097,78409.506,-3.874616972389708,0.14011599924089999,0.0420344991,-0.35166347404882037,stop,up
main,A_ACCEPT,cost_x2,1710907200000,1710907500000,1710954900000,-1,0.001,61991.8,64735.568999999996,64735.568999999996,56504.26200000002,-2.8905674834561235,0.1267281921307,0.0380182107,0.017947919374562,stop,range
main,A_ACCEPT,cost_x2,1711396800000,1711397100000,1711829100000,1,0.001,70884.5,69897.3,66688.9605,79275.579,-1.458973771859505,0.14078209616,0.04223454,-0.28875713569950306,time,range
main,A_ACCEPT,cost_x2,1712577600000,1712577900000,1712673600000,1,0.001,72495.4,69194.26150000001,69194.26150000001,79097.67699999997,-3.540109868671733,0.14169065184155,0.04250689845,-0.054773818380201025,stop,range
main,A_ACCEPT,cost_x2,1713528000000,1713528300000,1713960300000,1,0.001,64934.2,66570.5,61514.9535,71772.69299999998,1.435373269120112,0.13150420911,0.03945140999999999,-0.029971111769896926,time,range
main,A_ACCEPT,cost_x2,1714492800000,1714493100000,1714779000000,-1,0.002,60871.2,63306.2825,63306.2825,56001.03499999999,-5.140953074392276,0.24835642604950003,0.0745064895,0.05207484115722842,stop,range
main,A_ACCEPT,cost_x2,1715803200000,1715803500000,1716235500000,1,0.001,65720.1,70031.8,62280.282,72599.73600000002,4.103453388881451,0.13575060649,0.04072557,-0.031770434628552224,time,range
main,A_ACCEPT,cost_x2,1718107200000,1718107500000,1718195400000,-1,0.002,66872.3,68519.675,68519.675,63577.55,-3.606564171138474,0.270784938425,0.081235185,0.040205952286524,stop,range
main,A_ACCEPT,cost_x2,1719201600000,1719201900000,1719247800000,-1,0.003,62807.1,60063.586,64178.856999999996,60063.586,7.783742227410609,0.3686095888374,0.1105836174,0.032393433648,target,down
main,A_ACCEPT,cost_x2,1719806400000,1719806700000,1719971700000,1,0.003,63360.8,61767.313,61767.313,66547.774,-5.381251545656039,0.3753857731383,0.11261530169999999,-0.11278947081775502,stop,range
main,A_ACCEPT,cost_x2,1720166400000,1720166700000,1720283100000,-1,0.001,54246.7,57652.93,57652.93,47434.23999999999,-3.541347501120531,0.111900651869,0.033569889,0.010353039748470825,stop,down
main,A_ACCEPT,cost_x2,1721030400000,1721030700000,1721462700000,1,0.002,62875.2,66486.6,60538.1415,67549.317,6.855669466515601,0.25872143316,0.07761708,-0.03079202032440645,time,range
main,A_ACCEPT,cost_x2,1722470400000,1722470700000,1722709800000,-1,0.002,64655.9,60123.594999999994,66922.0525,60123.594999999994,8.833733468258893,0.249556270617,0.074867697,0.09354743587587316,target,up
main,A_ACCEPT,cost_x2,1724140800000,1724141100000,1724166000000,1,0.002,60877.6,59251.973999999995,59251.973999999995,64128.852000000006,-3.5635898677756055,0.2402601233756,0.0720777444,0.0,stop,range
main,A_ACCEPT,cost_x2,1724457600000,1724457900000,1724793300000,1,0.001,64068.0,61188.9335,61188.9335,69826.133,-3.0572624140032696,0.12525779721995,0.037577080049999996,-0.015361036733322873,stop,range
main,A_ACCEPT,cost_x2,1725652800000,1725653100000,1725911700000,-1,0.001,53589.8,57115.2325,57115.2325,46538.93500000001,-3.69201671834344,0.11070609012975001,0.03321150975,-0.02266661846369562,stop,range
main,A_ACCEPT,cost_x2,1726257600000,1726257900000,1726506600000,1,0.002,59635.9,57504.4965,57504.4965,63898.707,-4.575429959265614,0.2342820718421,0.07028423789999999,-0.008056649523521146,stop,range
main,A_ACCEPT,cost_x2,1726718400000,1726718700000,1727150700000,1,0.001,62099.2,63064.2,59319.6935,67658.21299999999,0.7520567846758122,0.1251631105,0.037549019999999995,-0.05023108482419652,time,range
main,A_ACCEPT,cost_x2,1728518400000,1728518700000,1728662100000,-1,0.002,60573.0,62403.5055,62403.5055,56911.989,-3.9663148762220497,0.24595410930330003,0.07378590329999998,0.014436136381247706,stop,range
main,A_ACCEPT,cost_x2,1728892800000,1728893100000,1729277100000,1,0.002,64554.5,68966.233,62348.6335,68966.233,8.306212401593761,0.2670388189602,0.08011243979999999,-0.17010233964602792,target,range
main,A_ACCEPT,cost_x2,1730160000000,1730160300000,1730220300000,1,0.003,69846.4,72841.29499999998,68348.9525,72841.29499999998,8.38519321520546,0.4280603895945,0.12841892549999995,-0.04301246970000001,target,up
main,A_ACCEPT,cost_x2,1730232000000,1730232300000,1730383500000,1,0.003,72357.9,70828.569,70828.569,75416.56199999998,-5.2549653644978855,0.42956078339790005,0.12886782209999997,-0.10854375899999699,stop,up
main,A_ACCEPT,cost_x2,1731340800000,1731341100000,1731509400000,1,0.001,84482.1,91575.23800000001,80935.531,91575.23800000001,6.7278798186549915,0.17605521005860003,0.0528172014,-0.13638576988642942,target,up
main,A_ACCEPT,cost_x2,1732176000000,1732176300000,1732571100000,1,0.001,96968.0,93843.5065,93843.5065,103216.987,-3.544064598483063,0.19081244384805002,0.057243451949999996,-0.17151520268502163,stop,up
main,A_ACCEPT,cost_x2,1732896000000,1732896300000,1733127300000,1,0.001,98339.9,95535.31150000001,95535.31150000001,103949.07699999996,-3.1860055652967816,0.19387605287655002,0.058162563449999996,-0.1293784489702543,stop,up
main,A_ACCEPT,cost_x2,1736150400000,1736150700000,1736210100000,1,0.002,99439.5,102736.33899999998,97791.08050000001,102736.33899999998,6.027166340240962,0.40434969989659997,0.12130550339999999,-0.04085645646241,target,range
main,A_ACCEPT,cost_x2,1736971200000,1736971500000,1737355500000,1,0.001,99709.6,106460.98700000002,96333.9065,106460.98700000002,6.383536841680579,0.20616856158390004,0.0618511761,-0.09983042063554082,target,range
main,A_ACCEPT,cost_x2,1739822400000,1739822700000,1740019800000,-1,0.002,95475.1,97077.2585,97077.2585,92270.78300000002,-3.5984607815915006,0.3851056782951,0.11553141509999999,0.10649331180355683,stop,range
main,A_ACCEPT,cost_x2,1740427200000,1740427500000,1740467400000,-1,0.002,94075.0,89922.05799999999,96151.471,89922.05799999999,7.845799076418555,0.36799162423480003,0.1103982348,0.018304935453334,target,range
main,A_ACCEPT,cost_x2,1741550400000,1741550700000,1741632600000,-1,0.001,82739.2,77778.30999999998,85219.645,77778.30999999998,4.75974304651611,0.160516021733,0.048155252999999995,0.007524321249087014,target,range
main,A_ACCEPT,cost_x2,1742428800000,1742429100000,1742561700000,1,0.001,87270.0,83373.7075,83373.7075,95062.58499999999,-4.128126544706278,0.17064487638775,0.05119311224999999,-0.00999605606853637,stop,range
main,A_ACCEPT,cost_x2,1742803200000,1742803500000,1743147000000,1,0.002,86998.9,85409.804,85409.804,90177.09199999998,-3.619001838195566,0.34481836145760003,0.10344522239999998,0.007453745661998199,stop,range
main,A_ACCEPT,cost_x2,1743192000000,1743192300000,1743601500000,-1,0.002,83807.5,85680.8795,85680.8795,80060.74100000001,-4.1153315843829015,0.33897788302770004,0.1016930277,0.0720983263447963,stop,range
main,A_ACCEPT,cost_x2,1743624000000,1743624300000,1743628500000,1,0.002,86680.6,84305.7795,84305.7795,91430.24100000001,-5.194207011592305,0.34197418389230005,0.1025918277,0.0,stop,range
main,A_ACCEPT,cost_x2,1743984000000,1743984300000,1744222500000,-1,0.001,77776.7,82652.4145,82652.4145,68025.271,-5.055833535555525,0.16043057721435,0.04812873435,0.028440276008827023,stop,range
main,A_ACCEPT,cost_x2,1745352000000,1745352300000,1745784300000,1,0.001,91280.6,94257.3,88334.0055,97173.78900000002,2.744235629250056,0.18553700699000003,0.05566137,0.008734006240045625,time,range
main,A_ACCEPT,cost_x2,1746115200000,1746115500000,1746397800000,1,0.002,96970.0,94757.8735,94757.8735,101394.253,-4.869997826700784,0.38345707427590003,0.11503672409999999,0.052748971675118925,stop,up
main,A_ACCEPT,cost_x2,1746417600000,1746417900000,1746570600000,-1,0.002,94104.5,95775.051,95775.051,90763.39799999999,-3.8185599899508436,0.37976010433060003,0.1139277306,0.016229844979770692,stop,up
main,A_ACCEPT,cost_x2,1746691200000,1746691500000,1746918900000,1,0.001,99335.9,104575.32699999999,96716.1865,104575.32699999999,4.9186818260209755,0.20390965517190002,0.06117336809999999,-0.055662150707116,target,up
main,A_ACCEPT,cost_x2,1748563200000,1748563500000,1748995500000,-1,0.002,105692.6,105437.5,107248.99,102579.82,0.09292894064895929,0.42226004693999997,0.12667805999999998,0.1316670475889242,time,range
main,A_ACCEPT,cost_x2,1749168000000,1749168300000,1749220800000,-1,0.001,101392.7,104653.272,104653.272,94871.556,-3.5315565748115985,0.20604695017160002,0.0618137916,-0.00312383304,stop,range
main,A_ACCEPT,cost_x2,1749513600000,1749513900000,1749702000000,1,0.001,110129.5,107478.6875,107478.6875,115431.125,-2.979918471146817,0.21760898274375,0.06528245625000001,-0.04621453215307879,stop,range
main,A_ACCEPT,cost_x2,1749787200000,1749787500000,1750059000000,-1,0.001,103970.2,107045.681,107045.681,97819.238,-3.3322587985901286,0.2110168036443,0.0633047643,0.017543769354159206,stop,range
main,A_ACCEPT,cost_x2,1750550400000,1750550700000,1750601700000,-1,0.003,102504.9,100111.18999999997,103701.755,100111.18999999997,6.421649103339075,0.6078461156609999,0.18235448099999996,0.030719700000000003,target,range
main,A_ACCEPT,cost_x2,1750622400000,1750622700000,1750702200000,-1,0.001,98750.1,102907.559,102907.559,90435.18200000003,-4.418591401467254,0.2016589062377,0.060497297699999994,0.001023802470419069,stop,range
main,A_ACCEPT,cost_x2,1751400000000,1751400300000,1751443200000,-1,0.002,105330.9,107211.644,107211.644,101569.41199999998,-4.302997795966397,0.4250862164464,0.12752552639999998,0.011101946880000001,stop,range
main,A_ACCEPT,cost_x2,1753430400000,1753430700000,1753628700000,-1,0.001,115455.2,118556.793,118556.793,109252.01399999998,-3.335343798596286,0.23401292347789998,0.0702035979,0.070465722781614,stop,up
main,A_ACCEPT,cost_x2,1754020800000,1754021100000,1754159100000,-1,0.002,115468.5,112319.50999999998,117042.99500000001,112319.50999999998,5.745338628390557,0.45557413060599994,0.13667280599999998,0.03960556499650432,target,range
main,A_ACCEPT,cost_x2,1754582400000,1754582700000,1754877600000,1,0.002,116614.0,120548.101,114646.9495,120548.101,7.075429975623369,0.47432184153940005,0.14229726059999998,-0.17615292223725382,target,range
main,A_ACCEPT,cost_x2,1755129600000,1755129900000,1755170400000,1,0.001,123605.5,120764.579,120764.579,129287.342,-3.17077688486615,0.2443709312763,0.0733110237,-0.012173929889855,stop,range
main,A_ACCEPT,cost_x2,1755504000000,1755504300000,1755936300000,-1,0.001,115127.1,115783.6,117586.42749999999,110208.44500000004,-0.8510840417967265,0.23091089695000003,0.06927321,0.10560006515327308,time,range
main,A_ACCEPT,cost_x2,1756497600000,1756497900000,1756823400000,-1,0.001,108030.1,111622.6235,111622.6235,100845.05300000001,-3.79915719336607,0.21965380125705003,0.06589581705,0.07891592494097358,stop,range
main,A_ACCEPT,cost_x2,1758844800000,1758845100000,1759097700000,-1,0.001,109100.6,111750.7305,111750.7305,103800.339,-2.89691356812037,0.22085212553915,0.06625539915,0.04032445656876756,stop,range
main,A_ACCEPT,cost_x2,1759176000000,1759176300000,1759363200000,1,0.001,114154.2,118920.63299999999,111770.9835,118920.63299999999,4.4223819826942465,0.2330734030701,0.06992244989999999,-0.04105516433564614,target,range
main,A_ACCEPT,cost_x2,1759377600000,1759377900000,1759506900000,1,0.002,118786.1,122370.563,116993.86850000001,122370.563,6.447510477349697,0.4823111753222,0.1446939978,-0.09441034952807895,target,range
main,A_ACCEPT,cost_x2,1759521600000,1759521900000,1759953900000,1,0.001,122309.7,123252.3,119699.17099999999,127530.75800000002,0.47280484174878346,0.24556171722,0.0736686,-0.15056484103123244,time,range
main,A_ACCEPT,cost_x2,1760644800000,1760645100000,1761058500000,-1,0.001,108091.5,112143.82,112143.82,99986.85999999999,-4.359545767071841,0.220236535696,0.066070596,-0.020918635375829744,stop,range
main,A_ACCEPT,cost_x2,1761494400000,1761494700000,1761752700000,1,0.002,113518.5,111547.58350000001,111547.58350000001,117460.33299999998,-4.636368596232681,0.45013334954990003,0.1350396501,-0.10936259658283412,stop,down
main,A_ACCEPT,cost_x2,1761854400000,1761854700000,1761872700000,-1,0.001,106378.7,109893.1345,109893.1345,99349.83099999999,-3.7953583379253466,0.21627288883034998,0.06488155034999998,0.000230601255,stop,range
main,A_ACCEPT,cost_x2,1762286400000,1762286700000,1762718400000,-1,0.001,100286.4,104935.4665,104935.4665,90988.26699999999,-4.841333392760387,0.20522326121995,0.06156655995,0.07452292840955452,stop,range
main,A_ACCEPT,cost_x2,1763683200000,1763683500000,1764115500000,-1,0.001,86672.0,87564.1,90077.705,79860.59,-1.0966899831829615,0.17423636763,0.05227083,0.02191721444703825,time,down
main,A_ACCEPT,cost_x2,1764201600000,1764201900000,1764556500000,1,0.001,90368.8,86766.4445,86766.4445,97573.51100000001,-3.862293351716514,0.17713632520665,0.05314057335,-0.02966095315985923,stop,down
main,A_ACCEPT,cost_x2,1764748800000,1764749100000,1764941100000,1,0.002,93052.5,90802.9705,90802.9705,97551.55900000001,-5.013919424529692,0.3677122907177,0.11031328229999998,-0.03683485151199298,stop,range
main,A_ACCEPT,cost_x2,1765310400000,1765310700000,1765421100000,1,0.001,93577.5,89824.5065,89824.5065,101083.487,-4.001172844265927,0.18340313239805,0.05502060195,-0.009755609917876256,stop,range
main,A_ACCEPT,cost_x2,1765828800000,1765829100000,1765983600000,-1,0.001,86146.2,89941.27,89941.27,78556.05999999998,-3.99949441042382,0.176088608521,0.052826240999999996,0.02449043909717498,stop,range
main,A_ACCEPT,delay60,1641542400000,1641546300000,1641824100000,-1,0.004,42132.06,39924.8011,43235.68945,39924.8011,8.756616461228019,0.16411306002233,0.049234116659999994,0.140928037910368,target,range
main,A_ACCEPT,delay60,1644019200000,1644023100000,1644455100000,1,0.002,41510.84,44168.36,39343.89475000001,45844.730499999976,5.112698746127409,0.085678801372,0.02570376,-0.09095869250059645,time,range
main,A_ACCEPT,delay60,1645358400000,1645362300000,1645674000000,-1,0.002,38203.8,34798.365000000005,39906.5175,34798.365000000005,6.695136594674142,0.07300165418475002,0.0219006495,-0.020831101641097454,target,range
main,A_ACCEPT,delay60,1646438400000,1646442300000,1646797800000,-1,0.002,38822.0,41058.3865,41058.3865,34349.227,-4.549311611900167,0.07988072195797502,0.02396411595,0.02730622600781216,stop,range
main,A_ACCEPT,delay60,1646827200000,1646831100000,1646876700000,1,0.006,41860.2,41088.7385,41088.7385,43403.12299999999,-5.002939952306817,0.248847162657675,0.07465404465,-0.050669744999112004,stop,range
main,A_ACCEPT,delay60,1648756800000,1648760700000,1649192700000,-1,0.002,45710.3,45830.7,47687.9345,41755.031,-0.22430533213043613,0.09154101806,0.027462300000000002,0.13549798592956602,time,up
main,A_ACCEPT,delay60,1649692800000,1649696700000,1650128700000,-1,0.003,40830.0,40188.8,42401.178,37687.644,1.751656559066451,0.12152805573000003,0.03645846,-0.013956925203531334,time,range
main,A_ACCEPT,delay60,1653897600000,1653901500000,1654267500000,1,0.003,30672.3,29257.6275,29257.6275,33501.645000000004,-4.425108514091459,0.08989520955131251,0.026968467375,-0.0642273371651324,stop,range
main,A_ACCEPT,delay60,1654502400000,1654506300000,1654565100000,1,0.003,31411.0,29834.157,29834.157,34564.686,-4.8688266813779135,0.09186809028967502,0.027560320649999998,-0.018869270438220002,stop,range
main,A_ACCEPT,delay60,1654963200000,1654967100000,1655078100000,-1,0.005,28452.6,26598.67,29379.565,26598.67,9.106333782721803,0.13762747977625,0.041288452499999996,0.015599714998061981,target,range
main,A_ACCEPT,delay60,1655092800000,1655096700000,1655169900000,-1,0.002,25516.3,21330.335999999992,27609.282000000003,21330.335999999992,8.311017710854614,0.046846008105399996,0.014053990799999996,-1.029023999999973e-05,target,range
main,A_ACCEPT,delay60,1655553600000,1655557500000,1655670600000,-1,0.003,19089.1,20622.126,20622.126,16023.047999999995,-4.669328276783416,0.059567183930850004,0.0178700517,0.007186958847449217,stop,down
main,A_ACCEPT,delay60,1656590400000,1656594300000,1656635100000,-1,0.005,19257.6,20116.1055,20116.1055,17540.588999999993,-4.444436574529823,0.09843458568956251,0.029530279125,-0.02394420971523599,stop,down
main,A_ACCEPT,delay60,1656993600000,1656997500000,1657014300000,1,0.007,20292.7,19683.0125,19683.0125,21512.075,-4.46384807050859,0.13991531383593753,0.041974498124999995,-0.014145758547634,stop,range
main,A_ACCEPT,delay60,1657224000000,1657227900000,1657547100000,1,0.003,21600.8,20319.5645,20319.5645,24163.270999999997,-3.9820480315877083,0.06288083502798751,0.018864164024999998,-0.05659653253471778,stop,range
main,A_ACCEPT,delay60,1657598400000,1657602300000,1657819500000,-1,0.008,19996.3,20589.4935,20589.4935,18809.912999999997,-4.923282311230984,0.16234352991610002,0.048702952199999996,0.03331217088514811,stop,range
main,A_ACCEPT,delay60,1658260800000,1658264700000,1658696700000,1,0.003,23291.2,22740.2,21900.4525,26072.695000000003,-1.8293412822244377,0.06904722397500002,0.02071413,-0.08657992824943024,time,range
main,A_ACCEPT,delay60,1658808000000,1658811900000,1658946900000,-1,0.004,21113.4,22298.853499999997,22298.853499999997,18742.49300000001,-4.8336450251540475,0.08682486263605001,0.026047352099999997,0.021041189581995558,stop,range
main,A_ACCEPT,delay60,1659038400000,1659042300000,1659474300000,1,0.003,24076.8,23005.5,22529.4715,27171.457,-3.4037782884004213,0.0706236910425,0.021187035,-0.09806756235791717,time,range
main,A_ACCEPT,delay60,1659960000000,1659963900000,1660045200000,1,0.005,24047.1,23237.6295,23237.6295,25666.040999999997,-4.234378344122079,0.11821212730143751,0.035463547124999995,-0.03335016969562501,stop,range
main,A_ACCEPT,delay60,1660766400000,1660770300000,1660890900000,-1,0.01,23343.3,22448.644999999993,23790.627500000002,22448.644999999993,8.73188218229662,0.22895905400875,0.06868791749999997,0.0829791538053383,target,range
main,A_ACCEPT,delay60,1661544000000,1661547900000,1661979900000,-1,0.003,20669.2,20175.2,21901.277,18205.046000000006,1.3692618555920124,0.06126648885000001,0.018379979999999997,-0.033091675557982723,time,range
main,A_ACCEPT,delay60,1662508800000,1662512700000,1662694200000,-1,0.004,18799.0,19875.105499999998,19875.105499999998,16646.789000000004,-4.397145898699645,0.07734853383165,0.023204463299999995,0.007829098432,stop,down
main,A_ACCEPT,delay60,1662724800000,1662728700000,1663105200000,1,0.004,21041.1,19877.0455,19877.0455,23369.208999999995,-4.868101324498541,0.08183664021635001,0.024550887299999997,-0.10549579698219015,stop,range
main,A_ACCEPT,delay60,1663574400000,1663578300000,1663616400000,-1,0.004,18423.9,19536.6805,19536.6805,16198.339000000007,-4.549362081655043,0.07592149483415,0.0227763483,0.00045776147911295997,stop,range
main,A_ACCEPT,delay60,1664265600000,1664269500000,1664297100000,1,0.004,20131.6,19149.2835,19149.2835,22096.232999999993,-4.038186931498958,0.07856206169495,0.0235685301,-0.006790339704,stop,range
main,A_ACCEPT,delay60,1666569600000,1666573500000,1666722300000,1,0.012,19518.4,20265.304000000004,19144.948,20265.304000000004,8.59344038346001,0.23870155178640007,0.0716106672,-0.05909539755361405,target,range
main,A_ACCEPT,delay60,1671206400000,1671210300000,1671642300000,-1,0.006,16795.4,16785.6,17536.0095,15314.181000000004,0.0026971266203255767,0.10074299559,0.030222899999999997,0.07486302221030879,time,range
main,A_ACCEPT,delay60,1672819200000,1672823100000,1673255100000,1,0.02,16859.8,17186.1,16636.7675,17305.864999999994,5.798503765337031,0.34045851055000004,0.10213769999999998,-0.28490002411293275,time,range
main,A_ACCEPT,delay60,1673395200000,1673399100000,1673479800000,1,0.021,17472.3,17890.503999999997,17263.198,17890.503999999997,8.291279786952314,0.3713087833287,0.11139283259999999,-0.008302597118914304,target,up
main,A_ACCEPT,delay60,1673640000000,1673643900000,1673656500000,1,0.007,19390.5,20622.305999999997,18774.597,20622.305999999997,8.428386385674115,0.14004417430185,0.04201344629999999,-0.012197993724000001,target,up
main,A_ACCEPT,delay60,1675987200000,1675991100000,1676423100000,-1,0.005,21816.0,22146.0,22644.764,20158.472,-1.6777026272332114,0.10990512375000003,0.0329715,0.11517399651679197,time,range
main,A_ACCEPT,delay60,1676476800000,1676480700000,1676493000000,1,0.006,22765.3,24195.060999999998,22050.4195,24195.060999999998,8.395421235492446,0.14088043960754998,0.0422643249,0.0,target,range
main,A_ACCEPT,delay60,1677268800000,1677272700000,1677704700000,-1,0.005,23195.4,23368.5,24075.2535,21435.693000000007,-0.9391856875492024,0.11640981491250002,0.034922925,0.07764705236330034,time,range
main,A_ACCEPT,delay60,1678680000000,1678683900000,1678797600000,1,0.003,22321.3,25565.105999999996,20699.397,25565.105999999996,9.6086309092101,0.07182887914364999,0.021548882699999994,-0.02940932894623576,target,down
main,A_ACCEPT,delay60,1682121600000,1682125500000,1682456400000,-1,0.005,27252.3,28134.983500000002,28134.983500000002,25486.932999999994,-4.5280635084382,0.13846853975631251,0.041540462624999996,0.06536299394312448,stop,range
main,A_ACCEPT,delay60,1682481600000,1682485500000,1682512200000,1,0.006,28341.6,29910.255999999994,27557.272,29910.255999999994,9.181884604262345,0.17475486210479999,0.052426670399999986,-0.002869863232816084,target,range
main,A_ACCEPT,delay60,1682971200000,1682975100000,1683042000000,-1,0.005,27820.4,28653.622,28653.622,26153.956000000006,-4.33969024240825,0.14118536745825,0.042355516499999996,0.00996064155,stop,range
main,A_ACCEPT,delay60,1683878400000,1683882300000,1684076700000,-1,0.005,26288.4,27133.9635,27133.9635,24597.273,-4.378219243400804,0.13355622583631252,0.040066772625,0.023221255060522996,stop,range
main,A_ACCEPT,delay60,1684137600000,1684141500000,1684322400000,1,0.006,27434.3,26661.6865,26661.6865,28979.527,-4.899955513862603,0.162288307176075,0.04868638785,-0.05329981883652269,stop,range
main,A_ACCEPT,delay60,1685260800000,1685264700000,1685311200000,1,0.01,27185.5,28115.205,26720.6475,28115.205,8.910332014778737,0.27650282772125007,0.08295105750000001,-0.027264100000000003,target,range
main,A_ACCEPT,delay60,1687320000000,1687323900000,1687364700000,1,0.005,28772.7,30670.478000000006,27823.810999999998,30670.478000000006,9.277464115164443,0.14860723333325004,0.0445823835,-0.01823626800231777,target,range
main,A_ACCEPT,delay60,1687377600000,1687381500000,1687813500000,1,0.004,29901.1,30157.4,28815.963,32071.373999999996,0.6876859758073074,0.12011692311000001,0.0360351,-0.18136200108269598,time,range
main,A_ACCEPT,delay60,1691510400000,1691514300000,1691946300000,1,0.008,29692.5,29350.0,29144.787,30787.926,-3.367659397777042,0.2361702055,0.070851,-0.3206381922770178,time,range
main,A_ACCEPT,delay60,1692244800000,1692248700000,1692305400000,-1,0.009000000000000001,28658.4,27671.084000000003,29152.058,27671.084000000003,8.607198977640499,0.2534820115617001,0.0760448034,0.05088179260219501,target,range
main,A_ACCEPT,delay60,1694462400000,1694466300000,1694488800000,-1,0.007,25106.8,25770.2855,25770.2855,23779.828999999994,-4.871082826574065,0.17807014757988754,0.053420939775,0.004806760780849209,stop,range
main,A_ACCEPT,delay60,1695052800000,1695056700000,1695058200000,1,0.008,27239.9,26645.786,26645.786,28428.128000000004,-5.033117923668433,0.2155431004684,0.0646628232,0.0,stop,range
main,A_ACCEPT,delay60,1695931200000,1695935100000,1696198500000,1,0.007,27041.0,28274.873,26424.0635,28274.873,8.39408655336408,0.19360490771667502,0.05808166665,0.008662127730781514,target,range
main,A_ACCEPT,delay60,1697054400000,1697058300000,1697402400000,-1,0.008,26694.7,27278.4645,27278.4645,25527.171000000006,-4.872697613098575,0.2158930082587,0.0647677974,0.07807919256014444,stop,range
main,A_ACCEPT,delay60,1697788800000,1697792700000,1698099300000,1,0.004,29669.2,31957.267000000003,28525.1665,31957.267000000003,8.946321831222438,0.12325224757990003,0.0369758802,-0.045718040997674264,target,range
main,A_ACCEPT,delay60,1698897600000,1698901500000,1698942000000,1,0.005,35452.4,34493.4555,34493.4555,37370.28900000001,-5.0570083852301435,0.1748649983541875,0.05245939162499999,-0.034961495250915006,stop,up
main,A_ACCEPT,delay60,1699934400000,1699938300000,1699975800000,-1,0.011,36532.3,35704.024000000005,36946.438,35704.024000000005,8.66063852297265,0.39729909867230007,0.11918993459999999,0.066091556245,target,up
main,A_ACCEPT,delay60,1700092800000,1700096700000,1700157900000,1,0.003,37779.5,36198.965,36198.965,40940.57000000001,-4.916070768552391,0.11096805312037501,0.03329030925,-0.030207406182,stop,up
main,A_ACCEPT,delay60,1701676800000,1701680700000,1702112700000,1,0.002,41633.8,43870.8,39927.4845,45046.43100000001,4.19350755658112,0.08550426445,0.025651379999999998,-0.16933679896887,time,up
main,A_ACCEPT,delay60,1704168000000,1704171900000,1704283200000,1,0.002,45160.4,43375.3265,43375.3265,48730.547,-3.8002916572894683,0.08853599426102501,0.02656071795,-0.11504794507843885,stop,range
main,A_ACCEPT,delay60,1704729600000,1704733500000,1704834600000,1,0.003,45008.4,47890.915000000015,43567.142499999994,47890.915000000015,8.424186860363788,0.13934832393412505,0.041804691750000005,-0.042205123952127006,target,range
main,A_ACCEPT,delay60,1705104000000,1705107900000,1705539900000,-1,0.002,42820.7,42702.3,44853.794499999996,38754.511,0.25389509904963403,0.08552298224000002,0.025656899999999996,0.12827498128966203,time,range
main,A_ACCEPT,delay60,1706284800000,1706288700000,1706720700000,1,0.002,41968.4,43454.7,39880.6815,46143.83700000001,2.7528077469333336,0.08542287705500001,0.02562693,-0.10874244601164429,time,range
main,A_ACCEPT,delay60,1707350400000,1707354300000,1707501600000,1,0.003,44549.8,47759.205000000016,42945.097499999996,47759.205000000016,9.40395299987837,0.13846278538387505,0.04153905225000001,-0.04426016248777689,target,range
main,A_ACCEPT,delay60,1707926400000,1707930300000,1708362300000,1,0.002,51598.4,51915.9,49658.661,55477.878000000004,0.29115104108721346,0.103514252375,0.03105429,-0.2092804165377865,time,up
main,A_ACCEPT,delay60,1709121600000,1709125500000,1709539500000,1,0.001,59448.5,64661.54800000001,56841.975999999995,64661.54800000001,4.633119741059942,0.062054633021400005,0.0186165072,-0.4992571187186596,target,up
main,A_ACCEPT,delay60,1709568000000,1709571900000,1709658300000,1,0.002,66341.5,63989.4235,63989.4235,71045.653,-5.168187152019497,0.130331276311475,0.03909927705,-0.29460359865799995,stop,up
main,A_ACCEPT,delay60,1710158400000,1710162300000,1710471000000,1,0.001,71935.3,68387.097,68387.097,79031.70600000002,-3.991076298214066,0.070161464615225,0.02104835955,-0.35166347404882037,stop,up
main,A_ACCEPT,delay60,1710907200000,1710911100000,1710954900000,-1,0.001,61608.8,64735.568999999996,64735.568999999996,55355.26200000002,-3.1909451549831127,0.06317241900767501,0.01895165535,0.017947919374562,stop,range
main,A_ACCEPT,delay60,1711396800000,1711400700000,1711832700000,1,0.001,70787.0,69896.9,66688.9605,78983.079,-1.2703017374570096,0.07034201675750001,0.021102585,-0.28875713569950306,time,range
main,A_ACCEPT,delay60,1712577600000,1712581500000,1712673600000,1,0.001,72208.5,69194.26150000001,69194.26150000001,78236.97699999998,-3.1609243394230835,0.07070160681788751,0.021210414225,-0.054773818380201025,stop,range
main,A_ACCEPT,delay60,1713528000000,1713531900000,1713963900000,1,0.001,64911.0,66109.1,61514.9535,71703.093,1.0829659130876055,0.0655099601425,0.019653015000000003,-0.029971111769896926,time,range
main,A_ACCEPT,delay60,1714492800000,1714496700000,1714779000000,-1,0.001,60419.5,63306.2825,63306.2825,54645.935,-2.941167054555077,0.0618631077586875,0.018558867375,0.02603742057861421,stop,range
main,A_ACCEPT,delay60,1715803200000,1715807100000,1716239100000,1,0.001,65833.8,69285.0,62280.282,72940.83600000001,3.331602604211437,0.06755914116000002,0.02026782,-0.031770434628552224,time,range
main,A_ACCEPT,delay60,1718107200000,1718111100000,1718195400000,-1,0.003,66895.4,68519.675,68519.675,63646.84999999998,-5.076575833282162,0.203122977961875,0.06093678375,0.06030892842978601,stop,range
main,A_ACCEPT,delay60,1719201600000,1719205500000,1719247800000,-1,0.003,62840.8,60164.686000000016,64178.856999999996,60164.686000000016,7.820875338073594,0.18450762687435007,0.055352468700000004,0.032393433648,target,down
main,A_ACCEPT,delay60,1719806400000,1719810300000,1719971700000,1,0.003,63296.2,61767.313,61767.313,66353.97399999999,-4.94332466516732,0.18759561349957504,0.056278580849999996,-0.11278947081775502,stop,range
main,A_ACCEPT,delay60,1720166400000,1720170300000,1720283100000,-1,0.001,54115.6,57652.93,57652.93,47040.939999999995,-3.599626770051284,0.055884530299750004,0.0167652795,0.010353039748470825,stop,down
main,A_ACCEPT,delay60,1721030400000,1721034300000,1721415600000,1,0.002,62654.5,66887.217,60538.1415,66887.217,8.264724446236224,0.12954108209245002,0.038862515099999995,-0.032305956571319336,target,range
main,A_ACCEPT,delay60,1722470400000,1722474300000,1722709800000,-1,0.002,64723.3,60325.795,66922.0525,60325.795,8.72599427200162,0.12504843537425003,0.0375147285,0.09354743587587316,target,up
main,A_ACCEPT,delay60,1724140800000,1724144700000,1724166000000,1,0.003,60825.6,59251.973999999995,59251.973999999995,63972.852000000006,-4.955029623365872,0.18011671506585003,0.05403490829999999,0.0,stop,range
main,A_ACCEPT,delay60,1724457600000,1724461500000,1724793300000,1,0.001,63850.7,61188.9335,61188.9335,69174.233,-2.758403498140813,0.06252001638248751,0.018755945024999998,-0.015361036733322873,stop,range
main,A_ACCEPT,delay60,1725652800000,1725656700000,1725911700000,-1,0.001,53068.9,57115.2325,57115.2325,44976.23500000001,-4.14061910806363,0.05509236972493751,0.016527619874999996,-0.02266661846369562,stop,range
main,A_ACCEPT,delay60,1726257600000,1726261500000,1726506600000,1,0.002,59902.9,57504.4965,57504.4965,64699.707,-4.957493624734049,0.11740775626052502,0.035222218949999995,-0.008056649523521146,stop,range
main,A_ACCEPT,delay60,1726718400000,1726722300000,1727154300000,1,0.001,62108.5,63087.6,59319.6935,67686.113,0.8474915236082976,0.0625979765675,0.018779415,-0.05023108482419652,time,range
main,A_ACCEPT,delay60,1728518400000,1728522300000,1728662100000,-1,0.002,60532.5,62403.5055,62403.5055,56790.489,-3.887391951419573,0.12293628615082502,0.036880801649999996,0.014436136381247706,stop,range
main,A_ACCEPT,delay60,1728892800000,1728896700000,1729261800000,1,0.002,64415.9,68550.43299999999,62348.6335,68550.43299999999,7.93985004763389,0.13296571282004999,0.0398898999,-0.1563603396460279,target,range
main,A_ACCEPT,delay60,1730160000000,1730163900000,1730226900000,1,0.003,69908.6,73027.89500000002,68348.9525,73027.89500000002,9.036147066891399,0.21440404065862503,0.06432142275,-0.04301246970000001,target,up
main,A_ACCEPT,delay60,1730232000000,1730235900000,1730383500000,1,0.003,72340.7,70828.569,70828.569,75364.96199999998,-4.924117173779482,0.21475424372947505,0.06442617105000001,-0.10854375899999699,stop,up
main,A_ACCEPT,delay60,1731340800000,1731344700000,1731509400000,1,0.001,84488.3,91593.838,80935.531,91593.838,6.854699373328914,0.08804053608465001,0.0264123207,-0.13638576988642942,target,up
main,A_ACCEPT,delay60,1732176000000,1732179900000,1732571100000,1,0.001,97241.4,93843.5065,93843.5065,104037.18699999998,-3.693614146752038,0.09554270809201251,0.028662735975,-0.17151520268502163,stop,up
main,A_ACCEPT,delay60,1732896000000,1732899900000,1733127300000,1,0.002,97855.0,95535.31150000001,95535.31150000001,102494.37699999998,-5.149541650843797,0.19339065945327502,0.05801709345,-0.2587568979405086,stop,up
main,A_ACCEPT,delay60,1736150400000,1736154300000,1736177400000,1,0.003,99116.8,101768.23899999999,97791.08050000001,101768.23899999999,7.562591770523667,0.301326961926225,0.09039826755,0.0,target,range
main,A_ACCEPT,delay60,1736971200000,1736975100000,1737316200000,1,0.001,99508.4,105857.38699999999,96333.9065,105857.38699999999,6.125800103988471,0.102682417325975,0.030804868049999996,-0.08969961063554081,target,range
main,A_ACCEPT,delay60,1739822400000,1739826300000,1739901600000,-1,0.004,95998.1,93839.78300000002,97077.2585,93839.78300000002,8.252396052224775,0.3796751185049001,0.11390272980000002,0.11270590052978,target,range
main,A_ACCEPT,delay60,1740427200000,1740431100000,1740468300000,-1,0.002,93868.1,89301.35800000001,96151.471,89301.35800000001,8.913669325064616,0.18316877298870005,0.0549508374,0.018304935453334,target,range
main,A_ACCEPT,delay60,1741550400000,1741554300000,1741629300000,-1,0.002,82901.6,78265.51000000001,85219.645,78265.51000000001,9.077712094911668,0.16116641458650005,0.048350132999999997,0.015048642498174027,target,range
main,A_ACCEPT,delay60,1742428800000,1742432700000,1742561700000,1,0.001,85998.1,83373.7075,83373.7075,91246.88500000001,-2.7444804277729813,0.08468610057943751,0.025405771125,-0.00999605606853637,stop,range
main,A_ACCEPT,delay60,1742803200000,1742807100000,1743147000000,1,0.002,87335.8,85409.804,85409.804,91187.792,-4.06910782843744,0.1727458928994,0.0518236812,0.007453745661998199,stop,range
main,A_ACCEPT,delay60,1743192000000,1743195900000,1743601500000,-1,0.002,83722.1,85680.8795,85680.8795,79804.54100000003,-4.06568484082214,0.169403273316925,0.05082089385,0.0720983263447963,stop,range
main,A_ACCEPT,delay60,1743624000000,1743627900000,1743628500000,1,0.004,85284.9,84305.7795,84305.7795,87243.14099999997,-4.357418060436145,0.33918165273615003,0.1017544077,0.0,stop,range
main,A_ACCEPT,delay60,1743984000000,1743987900000,1744222500000,-1,0.001,78479.9,82652.4145,82652.4145,70134.87099999998,-4.2488105413547785,0.08056647018858751,0.024169847175,0.028440276008827023,stop,range
main,A_ACCEPT,delay60,1745352000000,1745355900000,1745787900000,1,0.001,91060.0,94173.5,88334.0055,96511.989,3.001832464752527,0.09261651648750002,0.027785024999999998,0.008734006240045625,time,range
main,A_ACCEPT,delay60,1746115200000,1746119100000,1746397800000,1,0.002,97102.4,94757.8735,94757.8735,101791.45299999998,-4.885722735553844,0.191860625178975,0.05755808205,0.052748971675118925,stop,up
main,A_ACCEPT,delay60,1746417600000,1746421500000,1746570600000,-1,0.003,94327.2,95775.051,95775.051,91431.49799999998,-4.6899079477468755,0.2851537022664751,0.08554601295,0.02434476746965604,stop,up
main,A_ACCEPT,delay60,1746691200000,1746695100000,1747011900000,1,0.001,99500.1,105067.92700000003,96716.1865,105067.92700000003,5.349384358774079,0.10228359591297503,0.03068520405,-0.085473841262957,target,up
main,A_ACCEPT,delay60,1748563200000,1748567100000,1748999100000,-1,0.002,105063.9,105580.5,107248.99,100693.71999999997,-1.1753707499010788,0.21064447749,0.06319332,0.1316670475889242,time,range
main,A_ACCEPT,delay60,1749168000000,1749171900000,1749220800000,-1,0.001,101768.5,104653.272,104653.272,95998.956,-3.0220702011979017,0.10321110235790001,0.030963265799999997,-0.00312383304,stop,range
main,A_ACCEPT,delay60,1749513600000,1749517500000,1749702000000,1,0.002,109800.1,107478.6875,107478.6875,114442.92500000002,-5.017716836268077,0.21727913571187504,0.06518363625000001,-0.09242906430615758,stop,range
main,A_ACCEPT,delay60,1749787200000,1749791100000,1750059000000,-1,0.001,104320.3,107045.681,107045.681,98869.53800000002,-2.845225322699414,0.105683194903575,0.031704897149999994,0.017543769354159206,stop,range
main,A_ACCEPT,delay60,1750550400000,1750554300000,1750598700000,-1,0.005,102911.1,101329.79000000001,103701.755,101329.79000000001,7.293967200491184,0.5106016320087501,0.1531806675,0.05119950000000001,target,range
main,A_ACCEPT,delay60,1750622400000,1750626300000,1750702200000,-1,0.001,99393.3,102907.559,102907.559,92364.78200000002,-3.644731019449019,0.10115069306942501,0.030345128849999996,0.001023802470419069,stop,range
main,A_ACCEPT,delay60,1751400000000,1751403900000,1751443200000,-1,0.003,105781.7,107211.644,107211.644,102921.81199999999,-4.688516422217469,0.3194903377374,0.0958470048,0.01665292032,stop,range
main,A_ACCEPT,delay60,1753430400000,1753434300000,1753628700000,-1,0.001,115062.2,118556.793,118556.793,108073.01399999998,-3.5759798847628876,0.11680975859447501,0.03504284895,0.070465722781614,stop,up
main,A_ACCEPT,delay60,1754020800000,1754024700000,1754077200000,-1,0.003,115759.8,113193.40999999999,117042.99500000001,113193.40999999999,7.277709001561416,0.34342923756225,0.1030289445,0.024997183623618892,target,range
main,A_ACCEPT,delay60,1754092800000,1754096700000,1754528700000,-1,0.002,113863.0,114837.2,115791.3295,110006.34099999999,-2.051995119527527,0.22870034613,0.06861006,0.1937152866025033,time,range
main,A_ACCEPT,delay60,1754582400000,1754586300000,1754866800000,1,0.003,116170.8,119218.501,114646.9495,119218.501,8.455641755426843,0.35308326576727506,0.10592518544999999,-0.22845279335588067,target,range
main,A_ACCEPT,delay60,1755129600000,1755133500000,1755170400000,1,0.001,123744.1,120764.579,120764.579,129703.14200000002,-3.150625794703944,0.12225456296407503,0.036676301849999995,-0.012173929889855,stop,range
main,A_ACCEPT,delay60,1755504000000,1755507900000,1755939900000,-1,0.001,115018.8,115680.4,117586.42749999999,109883.54500000003,-0.7059544644667173,0.11534964962000002,0.03460487999999999,0.10560006515327308,time,range
main,A_ACCEPT,delay60,1756497600000,1756501500000,1756823400000,-1,0.001,107643.2,111622.6235,111622.6235,99684.35299999999,-4.043030658790805,0.1096332102067625,0.032889873525,0.07891592494097358,stop,range
main,A_ACCEPT,delay60,1758844800000,1758848700000,1759097700000,-1,0.002,109413.8,111750.7305,111750.7305,104739.939,-4.880726327052059,0.22116488103957505,0.06634935915000001,0.08064891313753512,stop,range
main,A_ACCEPT,delay60,1759176000000,1759179900000,1759363200000,1,0.002,114216.4,119107.23299999998,111770.9835,119107.23299999998,9.396235682053607,0.23332289937505,0.06999708989999999,-0.08211032867129228,target,range
main,A_ACCEPT,delay60,1759377600000,1759381500000,1759506300000,1,0.003,118607.8,121835.66299999999,116993.86850000001,121835.66299999999,9.073109449126994,0.36066446823082504,0.10819955834999997,-0.14161552429211843,target,range
main,A_ACCEPT,delay60,1759521600000,1759525500000,1759957500000,1,0.001,122381.4,123038.4,119699.17099999999,127745.85800000001,0.346912338243754,0.12270985072500001,0.03681297,-0.15056484103123244,time,range
main,A_ACCEPT,delay60,1760644800000,1760648700000,1761058500000,-1,0.001,107851.7,112143.82,112143.82,99267.45999999998,-4.456036045284846,0.10999808190900001,0.032999327999999994,-0.020918635375829744,stop,range
main,A_ACCEPT,delay60,1761494400000,1761498300000,1761752700000,1,0.002,113519.0,111547.58350000001,111547.58350000001,117461.83299999998,-4.344782450845326,0.22506687921247504,0.06751997505,-0.10936259658283412,stop,down
main,A_ACCEPT,delay60,1761854400000,1761858300000,1761872700000,-1,0.002,107418.2,109893.1345,109893.1345,102468.33099999999,-5.231912903580201,0.21731170574017505,0.06519340034999999,0.00046120251,stop,range
main,A_ACCEPT,delay60,1762286400000,1762290300000,1762718400000,-1,0.001,100740.3,104935.4665,104935.4665,92349.96700000002,-4.254333134452934,0.1028381978874875,0.030851364975,0.07452292840955452,stop,range
main,A_ACCEPT,delay60,1763683200000,1763687100000,1763710200000,-1,0.001,87288.8,81710.99,90077.705,81710.99,5.467960554835735,0.08449947666425,0.0253499685,0.0,target,down
main,A_ACCEPT,delay60,1763712000000,1763715900000,1763926500000,-1,0.001,83898.3,87651.21299999999,87651.21299999999,76392.47400000003,-3.8485260081138724,0.08577503796847501,0.025732426949999998,0.015894456804598146,stop,down
main,A_ACCEPT,delay60,1764201600000,1764205500000,1764556500000,1,0.001,90602.0,86766.4445,86766.4445,98273.111,-3.9805062297515277,0.0886845099166625,0.026605266675,-0.02966095315985923,stop,down
main,A_ACCEPT,delay60,1764748800000,1764752700000,1764941100000,1,0.002,92868.8,90802.9705,90802.9705,97000.45900000002,-4.4072674630364554,0.183672080374425,0.055101531149999994,-0.03683485151199298,stop,range
main,A_ACCEPT,delay60,1765310400000,1765314300000,1765421100000,1,0.001,93113.3,89824.5065,89824.5065,99690.887,-3.417458930802393,0.09146914990951252,0.027440670974999998,-0.009755609917876256,stop,range
main,A_ACCEPT,stop_5bp,1641542400000,1641542700000,1641974700000,-1,0.003,41775.02,42586.74,43235.68945,38853.681099999994,-2.4410897884485876,0.126542822637,0.037962791999999995,0.15857582618842894,time,range
main,A_ACCEPT,stop_5bp,1644019200000,1644019500000,1644300600000,1,0.002,41374.01,45434.24049999999,39343.89475000001,45434.24049999999,7.960006393450331,0.08680764146542501,0.026042475149999997,-0.047604489934214775,target,range
main,A_ACCEPT,stop_5bp,1645358400000,1645358700000,1645674000000,-1,0.002,38299.7,35086.06499999999,39906.5175,35086.06499999999,6.311037885904162,0.07338528295475,0.022015729499999998,-0.020831101641097454,target,range
main,A_ACCEPT,stop_5bp,1646424000000,1646424300000,1646812800000,-1,0.002,39793.1,41929.236500000006,41929.236500000006,35520.82699999998,-4.376975297114532,0.081743621538725,0.06644593745,0.04348726187420815,stop,range
main,A_ACCEPT,stop_5bp,1646827200000,1646827500000,1646876700000,1,0.004,42198.4,41088.7385,41088.7385,44417.723000000005,-4.771109111259367,0.16653352115995002,0.13214976009999999,-0.033779829999408,stop,range
main,A_ACCEPT,stop_5bp,1648756800000,1648757100000,1649189100000,-1,0.002,45544.1,46063.3,47687.9345,41256.43099999999,-1.0219917119504627,0.09160747788000001,0.027482219999999998,0.13549798592956602,time,up
main,A_ACCEPT,stop_5bp,1649692800000,1649693100000,1650125100000,-1,0.002,40681.7,40010.3,42401.178,37242.74399999999,1.2285958839076254,0.08069189929000001,0.024207599999999996,-0.00930461680235423,time,range
main,A_ACCEPT,stop_5bp,1652126400000,1652126700000,1652332200000,-1,0.002,31296.4,26877.199,33506.0005,26877.199,8.777224263425598,0.058172936119850006,0.017452079699999998,0.01444727924544434,target,down
main,A_ACCEPT,stop_5bp,1653897600000,1653897900000,1654267500000,1,0.003,30629.9,29257.6275,29257.6275,33374.44500000001,-4.3416903225808365,0.0898096567906875,0.07083582862499999,-0.0642273371651324,stop,range
main,A_ACCEPT,stop_5bp,1654502400000,1654502700000,1654565100000,1,0.003,31314.8,29834.157,29834.157,34276.085999999996,-4.62476792961515,0.09170139302692501,0.07226826615,-0.018869270438220002,stop,range
main,A_ACCEPT,stop_5bp,1654963200000,1654963500000,1655078400000,-1,0.004,28406.5,26460.370000000003,29379.565,26460.370000000003,7.660315859817128,0.10973315616100002,0.032920122,0.018449137978149448,target,range
main,A_ACCEPT,stop_5bp,1655092800000,1655093100000,1655169600000,-1,0.002,25534.8,21385.835999999992,27609.282000000003,21385.835999999992,8.236921505304608,0.046920013655399995,0.014076190799999996,-1.029023999999973e-05,target,range
main,A_ACCEPT,stop_5bp,1655553600000,1655553900000,1655670600000,-1,0.003,19212.7,20622.126,20622.126,16393.848,-4.329717924567894,0.059768022715350005,0.0488588607,0.007186958847449217,stop,down
main,A_ACCEPT,stop_5bp,1656590400000,1656590700000,1656635100000,-1,0.004,19087.9,20116.1055,20116.1055,17031.489,-4.274160417639332,0.07842843556715001,0.06375461430000001,-0.01915536777218879,stop,down
main,A_ACCEPT,stop_5bp,1656993600000,1656993900000,1657014300000,1,0.007,20289.5,19683.0125,19683.0125,21502.475,-4.510289607306711,0.1398696668840625,0.110861681875,-0.014145758547634,stop,range
main,A_ACCEPT,stop_5bp,1657224000000,1657224300000,1657547100000,1,0.003,21638.3,20319.5645,20319.5645,24275.770999999997,-4.12508527210184,0.06292185379211251,0.049360385775,-0.05659653253471778,stop,range
main,A_ACCEPT,stop_5bp,1657598400000,1657598700000,1657819500000,-1,0.007,19937.8,20589.4935,20589.4935,18634.412999999997,-4.789205136903209,0.1418819010027125,0.11461688542499998,0.02914814952450459,stop,range
main,A_ACCEPT,stop_5bp,1658260800000,1658261100000,1658693100000,1,0.003,23382.4,22685.1,21900.4525,26346.295000000006,-2.2683117101419454,0.06910140689250001,0.020730375000000002,-0.08657992824943024,time,range
main,A_ACCEPT,stop_5bp,1658808000000,1658808300000,1658946900000,-1,0.004,21137.2,22298.853499999997,22298.853499999997,18813.893000000007,-4.783126903867533,0.08689475434955002,0.07065933909999998,0.021041189581995558,stop,range
main,A_ACCEPT,stop_5bp,1659038400000,1659038700000,1659470700000,1,0.003,23841.5,22961.9,22529.4715,26465.557,-2.828134390267919,0.07020529791,0.02106153,-0.09806756235791717,time,range
main,A_ACCEPT,stop_5bp,1659960000000,1659960300000,1660045200000,1,0.004,24184.1,23237.6295,23237.6295,26077.040999999997,-3.982310937768151,0.09482050531165001,0.0749282967,-0.026680135756500002,stop,range
main,A_ACCEPT,stop_5bp,1660766400000,1660766700000,1660890900000,-1,0.007,23192.9,21997.445,23790.627500000002,21997.445,8.220654965527615,0.15816557988612504,0.047449862249999995,0.05808540766373681,target,range
main,A_ACCEPT,stop_5bp,1661544000000,1661544300000,1661976300000,-1,0.003,20670.0,20210.2,21901.277,18207.446000000004,1.2665920378970132,0.061320196545000004,0.018396089999999997,-0.033091675557982723,time,range
main,A_ACCEPT,stop_5bp,1662508800000,1662509100000,1662694200000,-1,0.004,18837.7,19875.105499999998,19875.105499999998,16762.889000000006,-4.282216593195137,0.07744579732715,0.06297789429999999,0.007829098432,stop,down
main,A_ACCEPT,stop_5bp,1662724800000,1662725100000,1663105200000,1,0.004,20970.0,19877.0455,19877.0455,23155.909,-4.62325065712305,0.08167454184085,0.0642623183,-0.10549579698219015,stop,range
main,A_ACCEPT,stop_5bp,1663574400000,1663574700000,1663616400000,-1,0.004,18431.3,19536.6805,19536.6805,16220.539,-4.5588742171155285,0.07595582929465,0.061854149299999994,0.00045776147911295997,stop,range
main,A_ACCEPT,stop_5bp,1664265600000,1664265900000,1664297100000,1,0.004,20200.6,19149.2835,19149.2835,22303.232999999993,-4.352645769915436,0.07868093311145001,0.0619084971,-0.006790339704,stop,range
main,A_ACCEPT,stop_5bp,1666569600000,1666569900000,1666722600000,1,0.01,19557.4,20382.304000000004,19144.948,20382.304000000004,7.9401863780500275,0.19969790132200005,0.059909556,-0.04924616462801171,target,range
main,A_ACCEPT,stop_5bp,1671206400000,1671206700000,1671638700000,-1,0.007,16951.9,16852.6,17536.0095,15783.681000000004,0.6286297697111954,0.1183156978675,0.035494725,0.08734019257869359,time,range
main,A_ACCEPT,stop_5bp,1672819200000,1672819500000,1673251500000,1,0.018000000000000002,16867.7,17193.2,16636.7675,17329.565,5.204077887723383,0.30654766057500005,0.09196443000000001,-0.2564100217016395,time,range
main,A_ACCEPT,stop_5bp,1673395200000,1673395500000,1673479800000,1,0.024,17430.4,17764.804000000004,17263.198,17764.804000000004,7.467162737105644,0.4223418460728001,0.12670273440000002,-0.009488682421616346,target,up
main,A_ACCEPT,stop_5bp,1673640000000,1673640300000,1673656500000,1,0.007,19362.9,20539.506,18774.597,20539.506,8.04248867669416,0.13965780328185,0.0418975263,-0.012197993724000001,target,up
main,A_ACCEPT,stop_5bp,1675987200000,1675987500000,1676419500000,-1,0.005,21820.2,22174.3,22644.764,20171.072000000004,-1.7983082612707157,0.1099863827875,0.032995874999999994,0.11517399651679197,time,range
main,A_ACCEPT,stop_5bp,1676476800000,1676477100000,1676493000000,1,0.006,22807.9,24322.861000000004,22050.4195,24322.861000000004,8.905956713832461,0.14139160126755004,0.0424176849,0.0,target,range
main,A_ACCEPT,stop_5bp,1677268800000,1677269100000,1677701100000,-1,0.005,23217.9,23396.6,24075.2535,21503.193000000007,-0.9673501396492004,0.11653631701250002,0.034960874999999995,0.07764705236330034,time,range
main,A_ACCEPT,stop_5bp,1678680000000,1678680300000,1678797000000,1,0.003,22232.5,25298.706,20699.397,25298.706,9.076523509250107,0.07129611910365,0.0213890427,-0.02940932894623576,target,down
main,A_ACCEPT,stop_5bp,1682121600000,1682121900000,1682456400000,-1,0.005,27271.7,28134.983500000002,28134.983500000002,25545.132999999998,-4.501499178642582,0.1385522012106875,0.111892471375,0.06536299394312448,stop,range
main,A_ACCEPT,stop_5bp,1682481600000,1682481900000,1682511900000,1,0.006,28300.8,29787.855999999996,27557.272,29787.855999999996,8.692921047542356,0.1742652988248,0.05227979039999999,-0.002869863232816084,target,range
main,A_ACCEPT,stop_5bp,1682971200000,1682971500000,1683042000000,-1,0.006,27895.7,28653.622,28653.622,26379.856000000003,-4.842125773437901,0.1696912874979,0.1368552558,0.011952769860000002,stop,range
main,A_ACCEPT,stop_5bp,1683878400000,1683878700000,1684076700000,-1,0.005,26329.3,27133.9635,27133.9635,24719.972999999994,-4.241720979267679,0.1336923779531875,0.10793235637500001,0.023221255060522996,stop,range
main,A_ACCEPT,stop_5bp,1684137600000,1684137900000,1684322400000,1,0.006,27410.0,26661.6865,26661.6865,28906.627,-4.834005799897863,0.16217540371132502,0.12864957735000002,-0.05329981883652269,stop,range
main,A_ACCEPT,stop_5bp,1685260800000,1685261100000,1685311200000,1,0.009000000000000001,27197.4,28150.905000000006,26720.6475,28150.905000000006,8.233220369365874,0.2490667288841251,0.07472021175000002,-0.024537690000000004,target,range
main,A_ACCEPT,stop_5bp,1687320000000,1687320300000,1687364700000,1,0.005,28731.0,30545.378000000004,27823.810999999998,30545.378000000004,8.86100618388944,0.14819026460825002,0.0444572835,-0.01823626800231777,target,range
main,A_ACCEPT,stop_5bp,1687377600000,1687377900000,1687809900000,1,0.003,30105.6,30252.5,28815.963,32684.873999999996,0.18698023724047685,0.0905371169475,0.027161144999999998,-0.13602150081202202,time,range
main,A_ACCEPT,stop_5bp,1691510400000,1691510700000,1691942700000,1,0.011,29546.4,29346.6,29144.787,30349.626000000004,-3.0597626292159332,0.323911664835,0.09717345,-0.44087751438089945,time,range
main,A_ACCEPT,stop_5bp,1692244800000,1692245100000,1692305400000,-1,0.009000000000000001,28653.2,27655.484,29152.058,27655.484,8.70092066466049,0.2533884045417001,0.0760167234,0.05088179260219501,target,range
main,A_ACCEPT,stop_5bp,1694462400000,1694462700000,1694488800000,-1,0.006,25044.0,25770.2855,25770.2855,23591.428999999996,-4.629118471537439,0.152481838756725,0.12304371345000001,0.0041200806692993225,stop,range
main,A_ACCEPT,stop_5bp,1695052800000,1695053100000,1695058200000,1,0.007,27296.0,26645.786,26645.786,28596.428,-4.890147088536874,0.18874996223685003,0.1498991263,0.0,stop,range
main,A_ACCEPT,stop_5bp,1695931200000,1695931500000,1696235700000,1,0.007,27100.1,28452.172999999995,26424.0635,28452.172999999995,9.207547710341064,0.194432245661675,0.05832988664999999,-0.004201157347218487,target,range
main,A_ACCEPT,stop_5bp,1697054400000,1697054700000,1697402400000,-1,0.008,26741.3,27278.4645,27278.4645,25666.971,-4.609308320067539,0.21613393722770002,0.17393757539999996,0.07807919256014444,stop,range
main,A_ACCEPT,stop_5bp,1697788800000,1697789100000,1698032700000,1,0.006,29251.9,30705.367000000006,28525.1665,30705.367000000006,8.437146570316354,0.17987114693985,0.0539615403,-0.04982274244380709,target,range
main,A_ACCEPT,stop_5bp,1698897600000,1698897900000,1698942000000,1,0.004,35573.0,34493.4555,34493.4555,37732.08900000001,-4.597272721908615,0.14009874140785,0.11102678429999999,-0.027969196200732002,stop,up
main,A_ACCEPT,stop_5bp,1699934400000,1699934700000,1699987800000,-1,0.009000000000000001,36477.4,35539.324,36946.438,35539.324,8.122581428775222,0.3240746247987001,0.09722257740000001,0.10119463097396125,target,up
main,A_ACCEPT,stop_5bp,1700092800000,1700093100000,1700157900000,1,0.003,37859.0,36198.965,36198.965,41179.07000000001,-5.208997109716142,0.111060171784125,0.08762453174999998,-0.030207406182,stop,up
main,A_ACCEPT,stop_5bp,1701676800000,1701677100000,1702070400000,1,0.003,41514.4,44688.23100000001,39927.4845,44688.23100000001,9.154660474622688,0.12930323238802502,0.03879118395,-0.19873810903930503,target,up
main,A_ACCEPT,stop_5bp,1704153600000,1704153900000,1704283200000,1,0.002,44341.0,42641.566999999995,42641.566999999995,47739.86600000001,-3.669611783309908,0.08696150113145,0.06873633709999999,-0.11504794507843885,stop,range
main,A_ACCEPT,stop_5bp,1704729600000,1704729900000,1704834900000,1,0.003,45077.6,48098.51500000001,43567.142499999994,48098.51500000001,8.838847131503773,0.13976349279412503,0.04192925175,-0.042205123952127006,target,range
main,A_ACCEPT,stop_5bp,1705104000000,1705104300000,1705536300000,-1,0.002,42843.6,42772.4,44853.794499999996,38823.211,0.15937419196965347,0.08561598932,0.0256848,0.12827498128966203,time,range
main,A_ACCEPT,stop_5bp,1706284800000,1706285100000,1706717100000,1,0.003,41418.9,43433.0,39880.6815,44495.33700000001,5.713725579155021,0.12727739682750003,0.038183355,-0.16311366901746643,time,range
main,A_ACCEPT,stop_5bp,1707350400000,1707350700000,1707480300000,1,0.003,44399.8,47309.205000000016,42945.097499999996,47309.205000000016,8.518982595085383,0.13756285288387504,0.04126905225000001,-0.030400499780776885,target,range
main,A_ACCEPT,stop_5bp,1707926400000,1707926700000,1708358700000,1,0.002,51643.6,52189.2,49658.661,55613.477999999996,0.7469370253021979,0.10383271816,0.031149839999999998,-0.2092804165377865,time,up
main,A_ACCEPT,stop_5bp,1709121600000,1709121900000,1709140200000,1,0.002,59088.6,63581.848000000005,56841.975999999995,63581.848000000005,8.761709472306315,0.12266977401280002,0.036801134400000005,-0.06531561928089019,target,up
main,A_ACCEPT,stop_5bp,1709150400000,1709150700000,1709541300000,1,0.002,60967.9,65233.063,58835.3185,65233.063,7.433066769718004,0.12620032322555003,0.0378602889,-0.933198618156429,target,up
main,A_ACCEPT,stop_5bp,1709568000000,1709568300000,1709658300000,1,0.002,66431.0,63989.4235,63989.4235,71314.153,-5.411260944232752,0.130388795024725,0.10311555054999999,-0.29460359865799995,stop,up
main,A_ACCEPT,stop_5bp,1710158400000,1710158700000,1710471000000,1,0.001,71727.9,68387.097,68387.097,78409.506,-3.8177179243847954,0.070040652285975,0.055210798049999996,-0.35166347404882037,stop,up
main,A_ACCEPT,stop_5bp,1710907200000,1710907500000,1710954900000,-1,0.001,61991.8,64735.568999999996,64735.568999999996,56504.26200000002,-2.8405780446503615,0.063380074174925,0.051376889849999996,0.017947919374562,stop,range
main,A_ACCEPT,stop_5bp,1711396800000,1711397100000,1711829100000,1,0.001,70884.5,69897.3,66688.9605,79275.579,-1.3674653797395027,0.07039097404,0.02111727,-0.28875713569950306,time,range
main,A_ACCEPT,stop_5bp,1712577600000,1712577900000,1712673600000,1,0.001,72495.4,69194.26150000001,69194.26150000001,79097.67699999997,-3.4825906781252125,0.0708277797700125,0.055850579975,-0.054773818380201025,stop,range
main,A_ACCEPT,stop_5bp,1713528000000,1713528300000,1713960300000,1,0.001,64934.2,66570.5,61514.9535,71772.69299999998,1.5208509559526018,0.0657522272775,0.019725704999999996,-0.029971111769896926,time,range
main,A_ACCEPT,stop_5bp,1714492800000,1714493100000,1714779000000,-1,0.002,60871.2,63306.2825,63306.2825,56001.03499999999,-5.042859186996411,0.12420950090362501,0.10055952725,0.05207484115722842,stop,range
main,A_ACCEPT,stop_5bp,1715803200000,1715803500000,1716235500000,1,0.001,65720.1,70031.8,62280.282,72599.73600000002,4.19169115374894,0.0678756266225,0.020362785,-0.031770434628552224,time,range
main,A_ACCEPT,stop_5bp,1718107200000,1718107500000,1718195400000,-1,0.003,66872.3,68519.675,68519.675,63577.55,-5.248661695735863,0.20313972291562504,0.16370590125,0.06030892842978601,stop,range
main,A_ACCEPT,stop_5bp,1719201600000,1719201900000,1719247800000,-1,0.003,62807.1,60063.586,64178.856999999996,60063.586,8.023338213238615,0.18430541170935,0.0552918087,0.032393433648,target,down
main,A_ACCEPT,stop_5bp,1719806400000,1719806700000,1719971700000,1,0.003,63360.8,61767.313,61767.313,66547.774,-5.229855293717612,0.187646202549825,0.14895862035,-0.11278947081775502,stop,range
main,A_ACCEPT,stop_5bp,1720166400000,1720166700000,1720283100000,-1,0.001,54246.7,57652.93,57652.93,47434.23999999999,-3.4974528534512834,0.05596448369975,0.045611409500000005,0.010353039748470825,stop,down
main,A_ACCEPT,stop_5bp,1721030400000,1721030700000,1721462700000,1,0.002,62875.2,66486.6,60538.1415,67549.317,7.023838181385613,0.12936125829,0.03880854,-0.03079202032440645,time,range
main,A_ACCEPT,stop_5bp,1722470400000,1722470700000,1722709800000,-1,0.002,64655.9,60123.594999999994,66922.0525,60123.594999999994,8.995944772221634,0.12477881515425002,0.0374338485,0.09354743587587316,target,up
main,A_ACCEPT,stop_5bp,1724140800000,1724141100000,1724166000000,1,0.003,60877.6,59251.973999999995,59251.973999999995,64128.852000000006,-5.199964557085392,0.18015028778535,0.1429362693,0.0,stop,range
main,A_ACCEPT,stop_5bp,1724457600000,1724457900000,1724793300000,1,0.001,64068.0,61188.9335,61188.9335,69826.133,-3.006423928954939,0.0626133854466125,0.049383006774999995,-0.015361036733322873,stop,range
main,A_ACCEPT,stop_5bp,1725652800000,1725653100000,1725911700000,-1,0.001,53589.8,57115.2325,57115.2325,46538.93500000001,-3.648629549054257,0.0553670594655625,0.045163371125,-0.02266661846369562,stop,range
main,A_ACCEPT,stop_5bp,1726257600000,1726257900000,1726506600000,1,0.002,59635.9,57504.4965,57504.4965,63898.707,-4.48062222893582,0.11711196396227501,0.09264661545,-0.008056649523521146,stop,range
main,A_ACCEPT,stop_5bp,1726718400000,1726718700000,1727150700000,1,0.001,62099.2,63064.2,59319.6935,67658.21299999999,0.8334127775508007,0.062581627625,0.018774509999999998,-0.05023108482419652,time,range
main,A_ACCEPT,stop_5bp,1728518400000,1728518700000,1728662100000,-1,0.002,60573.0,62403.5055,62403.5055,56911.989,-3.868879302597331,0.123007981828575,0.09929645714999999,0.014436136381247706,stop,range
main,A_ACCEPT,stop_5bp,1728892800000,1728893100000,1729277100000,1,0.002,64554.5,68966.233,62348.6335,68966.233,8.479787369213895,0.13352007124005,0.040056219899999995,-0.17010233964602792,target,range
main,A_ACCEPT,stop_5bp,1730160000000,1730160300000,1730220300000,1,0.003,69846.4,72841.29499999998,68348.9525,72841.29499999998,8.663432198901338,0.21403086864862497,0.06420946274999997,-0.04301246970000001,target,up
main,A_ACCEPT,stop_5bp,1730232000000,1730232300000,1730383500000,1,0.003,72357.9,70828.569,70828.569,75416.56199999998,-5.081940449722732,0.21472692617272499,0.17067676454999997,-0.10854375899999699,stop,up
main,A_ACCEPT,stop_5bp,1731340800000,1731341100000,1731509400000,1,0.001,84482.1,91575.23800000001,80935.531,91575.23800000001,6.842315492398926,0.08802813701465001,0.0264086007,-0.13638576988642942,target,up
main,A_ACCEPT,stop_5bp,1732176000000,1732176300000,1732571100000,1,0.001,96968.0,93843.5065,93843.5065,103216.987,-3.466934708620422,0.0953825267103875,0.075543479225,-0.17151520268502163,stop,up
main,A_ACCEPT,stop_5bp,1732896000000,1732896300000,1733127300000,1,0.001,98339.9,95535.31150000001,95535.31150000001,103949.07699999996,-3.107729818711506,0.09691393226626252,0.076848937475,-0.1293784489702543,stop,up
main,A_ACCEPT,stop_5bp,1736150400000,1736150700000,1736210100000,1,0.002,99439.5,102736.33899999998,97791.08050000001,102736.33899999998,6.289993447363375,0.20217534447414998,0.06065275169999999,-0.04085645646241,target,range
main,A_ACCEPT,stop_5bp,1736971200000,1736971500000,1737355500000,1,0.001,99709.6,106460.98700000002,96333.9065,106460.98700000002,6.517546204168489,0.10308478714597502,0.03092558805,-0.09983042063554082,target,range
main,A_ACCEPT,stop_5bp,1739822400000,1739822700000,1740019800000,-1,0.003,95475.1,97077.2585,97077.2585,92270.78300000002,-5.167901687549168,0.2889017061795376,0.23226444907499996,0.15973996770533525,stop,range
main,A_ACCEPT,stop_5bp,1740427200000,1740427500000,1740467400000,-1,0.002,94075.0,89922.05799999999,96151.471,89922.05799999999,8.08499338299464,0.1839964350587,0.0551991174,0.018304935453334,target,range
main,A_ACCEPT,stop_5bp,1741550400000,1741550700000,1741632600000,-1,0.002,82739.2,77778.30999999998,85219.645,77778.30999999998,9.728156623631698,0.1605167658665,0.048155252999999995,0.015048642498174027,target,range
main,A_ACCEPT,stop_5bp,1742428800000,1742429100000,1742561700000,1,0.001,87270.0,83373.7075,83373.7075,95062.58499999999,-4.058873268488598,0.08530130254506252,0.067283409875,-0.00999605606853637,stop,range
main,A_ACCEPT,stop_5bp,1742803200000,1742803500000,1743147000000,1,0.003,86998.9,85409.804,85409.804,90177.09199999998,-5.220355360500619,0.25854935619360003,0.2056986228,0.0111806184929973,stop,range
main,A_ACCEPT,stop_5bp,1743192000000,1743192300000,1743601500000,-1,0.002,83807.5,85680.8795,85680.8795,80060.74100000001,-3.9807195679518688,0.169531500946675,0.13652739335,0.0720983263447963,stop,range
main,A_ACCEPT,stop_5bp,1743624000000,1743624300000,1743628500000,1,0.002,86680.6,84305.7795,84305.7795,91430.24100000001,-5.056187276183365,0.17094458283332503,0.13560169335,0.0,stop,range
main,A_ACCEPT,stop_5bp,1743984000000,1743984300000,1744222500000,-1,0.001,77776.7,82652.4145,82652.4145,68025.271,-4.992900384448395,0.08023558603221251,0.065390574425,0.028440276008827023,stop,range
main,A_ACCEPT,stop_5bp,1745352000000,1745352300000,1745784300000,1,0.001,91280.6,94257.3,88334.0055,97173.78900000002,2.864834594492535,0.09276872674750002,0.027830685,0.008734006240045625,time,range
main,A_ACCEPT,stop_5bp,1746115200000,1746115500000,1746397800000,1,0.002,96970.0,94757.8735,94757.8735,101394.253,-4.715461090257134,0.191680826382225,0.15227623555,0.052748971675118925,stop,up
main,A_ACCEPT,stop_5bp,1746417600000,1746417900000,1746570600000,-1,0.002,94104.5,95775.051,95775.051,90763.39799999999,-3.6675387604283975,0.18992768910815,0.1527389163,0.016229844979770692,stop,up
main,A_ACCEPT,stop_5bp,1746691200000,1746691500000,1746918900000,1,0.001,99335.9,104575.32699999999,96716.1865,104575.32699999999,5.051222944699895,0.10195522054297501,0.030586684049999997,-0.055662150707116,target,up
main,A_ACCEPT,stop_5bp,1748563200000,1748563500000,1748995500000,-1,0.003,105692.6,105437.5,107248.99,102579.82,0.5510969337808994,0.31669509260250006,0.095008545,0.19750057138338628,time,range
main,A_ACCEPT,stop_5bp,1749168000000,1749168300000,1749220800000,-1,0.001,101392.7,104653.272,104653.272,94871.556,-3.449978758700897,0.10304939386090001,0.0832335318,-0.00312383304,stop,range
main,A_ACCEPT,stop_5bp,1749513600000,1749513900000,1749702000000,1,0.001,110129.5,107478.6875,107478.6875,115431.125,-2.8921850269171494,0.1087774228890625,0.086380571875,-0.04621453215307879,stop,range
main,A_ACCEPT,stop_5bp,1749787200000,1749787500000,1750059000000,-1,0.001,103970.2,107045.681,107045.681,97819.238,-3.2486473858771614,0.105534932581325,0.08517522265,0.017543769354159206,stop,range
main,A_ACCEPT,stop_5bp,1750550400000,1750550700000,1750601700000,-1,0.003,102504.9,100111.18999999997,103701.755,100111.18999999997,6.816748863084818,0.30392359641524996,0.09117724049999998,0.030719700000000003,target,range
main,A_ACCEPT,stop_5bp,1750622400000,1750622700000,1750702200000,-1,0.001,98750.1,102907.559,102907.559,90435.18200000003,-4.338992494078751,0.10085486819917501,0.08170242835,0.001023802470419069,stop,range
main,A_ACCEPT,stop_5bp,1751400000000,1751400300000,1751443200000,-1,0.002,105330.9,107211.644,107211.644,101569.41199999998,-4.1339568922536145,0.2125964319336,0.1709744072,0.011101946880000001,stop,range
main,A_ACCEPT,stop_5bp,1753430400000,1753430700000,1753628700000,-1,0.001,115455.2,118556.793,118556.793,109252.01399999998,-3.2425433409861135,0.11703586831772501,0.09438019545000001,0.070465722781614,stop,up
main,A_ACCEPT,stop_5bp,1754020800000,1754021100000,1754159100000,-1,0.002,115468.5,112319.50999999998,117042.99500000001,112319.50999999998,6.04146162434505,0.2277875376515,0.06833640299999999,0.03960556499650432,target,range
main,A_ACCEPT,stop_5bp,1754582400000,1754582700000,1754877600000,1,0.002,116614.0,120548.101,114646.9495,120548.101,7.383738936577845,0.23716151088485005,0.07114863029999999,-0.17615292223725382,target,range
main,A_ACCEPT,stop_5bp,1755129600000,1755129900000,1755170400000,1,0.001,123605.5,120764.579,120764.579,129287.342,-3.072287792664198,0.12215506142432501,0.09703780135,-0.012173929889855,stop,range
main,A_ACCEPT,stop_5bp,1755504000000,1755504300000,1755936300000,-1,0.001,115127.1,115783.6,117586.42749999999,110208.44500000004,-0.7009919390842339,0.1154553992375,0.034636605,0.10560006515327308,time,range
main,A_ACCEPT,stop_5bp,1756497600000,1756497900000,1756823400000,-1,0.001,108030.1,111622.6235,111622.6235,100845.05300000001,-3.7122213321791686,0.10985453684513752,0.088759220275,0.07891592494097358,stop,range
main,A_ACCEPT,stop_5bp,1758844800000,1758845100000,1759097700000,-1,0.001,109100.6,111750.7305,111750.7305,103800.339,-2.80926290994864,0.11045380169241252,0.08900306482499999,0.04032445656876756,stop,range
main,A_ACCEPT,stop_5bp,1759176000000,1759176300000,1759363200000,1,0.002,114154.2,118920.63299999999,111770.9835,118920.63299999999,9.147759103393625,0.23307411803505,0.06992244989999999,-0.08211032867129228,target,range
main,A_ACCEPT,stop_5bp,1759377600000,1759377900000,1759506900000,1,0.002,118786.1,122370.563,116993.86850000001,122370.563,6.761012526241348,0.24115612533055003,0.0723469989,-0.09441034952807895,target,range
main,A_ACCEPT,stop_5bp,1759521600000,1759521900000,1759953900000,1,0.001,122309.7,123252.3,119699.17099999999,127530.75800000002,0.632419929663771,0.12278092930500001,0.0368343,-0.15056484103123244,time,range
main,A_ACCEPT,stop_5bp,1760644800000,1760645100000,1761058500000,-1,0.001,108091.5,112143.82,112143.82,99986.85999999999,-4.272491843254839,0.11014599987900002,0.089107208,-0.020918635375829744,stop,range
main,A_ACCEPT,stop_5bp,1761494400000,1761494700000,1761752700000,1,0.002,113518.5,111547.58350000001,111547.58350000001,117460.33299999998,-4.45527361047858,0.22501060534572503,0.17906740855,-0.10936259658283412,stop,down
main,A_ACCEPT,stop_5bp,1761854400000,1761854700000,1761872700000,-1,0.001,106378.7,109893.1345,109893.1345,99349.83099999999,-3.70975489528622,0.10816365411621251,0.08738734242499999,0.000230601255,stop,range
main,A_ACCEPT,stop_5bp,1762286400000,1762286700000,1762718400000,-1,0.001,100286.4,104935.4665,104935.4665,90988.26699999999,-4.7604321006120625,0.10263751579661251,0.08325101322499999,0.07452292840955452,stop,range
main,A_ACCEPT,stop_5bp,1763683200000,1763683500000,1764115500000,-1,0.001,86672.0,87564.1,90077.705,79860.59,-0.9834363174604647,0.08711811690750002,0.026135415,0.02191721444703825,time,down
main,A_ACCEPT,stop_5bp,1764201600000,1764201900000,1764556500000,1,0.001,90368.8,86766.4445,86766.4445,97573.51100000001,-3.790516162900415,0.08854620081553752,0.069953508925,-0.02966095315985923,stop,down
main,A_ACCEPT,stop_5bp,1764748800000,1764749100000,1764941100000,1,0.002,93052.5,90802.9705,90802.9705,97551.55900000001,-4.86566386960621,0.183810406444175,0.14595961165,-0.03683485151199298,stop,range
main,A_ACCEPT,stop_5bp,1765310400000,1765310700000,1765421100000,1,0.001,93577.5,89824.5065,89824.5065,101083.487,-3.926850492740767,0.09167882859788751,0.07242255422499999,-0.009755609917876256,stop,range
main,A_ACCEPT,stop_5bp,1765828800000,1765829100000,1765983600000,-1,0.001,86146.2,89941.27,89941.27,78556.05999999998,-3.9300298213505886,0.08806650494775001,0.0713837555,0.02449043909717498,stop,range
main,A_ACCEPT,risk_half,1646827200000,1646827500000,1646876700000,1,0.002,42198.4,41088.7385,41088.7385,44417.723000000005,-2.344486361498938,0.083287304949225,0.024986141549999997,-0.016889914999704,stop,range
main,A_ACCEPT,risk_half,1648771200000,1648771500000,1648825800000,-1,0.002,45549.2,46566.354999999996,46566.354999999996,43514.89,-2.1471979196972497,0.09211570757325,0.027634666499999995,0.006862454376000002,stop,up
main,A_ACCEPT,risk_half,1654963200000,1654963500000,1655078400000,-1,0.002,28406.5,26460.370000000003,29379.565,26460.370000000003,3.830157929908564,0.05486657808050001,0.016460061,0.009224568989074724,target,range
main,A_ACCEPT,risk_half,1656993600000,1656993900000,1657014300000,1,0.003,20289.5,19683.0125,19683.0125,21502.475,-1.903471503783683,0.05995890520968751,0.017987630625,-0.006062467948986,stop,range
main,A_ACCEPT,risk_half,1657526400000,1657526700000,1657653300000,-1,0.004,20408.7,19426.406,20899.847,19426.406,3.846135828729118,0.07966991731180001,0.023901063599999998,0.020530809640913392,target,range
main,A_ACCEPT,risk_half,1657670400000,1657670700000,1657715100000,-1,0.003,19309.3,20032.7085,20032.7085,17862.482999999997,-2.2465779434479174,0.0590131755169125,0.017703903825,0.00036463589400000004,stop,range
main,A_ACCEPT,risk_half,1658592000000,1658592300000,1658675400000,-1,0.003,22221.4,22927.7405,22927.7405,20808.719000000005,-2.1977158312764913,0.06772386967661251,0.020317113225,0.00934665162512675,stop,up
main,A_ACCEPT,risk_half,1660766400000,1660766700000,1660890900000,-1,0.003,23192.9,21997.445,23790.627500000002,21997.445,3.523137842368977,0.06778524852262502,0.02033565525,0.02489374614160149,target,range
main,A_ACCEPT,risk_half,1661572800000,1661573100000,1662005100000,-1,0.003,20176.9,20041.2,20775.924499999997,18978.85100000001,0.3029334104112593,0.06032711946750001,0.018098145,-0.025741325121239354,time,down
main,A_ACCEPT,risk_half,1662753600000,1662753900000,1662945900000,1,0.006,21224.0,21929.275,20871.3625,21929.275,3.9813455866100047,0.12945950762625003,0.0388379475,-0.08200695826375035,target,range
main,A_ACCEPT,risk_half,1666569600000,1666569900000,1666722600000,1,0.005,19557.4,20382.304000000004,19144.948,20382.304000000004,3.9700931890250137,0.09984895066100002,0.029954778,-0.024623082314005854,target,range
main,A_ACCEPT,risk_half,1671206400000,1671206700000,1671638700000,-1,0.004,16951.9,16852.6,17536.0095,15783.681000000004,0.3592170112635403,0.06760897021,0.0202827,0.049908681473539204,time,range
main,A_ACCEPT,risk_half,1672819200000,1672819500000,1673251500000,1,0.009000000000000001,16867.7,17193.2,16636.7675,17329.565,2.6020389438616913,0.15327383028750002,0.04598221500000001,-0.12820501085081976,time,range
main,A_ACCEPT,risk_half,1673395200000,1673395500000,1673479800000,1,0.013000000000000001,17430.4,17764.804000000004,17263.198,17764.804000000004,4.044713149265557,0.22876849995610007,0.0686306478,-0.005139702978375521,target,up
main,A_ACCEPT,risk_half,1673640000000,1673640300000,1673656500000,1,0.004,19362.9,20539.506,18774.597,20539.506,4.595707815253806,0.0798044590182,0.0239414436,-0.006970282128000001,target,up
main,A_ACCEPT,risk_half,1676476800000,1676477100000,1676493000000,1,0.003,22807.9,24322.861000000004,22050.4195,24322.861000000004,4.452978356916231,0.07069580063377502,0.02120884245,0.0,target,range
main,A_ACCEPT,risk_half,1682121600000,1682121900000,1682456400000,-1,0.002,27271.7,28134.983500000002,28134.983500000002,25545.132999999998,-1.772450620465283,0.055406812992525006,0.01662200505,0.026145197577249795,stop,range
main,A_ACCEPT,risk_half,1682481600000,1682481900000,1682511900000,1,0.003,28300.8,29787.855999999996,27557.272,29787.855999999996,4.346460523771178,0.0871326494124,0.026139895199999996,-0.001434931616408042,target,range
main,A_ACCEPT,risk_half,1682971200000,1682971500000,1683042000000,-1,0.003,27895.7,28653.622,28653.622,26379.856000000003,-2.3780609635024534,0.08482415353245,0.025447194899999998,0.005976384930000001,stop,range
main,A_ACCEPT,risk_half,1683878400000,1683878700000,1684076700000,-1,0.003,26329.3,27133.9635,27133.9635,24719.972999999994,-2.5043112918379884,0.08019507629928752,0.024058468575,0.013932753036313798,stop,range
main,A_ACCEPT,risk_half,1684137600000,1684137900000,1684322400000,1,0.003,27410.0,26661.6865,26661.6865,28906.627,-2.377030366463802,0.08110769812053752,0.024332258925,-0.026649909418261345,stop,range
main,A_ACCEPT,risk_half,1685260800000,1685261100000,1685311200000,1,0.004,27197.4,28150.905000000006,26720.6475,28150.905000000006,3.6592090530515002,0.11069632394850003,0.033208983,-0.010905640000000001,target,range
main,A_ACCEPT,risk_half,1687320000000,1687320300000,1687364700000,1,0.002,28731.0,30545.378000000004,27823.810999999998,30545.378000000004,3.5444024735557758,0.05927610584330001,0.017782913400000003,-0.007294507200927107,target,range
main,A_ACCEPT,risk_half,1691510400000,1691510700000,1691942700000,1,0.005,29546.4,29346.6,29144.787,30349.626000000004,-1.3908011950981516,0.14723257492500003,0.044169749999999994,-0.20039887017313618,time,range
main,A_ACCEPT,risk_half,1692244800000,1692245100000,1692305400000,-1,0.004,28653.2,27655.484,29152.058,27655.484,3.8670758509602168,0.11261706868520002,0.0337852104,0.022614130045420004,target,range
main,A_ACCEPT,risk_half,1694462400000,1694462700000,1694488800000,-1,0.003,25044.0,25770.2855,25770.2855,23591.428999999996,-2.275884479804602,0.0762215916642375,0.022866428475,0.0020600403346496612,stop,range
main,A_ACCEPT,risk_half,1695052800000,1695053100000,1695058200000,1,0.003,27296.0,26645.786,26645.786,28596.428,-2.0558286289981593,0.08091282529815,0.0242738037,0.0,stop,range
main,A_ACCEPT,risk_half,1695931200000,1695931500000,1696235700000,1,0.003,27100.1,28452.172999999995,26424.0635,28452.172999999995,3.946091875860456,0.083328105283575,0.024998522849999996,-0.0018004960059507802,target,range
main,A_ACCEPT,risk_half,1697054400000,1697054700000,1697402400000,-1,0.004,26741.3,27278.4645,27278.4645,25666.971,-2.2500699525692855,0.10803969014935001,0.0324118587,0.03903959628007222,stop,range
main,A_ACCEPT,risk_half,1697788800000,1697789100000,1698032700000,1,0.003,29251.9,30705.367000000006,28525.1665,30705.367000000006,4.218573285158177,0.089935573469925,0.02698077015,-0.024911371221903546,target,range
main,A_ACCEPT,risk_half,1698897600000,1698897900000,1698942000000,1,0.002,35573.0,34493.4555,34493.4555,37732.08900000001,-2.26416015218205,0.070066617431675,0.021019936649999998,-0.013984598100366001,stop,up
main,A_ACCEPT,risk_half,1699934400000,1699934700000,1699987800000,-1,0.004,36477.4,35539.324,36946.438,35539.324,3.6100361905667655,0.14403316657720003,0.0432100344,0.04497539154398277,target,up
main,A_ACCEPT,risk_half,1707364800000,1707365100000,1707468900000,1,0.002,44545.3,46542.97600000001,43546.462,46542.97600000001,3.8566705409975524,0.09108797634860002,0.027326482800000003,-0.020266999853851254,target,range
main,A_ACCEPT,risk_half,1707926400000,1707926700000,1708358700000,1,0.001,51643.6,52189.2,49658.661,55613.477999999996,0.3734685126510989,0.05191635908,0.015574919999999999,-0.10464020826889325,time,up
main,A_ACCEPT,risk_half,1709121600000,1709121900000,1709140200000,1,0.001,59088.6,63581.848000000005,56841.975999999995,63581.848000000005,4.380854736153157,0.06133488700640001,0.018400567200000002,-0.032657809640445096,target,up
main,A_ACCEPT,risk_half,1709150400000,1709150700000,1709541300000,1,0.001,60967.9,65233.063,58835.3185,65233.063,3.716533384859002,0.06310016161277501,0.01893014445,-0.4665993090782145,target,up
main,A_ACCEPT,risk_half,1709568000000,1709568300000,1709658300000,1,0.001,66431.0,63989.4235,63989.4235,71314.153,-2.673651757722246,0.06521039486823751,0.019563063525,-0.14730179932899998,stop,up
main,A_ACCEPT,risk_half,1714492800000,1714493100000,1714779000000,-1,0.001,60871.2,63306.2825,63306.2825,56001.03499999999,-2.4897606256775835,0.0620889238811875,0.018626622375,0.02603742057861421,stop,range
main,A_ACCEPT,risk_half,1715817600000,1715817900000,1715880900000,1,0.001,66407.3,64584.799,64584.799,70052.30200000001,-1.9133804680061608,0.06549618618757501,0.01964881485,-0.005734466968575495,stop,range
main,A_ACCEPT,risk_half,1718107200000,1718107500000,1718195400000,-1,0.001,66872.3,68519.675,68519.675,63577.55,-1.715276931159877,0.06769611105312502,0.02030879625,0.020102976143262,stop,range
main,A_ACCEPT,risk_half,1719201600000,1719201900000,1719247800000,-1,0.001,62807.1,60063.586,64178.856999999996,60063.586,2.6744460710795384,0.061435137236450006,0.0184306029,0.010797811216,target,down
main,A_ACCEPT,risk_half,1719806400000,1719806700000,1719971700000,1,0.001,63360.8,61767.313,61767.313,66547.774,-1.7124168832341118,0.062564176011525,0.01876921695,-0.037596490272585,stop,range
main,A_ACCEPT,risk_half,1721030400000,1721030700000,1721462700000,1,0.001,62875.2,66486.6,60538.1415,67549.317,3.5119190906928064,0.064680629145,0.01940427,-0.015396010162203225,time,range
main,A_ACCEPT,risk_half,1722470400000,1722470700000,1722709800000,-1,0.001,64655.9,60123.594999999994,66922.0525,60123.594999999994,4.497972386110817,0.06238940757712501,0.01871692425,0.04677371793793658,target,up
main,A_ACCEPT,risk_half,1724140800000,1724141100000,1724166000000,1,0.001,60877.6,59251.973999999995,59251.973999999995,64128.852000000006,-1.703710345021957,0.06006490892195,0.0180194361,0.0,stop,range
main,A_ACCEPT,risk_half,1724774400000,1724774700000,1724796600000,-1,0.001,61591.0,58673.391,63049.8045,58673.391,2.8394373646706654,0.060131976679325,0.01803965865,0.0,target,range
main,A_ACCEPT,risk_half,1726257600000,1726257900000,1726506600000,1,0.001,59635.9,57504.4965,57504.4965,63898.707,-2.2115732423420287,0.05857035810526251,0.017571059474999998,-0.004028324761760573,stop,range
main,A_ACCEPT,risk_half,1726761600000,1726761900000,1727193900000,1,0.001,63248.3,63222.0,61744.878500000006,66255.143,-0.15606046019117653,0.06323515197250001,0.018970545,-0.047554763218669846,time,range
main,A_ACCEPT,risk_half,1728518400000,1728518700000,1728662100000,-1,0.001,60573.0,62403.5055,62403.5055,56911.989,-1.9032222976722912,0.0614883900379125,0.018446475824999996,0.007218068190623853,stop,range
main,A_ACCEPT,risk_half,1728892800000,1728893100000,1729277100000,1,0.001,64554.5,68966.233,62348.6335,68966.233,4.2398936846069475,0.066760035620025,0.020028109949999998,-0.08505116982301396,target,range
main,A_ACCEPT,risk_half,1730160000000,1730160300000,1730220300000,1,0.001,69846.4,72841.29499999998,68348.9525,72841.29499999998,2.8878107329671128,0.07134362288287499,0.021403154249999994,-0.014337489900000002,target,up
main,A_ACCEPT,risk_half,1730232000000,1730232300000,1730383500000,1,0.001,72357.9,70828.569,70828.569,75416.56199999998,-1.658583572549825,0.07159334919982502,0.02147797035,-0.036181252999999004,stop,up
main,A_ACCEPT,risk_half,1736150400000,1736150700000,1736210100000,1,0.001,99439.5,102736.33899999998,97791.08050000001,102736.33899999998,3.1449967236816874,0.10108767223707499,0.030326375849999997,-0.020428228231205,target,range
main,A_ACCEPT,risk_half,1736985600000,1736985900000,1737038400000,1,0.001,100518.8,98380.0585,98380.0585,104796.28300000001,-2.275575944430614,0.09944958965561251,0.029834828774999995,-0.007550026,stop,range
main,A_ACCEPT,risk_half,1739822400000,1739822700000,1740019800000,-1,0.001,95475.1,97077.2585,97077.2585,92270.78300000002,-1.6740709972850938,0.0962762994118875,0.028882853774999998,0.05324665590177841,stop,range
main,A_ACCEPT,risk_half,1740427200000,1740427500000,1740467400000,-1,0.001,94075.0,89922.05799999999,96151.471,89922.05799999999,4.04249669149732,0.09199821752935,0.0275995587,0.009152467726667,target,range
main,A_ACCEPT,risk_half,1741550400000,1741550700000,1741632600000,-1,0.001,82739.2,77778.30999999998,85219.645,77778.30999999998,4.864078311815849,0.08025838293325,0.024077626499999998,0.007524321249087014,target,range
main,A_ACCEPT,risk_half,1742803200000,1742803500000,1743147000000,1,0.001,86998.9,85409.804,85409.804,90177.09199999998,-1.6974349039512089,0.08620447118220001,0.025861305599999995,0.0037268728309990994,stop,range
main,A_ACCEPT,risk_half,1743192000000,1743192300000,1743601500000,-1,0.001,83807.5,85680.8795,85680.8795,80060.74100000001,-1.947497924006076,0.08474433025346251,0.025423256925,0.03604916317239815,stop,range
main,A_ACCEPT,risk_half,1743624000000,1743624300000,1743628500000,1,0.001,86680.6,84305.7795,84305.7795,91430.24100000001,-2.485961824786547,0.08549336786153751,0.025647956925,0.0,stop,range
main,A_ACCEPT,risk_half,1746115200000,1746115500000,1746397800000,1,0.001,96970.0,94757.8735,94757.8735,101394.253,-2.3103752978469276,0.09586410265948751,0.028759181024999997,0.026374485837559462,stop,up
main,A_ACCEPT,risk_half,1746417600000,1746417900000,1746570600000,-1,0.001,94104.5,95775.051,95775.051,90763.39799999999,-1.7858579109514465,0.094939900791325,0.02848193265,0.008114922489885346,stop,up
main,A_ACCEPT,risk_half,1746705600000,1746705900000,1746718800000,1,0.002,99425.6,101138.33300000001,98569.2335,101138.33300000001,3.1647331440099395,0.20056367609005005,0.0601691799,0.0,target,up
main,A_ACCEPT,risk_half,1748563200000,1748563500000,1748995500000,-1,0.001,105692.6,105437.5,107248.99,102579.82,0.18369897792696654,0.1055650308675,0.031669514999999995,0.0658335237944621,time,range
main,A_ACCEPT,risk_half,1750550400000,1750550700000,1750601700000,-1,0.001,102504.9,100111.18999999997,103701.755,100111.18999999997,2.2722496210282737,0.10130786547175,0.030392413499999993,0.010239900000000001,target,range
main,A_ACCEPT,risk_half,1751400000000,1751400300000,1751443200000,-1,0.001,105330.9,107211.644,107211.644,101569.41199999998,-2.0133458212158244,0.10627141305580001,0.031881381599999994,0.005550973440000001,stop,range
main,A_ACCEPT,risk_half,1754020800000,1754021100000,1754159100000,-1,0.001,115468.5,112319.50999999998,117042.99500000001,112319.50999999998,3.020730812172525,0.11389376882575,0.034168201499999995,0.01980278249825216,target,range
main,A_ACCEPT,risk_half,1754582400000,1754582700000,1754877600000,1,0.001,116614.0,120548.101,114646.9495,120548.101,3.6918694682889224,0.11858075544242502,0.035574315149999994,-0.08807646111862691,target,range
main,A_ACCEPT,risk_half,1755504000000,1755504300000,1755936300000,-1,0.001,115127.1,115783.6,117586.42749999999,110208.44500000004,-0.7009919390842339,0.1154553992375,0.034636605,0.10560006515327308,time,range
main,A_ACCEPT,risk_half,1759176000000,1759176300000,1759363200000,1,0.001,114154.2,118920.63299999999,111770.9835,118920.63299999999,4.5738795516968125,0.116537059017525,0.034961224949999994,-0.04105516433564614,target,range
main,A_ACCEPT,risk_half,1759377600000,1759377900000,1759506900000,1,0.001,118786.1,122370.563,116993.86850000001,122370.563,3.380506263120674,0.12057806266527502,0.03617349945,-0.04720517476403947,target,range
main,A_ACCEPT,risk_half,1761494400000,1761494700000,1761752700000,1,0.001,113518.5,111547.58350000001,111547.58350000001,117460.33299999998,-2.171890900385159,0.11253318956873751,0.033759912525,-0.05468129829141706,stop,down
main,A_ACCEPT,risk_half,1764216000000,1764216300000,1764547200000,1,0.001,91049.7,89309.861,89309.861,94529.37799999998,-1.8867337982977885,0.09017991098792501,0.02705393415,-0.02966095315985923,stop,down
main,A_ACCEPT,risk_half,1764748800000,1764749100000,1764941100000,1,0.001,93052.5,90802.9705,90802.9705,97551.55900000001,-2.387453150295718,0.09192790396471251,0.027578320574999995,-0.01841742575599649,stop,range
main,A_ACCEPT,risk_double,1641427200000,1641427500000,1641859500000,-1,0.002,43376.93,41768.35,46756.2712,36618.247599999995,3.227680859372499,0.085145038713,0.025543583999999998,0.12120948208549401,time,range
main,A_ACCEPT,risk_double,1644019200000,1644019500000,1644300600000,1,0.004,41374.01,45434.24049999999,39343.89475000001,45434.24049999999,15.920012786900662,0.17361528293085002,0.052084950299999995,-0.09520897986842955,target,range
main,A_ACCEPT,risk_double,1645358400000,1645358700000,1645674000000,-1,0.006,38299.7,35086.06499999999,39906.5175,35086.06499999999,18.933113657712482,0.22015584886424996,0.06604718849999999,-0.062493304923292366,target,range
main,A_ACCEPT,risk_double,1646078400000,1646078700000,1646510700000,1,0.002,41436.5,39435.9,37781.452,48746.596000000005,-4.212456364807491,0.08087270009000001,0.02426172,-0.10612194471748362,time,down
main,A_ACCEPT,risk_double,1646812800000,1646813100000,1646919600000,1,0.003,41709.4,38534.471999999994,38534.471999999994,48059.256000000016,-9.716337360418374,0.12036652235880001,0.03610974239999999,-0.035077095659556,stop,range
main,A_ACCEPT,risk_double,1648756800000,1648757100000,1649189100000,-1,0.004,45544.1,46063.3,47687.9345,41256.43099999999,-2.0439834239009254,0.18321495576000002,0.054964439999999996,0.27099597185913205,time,up
main,A_ACCEPT,risk_double,1649692800000,1649693100000,1650125100000,-1,0.005,40681.7,40010.3,42401.178,37242.74399999999,3.071489709769063,0.201729748225,0.060519,-0.023261542005885594,time,range
main,A_ACCEPT,risk_double,1652126400000,1652126700000,1652332200000,-1,0.004,31296.4,26877.199,33506.0005,26877.199,17.554448526851196,0.11634587223970001,0.034904159399999996,0.02889455849088868,target,down
main,A_ACCEPT,risk_double,1653897600000,1653897900000,1654267500000,1,0.007,30629.9,29257.6275,29257.6275,33374.44500000001,-10.028260257286734,0.2096070666930625,0.06288190387499999,-0.14986378671864234,stop,range
main,A_ACCEPT,risk_double,1654502400000,1654502700000,1654565100000,1,0.006,31314.8,29834.157,29834.157,34276.085999999996,-9.160078139465805,0.18344753728935,0.05503406129999999,-0.037738540876440005,stop,range
main,A_ACCEPT,risk_double,1654963200000,1654963500000,1655078400000,-1,0.01,28406.5,26460.370000000003,29379.565,26460.370000000003,19.15078964954282,0.2743328904025001,0.08230030499999999,0.04612284494537362,target,range
main,A_ACCEPT,risk_double,1655092800000,1655093100000,1655169600000,-1,0.004,25534.8,21385.835999999992,27609.282000000003,21385.835999999992,16.473843010609215,0.09384002731079999,0.02815238159999999,-2.058047999999946e-05,target,range
main,A_ACCEPT,risk_double,1655553600000,1655553900000,1655670600000,-1,0.007,19212.7,20622.126,20622.126,16393.848,-10.030461627604604,0.13942263094865004,0.04182656729999999,0.016769570644048173,stop,down
main,A_ACCEPT,risk_double,1656590400000,1656590700000,1656635100000,-1,0.009000000000000001,19087.9,20116.1055,20116.1055,17031.489,-9.526293203701133,0.17641871878871254,0.052925407425,-0.043099577487424795,stop,down
main,A_ACCEPT,risk_double,1656993600000,1656993900000,1657014300000,1,0.016,20289.5,19683.0125,19683.0125,21502.475,-10.151848020179644,0.31978082778500005,0.09593402999999999,-0.032333162394592,stop,range
main,A_ACCEPT,risk_double,1657224000000,1657224300000,1657547100000,1,0.007,21638.3,20319.5645,20319.5645,24275.770999999997,-9.554116051725497,0.14685321808613752,0.044055757725,-0.1320585759143415,stop,range
main,A_ACCEPT,risk_double,1657598400000,1657598700000,1657819500000,-1,0.015,19937.8,20589.4935,20589.4935,18634.412999999997,-10.108084024370566,0.30395543440518746,0.09118641037499998,0.0624603204096527,stop,range
main,A_ACCEPT,risk_double,1658260800000,1658261100000,1658693100000,1,0.006,23382.4,22685.1,21900.4525,26346.295000000006,-4.536623420283891,0.13820281378500002,0.041460750000000005,-0.17315985649886048,time,range
main,A_ACCEPT,risk_double,1658808000000,1658808300000,1658946900000,-1,0.008,21137.2,22298.853499999997,22298.853499999997,18813.893000000007,-9.477013796028078,0.17374491099210004,0.05212326419999999,0.042082379163991115,stop,range
main,A_ACCEPT,risk_double,1659038400000,1659038700000,1659470700000,1,0.007,23841.5,22961.9,22529.4715,26465.557,-6.598980243958479,0.16381236179000003,0.04914357,-0.22882431216847338,time,range
main,A_ACCEPT,risk_double,1659960000000,1659960300000,1660045200000,1,0.01,24184.1,23237.6295,23237.6295,26077.040999999997,-9.839647290994131,0.237109357352875,0.07113259424999999,-0.06670033939125002,stop,range
main,A_ACCEPT,risk_double,1660766400000,1660766700000,1660890900000,-1,0.015,23192.9,21997.445,23790.627500000002,21997.445,17.61568921184488,0.33892624261312504,0.10167827624999998,0.12446873070800746,target,range
main,A_ACCEPT,risk_double,1661544000000,1661544300000,1661976300000,-1,0.007,20670.0,20210.2,21901.277,18207.446000000004,2.9553814217596974,0.14308045860500002,0.04292421,-0.07721390963529304,time,range
main,A_ACCEPT,risk_double,1662508800000,1662509100000,1662694200000,-1,0.009000000000000001,18837.7,19875.105499999998,19875.105499999998,16762.889000000006,-9.545504640951703,0.17420832499871253,0.052262287425,0.017615471472000002,stop,down
main,A_ACCEPT,risk_double,1662724800000,1662725100000,1663105200000,1,0.008,20970.0,19877.0455,19877.0455,23155.909,-9.16703288633711,0.16338883777270002,0.049016454599999995,-0.2109915939643803,stop,range
main,A_ACCEPT,risk_double,1663574400000,1663574700000,1663616400000,-1,0.008,18431.3,19536.6805,19536.6805,16220.539,-9.039562638870082,0.1518725852283,0.045561576599999994,0.0009155229582259199,stop,range
main,A_ACCEPT,risk_double,1664265600000,1664265900000,1664297100000,1,0.009000000000000001,20200.6,19149.2835,19149.2835,22303.232999999993,-9.707324292447629,0.17707518538863753,0.05312234272500001,-0.015278264334000001,stop,range
main,A_ACCEPT,risk_double,1666569600000,1666569900000,1666722600000,1,0.021,19557.4,20382.304000000004,19144.948,20382.304000000004,16.674391393905058,0.4193655927762001,0.12581006760000002,-0.1034169457188246,target,range
main,A_ACCEPT,risk_double,1671206400000,1671206700000,1671638700000,-1,0.016,16951.9,16852.6,17536.0095,15783.681000000004,1.436868045054161,0.27043588084,0.0811308,0.19963472589415682,time,range
main,A_ACCEPT,risk_double,1672819200000,1672819500000,1673251500000,1,0.038,16867.7,17193.2,16636.7675,17329.565,10.986386651860474,0.6471561723250001,0.19414713,-0.5413100458145722,time,range
main,A_ACCEPT,risk_double,1673395200000,1673395500000,1673479800000,1,0.052000000000000005,17430.4,17764.804000000004,17263.198,17764.804000000004,16.178852597062228,0.9150739998244003,0.2745225912,-0.020558811913502083,target,up
main,A_ACCEPT,risk_double,1673640000000,1673640300000,1673656500000,1,0.016,19362.9,20539.506,18774.597,20539.506,18.382831261015223,0.3192178360728,0.0957657744,-0.027881128512000003,target,up
main,A_ACCEPT,risk_double,1675987200000,1675987500000,1676419500000,-1,0.012,21820.2,22174.3,22644.764,20171.072000000004,-4.315939827049718,0.26396731869,0.07919009999999999,0.2764175916403007,time,range
main,A_ACCEPT,risk_double,1676476800000,1676477100000,1676493000000,1,0.012,22807.9,24322.861000000004,22050.4195,24322.861000000004,17.811913427664923,0.2827832025351001,0.0848353698,0.0,target,range
main,A_ACCEPT,risk_double,1677268800000,1677269100000,1677701100000,-1,0.011,23217.9,23396.6,24075.2535,21503.193000000007,-2.1281703072282405,0.2563798974275,0.076913925,0.17082351519926073,time,range
main,A_ACCEPT,risk_double,1678680000000,1678680300000,1678797000000,1,0.006,22232.5,25298.706,20699.397,25298.706,18.153047018500214,0.1425922382073,0.0427780854,-0.05881865789247152,target,down
main,A_ACCEPT,risk_double,1682121600000,1682121900000,1682456400000,-1,0.011,27271.7,28134.983500000002,28134.983500000002,25545.132999999998,-9.748478412559056,0.3047374714588875,0.091421027775,0.14379858667487386,stop,range
main,A_ACCEPT,risk_double,1682481600000,1682481900000,1682511900000,1,0.013000000000000001,28300.8,29787.855999999996,27557.272,29787.855999999996,18.834662269675107,0.37757481412040006,0.1132728792,-0.006218037004434848,target,range
main,A_ACCEPT,risk_double,1682971200000,1682971500000,1683042000000,-1,0.013000000000000001,27895.7,28653.622,28653.622,26379.856000000003,-10.304930841843966,0.36757133197395,0.1102711779,0.02589766803,stop,range
main,A_ACCEPT,risk_double,1683878400000,1683878700000,1684076700000,-1,0.012,26329.3,27133.9635,27133.9635,24719.972999999994,-10.017245167351954,0.32078030519715006,0.0962338743,0.05573101214525519,stop,range
main,A_ACCEPT,risk_double,1684137600000,1684137900000,1684322400000,1,0.013000000000000001,27410.0,26661.6865,26661.6865,28906.627,-10.30046492134314,0.3514666918556626,0.105439788675,-0.11548294081246584,stop,range
main,A_ACCEPT,risk_double,1685260800000,1685261100000,1685311200000,1,0.02,27197.4,28150.905000000006,26720.6475,28150.905000000006,18.2960452652575,0.5534816197425001,0.16604491500000002,-0.054528200000000006,target,range
main,A_ACCEPT,risk_double,1687320000000,1687320300000,1687364700000,1,0.011,28731.0,30545.378000000004,27823.810999999998,30545.378000000004,19.494213604556762,0.32601858213815005,0.0978060237,-0.040119789605099085,target,range
main,A_ACCEPT,risk_double,1687377600000,1687377900000,1687809900000,1,0.008,30105.6,30252.5,28815.963,32684.873999999996,0.498613965974605,0.24143231186000003,0.07242971999999999,-0.36272400216539197,time,range
main,A_ACCEPT,risk_double,1691510400000,1691510700000,1691942700000,1,0.024,29546.4,29346.6,29144.787,30349.626000000004,-6.6758457364711274,0.7067163596400001,0.2120148,-0.9619145768310535,time,range
main,A_ACCEPT,risk_double,1692244800000,1692245100000,1692305400000,-1,0.019,28653.2,27655.484,29152.058,27655.484,18.368610292061028,0.5349310762547,0.16047974939999998,0.107417117715745,target,range
main,A_ACCEPT,risk_double,1694462400000,1694462700000,1694488800000,-1,0.014,25044.0,25770.2855,25770.2855,23591.428999999996,-10.62079423908814,0.355700761099775,0.10670999954999999,0.009613521561698419,stop,range
main,A_ACCEPT,risk_double,1695052800000,1695053100000,1695058200000,1,0.015,27296.0,26645.786,26645.786,28596.428,-10.279143144990794,0.40456412649075,0.12136901849999998,0.0,stop,range
main,A_ACCEPT,risk_double,1695931200000,1695931500000,1696235700000,1,0.014,27100.1,28452.172999999995,26424.0635,28452.172999999995,18.41509542068213,0.38886449132335,0.11665977329999998,-0.008402314694436974,target,range
main,A_ACCEPT,risk_double,1697054400000,1697054700000,1697402400000,-1,0.018000000000000002,26741.3,27278.4645,27278.4645,25666.971,-10.125314786561786,0.4861786056720751,0.14585336415,0.17567818326032497,stop,range
main,A_ACCEPT,risk_double,1697788800000,1697789100000,1698032700000,1,0.014,29251.9,30705.367000000006,28525.1665,30705.367000000006,19.686675330738158,0.41969934285965005,0.1259102607,-0.11625306570221654,target,range
main,A_ACCEPT,risk_double,1698897600000,1698897900000,1698942000000,1,0.009000000000000001,35573.0,34493.4555,34493.4555,37732.08900000001,-10.188720684819227,0.31529977844253754,0.09458971492500001,-0.06293069145164701,stop,up
main,A_ACCEPT,risk_double,1699934400000,1699934700000,1699987800000,-1,0.02,36477.4,35539.324,36946.438,35539.324,18.050180952833827,0.7201658328860001,0.21605017199999998,0.22487695771991384,target,up
main,A_ACCEPT,risk_double,1700092800000,1700093100000,1700157900000,1,0.006,37859.0,36198.965,36198.965,41179.07000000001,-10.309451622879775,0.22217464201575002,0.0666521685,-0.060414812364,stop,up
main,A_ACCEPT,risk_double,1701676800000,1701677100000,1702070400000,1,0.006,41514.4,44688.23100000001,39927.4845,44688.23100000001,18.309320949245375,0.25860646477605004,0.0775823679,-0.39747621807861006,target,up
main,A_ACCEPT,risk_double,1704153600000,1704153900000,1704283200000,1,0.006,44341.0,42641.566999999995,42641.566999999995,47739.86600000001,-10.880974611280227,0.26094846574485,0.07828431029999999,-0.34514383523531655,stop,range
main,A_ACCEPT,risk_double,1704729600000,1704729900000,1704834900000,1,0.006,45077.6,48098.51500000001,43567.142499999994,48098.51500000001,17.677694263007545,0.27952698558825007,0.0838585035,-0.08441024790425401,target,range
main,A_ACCEPT,risk_double,1705104000000,1705104300000,1705536300000,-1,0.005,42843.6,42772.4,44853.794499999996,38823.211,0.3984354799241337,0.21403997330000002,0.06421199999999999,0.3206874532241551,time,range
main,A_ACCEPT,risk_double,1706284800000,1706285100000,1706717100000,1,0.007,41418.9,43433.0,39880.6815,44495.33700000001,13.332026351361717,0.29698059259750004,0.089094495,-0.380598561040755,time,range
main,A_ACCEPT,risk_double,1707350400000,1707350700000,1707480300000,1,0.007,44399.8,47309.205000000016,42945.097499999996,47309.205000000016,19.877626055199226,0.3209799900623751,0.09629445525000002,-0.07093449948847941,target,range
main,A_ACCEPT,risk_double,1707926400000,1707926700000,1708358700000,1,0.005,51643.6,52189.2,49658.661,55613.477999999996,1.867342563255494,0.25958179540000004,0.07787459999999999,-0.5232010413444664,time,up
main,A_ACCEPT,risk_double,1709121600000,1709121900000,1709140200000,1,0.004,59088.6,63581.848000000005,56841.975999999995,63581.848000000005,17.52341894461263,0.24533954802560004,0.07360226880000001,-0.13063123856178038,target,up
main,A_ACCEPT,risk_double,1709150400000,1709150700000,1709541300000,1,0.005,60967.9,65233.063,58835.3185,65233.063,18.58266692429501,0.31550080806387504,0.09465072224999999,-2.3329965453910724,target,up
main,A_ACCEPT,risk_double,1709568000000,1709568300000,1709658300000,1,0.004,66431.0,63989.4235,63989.4235,71314.153,-10.694607030888983,0.26084157947295006,0.0782522541,-0.5892071973159999,stop,up
main,A_ACCEPT,risk_double,1710158400000,1710158700000,1710471000000,1,0.003,71727.9,68387.097,68387.097,78409.506,-11.35062441797714,0.21017324718067498,0.06305174864999999,-1.0549904221464612,stop,up
main,A_ACCEPT,risk_double,1710907200000,1710907500000,1710954900000,-1,0.004,61991.8,64735.568999999996,64735.568999999996,56504.26200000002,-11.232776305032452,0.2534555611307,0.0760364214,0.071791677498248,stop,range
main,A_ACCEPT,risk_double,1711396800000,1711397100000,1711829100000,1,0.002,70884.5,69897.3,66688.9605,79275.579,-2.7349307594790053,0.14078194808,0.04223454,-0.5775142713990061,time,range
main,A_ACCEPT,risk_double,1712577600000,1712577900000,1712673600000,1,0.003,72495.4,69194.26150000001,69194.26150000001,79097.67699999997,-10.344032537821763,0.2125352350061625,0.063760347675,-0.16432145514060306,stop,range
main,A_ACCEPT,risk_double,1713528000000,1713528300000,1713960300000,1,0.003,64934.2,66570.5,61514.9535,71772.69299999998,4.562552867857805,0.1972566818325,0.05917711499999999,-0.08991333530969077,time,range
main,A_ACCEPT,risk_double,1714492800000,1714493100000,1714779000000,-1,0.004,60871.2,63306.2825,63306.2825,56001.03499999999,-9.959042502710334,0.24835569552475,0.0745064895,0.10414968231445684,stop,range
main,A_ACCEPT,risk_double,1715803200000,1715803500000,1716235500000,1,0.003,65720.1,70031.8,62280.282,72599.73600000002,12.575073461246818,0.20362687986750003,0.061088355,-0.09531130388565666,time,range
main,A_ACCEPT,risk_double,1718107200000,1718107500000,1718195400000,-1,0.006,66872.3,68519.675,68519.675,63577.55,-10.291661586959261,0.40617666631875005,0.12185277750000001,0.12061785685957202,stop,range
main,A_ACCEPT,risk_double,1719201600000,1719201900000,1719247800000,-1,0.007,62807.1,60063.586,64178.856999999996,60063.586,18.72112249755677,0.43004596065515,0.12901422029999998,0.075584678512,target,down
main,A_ACCEPT,risk_double,1719806400000,1719806700000,1719971700000,1,0.006,63360.8,61767.313,61767.313,66547.774,-10.274501299404667,0.37538505606915007,0.11261530169999999,-0.22557894163551004,stop,range
main,A_ACCEPT,risk_double,1720166400000,1720166700000,1720283100000,-1,0.003,54246.7,57652.93,57652.93,47434.23999999999,-10.405835925656355,0.16785021140175002,0.05035483349999999,0.03105911924541247,stop,down
main,A_ACCEPT,risk_double,1721030400000,1721030700000,1721462700000,1,0.004,62875.2,66486.6,60538.1415,67549.317,14.047676362771226,0.25872251658,0.07761708,-0.0615840406488129,time,range
main,A_ACCEPT,risk_double,1722470400000,1722470700000,1722709800000,-1,0.004,64655.9,60123.594999999994,66922.0525,60123.594999999994,17.991889544443268,0.24955763030850003,0.074867697,0.18709487175174633,target,up
main,A_ACCEPT,risk_double,1724140800000,1724141100000,1724166000000,1,0.006,60877.6,59251.973999999995,59251.973999999995,64128.852000000006,-10.222262070131743,0.36038945353170004,0.10811661659999999,0.0,stop,range
main,A_ACCEPT,risk_double,1724457600000,1724457900000,1724793300000,1,0.003,64068.0,61188.9335,61188.9335,69826.133,-8.927534278314939,0.1878860480399625,0.056365620075,-0.046083110199968615,stop,range
main,A_ACCEPT,risk_double,1725652800000,1725653100000,1725911700000,-1,0.003,53589.8,57115.2325,57115.2325,46538.93500000001,-10.860172961988395,0.1660583419723125,0.049817264624999996,-0.06799985539108686,stop,range
main,A_ACCEPT,risk_double,1726257600000,1726257900000,1726506600000,1,0.005,59635.9,57504.4965,57504.4965,63898.707,-11.057866211710145,0.29285179052631255,0.087855297375,-0.020141623808802862,stop,range
main,A_ACCEPT,risk_double,1726718400000,1726718700000,1727150700000,1,0.003,62099.2,63064.2,59319.6935,67658.21299999999,2.5002383326524016,0.18774488287500002,0.05632353,-0.15069325447258952,time,range
main,A_ACCEPT,risk_double,1728518400000,1728518700000,1728662100000,-1,0.005,60573.0,62403.5055,62403.5055,56911.989,-9.516111488361457,0.30744195018956255,0.092232379125,0.03609034095311926,stop,range
main,A_ACCEPT,risk_double,1728892800000,1728893100000,1729277100000,1,0.004,64554.5,68966.233,62348.6335,68966.233,16.95957473842779,0.2670401424801,0.08011243979999999,-0.34020467929205583,target,range
main,A_ACCEPT,risk_double,1730160000000,1730160300000,1730220300000,1,0.007,69846.4,72841.29499999998,68348.9525,72841.29499999998,20.214675130769795,0.49940536018012494,0.14982207974999995,-0.10036242930000001,target,up
main,A_ACCEPT,risk_double,1730232000000,1730232300000,1730383500000,1,0.007,72357.9,70828.569,70828.569,75416.56199999998,-11.610085007848774,0.5011534443987751,0.15034579245,-0.253268770999993,stop,up
main,A_ACCEPT,risk_double,1731340800000,1731341100000,1731509400000,1,0.003,84482.1,91575.23800000001,80935.531,91575.23800000001,20.52694647719678,0.2640844110439501,0.0792258021,-0.40915730965928826,target,up
main,A_ACCEPT,risk_double,1732176000000,1732176300000,1732571100000,1,0.003,96968.0,93843.5065,93843.5065,103216.987,-10.260109248741127,0.2862179627610375,0.085865177925,-0.514545608055065,stop,up
main,A_ACCEPT,risk_double,1732896000000,1732896300000,1733127300000,1,0.003,98339.9,95535.31150000001,95535.31150000001,103949.07699999996,-9.179958140368162,0.2908134482824125,0.087243845175,-0.3881353469107629,stop,up
main,A_ACCEPT,risk_double,1736150400000,1736150700000,1736210100000,1,0.006,99439.5,102736.33899999998,97791.08050000001,102736.33899999998,18.869980342090127,0.60652603342245,0.1819582551,-0.12256936938723001,target,range
main,A_ACCEPT,risk_double,1736971200000,1736971500000,1737355500000,1,0.003,99709.6,106460.98700000002,96333.9065,106460.98700000002,19.552638612505465,0.30925436143792506,0.09277676415,-0.29949126190662245,target,range
main,A_ACCEPT,risk_double,1739822400000,1739822700000,1740019800000,-1,0.006,95475.1,97077.2585,97077.2585,92270.78300000002,-10.044425983710562,0.5776577964713251,0.17329712265,0.3194799354106705,stop,range
main,A_ACCEPT,risk_double,1740427200000,1740427500000,1740467400000,-1,0.005,94075.0,89922.05799999999,96151.471,89922.05799999999,20.2124834574866,0.45999108764675,0.13799779349999997,0.04576233863333501,target,range
main,A_ACCEPT,risk_double,1740729600000,1740729900000,1740796200000,-1,0.002,79339.9,85109.799,85109.799,67800.10199999998,-11.754233508423782,0.16445056448485001,0.0493349097,-0.0006500342389192148,stop,down
main,A_ACCEPT,risk_double,1740960000000,1740960300000,1741026900000,1,0.001,93917.4,87009.568,87009.568,107733.06399999998,-7.030910635187401,0.0904640020874,0.027139045199999996,-0.0054755878999999995,stop,range
main,A_ACCEPT,risk_double,1741550400000,1741550700000,1741632600000,-1,0.004,82739.2,77778.30999999998,85219.645,77778.30999999998,19.456313247263395,0.321033531733,0.09631050599999999,0.030097284996348055,target,range
main,A_ACCEPT,risk_double,1742428800000,1742429100000,1742561700000,1,0.002,87270.0,83373.7075,83373.7075,95062.58499999999,-8.03441451633095,0.17064429194387504,0.05119311224999999,-0.01999211213707274,stop,range
main,A_ACCEPT,risk_double,1742803200000,1742803500000,1743147000000,1,0.006,86998.9,85409.804,85409.804,90177.09199999998,-10.184609423707254,0.5172268270932,0.15516783359999997,0.0223612369859946,stop,range
main,A_ACCEPT,risk_double,1743192000000,1743192300000,1743601500000,-1,0.005,83807.5,85680.8795,85680.8795,80060.74100000001,-9.73748962003038,0.42372165126731254,0.127116284625,0.1802458158619908,stop,range
main,A_ACCEPT,risk_double,1743624000000,1743624300000,1743628500000,1,0.004,86680.6,84305.7795,84305.7795,91430.24100000001,-9.943847299146189,0.34197347144615003,0.1025918277,0.0,stop,range
main,A_ACCEPT,risk_double,1743984000000,1743984300000,1744222500000,-1,0.002,77776.7,82652.4145,82652.4145,68025.271,-9.903107028189554,0.160429845857175,0.04812873435,0.056880552017654046,stop,range
main,A_ACCEPT,risk_double,1745352000000,1745352300000,1745784300000,1,0.003,91280.6,94257.3,88334.0055,97173.78900000002,8.594503783477602,0.27830618024250003,0.08349205500000001,0.026202018720136874,time,range
main,A_ACCEPT,risk_double,1746115200000,1746115500000,1746397800000,1,0.004,96970.0,94757.8735,94757.8735,101394.253,-9.24150119138771,0.38345641063795005,0.11503672409999999,0.10549794335023785,stop,up
main,A_ACCEPT,risk_double,1746417600000,1746417900000,1746570600000,-1,0.006,94104.5,95775.051,95775.051,90763.39799999999,-10.715147465708679,0.56963940474795,0.1708915959,0.04868953493931208,stop,up
main,A_ACCEPT,risk_double,1746691200000,1746691500000,1746918900000,1,0.004,99335.9,104575.32699999999,96716.1865,104575.32699999999,20.20489177879958,0.40782088217190005,0.12234673619999999,-0.222648602828464,target,up
main,A_ACCEPT,risk_double,1748563200000,1748563500000,1748995500000,-1,0.006,105692.6,105437.5,107248.99,102579.82,1.1021938675617988,0.6333901852050001,0.19001709,0.39500114276677256,time,range
main,A_ACCEPT,risk_double,1749168000000,1749168300000,1749220800000,-1,0.003,101392.7,104653.272,104653.272,94871.556,-10.192877878148698,0.3090696916287,0.09272068739999999,-0.00937149912,stop,range
main,A_ACCEPT,risk_double,1749513600000,1749513900000,1749702000000,1,0.004,110129.5,107478.6875,107478.6875,115431.125,-11.3538902113561,0.43521717024375006,0.13056491250000002,-0.18485812861231515,stop,range
main,A_ACCEPT,risk_double,1749787200000,1749787500000,1750059000000,-1,0.003,103970.2,107045.681,107045.681,97819.238,-9.585293351870751,0.316524513483225,0.09495714645,0.052631308062477615,stop,range
main,A_ACCEPT,risk_double,1750550400000,1750550700000,1750601700000,-1,0.008,102504.9,100111.18999999997,103701.755,100111.18999999997,18.17799696822619,0.810462923774,0.24313930799999994,0.08191920000000001,target,range
main,A_ACCEPT,risk_double,1750622400000,1750622700000,1750702200000,-1,0.002,98750.1,102907.559,102907.559,90435.18200000003,-8.575025975378018,0.20165828261885005,0.060497297699999994,0.002047604940838138,stop,range
main,A_ACCEPT,risk_double,1751400000000,1751400300000,1751443200000,-1,0.005,105330.9,107211.644,107211.644,101569.41199999998,-10.066729106079121,0.5313570652790001,0.15940690799999999,0.027754867199999998,stop,range
main,A_ACCEPT,risk_double,1753430400000,1753430700000,1753628700000,-1,0.003,115455.2,118556.793,118556.793,109252.01399999998,-9.549705915863639,0.351018687358425,0.10530539684999998,0.211397168344842,stop,up
main,A_ACCEPT,risk_double,1754020800000,1754021100000,1754159100000,-1,0.006,115468.5,112319.50999999998,117042.99500000001,112319.50999999998,18.124384873035154,0.6833626129545001,0.20500920899999997,0.11881669498951293,target,range
main,A_ACCEPT,risk_double,1754582400000,1754582700000,1754877600000,1,0.005,116614.0,120548.101,114646.9495,120548.101,18.459347341444612,0.5929037772121251,0.17787157574999998,-0.4403823055931345,target,range
main,A_ACCEPT,risk_double,1755129600000,1755129900000,1755170400000,1,0.003,123605.5,120764.579,120764.579,129287.342,-9.03580708292683,0.36655575770722504,0.10996653555,-0.03652178966956501,stop,range
main,A_ACCEPT,risk_double,1755504000000,1755504300000,1755936300000,-1,0.004,115127.1,115783.6,117586.42749999999,110208.44500000004,-2.8039677563369354,0.46182159695,0.13854642,0.4224002606130923,time,range
main,A_ACCEPT,risk_double,1756497600000,1756497900000,1756823400000,-1,0.003,108030.1,111622.6235,111622.6235,100845.05300000001,-10.969146344319917,0.3294798935677875,0.098843725575,0.23674777482292075,stop,range
main,A_ACCEPT,risk_double,1758844800000,1758845100000,1759097700000,-1,0.004,109100.6,111750.7305,111750.7305,103800.339,-11.013438428064111,0.44170345603915007,0.1325107983,0.16129782627507025,stop,range
main,A_ACCEPT,risk_double,1759176000000,1759176300000,1759363200000,1,0.004,114154.2,118920.63299999999,111770.9835,118920.63299999999,18.29551820678725,0.4661482360701,0.13984489979999998,-0.16422065734258456,target,range
main,A_ACCEPT,risk_double,1759377600000,1759377900000,1759506900000,1,0.005,118786.1,122370.563,116993.86850000001,122370.563,16.902531315603373,0.6028903133263751,0.18086749725,-0.23602587382019738,target,range
main,A_ACCEPT,risk_double,1759521600000,1759521900000,1759953900000,1,0.004,122309.7,123252.3,119699.17099999999,127530.75800000002,2.529679718655084,0.49112371722000003,0.1473372,-0.6022593641249298,time,range
main,A_ACCEPT,risk_double,1760126400000,1760126700000,1760130900000,-1,0.001,116842.4,105203.09799999997,122662.051,105203.09799999997,11.494973299247656,0.11102187605234999,0.03330682469999999,0.0,target,range
main,A_ACCEPT,risk_double,1760140800000,1760141100000,1760573100000,-1,0.001,112740.0,110755.8,119580.19399999999,99059.61200000002,1.8203184924996016,0.11174775118500002,0.03352437,-0.01860938631539628,time,range
main,A_ACCEPT,risk_double,1760644800000,1760645100000,1761058500000,-1,0.002,108091.5,112143.82,112143.82,99986.85999999999,-8.432783794599679,0.22023592784800006,0.066070596,-0.04183727075165949,stop,range
main,A_ACCEPT,risk_double,1761494400000,1761494700000,1761752700000,1,0.005,113518.5,111547.58350000001,111547.58350000001,117460.33299999998,-10.859454501925796,0.5626659478436875,0.168799562625,-0.2734064914570853,stop,down
main,A_ACCEPT,risk_double,1761854400000,1761854700000,1761872700000,-1,0.003,106378.7,109893.1345,109893.1345,99349.83099999999,-10.964342564257807,0.3244085424977625,0.097322325525,0.0006918037649999999,stop,range
main,A_ACCEPT,risk_double,1762286400000,1762286700000,1762718400000,-1,0.002,100286.4,104935.4665,104935.4665,90988.26699999999,-9.415876266990873,0.205222563859975,0.06156655995,0.14904585681910903,stop,range
main,A_ACCEPT,risk_double,1763683200000,1763683500000,1764115500000,-1,0.003,86672.0,87564.1,90077.705,79860.59,-2.9503089523813935,0.2613543507225,0.07840624500000001,0.06575164334111473,time,down
main,A_ACCEPT,risk_double,1764201600000,1764201900000,1764556500000,1,0.003,90368.8,86766.4445,86766.4445,97573.51100000001,-11.241463896784603,0.26570367727998756,0.079710860025,-0.08898285947957768,stop,down
main,A_ACCEPT,risk_double,1764748800000,1764749100000,1764941100000,1,0.004,93052.5,90802.9705,90802.9705,97551.55900000001,-9.549812601182872,0.36771161585885004,0.11031328229999998,-0.07366970302398596,stop,range
main,A_ACCEPT,risk_double,1765310400000,1765310700000,1765421100000,1,0.002,93577.5,89824.5065,89824.5065,101083.487,-7.763921391234776,0.183402569449025,0.05502060195,-0.019511219835752512,stop,range
main,A_ACCEPT,risk_double,1765828800000,1765829100000,1765983600000,-1,0.002,86146.2,89941.27,89941.27,78556.05999999998,-7.770073402066166,0.1760880392605,0.052826240999999996,0.04898087819434996,stop,range
main,A_ACCEPT,flow55,1644019200000,1644019500000,1644300600000,1,0.002,41374.01,45434.24049999999,39343.89475000001,45434.24049999999,7.960006393450331,0.08680764146542501,0.026042475149999997,-0.047604489934214775,target,range
main,A_ACCEPT,flow55,1728518400000,1728518700000,1728662100000,-1,0.002,60573.0,62403.5055,62403.5055,56911.989,-3.8064445953445825,0.122976780075825,0.03689295164999999,0.014436136381247706,stop,range
main,A_ACCEPT,flow55,1730160000000,1730160300000,1730220300000,1,0.003,69846.4,72841.29499999998,68348.9525,72841.29499999998,8.663432198901338,0.21403086864862497,0.06420946274999997,-0.04301246970000001,target,up
main,A_ACCEPT,flow55,1742428800000,1742429100000,1742561700000,1,0.001,87270.0,83373.7075,83373.7075,95062.58499999999,-4.017207258165475,0.08532214597193752,0.025596556124999996,-0.00999605606853637,stop,range
main,A_ACCEPT,flow55,1749513600000,1749513900000,1749702000000,1,0.001,110129.5,107478.6875,107478.6875,115431.125,-2.838472552839025,0.10880429256093752,0.032641228125000005,-0.04621453215307879,stop,range
main,A_ACCEPT,flow55,1759377600000,1759377900000,1759506900000,1,0.002,118786.1,122370.563,116993.86850000001,122370.563,6.761012526241348,0.24115612533055003,0.0723469989,-0.09441034952807895,target,range
main,A_ACCEPT,flow55,1763712000000,1763712300000,1763926500000,-1,0.001,83730.8,87651.21299999999,87651.21299999999,75889.97400000003,-4.015917145676372,0.08569130053097501,0.025707301949999997,0.015894456804598146,stop,down
main,R_RETEST,base,1658289600000,1658289900000,1658371500000,1,0.008,23400.0,22850.173,22850.173,25049.481000000003,-4.692084478307373,0.18500102189620002,0.0555002076,-0.05296724881115413,stop,up
main,R_RETEST,base,1667649600000,1667649900000,1667699700000,1,0.024,21373.0,21199.389,21199.389,21893.833000000002,-4.915058901329711,0.5108689804998001,0.15326060039999997,-0.084265320429792,stop,up
main,R_RETEST,base,1673424000000,1673424300000,1673446200000,1,0.055,17436.4,17369.103,17369.103,17638.29100000001,-4.945632009850258,0.9571516101001251,0.28714539975,0.0,stop,up
main,R_RETEST,base,1673481600000,1673481900000,1673623500000,1,0.01,17922.0,19221.966,17488.678,19221.966,12.684354698937298,0.1857188550255,0.055715948999999994,-0.07387049703720001,target,up
main,R_RETEST,base,1673640000000,1673640300000,1673655600000,1,0.013000000000000001,19362.9,20373.009000000005,19026.197,20373.009000000005,12.772996136890308,0.25828242364372506,0.07748502255,-0.022653416916000004,target,up
main,R_RETEST,base,1698076800000,1698077100000,1698100500000,1,0.009000000000000001,30844.0,32361.5905,30338.1365,32361.5905,13.28856281994854,0.28442413287641255,0.085327547175,0.0,target,up
main,R_RETEST,base,1700092800000,1700093100000,1700123100000,1,0.007,37859.0,37262.265,37262.265,39649.205,-4.558802525193883,0.262924740785875,0.07887732824999999,-0.039855456158,stop,up
main,R_RETEST,base,1731340800000,1731341100000,1732041900000,1,0.001,84482.1,93874.10700000003,81351.431,93874.10700000003,8.876194046354154,0.08917739909947503,0.026753431050000005,-0.3998821234963929,target,up
main,R_RETEST,base,1732161600000,1732161900000,1732571100000,1,0.001,96422.6,93848.4835,93848.4835,104144.94950000002,-2.879003100018766,0.09513573480873751,0.028540662524999996,-0.18121020268502164,stop,up
main,R_RETEST,base,1747958400000,1747958700000,1747974900000,1,0.004,111474.9,110535.9375,110535.9375,114291.78749999998,-4.333078459188717,0.44402195668875,0.1332065025,0.0,stop,up
main,R_RETEST,cost_x2,1658289600000,1658289900000,1658371500000,1,0.008,23400.0,22850.173,22850.173,25049.481000000003,-4.932586367595953,0.37000270358480003,0.1110004152,-0.05296724881115413,stop,up
main,R_RETEST,cost_x2,1667649600000,1667649900000,1667699700000,1,0.021,21373.0,21199.389,21199.389,21893.833000000002,-4.881790468825329,0.8940212627493,0.2682060507,-0.073732155376068,stop,up
main,R_RETEST,cost_x2,1673424000000,1673424300000,1673446200000,1,0.043000000000000003,17436.4,17369.103,17369.103,17638.29100000001,-4.839399485831253,1.4966374971313,0.4489909887,0.0,stop,up
main,R_RETEST,cost_x2,1673481600000,1673481900000,1673623500000,1,0.01,17922.0,19221.966,17488.678,19221.966,12.44292184486083,0.371435760102,0.11143189799999999,-0.07387049703720001,target,up
main,R_RETEST,cost_x2,1673640000000,1673640300000,1673655600000,1,0.012,19362.9,20373.009000000005,19026.197,20373.009000000005,11.480520609608458,0.47682727160760013,0.1430492724,-0.020910846384000006,target,up
main,R_RETEST,cost_x2,1698076800000,1698077100000,1698100500000,1,0.008,30844.0,32361.5905,30338.1365,32361.5905,11.48338950101721,0.5056410817828,0.15169341719999999,0.0,target,up
main,R_RETEST,cost_x2,1700092800000,1700093100000,1700123100000,1,0.007,37859.0,37262.265,37262.265,39649.205,-4.900605220801513,0.5258501081435001,0.15775465649999998,-0.039855456158,stop,up
main,R_RETEST,cost_x2,1731340800000,1731341100000,1732041900000,1,0.001,84482.1,93874.10700000003,81351.431,93874.10700000003,8.760264625005737,0.17835338939790002,0.05350686210000001,-0.3998821234963929,target,up
main,R_RETEST,cost_x2,1732161600000,1732161900000,1732571100000,1,0.001,96422.6,93848.4835,93848.4835,104144.94950000002,-3.002679883469968,0.19027185573495,0.05708132504999999,-0.18121020268502164,stop,up
main,R_RETEST,cost_x2,1747958400000,1747958700000,1747974900000,1,0.004,111474.9,110535.9375,110535.9375,114291.78749999998,-4.910307481754958,0.888044476755,0.266413005,0.0,stop,up
main,R_RETEST,delay60,1642737600000,1642741500000,1643605500000,-1,0.002,38786.13,36903.92,41174.75605,31620.25184999998,3.719130573088609,0.07568976766850002,0.022707014999999997,0.05310735575711769,time,down
main,R_RETEST,delay60,1658289600000,1658293500000,1658371500000,1,0.008,23393.1,22850.173,22850.173,25021.880999999998,-4.636848594167351,0.1849734177562,0.05549192759999999,-0.05296724881115413,stop,up
main,R_RETEST,delay60,1667649600000,1667653500000,1667699700000,1,0.037,21304.8,21199.389,21199.389,21621.033,-5.052342073628281,0.7863277890155249,0.23589824894999994,-0.12990903566259598,stop,up
main,R_RETEST,delay60,1673424000000,1673427900000,1673446200000,1,0.049,17447.4,17369.103,17369.103,17682.29100000001,-4.94545890829169,0.8530046112414751,0.25590129705,0.0,stop,up
main,R_RETEST,delay60,1673640000000,1673643900000,1673656500000,1,0.012,19390.5,20483.409,19026.197,20483.409,12.782981647034067,0.2392424703819,0.0717730362,-0.020910846384000006,target,up
main,R_RETEST,delay60,1698076800000,1698080700000,1698100800000,1,0.005,31144.9,33565.190500000004,30338.1365,33565.190500000004,11.891145613483944,0.16177431864106256,0.048532567875,0.0,target,up
main,R_RETEST,delay60,1700092800000,1700096700000,1700123100000,1,0.008,37779.5,37262.265,37262.265,39331.205,-4.573646581093018,0.30016737034100005,0.09005011799999998,-0.045549092752,stop,up
main,R_RETEST,delay60,1731340800000,1731344700000,1732041900000,1,0.001,84488.3,93898.90700000002,81351.431,93898.90700000002,8.894773897749143,0.08919289770447503,0.02675808105,-0.3998821234963929,target,up
main,R_RETEST,delay60,1732161600000,1732165500000,1732571100000,1,0.001,97337.2,93848.4835,93848.4835,107803.34949999998,-3.7941976586137662,0.09559310340373751,0.028677852525,-0.18121020268502164,stop,up
main,R_RETEST,delay60,1747958400000,1747962300000,1747974900000,1,0.005,111396.9,110535.9375,110535.9375,113979.78749999998,-5.0260945447359555,0.5548324166109376,0.166449628125,0.0,stop,up
main,R_RETEST,stop_5bp,1658289600000,1658289900000,1658371500000,1,0.008,23400.0,22850.173,22850.173,25049.481000000003,-4.783439469961398,0.1849553215502,0.1469008996,-0.05296724881115413,stop,up
main,R_RETEST,stop_5bp,1667649600000,1667649900000,1667699700000,1,0.023,21373.0,21199.389,21199.389,21893.833000000002,-4.953935857454236,0.489460876492225,0.39066771555,-0.08075426541188399,stop,up
main,R_RETEST,stop_5bp,1673424000000,1673424300000,1673446200000,1,0.05,17436.4,17369.103,17369.103,17638.29100000001,-4.930039561076485,0.86992071357625,0.6952688475,0.0,stop,up
main,R_RETEST,stop_5bp,1673481600000,1673481900000,1673623500000,1,0.01,17922.0,19221.966,17488.678,19221.966,12.684354698937298,0.1857188550255,0.055715948999999994,-0.07387049703720001,target,up
main,R_RETEST,stop_5bp,1673640000000,1673640300000,1673655600000,1,0.013000000000000001,19362.9,20373.009000000005,19026.197,20373.009000000005,12.772996136890308,0.25828242364372506,0.07748502255,-0.022653416916000004,target,up
main,R_RETEST,stop_5bp,1698076800000,1698077100000,1698100500000,1,0.009000000000000001,30844.0,32361.5905,30338.1365,32361.5905,13.28856281994854,0.28442413287641255,0.085327547175,0.0,target,up
main,R_RETEST,stop_5bp,1700092800000,1700093100000,1700123100000,1,0.007,37859.0,37262.265,37262.265,39649.205,-4.689155243730175,0.262859531822125,0.20929525575,-0.039855456158,stop,up
main,R_RETEST,stop_5bp,1731340800000,1731341100000,1732041900000,1,0.001,84482.1,93874.10700000003,81351.431,93874.10700000003,8.876194046354154,0.08917739909947503,0.026753431050000005,-0.3998821234963929,target,up
main,R_RETEST,stop_5bp,1732161600000,1732161900000,1732571100000,1,0.001,96422.6,93848.4835,93848.4835,104144.94950000002,-2.9259038796478976,0.0951122726878625,0.075464904275,-0.18121020268502164,stop,up
main,R_RETEST,stop_5bp,1747958400000,1747958700000,1747974900000,1,0.004,111474.9,110535.9375,110535.9375,114291.78749999998,-4.55403979825124,0.44391142075125,0.3542783775,0.0,stop,up
main,R_RETEST,risk_half,1658289600000,1658289900000,1658371500000,1,0.004,23400.0,22850.173,22850.173,25049.481000000003,-2.3460422391536864,0.09250051094810001,0.0277501038,-0.026483624405577066,stop,up
main,R_RETEST,risk_half,1667649600000,1667649900000,1667699700000,1,0.012,21373.0,21199.389,21199.389,21893.833000000002,-2.4575294506648553,0.25543449024990006,0.07663030019999999,-0.042132660214896,stop,up
main,R_RETEST,risk_half,1673424000000,1673424300000,1673446200000,1,0.027,17436.4,17369.103,17369.103,17638.29100000001,-2.42785571392649,0.469874426776425,0.14096228714999998,0.0,stop,up
main,R_RETEST,risk_half,1673481600000,1673481900000,1673623500000,1,0.005,17922.0,19221.966,17488.678,19221.966,6.342177349468649,0.09285942751275,0.027857974499999997,-0.03693524851860001,target,up
main,R_RETEST,risk_half,1673640000000,1673640300000,1673655600000,1,0.006,19362.9,20373.009000000005,19026.197,20373.009000000005,5.895228986257065,0.11920727245095002,0.0357623181,-0.010455423192000003,target,up
main,R_RETEST,risk_half,1698076800000,1698077100000,1698100500000,1,0.004,30844.0,32361.5905,30338.1365,32361.5905,5.906027919977128,0.12641072572285,0.037923354299999996,0.0,target,up
main,R_RETEST,risk_half,1700092800000,1700093100000,1700123100000,1,0.003,37859.0,37262.265,37262.265,39649.205,-1.9537725107973785,0.112682031765375,0.03380456925,-0.017080909782,stop,up
main,R_RETEST,risk_half,1747958400000,1747958700000,1747974900000,1,0.002,111474.9,110535.9375,110535.9375,114291.78749999998,-2.1665392295943584,0.222010978344375,0.06660325125,0.0,stop,up
main,R_RETEST,risk_double,1642737600000,1642737900000,1643601900000,-1,0.003,38722.82,36954.92,41174.75605,31367.011849999988,5.235789838413156,0.1135162122225,0.034054983,0.07966103363567653,time,down
main,R_RETEST,risk_double,1658289600000,1658289900000,1658371500000,1,0.017,23400.0,22850.173,22850.173,25049.481000000003,-9.970679516403166,0.393127171529425,0.11793794114999999,-0.11255540372370253,stop,up
main,R_RETEST,risk_double,1667649600000,1667649900000,1667699700000,1,0.046,21373.0,21199.389,21199.389,21893.833000000002,-9.420529560881944,0.97916554595795,0.29374948409999996,-0.16150853082376798,stop,up
main,R_RETEST,risk_double,1673424000000,1673424300000,1673446200000,1,0.056,17436.4,17369.103,17369.103,17638.29100000001,-5.0355525918475355,0.9745543666474001,0.2923662252,0.0,stop,up
main,R_RETEST,risk_double,1673481600000,1673481900000,1673623500000,1,0.021,17922.0,19221.966,17488.678,19221.966,26.637144867768328,0.3900095955535501,0.1170034929,-0.15512804377812,target,up
main,R_RETEST,risk_double,1673640000000,1673640300000,1673655600000,1,0.027,19362.9,20373.009000000005,19026.197,20373.009000000005,26.528530438156793,0.5364327260292752,0.16093043145000002,-0.04704940436400001,target,up
main,R_RETEST,risk_double,1698076800000,1698077100000,1698100500000,1,0.018000000000000002,30844.0,32361.5905,30338.1365,32361.5905,26.57712563989708,0.5688482657528251,0.17065509435,0.0,target,up
main,R_RETEST,risk_double,1700092800000,1700093100000,1700123100000,1,0.016,37859.0,37262.265,37262.265,39649.205,-10.42012005758602,0.6009708360820001,0.180291036,-0.091098185504,stop,up
main,R_RETEST,risk_double,1731340800000,1731341100000,1732041900000,1,0.003,84482.1,93874.10700000003,81351.431,93874.10700000003,26.62858213906246,0.2675321972984251,0.08026029315000002,-1.1996463704891787,target,up
main,R_RETEST,risk_double,1732161600000,1732161900000,1732571100000,1,0.003,96422.6,93848.4835,93848.4835,104144.94950000002,-8.637009300056299,0.2854072044262126,0.085621987575,-0.543630608055065,stop,up
main,R_RETEST,risk_double,1747958400000,1747958700000,1747974900000,1,0.009000000000000001,111474.9,110535.9375,110535.9375,114291.78749999998,-9.749426533174613,0.9990494025496877,0.29971463062500003,0.0,stop,up
main,F_REJECT,base,1641556800000,1641557100000,1641570600000,1,0.003,42353.13,40798.72495,40798.72495,47524.36,-4.825361616893629,0.12472813216613626,0.037418334727499995,0.0,stop,range
main,F_REJECT,base,1657944000000,1657944300000,1657987800000,-1,0.008,20677.0,21253.521,21253.521,18901.0,-4.815725982607683,0.1677224299126,0.0503166252,0.014481072504930333,stop,range
main,F_REJECT,base,1658620800000,1658621100000,1658716500000,1,0.006,22585.7,21878.8095,21878.8095,24277.0,-4.453278220478778,0.133393846600725,0.04001805855,-0.03852331532803853,stop,range
main,F_REJECT,base,1659096000000,1659096300000,1659186300000,-1,0.005,23666.5,24552.5285,24552.5285,20689.6,-4.5510330435429704,0.12054790351068753,0.036164271375,0.035821631342720005,stop,range
main,F_REJECT,base,1660248000000,1660248300000,1660463400000,-1,0.005,24157.3,25016.39,25016.39,22608.0,-4.435225346649758,0.12293454715875002,0.036880267499999994,0.020039468009011647,stop,range
main,F_REJECT,base,1663372800000,1663373100000,1663553700000,1,0.008,19778.9,19250.2335,19250.2335,22850.0,-4.475588893364322,0.15611685119990004,0.0468349602,-0.043305081964389244,stop,range
main,F_REJECT,base,1670428800000,1670429100000,1670861100000,1,0.022,16836.7,16997.8,16638.304,17430.0,2.9960781520792135,0.372179234185,0.11165385,-0.06428876373571502,time,range
main,F_REJECT,base,1673308800000,1673309100000,1673374800000,-1,0.021,17191.3,17397.1705,17397.1705,16664.8,-4.749062694919362,0.36317926449603755,0.108953682075,0.04635075165175993,stop,range
main,F_REJECT,base,1677384000000,1677384300000,1677807000000,1,0.008,23204.0,22662.7915,22662.7915,24588.0,-4.742530272610501,0.18346749072510002,0.05504014979999999,-0.1743546320853813,stop,range
main,F_REJECT,base,1685347200000,1685347500000,1685779500000,-1,0.008,27926.3,27161.8,28469.744,26193.5,6.06304477017415,0.22035194130000002,0.06610571999999999,0.2335024314741423,time,range
main,F_REJECT,base,1697068800000,1697069100000,1697433300000,1,0.012,26843.2,27989.8,26498.661,27989.8,13.244965466156616,0.32899696806,0.09869939999999999,-0.08653816578332782,target,range
main,F_REJECT,base,1700640000000,1700640300000,1700688300000,1,0.005,36433.9,37784.7,35557.169499999996,37784.7,6.494549687426252,0.18554599345,0.05566394999999999,-0.018240369123710003,target,range
main,F_REJECT,base,1702915200000,1702915500000,1702950300000,1,0.005,41293.7,43098.0,40502.0975,43098.0,8.72589144086072,0.21097857338750003,0.063293775,-0.021336210751775005,target,range
main,F_REJECT,base,1705464000000,1705464300000,1705597800000,-1,0.006,42896.8,41713.5,43646.969,41713.5,6.89789196048587,0.25383036751500004,0.07614926999999999,0.128071598000904,target,range
main,F_REJECT,base,1710878400000,1710878700000,1710889200000,1,0.002,63990.8,62235.901,62235.901,69527.6,-3.673892974534868,0.12622696423485003,0.0378680103,0.0,stop,range
main,F_REJECT,base,1710936000000,1710936300000,1711368300000,1,0.001,63372.6,67004.0,60615.11,69044.4,3.407860146202579,0.06518802764500001,0.01955649,-0.1387953361524131,time,range
main,F_REJECT,base,1715011200000,1715011500000,1715443500000,-1,0.002,63666.0,61100.0,65604.6965,58781.3,5.075218354811014,0.1247656151,0.0374298,0.10541376991102652,time,range
main,F_REJECT,base,1721635200000,1721635500000,1722067500000,-1,0.003,67161.5,68137.0,68546.7185,63206.4,-2.963377826569437,0.20294796948750002,0.060884324999999996,0.2269544679181133,time,range
main,F_REJECT,base,1725220800000,1725221100000,1725411600000,1,0.003,58494.9,57036.118,57036.118,61144.9,-4.62752649116674,0.17329685522595,0.051988958099999996,-0.025894677840774913,stop,range
main,F_REJECT,base,1725940800000,1725941100000,1726106100000,-1,0.002,56540.0,58234.3555,58234.3555,52510.8,-3.563549752738574,0.114774609653325,0.034432306649999994,-0.025631836435246223,stop,range
main,F_REJECT,base,1729728000000,1729728300000,1730142600000,1,0.003,66622.6,69566.0,65140.4095,69566.0,8.300249689671034,0.20428223773500004,0.06128487,-0.2643832025939597,target,range
main,F_REJECT,base,1730779200000,1730779500000,1730859300000,1,0.003,68228.5,71650.0,66723.6,71650.0,9.929385244837476,0.20981698016250006,0.062945325,-0.062352450000000004,target,range
main,F_REJECT,base,1730952000000,1730952300000,1731004200000,-1,0.002,74960.0,76568.6445,76568.6445,66810.0,-3.3841013583892097,0.151528885796675,0.04545859334999999,0.030175120757446,stop,range
main,F_REJECT,base,1734595200000,1734595500000,1734630300000,1,0.001,101538.7,98558.336,98558.336,108366.8,-3.1204930688351213,0.1000487415273,0.030014555399999997,-0.010065771907801002,stop,range
main,F_REJECT,base,1736481600000,1736481900000,1736768400000,1,0.001,93560.0,90885.3365,90885.3365,102762.1,-2.8383757942657857,0.09222286884976252,0.027666800475,-0.04382262494101754,stop,range
main,F_REJECT,base,1744430400000,1744430700000,1744465200000,-1,0.002,82908.6,84500.571,84500.571,74578.5,-3.392134447975656,0.16740940979565003,0.05022275129999999,0.00943971312,stop,range
main,F_REJECT,base,1745424000000,1745424300000,1745582100000,-1,0.003,93175.0,94580.9765,94580.9765,83900.0,-4.587694541513366,0.28163428109471256,0.084490189425,-0.0036405709936185035,stop,range
main,F_REJECT,base,1748937600000,1748937900000,1748962500000,-1,0.003,105181.2,106567.7435,106567.7435,103032.1,-4.572541251797325,0.3176237272222875,0.09528702457499999,0.0,stop,range
main,F_REJECT,base,1750651200000,1750651500000,1750814100000,1,0.001,101063.2,106486.2,97980.95999999999,106486.2,5.286305484227914,0.10377429327500001,0.03113241,-0.0017878124970650763,target,range
main,F_REJECT,base,1754064000000,1754064300000,1754072100000,1,0.003,115429.5,113935.0,113935.0,119258.7,-4.930761111262494,0.3440470862625,0.10321402499999999,0.0,stop,range
main,F_REJECT,base,1754913600000,1754913900000,1755113400000,-1,0.002,120450.1,122552.092,122552.092,115850.0,-4.367421229035603,0.24300250729880002,0.0729006576,0.15246593586321802,stop,range
main,F_REJECT,base,1756195200000,1756195500000,1756476300000,1,0.002,110190.5,108430.83,108430.83,117397.4,-3.9226076782870996,0.21862159395050004,0.06558639899999999,-0.11905968533661006,stop,range
main,F_REJECT,base,1756540800000,1756541100000,1756973100000,1,0.003,108458.3,110511.8,107152.597,113429.0,5.4779403758419445,0.32845468796250005,0.098536545,-0.2555683911955313,time,range
main,F_REJECT,base,1762315200000,1762315500000,1762747500000,1,0.001,102102.5,106008.8,98726.41,111216.0,3.6944552367089383,0.1040553570275,0.031216695,-0.07657271126355453,time,range
main,F_REJECT,cost_x2,1641556800000,1641557100000,1641570600000,1,0.003,42353.13,40798.72495,40798.72495,47524.36,-4.987508783269526,0.24945696381454502,0.07483666945499999,0.0,stop,range
main,F_REJECT,cost_x2,1657944000000,1657944300000,1657987800000,-1,0.007,20677.0,21253.521,21253.521,18901.0,-4.40454501335228,0.2935148576941,0.08805409410000001,0.012670938441814043,stop,range
main,F_REJECT,cost_x2,1658620800000,1658621100000,1658716500000,1,0.006,22585.7,21878.8095,21878.8095,24277.0,-4.626690761830936,0.2667883294029,0.0800361171,-0.03852331532803853,stop,range
main,F_REJECT,cost_x2,1659096000000,1659096300000,1659186300000,-1,0.005,23666.5,24552.5285,24552.5285,20689.6,-4.707745882950034,0.24109647154275,0.07232854275,0.035821631342720005,stop,range
main,F_REJECT,cost_x2,1660248000000,1660248300000,1660463400000,-1,0.005,24157.3,25016.39,25016.39,22608.0,-4.595040805625972,0.245869738635,0.07376053499999999,0.020039468009011647,stop,range
main,F_REJECT,cost_x2,1663372800000,1663373100000,1663553700000,1,0.008,19778.9,19250.2335,19250.2335,22850.0,-4.678541339164003,0.3122343367996,0.0936699204,-0.043305081964389244,stop,range
main,F_REJECT,cost_x2,1670428800000,1670429100000,1670861100000,1,0.02,16836.7,16997.8,16638.304,17430.0,2.283859635931141,0.6766890334000001,0.203007,-0.05844433066883184,time,range
main,F_REJECT,cost_x2,1673308800000,1673309100000,1673374800000,-1,0.019,17191.3,17397.1705,17397.1705,16664.8,-4.723939500460255,0.65718211296185,0.19715428184999997,0.04193639435159232,stop,range
main,F_REJECT,cost_x2,1677384000000,1677384300000,1677807000000,1,0.008,23204.0,22662.7915,22662.7915,24588.0,-4.9810385625857565,0.36693563090040004,0.11008029959999999,-0.1743546320853813,stop,range
main,F_REJECT,cost_x2,1685347200000,1685347500000,1685779500000,-1,0.007,27926.3,27161.8,28469.744,26193.5,5.054514522989889,0.38561509455,0.11568500999999999,0.20431462753987448,time,range
main,F_REJECT,cost_x2,1697068800000,1697069100000,1697433300000,1,0.011,26843.2,27989.8,26498.661,27989.8,11.749165231811935,0.60315921622,0.18094889999999997,-0.0793266519680505,target,range
main,F_REJECT,cost_x2,1700640000000,1700640300000,1700688300000,1,0.005,36433.9,37784.7,35557.169499999996,37784.7,6.2533407570762725,0.3710909738,0.11132789999999998,-0.018240369123710003,target,range
main,F_REJECT,cost_x2,1702915200000,1702915500000,1702950300000,1,0.005,41293.7,43098.0,40502.0975,43098.0,8.451620445698234,0.42195579355,0.12658755,-0.021336210751775005,target,range
main,F_REJECT,cost_x2,1705464000000,1705464300000,1705597800000,-1,0.005,42896.8,41713.5,43646.969,41713.5,5.473261156617456,0.42304972505000005,0.12691544999999999,0.10672633166742002,target,range
main,F_REJECT,cost_x2,1710878400000,1710878700000,1710889200000,1,0.002,63990.8,62235.901,62235.901,69527.6,-3.837988475539411,0.2524544549394,0.0757360206,0.0,stop,range
main,F_REJECT,cost_x2,1710936000000,1710936300000,1711368300000,1,0.001,63372.6,67004.0,60615.11,69044.4,3.3231161732675827,0.13037551058,0.03911298,-0.1387953361524131,time,range
main,F_REJECT,cost_x2,1715011200000,1715011500000,1715443500000,-1,0.002,63666.0,61100.0,65604.6965,58781.3,4.913023709511045,0.2495304604,0.0748596,0.10541376991102652,time,range
main,F_REJECT,cost_x2,1721635200000,1721635500000,1722067500000,-1,0.003,67161.5,68137.0,68546.7185,63206.4,-3.227210560031856,0.40589637795,0.12176864999999999,0.2269544679181133,time,range
main,F_REJECT,cost_x2,1725220800000,1725221100000,1725411600000,1,0.003,58494.9,57036.118,57036.118,61144.9,-4.852812960944563,0.3465943669038001,0.10397791619999999,-0.025894677840774913,stop,range
main,F_REJECT,cost_x2,1725940800000,1725941100000,1726106100000,-1,0.002,56540.0,58234.3555,58234.3555,52510.8,-3.712757177348542,0.2295497276133,0.06886461329999999,-0.025631836435246223,stop,range
main,F_REJECT,cost_x2,1729728000000,1729728300000,1730142600000,1,0.003,66622.6,69566.0,65140.4095,69566.0,8.034683906466046,0.40856315093999995,0.12256974,-0.2643832025939597,target,range
main,F_REJECT,cost_x2,1730779200000,1730779500000,1730859300000,1,0.002,68228.5,71650.0,66723.6,71650.0,6.437749652900028,0.2797549471,0.0839271,-0.0415683,target,range
main,F_REJECT,cost_x2,1730952000000,1730952300000,1731004200000,-1,0.002,74960.0,76568.6445,76568.6445,66810.0,-3.5810893201292258,0.30305825418669996,0.09091718669999999,0.030175120757446,stop,range
main,F_REJECT,cost_x2,1734595200000,1734595500000,1734630300000,1,0.001,101538.7,98558.336,98558.336,108366.8,-3.2505568128169973,0.20009793010920002,0.06002911079999999,-0.010065771907801002,stop,range
main,F_REJECT,cost_x2,1736481600000,1736481900000,1736768400000,1,0.001,93560.0,90885.3365,90885.3365,102762.1,-2.9582658647900537,0.18444613889905004,0.05533360095,-0.04382262494101754,stop,range
main,F_REJECT,cost_x2,1744430400000,1744430700000,1744465200000,-1,0.002,82908.6,84500.571,84500.571,74578.5,-3.6097670866625737,0.33481929718260006,0.10044550259999999,0.00943971312,stop,range
main,F_REJECT,cost_x2,1745424000000,1745424300000,1745582100000,-1,0.003,93175.0,94580.9765,94580.9765,83900.0,-4.953819644722481,0.5632691948788501,0.16898037885,-0.0036405709936185035,stop,range
main,F_REJECT,cost_x2,1748937600000,1748937900000,1748962500000,-1,0.002,105181.2,106567.7435,106567.7435,103032.1,-3.3236350850260923,0.4234987189261,0.1270493661,0.0,stop,range
main,F_REJECT,cost_x2,1750651200000,1750651500000,1750814100000,1,0.001,101063.2,106486.2,97980.95999999999,106486.2,5.151399594402952,0.2075477731,0.06226482,-0.0017878124970650763,target,range
main,F_REJECT,cost_x2,1754064000000,1754064300000,1754072100000,1,0.002,115429.5,113935.0,113935.0,119258.7,-3.585348596699992,0.4587298967,0.13761869999999998,0.0,stop,range
main,F_REJECT,cost_x2,1754913600000,1754913900000,1755113400000,-1,0.002,120450.1,122552.092,122552.092,115850.0,-4.683325024531941,0.48600564519520006,0.1458013152,0.15246593586321802,stop,range
main,F_REJECT,cost_x2,1756195200000,1756195500000,1756476300000,1,0.002,110190.5,108430.83,108430.83,117397.4,-4.206816199138592,0.43724371580200005,0.13117279799999998,-0.11905968533661006,stop,range
main,F_REJECT,cost_x2,1756540800000,1756541100000,1756973100000,1,0.003,108458.3,110511.8,107152.597,113429.0,5.050950066954463,0.6569084518500001,0.19707309,-0.2555683911955313,time,range
main,F_REJECT,cost_x2,1762315200000,1762315500000,1762747500000,1,0.001,102102.5,106008.8,98726.41,111216.0,3.5591837706264577,0.20811012811000001,0.06243339,-0.07657271126355453,time,range
main,F_REJECT,delay60,1641556800000,1641560700000,1641570600000,1,0.003,42393.59,40798.72495,40798.72495,47524.36,-4.946820522997134,0.12478883126963626,0.037436541727499995,0.0,stop,range
main,F_REJECT,delay60,1657080000000,1657083900000,1657204200000,-1,0.006,20063.7,20792.6515,20792.6515,18780.1,-4.492073628040473,0.12256938252817501,0.036770716349999996,0.04097547083771401,stop,range
main,F_REJECT,delay60,1657944000000,1657947900000,1657987800000,-1,0.009000000000000001,20737.7,21253.521,21253.521,18901.0,-4.871746784461147,0.188960842679175,0.05668814835,0.01629120656804663,stop,range
main,F_REJECT,delay60,1658620800000,1658624700000,1658716500000,1,0.006,22569.0,21878.8095,21878.8095,24277.0,-4.353013082963771,0.133343739085725,0.04000302855,-0.03852331532803853,stop,range
main,F_REJECT,delay60,1659096000000,1659099900000,1659186300000,-1,0.004,23461.3,24552.5285,24552.5285,20689.6,-4.46109297639439,0.09602798436855,0.028808297099999998,0.028657305074176,stop,range
main,F_REJECT,delay60,1660248000000,1660251900000,1660463400000,-1,0.005,24185.8,25016.39,25016.39,22608.0,-4.292817960962254,0.12300578647125002,0.0369016425,0.020039468009011647,stop,range
main,F_REJECT,delay60,1663372800000,1663376700000,1663553700000,1,0.006,20000.0,19250.2335,19250.2335,22850.0,-4.684154059518238,0.11775103789492503,0.035325210149999994,-0.03247881147329193,stop,range
main,F_REJECT,delay60,1670428800000,1670432700000,1670864700000,1,0.026000000000000002,16799.3,16992.9,16638.304,17430.0,4.386534567650571,0.43929822248000006,0.13178958000000002,-0.0759776298694814,time,range
main,F_REJECT,delay60,1673308800000,1673312700000,1673374800000,-1,0.023,17211.1,17397.1705,17397.1705,16664.8,-4.7462503559948255,0.39799543172161245,0.11939853322499998,0.05076510895192754,stop,range
main,F_REJECT,delay60,1677384000000,1677387900000,1677807000000,1,0.008,23178.3,22662.7915,22662.7915,24588.0,-4.536796617190502,0.18336467530510003,0.055009309799999996,-0.1743546320853813,stop,range
main,F_REJECT,delay60,1685347200000,1685351100000,1685783100000,-1,0.007,27885.8,27132.8,28469.744,26193.5,5.224980392864859,0.192564704675,0.05776953,0.20431462753987448,time,range
main,F_REJECT,delay60,1697068800000,1697072700000,1697433300000,1,0.015,26778.7,27989.8,26498.661,27989.8,17.524335780258287,0.41076238751250005,0.123229125,-0.10817270722915975,target,range
main,F_REJECT,delay60,1702915200000,1702919100000,1702950300000,1,0.004,41511.7,43098.0,40502.0975,43098.0,6.108146287288592,0.16921892411,0.05076581999999999,-0.01706896860142,target,range
main,F_REJECT,delay60,1710878400000,1710882300000,1710889200000,1,0.002,63875.4,62235.901,62235.901,69527.6,-3.4429429372248737,0.12611154692485002,0.0378333903,0.0,stop,range
main,F_REJECT,delay60,1710936000000,1710939900000,1711371900000,1,0.001,63801.1,67212.2,60615.11,69044.4,3.1871462746800856,0.06550639416750001,0.019651995,-0.1387953361524131,time,range
main,F_REJECT,delay60,1715011200000,1715015100000,1715447100000,-1,0.002,63275.0,61153.1,65604.6965,58781.3,4.187457558196021,0.12442778171500002,0.037328429999999996,0.10541376991102652,time,range
main,F_REJECT,delay60,1721635200000,1721639100000,1722071100000,-1,0.003,67110.1,67937.1,68546.7185,63206.4,-2.517387758156918,0.20257098607500007,0.060771240000000004,0.2269544679181133,time,range
main,F_REJECT,delay60,1722556800000,1722560700000,1722630300000,1,0.001,64796.9,62157.848999999995,62157.848999999995,70081.0,-2.7343269839080064,0.06347757242882501,0.019043212349999998,-0.012755199129175002,stop,range
main,F_REJECT,delay60,1723464000000,1723467900000,1723746000000,1,0.002,59603.7,57522.182,57522.182,62737.2,-4.2963939523835935,0.11712619422770001,0.035137764599999996,0.01890600644411711,stop,range
main,F_REJECT,delay60,1725220800000,1725224700000,1725411600000,1,0.003,58376.8,57036.118,57036.118,61144.9,-4.272996169594238,0.17311967865345002,0.0519358131,-0.025894677840774913,stop,range
main,F_REJECT,delay60,1725940800000,1725944700000,1726106100000,-1,0.002,56640.0,58234.3555,58234.3555,52510.8,-3.3636797377385728,0.114874594653325,0.034462306649999996,-0.025631836435246223,stop,range
main,F_REJECT,delay60,1730779200000,1730783100000,1730859300000,1,0.002,68300.9,71650.0,66723.6,71650.0,6.474696032365008,0.139950397635,0.04198527,-0.0415683,target,range
main,F_REJECT,delay60,1730952000000,1730955900000,1731004200000,-1,0.002,74804.5,76568.6445,76568.6445,66810.0,-3.6948992317142353,0.15137340912167502,0.04541194335,0.030175120757446,stop,range
main,F_REJECT,delay60,1734595200000,1734599100000,1734630300000,1,0.001,101735.8,98558.336,98558.336,108366.8,-3.317721198617617,0.10014730630980001,0.0300441204,-0.010065771907801002,stop,range
main,F_REJECT,delay60,1736481600000,1736485500000,1736768400000,1,0.001,93765.7,90885.3365,90885.3365,102762.1,-3.0442095146932724,0.09232573427726251,0.027697655475,-0.04382262494101754,stop,range
main,F_REJECT,delay60,1744430400000,1744434300000,1744465200000,-1,0.003,83314.8,84500.571,84500.571,74578.5,-3.8703936705685136,0.251723323298475,0.07551691694999998,0.01415956968,stop,range
main,F_REJECT,delay60,1745424000000,1745427900000,1745582100000,-1,0.005,93767.1,94580.9765,94580.9765,83900.0,-4.687581672151463,0.4708704964536876,0.141261057375,-0.006067618322697505,stop,range
main,F_REJECT,delay60,1750651200000,1750655100000,1750814100000,1,0.001,101166.6,106486.2,97980.95999999999,106486.2,5.182838266472909,0.10382600103,0.03114792,-0.0017878124970650763,target,range
main,F_REJECT,delay60,1754064000000,1754067900000,1754072100000,1,0.005,114663.5,113935.0,113935.0,119258.7,-4.385445398187488,0.5714965231875,0.171448875,0.0,stop,range
main,F_REJECT,delay60,1756195200000,1756199100000,1756476300000,1,0.002,110131.1,108430.83,108430.83,117397.4,-3.803730449377132,0.21856218504050007,0.06556857899999999,-0.11905968533661006,stop,range
main,F_REJECT,delay60,1756540800000,1756544700000,1756976700000,1,0.003,108527.6,110754.9,107152.597,113429.0,5.998731234946902,0.3289232488575,0.098677125,-0.2555683911955313,time,range
main,F_REJECT,delay60,1762315200000,1762319100000,1762751100000,1,0.001,101966.2,106315.3,98726.41,111216.0,4.137144639918943,0.1041404238175,0.031242225,-0.07657271126355453,time,range
main,F_REJECT,stop_5bp,1641556800000,1641557100000,1641570600000,1,0.003,42353.13,40798.72495,40798.72495,47524.36,-4.886529105274916,0.12469753312242376,0.09861642215250001,0.0,stop,range
main,F_REJECT,stop_5bp,1657944000000,1657944300000,1657987800000,-1,0.008,20677.0,21253.521,21253.521,18901.0,-4.9007825736496775,0.16776493695459999,0.1353307092,0.014481072504930333,stop,range
main,F_REJECT,stop_5bp,1658620800000,1658621100000,1658716500000,1,0.006,22585.7,21878.8095,21878.8095,24277.0,-4.518881830764522,0.133361028386475,0.10565448704999998,-0.03852331532803853,stop,range
main,F_REJECT,stop_5bp,1659096000000,1659096300000,1659186300000,-1,0.005,23666.5,24552.5285,24552.5285,20689.6,-4.612445055453587,0.1205785941713125,0.097545592625,0.035821631342720005,stop,range
main,F_REJECT,stop_5bp,1660248000000,1660248300000,1660463400000,-1,0.005,24157.3,25016.39,25016.39,22608.0,-4.497797592137251,0.12296581764625,0.09942124249999999,0.020039468009011647,stop,range
main,F_REJECT,stop_5bp,1663372800000,1663373100000,1663553700000,1,0.008,19778.9,19250.2335,19250.2335,22850.0,-4.552551326897333,0.15607835073290002,0.12383589419999999,-0.043305081964389244,stop,range
main,F_REJECT,stop_5bp,1670428800000,1670429100000,1670861100000,1,0.021,16836.7,16997.8,16638.304,17430.0,2.859892781530159,0.35526199626750005,0.106578675,-0.061366547202273435,time,range
main,F_REJECT,stop_5bp,1673308800000,1673309100000,1673374800000,-1,0.02,17191.3,17397.1705,17397.1705,16664.8,-4.696975543156585,0.34597199965825,0.2777371165,0.04414357300167612,stop,range
main,F_REJECT,stop_5bp,1677384000000,1677384300000,1677807000000,1,0.008,23204.0,22662.7915,22662.7915,24588.0,-4.833136113027526,0.1834221651421,0.1456913158,-0.1743546320853813,stop,range
main,F_REJECT,stop_5bp,1685347200000,1685347500000,1685779500000,-1,0.008,27926.3,27161.8,28469.744,26193.5,6.06304477017415,0.22035194130000002,0.06610571999999999,0.2335024314741423,time,range
main,F_REJECT,stop_5bp,1697068800000,1697069100000,1697433300000,1,0.012,26843.2,27989.8,26498.661,27989.8,13.244965466156616,0.32899696806,0.09869939999999999,-0.08653816578332782,target,range
main,F_REJECT,stop_5bp,1700640000000,1700640300000,1700688300000,1,0.005,36433.9,37784.7,35557.169499999996,37784.7,6.494549687426252,0.18554599345,0.05566394999999999,-0.018240369123710003,target,range
main,F_REJECT,stop_5bp,1702915200000,1702915500000,1702950300000,1,0.005,41293.7,43098.0,40502.0975,43098.0,8.72589144086072,0.21097857338750003,0.063293775,-0.021336210751775005,target,range
main,F_REJECT,stop_5bp,1705464000000,1705464300000,1705597800000,-1,0.006,42896.8,41713.5,43646.969,41713.5,6.89789196048587,0.25383036751500004,0.07614926999999999,0.128071598000904,target,range
main,F_REJECT,stop_5bp,1710878400000,1710878700000,1710889200000,1,0.002,63990.8,62235.901,62235.901,69527.6,-3.7360977575843752,0.12619584628435002,0.1001039113,0.0,stop,range
main,F_REJECT,stop_5bp,1710936000000,1710936300000,1711368300000,1,0.001,63372.6,67004.0,60615.11,69044.4,3.407860146202579,0.06518802764500001,0.01955649,-0.1387953361524131,time,range
main,F_REJECT,stop_5bp,1715011200000,1715011500000,1715443500000,-1,0.002,63666.0,61100.0,65604.6965,58781.3,5.075218354811014,0.1247656151,0.0374298,0.10541376991102652,time,range
main,F_REJECT,stop_5bp,1721635200000,1721635500000,1722067500000,-1,0.003,67161.5,68137.0,68546.7185,63206.4,-2.963377826569437,0.20294796948750002,0.060884324999999996,0.2269544679181133,time,range
main,F_REJECT,stop_5bp,1725220800000,1725221100000,1725411600000,1,0.003,58494.9,57036.118,57036.118,61144.9,-4.713037891078245,0.17325407813745003,0.1375431351,-0.025894677840774913,stop,range
main,F_REJECT,stop_5bp,1725940800000,1725941100000,1726106100000,-1,0.002,56540.0,58234.3555,58234.3555,52510.8,-3.6218132254163216,0.11480372683107501,0.09266666215,-0.025631836435246223,stop,range
main,F_REJECT,stop_5bp,1729728000000,1729728300000,1730142600000,1,0.003,66622.6,69566.0,65140.4095,69566.0,8.300249689671034,0.20428223773500004,0.06128487,-0.2643832025939597,target,range
main,F_REJECT,stop_5bp,1730779200000,1730779500000,1730859300000,1,0.003,68228.5,71650.0,66723.6,71650.0,9.929385244837476,0.20981698016250006,0.062945325,-0.062352450000000004,target,range
main,F_REJECT,stop_5bp,1730952000000,1730952300000,1731004200000,-1,0.002,74960.0,76568.6445,76568.6445,66810.0,-3.460708287211448,0.151567170118925,0.12202723785,0.030175120757446,stop,range
main,F_REJECT,stop_5bp,1734595200000,1734595500000,1734630300000,1,0.001,101538.7,98558.336,98558.336,108366.8,-3.1697475972511153,0.1000241019433,0.0792937234,-0.010065771907801002,stop,range
main,F_REJECT,stop_5bp,1736481600000,1736481900000,1736768400000,1,0.001,93560.0,90885.3365,90885.3365,102762.1,-2.8837957411816655,0.09220014751563751,0.073109468725,-0.04382262494101754,stop,range
main,F_REJECT,stop_5bp,1744430400000,1744430700000,1744465200000,-1,0.002,82908.6,84500.571,84500.571,74578.5,-3.4766772692611387,0.16745166008115003,0.13472332229999998,0.00943971312,stop,range
main,F_REJECT,stop_5bp,1745424000000,1745424300000,1745582100000,-1,0.003,93175.0,94580.9765,94580.9765,83900.0,-4.7296369419956985,0.28170521682708755,0.22636165417499998,-0.0036405709936185035,stop,range
main,F_REJECT,stop_5bp,1748937600000,1748937900000,1748962500000,-1,0.003,105181.2,106567.7435,106567.7435,103032.1,-4.732472792854945,0.31770365302991255,0.255138639825,0.0,stop,range
main,F_REJECT,stop_5bp,1750651200000,1750651500000,1750814100000,1,0.001,101063.2,106486.2,97980.95999999999,106486.2,5.286305484227914,0.10377429327500001,0.03113241,-0.0017878124970650763,target,range
main,F_REJECT,stop_5bp,1754064000000,1754064300000,1754072100000,1,0.002,115429.5,113935.0,113935.0,119258.7,-3.4010521066750226,0.229307756675,0.18274434999999997,0.0,stop,range
main,F_REJECT,stop_5bp,1754913600000,1754913900000,1755113400000,-1,0.002,120450.1,122552.092,122552.092,115850.0,-4.490034597081602,0.24306378334480003,0.19545274959999998,0.15246593586321802,stop,range
main,F_REJECT,stop_5bp,1756195200000,1756195500000,1756476300000,1,0.002,110190.5,108430.83,108430.83,117397.4,-4.030984292872126,0.2185673785355,0.174017229,-0.11905968533661006,stop,range
main,F_REJECT,stop_5bp,1756540800000,1756541100000,1756973100000,1,0.003,108458.3,110511.8,107152.597,113429.0,5.4779403758419445,0.32845468796250005,0.098536545,-0.2555683911955313,time,range
main,F_REJECT,stop_5bp,1762315200000,1762315500000,1762747500000,1,0.001,102102.5,106008.8,98726.41,111216.0,3.6944552367089383,0.1040553570275,0.031216695,-0.07657271126355453,time,range
main,F_REJECT,risk_half,1657944000000,1657944300000,1657987800000,-1,0.004,20677.0,21253.521,21253.521,18901.0,-2.4078629913038414,0.0838612149563,0.0251583126,0.0072405362524651665,stop,range
main,F_REJECT,risk_half,1658620800000,1658621100000,1658716500000,1,0.003,22585.7,21878.8095,21878.8095,24277.0,-2.226639110239389,0.0666969233003625,0.020009029275,-0.019261657664019265,stop,range
main,F_REJECT,risk_half,1663372800000,1663373100000,1663553700000,1,0.004,19778.9,19250.2335,19250.2335,22850.0,-2.237794446682161,0.07805842559995002,0.0234174801,-0.021652540982194622,stop,range
main,F_REJECT,risk_half,1670428800000,1670429100000,1670861100000,1,0.011,16836.7,16997.8,16638.304,17430.0,1.4980390760396067,0.1860896170925,0.055826925,-0.03214438186785751,time,range
main,F_REJECT,risk_half,1673308800000,1673309100000,1673374800000,-1,0.01,17191.3,17397.1705,17397.1705,16664.8,-2.261458426152077,0.172942506902875,0.051882705749999994,0.02207178650083806,stop,range
main,F_REJECT,risk_half,1677384000000,1677384300000,1677807000000,1,0.004,23204.0,22662.7915,22662.7915,24588.0,-2.3712651363052504,0.09173374536255001,0.027520074899999997,-0.08717731604269065,stop,range
main,F_REJECT,risk_half,1685347200000,1685347500000,1685779500000,-1,0.004,27926.3,27161.8,28469.744,26193.5,3.031522385087075,0.11017597065000001,0.033052859999999996,0.11675121573707115,time,range
main,F_REJECT,risk_half,1697068800000,1697069100000,1697433300000,1,0.006,26843.2,27989.8,26498.661,27989.8,6.622482733078308,0.16449848403,0.049349699999999996,-0.04326908289166391,target,range
main,F_REJECT,risk_half,1700640000000,1700640300000,1700688300000,1,0.002,36433.9,37784.7,35557.169499999996,37784.7,2.597819874970501,0.07421839738000001,0.02226558,-0.007296147649484001,target,range
main,F_REJECT,risk_half,1702915200000,1702915500000,1702950300000,1,0.002,41293.7,43098.0,40502.0975,43098.0,3.4903565763442885,0.084391429355,0.025317509999999998,-0.00853448430071,target,range
main,F_REJECT,risk_half,1705464000000,1705464300000,1705597800000,-1,0.003,42896.8,41713.5,43646.969,41713.5,3.448945980242935,0.12691518375750002,0.038074634999999996,0.064035799000452,target,range
main,F_REJECT,risk_half,1710878400000,1710878700000,1710889200000,1,0.001,63990.8,62235.901,62235.901,69527.6,-1.836946487267434,0.06311348211742501,0.01893400515,0.0,stop,range
main,F_REJECT,risk_half,1715011200000,1715011500000,1715443500000,-1,0.001,63666.0,61100.0,65604.6965,58781.3,2.537609177405507,0.06238280755,0.0187149,0.05270688495551326,time,range
main,F_REJECT,risk_half,1721635200000,1721635500000,1722067500000,-1,0.001,67161.5,68137.0,68546.7185,63206.4,-0.987792608856479,0.0676493231625,0.020294774999999998,0.07565148930603777,time,range
main,F_REJECT,risk_half,1725220800000,1725221100000,1725411600000,1,0.001,58494.9,57036.118,57036.118,61144.9,-1.5425088303889132,0.05776561840865001,0.0173296527,-0.008631559280258305,stop,range
main,F_REJECT,risk_half,1725940800000,1725941100000,1726106100000,-1,0.001,56540.0,58234.3555,58234.3555,52510.8,-1.781774876369287,0.0573873048266625,0.017216153324999997,-0.012815918217623111,stop,range
main,F_REJECT,risk_half,1729728000000,1729728300000,1730142600000,1,0.001,66622.6,69566.0,65140.4095,69566.0,2.7667498965570116,0.06809407924500001,0.020428289999999998,-0.08812773419798657,target,range
main,F_REJECT,risk_half,1730779200000,1730779500000,1730859300000,1,0.001,68228.5,71650.0,66723.6,71650.0,3.309795081612493,0.06993899338750001,0.020981775,-0.02078415,target,range
main,F_REJECT,risk_half,1730952000000,1730952300000,1731004200000,-1,0.001,74960.0,76568.6445,76568.6445,66810.0,-1.6920506791946048,0.0757644428983375,0.022729296674999996,0.015087560378723,stop,range
main,F_REJECT,risk_half,1744430400000,1744430700000,1744465200000,-1,0.001,82908.6,84500.571,84500.571,74578.5,-1.696067223987828,0.08370470489782501,0.025111375649999997,0.00471985656,stop,range
main,F_REJECT,risk_half,1745424000000,1745424300000,1745582100000,-1,0.001,93175.0,94580.9765,94580.9765,83900.0,-1.5292315138377885,0.09387809369823752,0.028163396474999998,-0.0012135236645395,stop,range
main,F_REJECT,risk_half,1748937600000,1748937900000,1748962500000,-1,0.001,105181.2,106567.7435,106567.7435,103032.1,-1.524180417265775,0.1058745757407625,0.031762341525,0.0,stop,range
main,F_REJECT,risk_half,1754064000000,1754064300000,1754072100000,1,0.001,115429.5,113935.0,113935.0,119258.7,-1.6435870370874979,0.1146823620875,0.034404674999999996,0.0,stop,range
main,F_REJECT,risk_half,1754913600000,1754913900000,1755113400000,-1,0.001,120450.1,122552.092,122552.092,115850.0,-2.1837106145178016,0.12150125364940001,0.0364503288,0.07623296793160901,stop,range
main,F_REJECT,risk_half,1756195200000,1756195500000,1756476300000,1,0.001,110190.5,108430.83,108430.83,117397.4,-1.9613038391435498,0.10931079697525002,0.032793199499999995,-0.05952984266830503,stop,range
main,F_REJECT,risk_half,1756540800000,1756541100000,1756973100000,1,0.001,108458.3,110511.8,107152.597,113429.0,1.8259801252806478,0.10948489598750001,0.032845515000000006,-0.08518946373184377,time,range
main,F_REJECT,risk_double,1641556800000,1641557100000,1641570600000,1,0.006,42353.13,40798.72495,40798.72495,47524.36,-9.650723233787257,0.24945626433227253,0.07483666945499999,0.0,stop,range
main,F_REJECT,risk_double,1657944000000,1657944300000,1657987800000,-1,0.016,20677.0,21253.521,21253.521,18901.0,-9.631451965215366,0.3354448598252,0.1006332504,0.028962145009860666,stop,range
main,F_REJECT,risk_double,1658620800000,1658621100000,1658716500000,1,0.013000000000000001,22585.7,21878.8095,21878.8095,24277.0,-9.648769477704018,0.28902000096823754,0.08670579352499999,-0.08346718321075014,stop,range
main,F_REJECT,risk_double,1659096000000,1659096300000,1659186300000,-1,0.01,23666.5,24552.5285,24552.5285,20689.6,-9.102066087085941,0.24109580702137506,0.07232854275,0.07164326268544001,stop,range
main,F_REJECT,risk_double,1660248000000,1660248300000,1660463400000,-1,0.01,24157.3,25016.39,25016.39,22608.0,-8.870450693299516,0.24586909431750004,0.07376053499999999,0.040078936018023294,stop,range
main,F_REJECT,risk_double,1663372800000,1663373100000,1663553700000,1,0.017,19778.9,19250.2335,19250.2335,22850.0,-9.510626398399186,0.33174830879978756,0.099524290425,-0.09202329917432715,stop,range
main,F_REJECT,risk_double,1670428800000,1670429100000,1670861100000,1,0.042,16836.7,16997.8,16638.304,17430.0,5.719785563060318,0.7105239925350001,0.21315735,-0.12273309440454687,time,range
main,F_REJECT,risk_double,1673308800000,1673309100000,1673374800000,-1,0.041,17191.3,17397.1705,17397.1705,16664.8,-9.271979547223516,0.7090642783017875,0.212719093575,0.09049432465343607,stop,range
main,F_REJECT,risk_double,1677384000000,1677384300000,1677807000000,1,0.016,23204.0,22662.7915,22662.7915,24588.0,-9.485060545221002,0.36693498145020004,0.11008029959999999,-0.3487092641707626,stop,range
main,F_REJECT,risk_double,1685347200000,1685347500000,1685779500000,-1,0.016,27926.3,27161.8,28469.744,26193.5,12.1260895403483,0.44070388260000004,0.13221143999999999,0.4670048629482846,time,range
main,F_REJECT,risk_double,1697068800000,1697069100000,1697433300000,1,0.024,26843.2,27989.8,26498.661,27989.8,26.489930932313232,0.65799393612,0.19739879999999999,-0.17307633156665564,target,range
main,F_REJECT,risk_double,1700640000000,1700640300000,1700688300000,1,0.01,36433.9,37784.7,35557.169499999996,37784.7,12.989099374852504,0.3710919869,0.11132789999999998,-0.03648073824742001,target,range
main,F_REJECT,risk_double,1702915200000,1702915500000,1702950300000,1,0.011,41293.7,43098.0,40502.0975,43098.0,19.19696116989358,0.4641528614525,0.13924630499999996,-0.046939663653905006,target,range
main,F_REJECT,risk_double,1705464000000,1705464300000,1705597800000,-1,0.012,42896.8,41713.5,43646.969,41713.5,13.79578392097174,0.5076607350300001,0.15229853999999998,0.256143196001808,target,range
main,F_REJECT,risk_double,1710878400000,1710878700000,1710889200000,1,0.005,63990.8,62235.901,62235.901,69527.6,-9.18473243633717,0.315567410587125,0.09467002575,0.0,stop,range
main,F_REJECT,risk_double,1710936000000,1710936300000,1711368300000,1,0.003,63372.6,67004.0,60615.11,69044.4,10.223580438607735,0.19556408293500002,0.05866946999999999,-0.4163860084572394,time,range
main,F_REJECT,risk_double,1715011200000,1715011500000,1715443500000,-1,0.005,63666.0,61100.0,65604.6965,58781.3,12.688045887027535,0.31191403775000004,0.09357449999999999,0.2635344247775663,time,range
main,F_REJECT,risk_double,1721635200000,1721635500000,1722067500000,-1,0.006,67161.5,68137.0,68546.7185,63206.4,-5.926755653138874,0.40589593897500004,0.12176864999999999,0.4539089358362266,time,range
main,F_REJECT,risk_double,1725220800000,1725221100000,1725411600000,1,0.006,58494.9,57036.118,57036.118,61144.9,-9.25505298233348,0.3465937104519,0.10397791619999999,-0.051789355681549826,stop,range
main,F_REJECT,risk_double,1725940800000,1725941100000,1726106100000,-1,0.005,56540.0,58234.3555,58234.3555,52510.8,-8.908874381846434,0.2869365241333125,0.086080766625,-0.06407959108811555,stop,range
main,F_REJECT,risk_double,1729728000000,1729728300000,1730142600000,1,0.006,66622.6,69566.0,65140.4095,69566.0,16.600499379342068,0.4085644754700001,0.12256974,-0.5287664051879194,target,range
main,F_REJECT,risk_double,1730779200000,1730779500000,1730859300000,1,0.006,68228.5,71650.0,66723.6,71650.0,19.858770489674953,0.4196339603250001,0.12589065,-0.12470490000000001,target,range
main,F_REJECT,risk_double,1730952000000,1730952300000,1731004200000,-1,0.006,74960.0,76568.6445,76568.6445,66810.0,-10.152304075167631,0.454586657390025,0.13637578005,0.09052536227233801,stop,range
main,F_REJECT,risk_double,1734595200000,1734595500000,1734630300000,1,0.003,101538.7,98558.336,98558.336,108366.8,-9.361479206505363,0.3001462245819,0.0900436662,-0.030197315723403007,stop,range
main,F_REJECT,risk_double,1736481600000,1736481900000,1736768400000,1,0.003,93560.0,90885.3365,90885.3365,102762.1,-8.515127382797354,0.2766686065492876,0.08300040142500001,-0.13146787482305258,stop,range
main,F_REJECT,risk_double,1744430400000,1744430700000,1744465200000,-1,0.005,82908.6,84500.571,84500.571,74578.5,-8.48033611993914,0.418523524489125,0.12555687825,0.0235992828,stop,range
main,F_REJECT,risk_double,1745424000000,1745424300000,1745582100000,-1,0.006,93175.0,94580.9765,94580.9765,83900.0,-9.175389083026731,0.5632685621894251,0.16898037885,-0.007281141987237007,stop,range
main,F_REJECT,risk_double,1748937600000,1748937900000,1748962500000,-1,0.006,105181.2,106567.7435,106567.7435,103032.1,-9.14508250359465,0.635247454444575,0.19057404914999998,0.0,stop,range
main,F_REJECT,risk_double,1750651200000,1750651500000,1750814100000,1,0.003,101063.2,106486.2,97980.95999999999,106486.2,15.858916452683747,0.31132287982500007,0.09339723,-0.005363437491195234,target,range
main,F_REJECT,risk_double,1754064000000,1754064300000,1754072100000,1,0.006,115429.5,113935.0,113935.0,119258.7,-9.861522222524988,0.688094172525,0.20642804999999997,0.0,stop,range
main,F_REJECT,risk_double,1754913600000,1754913900000,1755113400000,-1,0.004,120450.1,122552.092,122552.092,115850.0,-8.734842458071206,0.48600501459760004,0.1458013152,0.30493187172643604,stop,range
main,F_REJECT,risk_double,1756195200000,1756195500000,1756476300000,1,0.005,110190.5,108430.83,108430.83,117397.4,-9.80651919571775,0.54655398487625,0.1639659975,-0.2976492133415251,stop,range
main,F_REJECT,risk_double,1756540800000,1756541100000,1756973100000,1,0.006,108458.3,110511.8,107152.597,113429.0,10.955880751683889,0.6569093759250001,0.19707309,-0.5111367823910626,time,range
main,F_REJECT,risk_double,1762315200000,1762315500000,1762747500000,1,0.002,102102.5,106008.8,98726.41,111216.0,7.3889104734178765,0.208110714055,0.06243339,-0.15314542252710905,time,range
main,P_RESUME,base,1641816000000,1641816300000,1641869100000,-1,0.005,41450.01,42315.82369999999,42315.82369999999,,-4.559919532598588,0.20941490893013753,0.06282437527499998,0.04138825160652001,stop,down
main,P_RESUME,base,1652025600000,1652025900000,1652411100000,-1,0.006,34348.1,30428.4855,35037.133,,23.259517914139828,0.194327992673475,0.058298926949999996,-0.005542166236673701,stop,down
main,P_RESUME,base,1653609600000,1653609900000,1653825900000,-1,0.008,29278.2,29314.508,29852.355,,-0.4362761461337288,0.23437085378480005,0.0703112496,0.15886995725110342,stop,down
main,P_RESUME,base,1655755200000,1655755500000,1655791500000,-1,0.004,20058.3,21187.655000000002,21187.655000000002,,-4.616431821806514,0.08249224880650001,0.024747573000000002,0.008228000000000001,stop,down
main,P_RESUME,base,1657296000000,1657296300000,1657419900000,1,0.006,21893.1,21262.392,21123.5805,,-3.9993388790844153,0.1294667598186,0.0388399428,-0.046784176465818256,stop,up
main,P_RESUME,base,1669348800000,1669349100000,1669425600000,-1,0.02,16474.6,16650.7845,16696.685999999998,,-3.9356689105168625,0.33125410927675003,0.0993761535,0.018651352260000004,stop,down
main,P_RESUME,base,1672704000000,1672704300000,1672801500000,-1,0.029,16659.9,16782.2555,16807.242,,-4.087727385249165,0.4849115208732126,0.145473376425,0.09096701204894586,stop,down
main,P_RESUME,base,1673467200000,1673467500000,1674057000000,1,0.019,17524.1,20989.1105,17294.620000000003,,64.40880463346615,0.36587056211003754,0.10976264992499998,-0.9507616544988242,stop,up
main,P_RESUME,base,1674849600000,1674849900000,1675071300000,1,0.009000000000000001,23329.9,23121.4625,22794.129,,-2.315249142964,0.20903127194531254,0.062709339375,-0.16757103164364,stop,up
main,P_RESUME,base,1675512000000,1675512300000,1675558500000,1,0.032,23351.5,23218.645,23218.328,,-5.369591494852011,0.7451226388520001,0.22353669599999998,-0.14957216,stop,up
main,P_RESUME,base,1678521600000,1678521900000,1678641900000,-1,0.005,19770.6,20572.05,20715.4295,,-4.135224197630181,0.10085692554375002,0.030256987499999995,0.0031397154135879507,stop,down
main,P_RESUME,base,1679299200000,1679299500000,1679510100000,1,0.004,28232.8,27843.7245,27051.174499999997,,-1.7302829276796585,0.11215316572265002,0.0336459147,-0.028181847256999196,stop,up
main,P_RESUME,base,1692374400000,1692374700000,1692563700000,-1,0.008,26071.5,26256.144,26639.6725,,-1.777485240008713,0.20931068678640002,0.06279317279999999,-0.028229380422299964,stop,down
main,P_RESUME,base,1692590400000,1692590700000,1692749400000,-1,0.017,26059.9,26148.3445,26328.828,,-2.0771976990753944,0.44377019101673754,0.133131023475,0.003260015416300175,stop,down
main,P_RESUME,base,1699027200000,1699027500000,1699221000000,1,0.006,34792.2,34657.711,34070.583,,-1.2033749411082513,0.20834979352005004,0.0625049199,-0.125586227688216,stop,up
main,P_RESUME,base,1709107200000,1709107500000,1709450700000,1,0.002,58660.4,61461.669,56541.588500000005,,4.685998015125028,0.12012164880965001,0.036036620699999994,-0.7603817153653191,stop,up
main,P_RESUME,base,1719561600000,1719561900000,1719731100000,-1,0.005,61332.6,61292.141,62290.179,,-0.04392564811510061,0.306561837327875,0.09196855574999999,0.152309744962825,stop,down
main,P_RESUME,base,1722326400000,1722326700000,1722351300000,1,0.004,66900.4,65716.078,65715.296,,-5.082091198096619,0.2652333112966,0.07956988679999999,0.0,stop,up
main,P_RESUME,base,1730462400000,1730462700000,1730599200000,1,0.003,70133.3,68929.1545,68773.39499999999,,-3.9878448558162645,0.20859395268273753,0.062578104525,-0.10423629860851202,stop,up
main,P_RESUME,base,1732089600000,1732089900000,1732378500000,1,0.002,92840.1,98125.061,91177.0115,,10.126687703118915,0.19096436825585003,0.05728954829999999,-0.19498038032522405,stop,up
main,P_RESUME,base,1734523200000,1734523500000,1734551700000,1,0.002,105147.5,102906.82,102906.82,,-4.772709972101996,0.20805465610200002,0.062416296,-0.02087902,stop,up
main,P_RESUME,base,1745784000000,1745784300000,1745798700000,1,0.005,94257.3,93457.8325,93456.399,,-4.609159429475355,0.4692881310503126,0.140786349375,-0.00174744905,stop,up
main,P_RESUME,base,1746158400000,1746158700000,1746252900000,1,0.004,97184.8,96178.63200000001,96018.34349999999,,-4.43440982217098,0.38672716585040007,0.1160180592,0.09300740287946561,stop,up
main,P_RESUME,base,1746964800000,1746965100000,1747059900000,1,0.003,104633.1,103380.83649999999,103151.6675,,-4.238878745551887,0.31202118650928756,0.093606271425,-0.07646078761752301,stop,up
main,P_RESUME,base,1747670400000,1747670700000,1748000700000,1,0.001,104661.4,110080.9555,101924.746,,5.188156547026546,0.10737077128333751,0.032211353325,-0.09181682836510967,stop,up
main,P_RESUME,base,1758441600000,1758441900000,1758447300000,1,0.008,115714.7,115314.8225,115314.8225,,-4.400373756926613,0.9241183299265,0.2772354269999999,0.0,stop,up
main,P_RESUME,base,1763294400000,1763294700000,1763614500000,-1,0.004,95667.6,92934.6815,96776.5475,,10.732427335075071,0.3772037431244501,0.1131613689,0.2911184470995578,stop,down
main,P_RESUME,cost_x2,1641816000000,1641816300000,1641869100000,-1,0.005,41450.01,42315.82369999999,42315.82369999999,,-4.8321594661639775,0.41883046722054995,0.12564875054999997,0.04138825160652001,stop,down
main,P_RESUME,cost_x2,1652025600000,1652025900000,1652411100000,-1,0.006,34348.1,30428.4855,35037.133,,23.006894522169464,0.3886524576939,0.11659785389999999,-0.005542166236673701,stop,down
main,P_RESUME,cost_x2,1653609600000,1653609900000,1653825900000,-1,0.007,29278.2,29314.508,29852.355,,-0.6483385064520836,0.41014903224680005,0.1230446868,0.1390112125947155,stop,down
main,P_RESUME,cost_x2,1655755200000,1655755500000,1655791500000,-1,0.004,20058.3,21187.655000000002,21187.655000000002,,-4.723672321225999,0.164985175226,0.049495146000000004,0.008228000000000001,stop,down
main,P_RESUME,cost_x2,1657296000000,1657296300000,1657419900000,1,0.006,21893.1,21262.392,21123.5805,,-4.167646149340221,0.25893408727440004,0.0776798856,-0.046784176465818256,stop,up
main,P_RESUME,cost_x2,1669348800000,1669349100000,1669425600000,-1,0.019,16474.6,16650.7845,16696.685999999998,,-4.1479847167547375,0.6293833097516499,0.18881469164999998,0.017718784647,stop,down
main,P_RESUME,cost_x2,1672704000000,1672704300000,1672801500000,-1,0.026000000000000002,16659.9,16782.2555,16807.242,,-4.230032178780712,0.8694969973729001,0.2608488129,0.08155663149215836,stop,down
main,P_RESUME,cost_x2,1673467200000,1673467500000,1674057000000,1,0.018000000000000002,17524.1,20989.1105,17294.620000000003,,60.568277017936786,0.6932190779433001,0.2079713367,-0.9007215674199391,stop,up
main,P_RESUME,cost_x2,1674849600000,1674849900000,1675071300000,1,0.008,23329.9,23121.4625,22794.129,,-2.2995466983776773,0.37161140025000006,0.11148327,-0.14895202812768,stop,up
main,P_RESUME,cost_x2,1675512000000,1675512300000,1675558500000,1,0.027,23351.5,23218.645,23218.328,,-5.347899675625529,1.2573949911255,0.37721817449999995,-0.12620151000000002,stop,up
main,P_RESUME,cost_x2,1678521600000,1678521900000,1678641900000,-1,0.005,19770.6,20572.05,20715.4295,,-4.266338711761411,0.201714452175,0.06051397499999999,0.0031397154135879507,stop,down
main,P_RESUME,cost_x2,1679299200000,1679299500000,1679510100000,1,0.004,28232.8,27843.7245,27051.174499999997,,-1.8760822415475782,0.22430656489060002,0.0672918294,-0.028181847256999196,stop,up
main,P_RESUME,cost_x2,1692374400000,1692374700000,1692563700000,-1,0.008,26071.5,26256.144,26639.6725,,-2.049589321167895,0.41862159514560005,0.12558634559999998,-0.028229380422299964,stop,down
main,P_RESUME,cost_x2,1692590400000,1692590700000,1692749400000,-1,0.015,26059.9,26148.3445,26328.828,,-2.3418521815593536,0.78312406550025,0.23493710024999997,0.002876484190853096,stop,down
main,P_RESUME,cost_x2,1699027200000,1699027500000,1699221000000,1,0.006,34792.2,34657.711,34070.583,,-1.4742297755683345,0.41669970808019996,0.1250098398,-0.125586227688216,stop,up
main,P_RESUME,cost_x2,1709107200000,1709107500000,1709450700000,1,0.002,58660.4,61461.669,56541.588500000005,,4.529840585996102,0.2402424572386,0.07207324139999999,-0.7603817153653191,stop,up
main,P_RESUME,cost_x2,1719561600000,1719561900000,1719731100000,-1,0.004,61332.6,61292.141,62290.179,,-0.35396480867894387,0.4904989154492,0.1471496892,0.12184779597026003,stop,down
main,P_RESUME,cost_x2,1722326400000,1722326700000,1722351300000,1,0.003,66900.4,65716.078,65715.296,,-4.070171330089784,0.39785049988980004,0.11935483019999998,0.0,stop,up
main,P_RESUME,cost_x2,1730462400000,1730462700000,1730599200000,1,0.003,70133.3,68929.1545,68773.39499999999,,-4.259017454889452,0.41718844723095005,0.12515620905,-0.10423629860851202,stop,up
main,P_RESUME,cost_x2,1732089600000,1732089900000,1732378500000,1,0.002,92840.1,98125.061,91177.0115,,9.87843537205139,0.3819271510234,0.11457909659999999,-0.19498038032522405,stop,up
main,P_RESUME,cost_x2,1734523200000,1734523500000,1734551700000,1,0.002,105147.5,102906.82,102906.82,,-5.0431815964079485,0.41610998440800007,0.124832592,-0.02087902,stop,up
main,P_RESUME,cost_x2,1745784000000,1745784300000,1745798700000,1,0.004,94257.3,93457.8325,93456.399,,-4.175387607600957,0.7508614893610001,0.22525815899999999,-0.00139795924,stop,up
main,P_RESUME,cost_x2,1746158400000,1746158700000,1746252900000,1,0.003,97184.8,96178.63200000001,96018.34349999999,,-3.7028667381915668,0.5800912015512001,0.1740270888,0.06975555215959921,stop,up
main,P_RESUME,cost_x2,1746964800000,1746965100000,1747059900000,1,0.002,104633.1,103380.83649999999,103151.6675,,-3.0963378446697942,0.4160286243581,0.1248083619,-0.050973858411682005,stop,up
main,P_RESUME,cost_x2,1747670400000,1747670700000,1748000700000,1,0.001,104661.4,110080.9555,101924.746,,5.048575235351555,0.21474072963335,0.06442270665,-0.09181682836510967,stop,up
main,P_RESUME,cost_x2,1758441600000,1758441900000,1758447300000,1,0.007,115714.7,115314.8225,115314.8225,,-4.9015119944927275,1.6172074972427501,0.4851619972499999,0.0,stop,up
main,P_RESUME,cost_x2,1763294400000,1763294700000,1763614500000,-1,0.003,95667.6,92934.6815,96776.5475,,7.68154789710135,0.56580438487335,0.16974205335,0.2183388353246684,stop,down
main,P_RESUME,delay60,1641816000000,1641819900000,1641869100000,-1,0.003,41005.13,42315.82369999999,42315.82369999999,,-4.069724303657169,0.12498172545608252,0.037494429164999996,0.024832950963912005,stop,down
main,P_RESUME,delay60,1652025600000,1652029500000,1652411100000,-1,0.004,33911.4,30428.4855,35037.133,,13.76068056508325,0.12867872612565,0.0386039313,-0.003694777491115792,stop,down
main,P_RESUME,delay60,1653609600000,1653613500000,1653825900000,-1,0.005,29002.0,29315.449500000002,29852.355,,-1.6574856051366373,0.14579374129356254,0.043738087125,0.09929372328193965,stop,down
main,P_RESUME,delay60,1655755200000,1655759100000,1655791500000,-1,0.007,20534.1,21187.655000000002,21187.655000000002,,-4.7503203283664135,0.14602648561637502,0.04380784275,0.014399000000000002,stop,down
main,P_RESUME,delay60,1657296000000,1657299900000,1657419900000,1,0.008,21661.1,21262.392,21123.5805,,-3.4752452995792105,0.1716942072248,0.051508190399999994,-0.062378901954424346,stop,up
main,P_RESUME,delay60,1669348800000,1669352700000,1669425600000,-1,0.015,16390.0,16650.7845,16696.685999999998,,-4.219926928062632,0.24780617713256253,0.07434176512499999,0.013988514195,stop,down
main,P_RESUME,delay60,1672704000000,1672707900000,1672801500000,-1,0.033,16682.2,16782.2555,16807.242,,-3.9161301319876416,0.5521637633873626,0.16564905472499997,0.10351418612466251,stop,down
main,P_RESUME,delay60,1673467200000,1673471100000,1674057000000,1,0.018000000000000002,17543.6,20989.1105,17294.620000000003,,60.667639371169244,0.34678974306082505,0.10403831834999999,-0.9007215674199391,stop,up
main,P_RESUME,delay60,1674849600000,1674853500000,1675071300000,1,0.015,23095.1,23121.4625,22794.129,,-0.33445900745659934,0.3466241890921875,0.10398726562499999,-0.2792850527394,stop,up
main,P_RESUME,delay60,1675512000000,1675515900000,1675558500000,1,0.017,23480.5,23218.328,23218.328,,-5.052406593669296,0.39694037226930007,0.1190820114,-0.07946021,stop,up
main,P_RESUME,delay60,1678521600000,1678525500000,1678641900000,-1,0.007,20065.5,20572.05,20715.4295,,-3.7263555168597517,0.14223169093875002,0.042669427499999996,0.004395601579023132,stop,down
main,P_RESUME,delay60,1679299200000,1679303100000,1679510100000,1,0.003,28448.1,27843.7245,27051.174499999997,,-1.9440320792022445,0.08443787273448751,0.025331321025,-0.0211363854427494,stop,up
main,P_RESUME,delay60,1692374400000,1692378300000,1692653400000,-1,0.006,25835.6,26256.144,26639.6725,,-2.7532321207562265,0.15627542124480004,0.04688256959999999,-0.02681012991140319,stop,down
main,P_RESUME,delay60,1699027200000,1699031100000,1699221000000,1,0.008,34650.1,34657.711,34070.583,,-0.46696091621763663,0.2772312394334,0.08316937320000001,-0.16744830358428803,stop,up
main,P_RESUME,delay60,1709107200000,1709111100000,1709450700000,1,0.001,59279.9,61461.669,56541.588500000005,,1.7230962861000163,0.060370620867325,0.018111235349999998,-0.38019085768265953,stop,up
main,P_RESUME,delay60,1719561600000,1719565500000,1719731100000,-1,0.005,61430.0,61292.141,62290.179,,0.4427578384098785,0.30680530080287505,0.09204160575,0.152309744962825,stop,down
main,P_RESUME,delay60,1722326400000,1722330300000,1722351300000,1,0.004,66790.9,65716.078,65715.296,,-4.643806465246583,0.26501427844659997,0.07950418679999999,0.0,stop,up
main,P_RESUME,delay60,1730462400000,1730466300000,1730599200000,1,0.003,70277.6,68929.1545,68773.39499999999,,-4.4210262732837755,0.20881043515023756,0.062643039525,-0.10423629860851202,stop,up
main,P_RESUME,delay60,1732089600000,1732093500000,1732381500000,1,0.002,93199.9,97534.3,91177.0115,,8.225865809834762,0.19073354984000002,0.057220259999999995,-0.19498038032522405,stop_gap,up
main,P_RESUME,delay60,1734523200000,1734527100000,1734551700000,1,0.002,104722.3,102906.82,102906.82,,-3.921757148322009,0.207629392322,0.062288736,-0.02087902,stop,up
main,P_RESUME,delay60,1745784000000,1745787900000,1745798700000,1,0.006,94173.5,93456.399,93456.399,,-5.036459867655484,0.56289001969545,0.16886690910000002,-0.00209693886,stop,up
main,P_RESUME,delay60,1746158400000,1746162300000,1746252900000,1,0.005,96921.0,96178.63200000001,96018.34349999999,,-4.22315482878867,0.48274935838800004,0.14482472400000002,0.11625925359933202,stop,up
main,P_RESUME,delay60,1746964800000,1746968700000,1747059900000,1,0.003,104596.8,103380.83649999999,103151.6675,,-4.12990795238437,0.3119667283417875,0.09358993642499999,-0.07646078761752301,stop,up
main,P_RESUME,delay60,1747670400000,1747674300000,1748000700000,1,0.001,105399.8,110080.9555,101924.746,,4.449276531646527,0.10774002666333751,0.032322113325,-0.09181682836510967,stop,up
main,P_RESUME,delay60,1758441600000,1758445500000,1758447300000,1,0.008,115575.8,115314.8225,115314.8225,,-3.2884513935866355,0.9235626465865001,0.27706874699999995,0.0,stop,up
main,P_RESUME,delay60,1763294400000,1763298300000,1763615100000,-1,0.004,95638.7,92974.4,96776.5475,,10.457925186389524,0.37722540071,0.11316785999999998,0.2911184470995578,stop_gap,down
main,P_RESUME,stop_5bp,1641816000000,1641816300000,1641869100000,-1,0.005,41450.01,42315.82369999999,42315.82369999999,,-4.6657619866281825,0.2094678037097625,0.16861393452499998,0.04138825160652001,stop,down
main,P_RESUME,stop_5bp,1652025600000,1652025900000,1652411100000,-1,0.006,34348.1,30428.4855,35037.133,,23.168186814911575,0.194373635401725,0.14958438344999997,-0.005542166236673701,stop,down
main,P_RESUME,stop_5bp,1653609600000,1653609900000,1653825900000,-1,0.008,29278.2,29314.508,29852.355,,-0.553592807149712,0.23442948280080003,0.1875692816,0.15886995725110342,stop,down
main,P_RESUME,stop_5bp,1655755200000,1655755500000,1655791500000,-1,0.004,20058.3,21187.655000000002,21187.655000000002,,-4.658828319461516,0.0825134364615,0.06712288300000001,0.008228000000000001,stop,down
main,P_RESUME,stop_5bp,1657296000000,1657296300000,1657419900000,1,0.006,21893.1,21262.392,21123.5805,,-4.063094161496428,0.12943486623060002,0.1026271188,-0.046784176465818256,stop,up
main,P_RESUME,stop_5bp,1669348800000,1669349100000,1669425600000,-1,0.02,16474.6,16650.7845,16696.685999999998,,-4.102260009439305,0.33133736319925,0.2658839985,0.018651352260000004,stop,down
main,P_RESUME,stop_5bp,1672704000000,1672704300000,1672801500000,-1,0.028,16659.9,16782.2555,16807.242,,-4.181840321304965,0.4683079097350501,0.3754086300999999,0.0878302185300167,stop,down
main,P_RESUME,stop_5bp,1673467200000,1673467500000,1674057000000,1,0.019,17524.1,20989.1105,17294.620000000003,,64.20950778199096,0.3657708638351625,0.30915919967499994,-0.9507616544988242,stop,up
main,P_RESUME,stop_5bp,1674849600000,1674849900000,1675071300000,1,0.009000000000000001,23329.9,23121.4625,22794.129,,-2.4192437009233716,0.20897924865468756,0.16675592062500003,-0.16757103164364,stop,up
main,P_RESUME,stop_5bp,1675512000000,1675512300000,1675558500000,1,0.03,23351.5,23218.645,23218.328,,-5.382097561586381,0.6983783340862499,0.5578453274999999,-0.1402239,stop,up
main,P_RESUME,stop_5bp,1678521600000,1678521900000,1678641900000,-1,0.005,19770.6,20572.05,20715.4295,,-4.186680037692669,0.10088264060625,0.08168711249999999,0.0031397154135879507,stop,down
main,P_RESUME,stop_5bp,1679299200000,1679299500000,1679510100000,1,0.004,28232.8,27843.7245,27051.174499999997,,-1.785942532955163,0.11212532199815001,0.0893333637,-0.028181847256999196,stop,up
main,P_RESUME,stop_5bp,1692374400000,1692374700000,1692563700000,-1,0.008,26071.5,26256.144,26639.6725,,-1.8825623282966801,0.20936319907440004,0.1678177488,-0.028229380422299964,stop,down
main,P_RESUME,stop_5bp,1692590400000,1692590700000,1692749400000,-1,0.016,26059.9,26148.3445,26328.828,,-2.1643009485077638,0.4177706555114,0.3344865428,0.0030682498035766352,stop,down
main,P_RESUME,stop_5bp,1699027200000,1699027500000,1699221000000,1,0.006,34792.2,34657.711,34070.583,,-1.3072960875417725,0.20829780695355002,0.16647805289999998,-0.125586227688216,stop,up
main,P_RESUME,stop_5bp,1709107200000,1709107500000,1709450700000,1,0.002,58660.4,61461.669,56541.588500000005,,4.624567076959517,0.12009091797515001,0.09749828969999999,-0.7603817153653191,stop,up
main,P_RESUME,stop_5bp,1719561600000,1719561900000,1719731100000,-1,0.004,61332.6,61292.141,62290.179,,-0.15778609263304755,0.24531076200330001,0.1961591266,0.12184779597026003,stop,down
main,P_RESUME,stop_5bp,1722326400000,1722326700000,1722351300000,1,0.004,66900.4,65716.078,65715.296,,-5.213457638018672,0.2651675952186,0.21100204279999998,0.0,stop,up
main,P_RESUME,stop_5bp,1730462400000,1730462700000,1730599200000,1,0.003,70133.3,68929.1545,68773.39499999999,,-4.091186890700413,0.20854225581686253,0.165971836275,-0.10423629860851202,stop,up
main,P_RESUME,stop_5bp,1732089600000,1732089900000,1732378500000,1,0.002,92840.1,98125.061,91177.0115,,10.028611704649384,0.19091530572535,0.1554146093,-0.19498038032522405,stop,up
main,P_RESUME,stop_5bp,1734523200000,1734523500000,1734551700000,1,0.002,105147.5,102906.82,102906.82,,-4.875565338692,0.208003202692,0.165323116,-0.02087902,stop,up
main,P_RESUME,stop_5bp,1745784000000,1745784300000,1745798700000,1,0.005,94257.3,93457.8325,93456.399,,-4.842687188434777,0.4691713087596876,0.374430930625,-0.00174744905,stop,up
main,P_RESUME,stop_5bp,1746158400000,1746158700000,1746252900000,1,0.003,97184.8,96178.63200000001,96018.34349999999,,-3.470003180654228,0.28997324041380007,0.2312814924,0.06975555215959921,stop,up
main,P_RESUME,stop_5bp,1746964800000,1746965100000,1747059900000,1,0.003,104633.1,103380.83649999999,103151.6675,,-4.393872464674557,0.3119436508819125,0.24867752617499994,-0.07646078761752301,stop,up
main,P_RESUME,stop_5bp,1747670400000,1747670700000,1748000700000,1,0.001,104661.4,110080.9555,101924.746,,5.133143589515414,0.1073432510444625,0.08725183107500001,-0.09181682836510967,stop,up
main,P_RESUME,stop_5bp,1758441600000,1758441900000,1758447300000,1,0.008,115714.7,115314.8225,115314.8225,,-4.861402417281571,0.9238877002815,0.7384947169999999,0.0,stop,up
main,P_RESUME,stop_5bp,1763294400000,1763294700000,1763614500000,-1,0.004,95667.6,92934.6815,96776.5475,,10.546465037393595,0.3772966778059501,0.2990307319,0.2911184470995578,stop,down
main,P_RESUME,risk_half,1641816000000,1641816300000,1641869100000,-1,0.002,41450.01,42315.82369999999,42315.82369999999,,-1.8239678130394354,0.08376596357205501,0.025129750109999998,0.016555300642608003,stop,down
main,P_RESUME,risk_half,1652025600000,1652025900000,1652411100000,-1,0.003,34348.1,30428.4855,35037.133,,11.629758957069914,0.0971639963367375,0.029149463474999998,-0.0027710831183368504,stop,down
main,P_RESUME,risk_half,1653609600000,1653609900000,1653825900000,-1,0.004,29278.2,29314.508,29852.355,,-0.2181380730668644,0.11718542689240002,0.0351556248,0.07943497862555171,stop,down
main,P_RESUME,risk_half,1657296000000,1657296300000,1657419900000,1,0.003,21893.1,21262.392,21123.5805,,-1.9996694395422077,0.0647333799093,0.0194199714,-0.023392088232909128,stop,up
main,P_RESUME,risk_half,1669348800000,1669349100000,1669425600000,-1,0.01,16474.6,16650.7845,16696.685999999998,,-1.9678344552584313,0.16562705463837502,0.04968807675,0.009325676130000002,stop,down
main,P_RESUME,risk_half,1672704000000,1672704300000,1672801500000,-1,0.014,16659.9,16782.2555,16807.242,,-1.973385634258218,0.234095216973275,0.07022852655,0.04391510926500835,stop,down
main,P_RESUME,risk_half,1673467200000,1673467500000,1674057000000,1,0.009000000000000001,17524.1,20989.1105,17294.620000000003,,30.50943377374713,0.17330710836791252,0.051992834175,-0.45036078370996957,stop,up
main,P_RESUME,risk_half,1674849600000,1674849900000,1675071300000,1,0.004,23329.9,23121.4625,22794.129,,-1.0289996190951112,0.09290278753125002,0.0278708175,-0.07447601406384,stop,up
main,P_RESUME,risk_half,1675512000000,1675512300000,1675558500000,1,0.015,23351.5,23218.645,23218.328,,-2.51699601321188,0.34927623696187504,0.10478282624999999,-0.07011195,stop,up
main,P_RESUME,risk_half,1679299200000,1679299500000,1679510100000,1,0.002,28232.8,27843.7245,27051.174499999997,,-0.8651414638398293,0.05607658286132501,0.01682295735,-0.014090923628499598,stop,up
main,P_RESUME,risk_half,1692374400000,1692374700000,1692563700000,-1,0.004,26071.5,26256.144,26639.6725,,-0.8887426200043566,0.10465534339320001,0.031396586399999996,-0.014114690211149982,stop,down
main,P_RESUME,risk_half,1692590400000,1692590700000,1692749400000,-1,0.008,26059.9,26148.3445,26328.828,,-0.9775047995648914,0.20883303106670004,0.06264989339999999,0.0015341249017883176,stop,down
main,P_RESUME,risk_half,1699027200000,1699027500000,1699221000000,1,0.003,34792.2,34657.711,34070.583,,-0.6016874705541256,0.10417489676002502,0.03125245995,-0.062793113844108,stop,up
main,P_RESUME,risk_half,1709107200000,1709107500000,1709450700000,1,0.001,58660.4,61461.669,56541.588500000005,,2.342999007562514,0.060060824404825006,0.018018310349999997,-0.38019085768265953,stop,up
main,P_RESUME,risk_half,1719561600000,1719561900000,1719731100000,-1,0.002,61332.6,61292.141,62290.179,,-0.01757025924604024,0.12262473493115002,0.0367874223,0.06092389798513002,stop,down
main,P_RESUME,risk_half,1722326400000,1722326700000,1722351300000,1,0.002,66900.4,65716.078,65715.296,,-2.5410455990483096,0.1326166556483,0.039784943399999995,0.0,stop,up
main,P_RESUME,risk_half,1730462400000,1730462700000,1730599200000,1,0.001,70133.3,68929.1545,68773.39499999999,,-1.3292816186054217,0.06953131756091252,0.020859368175000004,-0.034745432869504,stop,up
main,P_RESUME,risk_half,1732089600000,1732089900000,1732378500000,1,0.001,92840.1,98125.061,91177.0115,,5.063343851559457,0.09548218412792502,0.028644774149999996,-0.09749019016261203,stop,up
main,P_RESUME,risk_half,1734523200000,1734523500000,1734551700000,1,0.001,105147.5,102906.82,102906.82,,-2.386354986050998,0.10402732805100001,0.031208148,-0.01043951,stop,up
main,P_RESUME,risk_half,1745784000000,1745784300000,1745798700000,1,0.002,94257.3,93457.8325,93456.399,,-1.8436637717901423,0.18771525242012504,0.056314539749999996,-0.00069897962,stop,up
main,P_RESUME,risk_half,1746158400000,1746158700000,1746252900000,1,0.001,97184.8,96178.63200000001,96018.34349999999,,-1.108602455542745,0.09668179146260002,0.0290045148,0.023251850719866404,stop,up
main,P_RESUME,risk_half,1746964800000,1746965100000,1747059900000,1,0.001,104633.1,103380.83649999999,103151.6675,,-1.4129595818506289,0.10400706216976252,0.031202090475,-0.025486929205841002,stop,up
main,P_RESUME,risk_half,1758441600000,1758441900000,1758447300000,1,0.004,115714.7,115314.8225,115314.8225,,-2.2001868784633065,0.46205916496325,0.13861771349999996,0.0,stop,up
main,P_RESUME,risk_half,1763294400000,1763294700000,1763614500000,-1,0.002,95667.6,92934.6815,96776.5475,,5.366213667537536,0.18860187156222505,0.05658068445,0.1455592235497789,stop,down
main,P_RESUME,risk_double,1641816000000,1641816300000,1641869100000,-1,0.01,41450.01,42315.82369999999,42315.82369999999,,-9.119839065197176,0.41882981786027507,0.12564875054999997,0.08277650321304002,stop,down
main,P_RESUME,risk_double,1652025600000,1652025900000,1652411100000,-1,0.013000000000000001,34348.1,30428.4855,35037.133,,50.39562214730296,0.4210439841258625,0.126314341725,-0.012008026846126299,stop,down
main,P_RESUME,risk_double,1653609600000,1653609900000,1653825900000,-1,0.016,29278.2,29314.508,29852.355,,-0.8725522922674576,0.4687417075696001,0.1406224992,0.31773991450220684,stop,down
main,P_RESUME,risk_double,1655755200000,1655755500000,1655791500000,-1,0.008,20058.3,21187.655000000002,21187.655000000002,,-9.232863643613028,0.16498449761300002,0.049495146000000004,0.016456000000000002,stop,down
main,P_RESUME,risk_double,1657296000000,1657296300000,1657419900000,1,0.012,21893.1,21262.392,21123.5805,,-7.998677758168831,0.2589335196372,0.0776798856,-0.09356835293163651,stop,up
main,P_RESUME,risk_double,1669348800000,1669349100000,1669425600000,-1,0.041,16474.6,16650.7845,16696.685999999998,,-8.068121266559567,0.6790709240173376,0.20372111467499998,0.038235272133,stop,down
main,P_RESUME,risk_double,1672704000000,1672704300000,1672801500000,-1,0.06,16659.9,16782.2555,16807.242,,-8.45736700396379,1.00326521559975,0.30097939949999997,0.18820761113575002,stop,down
main,P_RESUME,risk_double,1673467200000,1673467500000,1674057000000,1,0.039,17524.1,20989.1105,17294.620000000003,,132.2075463529042,0.7509974695942876,0.22530228142499997,-1.9515633960765342,stop,up
main,P_RESUME,risk_double,1674849600000,1674849900000,1675071300000,1,0.02,23329.9,23121.4625,22794.129,,-5.144998095475555,0.46451393765625004,0.1393540875,-0.37238007031920006,stop,up
main,P_RESUME,risk_double,1675512000000,1675512300000,1675558500000,1,0.048,23351.5,23218.645,23218.328,,-8.054387242278017,1.117683958278,0.33530504399999994,-0.22435824000000004,stop,up
main,P_RESUME,risk_double,1678521600000,1678521900000,1678641900000,-1,0.011,19770.6,20572.05,20715.4295,,-9.097493234786398,0.22188523619625,0.06656537249999998,0.0069073739098934935,stop,down
main,P_RESUME,risk_double,1679299200000,1679299500000,1679510100000,1,0.009000000000000001,28232.8,27843.7245,27051.174499999997,,-3.8931365872792316,0.2523446228759625,0.075703308075,-0.0634091563282482,stop,up
main,P_RESUME,risk_double,1692374400000,1692374700000,1692563700000,-1,0.018000000000000002,26071.5,26256.144,26639.6725,,-3.9993417900196047,0.4709490452694001,0.1412846388,-0.06351610595017491,stop,down
main,P_RESUME,risk_double,1692590400000,1692590700000,1692749400000,-1,0.036000000000000004,26059.9,26148.3445,26328.828,,-4.3987715980420115,0.9397486398001502,0.28192452030000004,0.006903562058047433,stop,down
main,P_RESUME,risk_double,1699027200000,1699027500000,1699221000000,1,0.014,34792.2,34657.711,34070.583,,-2.80787486258592,0.4861495182134501,0.14584481309999997,-0.29303453127250406,stop,up
main,P_RESUME,risk_double,1709107200000,1709107500000,1709450700000,1,0.005,58660.4,61461.669,56541.588500000005,,11.71499503781257,0.30030412202412504,0.09009155175,-1.900954288413298,stop,up
main,P_RESUME,risk_double,1719561600000,1719561900000,1719731100000,-1,0.01,61332.6,61292.141,62290.179,,-0.08785129623020121,0.61312367465575,0.18393711149999997,0.30461948992565,stop,down
main,P_RESUME,risk_double,1722326400000,1722326700000,1722351300000,1,0.008,66900.4,65716.078,65715.296,,-10.164182396193238,0.5304666225932,0.15913977359999998,0.0,stop,up
main,P_RESUME,risk_double,1730462400000,1730462700000,1730599200000,1,0.007,70133.3,68929.1545,68773.39499999999,,-9.304971330237953,0.4867192229263876,0.146015577225,-0.24321803008652804,stop,up
main,P_RESUME,risk_double,1732089600000,1732089900000,1732378500000,1,0.006,92840.1,98125.061,91177.0115,,30.380063109356744,0.5728931047675501,0.17186864489999998,-0.5849411409756721,stop,up
main,P_RESUME,risk_double,1734523200000,1734523500000,1734551700000,1,0.004,105147.5,102906.82,102906.82,,-9.545419944203992,0.41610931220400005,0.124832592,-0.04175804,stop,up
main,P_RESUME,risk_double,1745784000000,1745784300000,1745798700000,1,0.011,94257.3,93457.8325,93456.399,,-10.14015074484578,1.0324338883106876,0.30972996862499996,-0.0038443879099999997,stop,up
main,P_RESUME,risk_double,1746158400000,1746158700000,1746252900000,1,0.008,97184.8,96178.63200000001,96018.34349999999,,-8.86881964434196,0.7734543317008001,0.2320361184,0.18601480575893123,stop,up
main,P_RESUME,risk_double,1746964800000,1746965100000,1747059900000,1,0.006,104633.1,103380.83649999999,103151.6675,,-8.477757491103773,0.6240423730185751,0.18721254285,-0.15292157523504601,stop,up
main,P_RESUME,risk_double,1747670400000,1747670700000,1748000700000,1,0.003,104661.4,110080.9555,101924.746,,15.564469641079638,0.3221123138500125,0.09663405997499999,-0.275450485095329,stop,up
main,P_RESUME,risk_double,1758441600000,1758441900000,1758447300000,1,0.009000000000000001,115714.7,115314.8225,115314.8225,,-4.9504204765424396,1.0396331211673127,0.311889855375,0.0,stop,up
main,P_RESUME,risk_double,1763294400000,1763294700000,1763614500000,-1,0.008,95667.6,92934.6815,96776.5475,,21.464854670150142,0.7544074862489002,0.2263227378,0.5822368941991156,stop,down
main,P_RESUME,flow55,1745784000000,1745784300000,1745798700000,1,0.005,94257.3,93457.8325,93456.399,,-4.609159429475355,0.4692881310503126,0.140786349375,-0.00174744905,stop,up
main,P_RESUME,flow55,1758441600000,1758441900000,1758447300000,1,0.008,115714.7,115314.8225,115314.8225,,-4.400373756926613,0.9241183299265,0.2772354269999999,0.0,stop,up
main,C_CHANNEL,base,1642723200000,1642723500000,1643056500000,-1,0.003,40580.01,36544.47655,42041.398,,12.007074471735226,0.11568582182997376,0.0347060189475,0.05086596251269975,stop,down
main,C_CHANNEL,base,1648425600000,1648425900000,1648604400000,1,0.004,46776.8,46764.8055,45800.950000000004,,-0.4038936968544644,0.18708321459835003,0.0561249633,-0.11270751895610001,stop,up
main,C_CHANNEL,base,1651982400000,1651982700000,1652616900000,-1,0.003,34594.3,30469.0255,36034.13,,12.314492190354214,0.09759406006323751,0.029278496475,0.06554124689243716,stop,down
main,C_CHANNEL,base,1656576000000,1656576300000,1656635100000,-1,0.006,19387.5,20174.72,20174.72,,-4.906346063907296,0.11868701424900002,0.035605998,-0.028733051658283194,stop,down
main,C_CHANNEL,base,1658332800000,1658333100000,1658372100000,1,0.003,24159.0,22690.480000000003,22690.480000000003,,-4.5038825898078985,0.07027455041700001,0.021082266,-0.006965773390899001,stop,up
main,C_CHANNEL,base,1660953600000,1660953900000,1661115000000,-1,0.006,20858.1,21620.271999999997,21650.97,,-4.764331078610843,0.1274354589774,0.03823053479999999,-0.02563308483343523,stop,down
main,C_CHANNEL,base,1661558400000,1661558700000,1661781900000,-1,0.007,20219.2,20189.957,20905.89,,-0.04452910204641615,0.141432034147425,0.04242961485,-0.06536845304899958,stop,down
main,C_CHANNEL,base,1662494400000,1662494700000,1662582600000,-1,0.01,18819.3,19274.55,19274.55,,-4.817701281362287,0.1904695914375,0.05714077499999999,-0.01759091492474373,stop,down
main,C_CHANNEL,base,1667620800000,1667621100000,1667771400000,1,0.009000000000000001,21426.3,21110.1525,20916.93,,-3.166178015951746,0.19141424964956255,0.05742421087499999,-0.07201205542717201,stop,up
main,C_CHANNEL,base,1673467200000,1673467500000,1674058800000,1,0.02,17524.1,20792.6105,17305.0,,63.829221602356355,0.38316220223425,0.11495013149999998,-1.04287606390939,stop,up
main,C_CHANNEL,base,1674259200000,1674259500000,1674417900000,1,0.008,22633.5,22472.8085,22024.26,,-1.6113608253957594,0.1804253304149,0.054127570199999996,-0.09127592478084,stop,up
main,C_CHANNEL,base,1675022400000,1675022700000,1675069500000,1,0.011,23776.4,23326.19,23326.19,,-5.341223165208112,0.25906461642324996,0.07771927349999999,-0.052129275284801005,stop,up
main,C_CHANNEL,base,1678392000000,1678392300000,1678641900000,-1,0.008,20777.0,20715.55,21344.87,,0.26474881565239383,0.16597016313000001,0.04979106,-0.011089961217594275,stop,down
main,C_CHANNEL,base,1698033600000,1698033900000,1698426300000,1,0.006,30772.5,33684.087,29949.41,,16.954180868387844,0.19336845078585002,0.0580109283,-0.26396175252628434,stop,up
main,C_CHANNEL,base,1701662400000,1701662700000,1702256700000,1,0.006,40745.1,43508.4935,39928.17999999999,,15.463430238033075,0.252759536972925,0.07582823414999998,-0.7883429908440024,stop,up
main,C_CHANNEL,base,1707480000000,1707480300000,1708176600000,1,0.004,47207.0,51260.891,46129.380000000005,,15.481182489371694,0.19693456583270003,0.05908073459999999,-0.4783662101955954,stop,up
main,C_CHANNEL,base,1708977600000,1708977900000,1709667300000,1,0.004,54644.0,62186.6395,53578.950000000004,,26.707598552500126,0.23365901620815,0.07009838369999999,-3.1592020475917075,stop,up
main,C_CHANNEL,base,1710144000000,1710144300000,1710264000000,1,0.002,71515.6,69109.0,69109.0,,-5.290069349165237,0.14062496099000005,0.04218738,-0.2940570081752073,stop,up
main,C_CHANNEL,base,1714550400000,1714550700000,1714675500000,-1,0.002,57206.1,59553.5,59553.5,,-4.820622714471629,0.11675995211000001,0.03502788,0.025965117638383304,stop,down
main,C_CHANNEL,base,1716249600000,1716249900000,1716306600000,1,0.003,71400.0,69888.7,69888.7,,-4.831790119543052,0.2119333900425,0.06357991499999999,-0.022376814500519027,stop,up
main,C_CHANNEL,base,1719187200000,1719187500000,1719756000000,-1,0.004,63134.1,61855.8325,64184.98,,5.2257549012745,0.24997948151975002,0.07499395949999998,0.43765834229426004,stop,down
main,C_CHANNEL,base,1720152000000,1720152300000,1720282800000,-1,0.002,55290.0,57433.85,57433.85,,-4.4026557470805665,0.1127241715775,0.033817154999999995,0.03158557949694165,stop,down
main,C_CHANNEL,base,1727064000000,1727064300000,1727138400000,1,0.003,64406.7,63002.28999999999,63002.28999999999,,-4.478809002820334,0.19111380099225,0.05733404549999999,-0.01713115632804409,stop,up
main,C_CHANNEL,base,1727366400000,1727366700000,1727655900000,1,0.003,65149.3,65309.6895,63714.06,,0.1316790054965583,0.19568844816236253,0.058706545274999994,-0.09509450106605412,stop,up
main,C_CHANNEL,base,1730217600000,1730217900000,1730382600000,1,0.003,72403.8,71352.82149999999,71057.17,,-3.541804907395227,0.21563516872016247,0.064690479675,-0.10854375899999699,stop,up
main,C_CHANNEL,base,1731240000000,1731240300000,1731878100000,1,0.002,80038.3,89237.535,78057.32,,17.515799531022576,0.16927445511475003,0.0507827505,-0.6626132633626871,stop,up
main,C_CHANNEL,base,1732118400000,1732118700000,1732451400000,1,0.001,94795.2,97063.162,91639.0,,2.0295620322982395,0.09592901090285,0.028778754299999997,-0.11369220249890893,stop,up
main,C_CHANNEL,base,1737316800000,1737317100000,1737324000000,1,0.001,106392.1,103101.95,103101.95,,-3.4263213792612617,0.10474727176125001,0.0314241075,0.0,stop,up
main,C_CHANNEL,base,1740600000000,1740600300000,1740929100000,-1,0.001,83991.6,86706.4565,87384.16,,-2.8044764343622703,0.08534923186423751,0.025604708474999998,0.021334005976964197,stop,down
main,C_CHANNEL,base,1746100800000,1746101100000,1746268800000,1,0.002,96127.9,95961.83300000001,93979.51,,-0.5023727718569897,0.19208975791005,0.0576269199,0.07947790595303109,stop,up
main,C_CHANNEL,base,1746676800000,1746677100000,1747059900000,1,0.002,99190.1,102894.6365,96989.48,,6.9453868132772625,0.202084180819525,0.060625420949999995,-0.2009765849531836,stop,up
main,C_CHANNEL,base,1747612800000,1747613100000,1747623900000,1,0.002,106581.4,104467.97,104467.97,,-4.501224498014504,0.2110496870145,0.063314811,0.0,stop,up
main,C_CHANNEL,base,1747843200000,1747843500000,1748002500000,1,0.001,108856.9,107514.279,105850.02,,-1.5348927780726525,0.10818569019657501,0.03245567685,-0.05163041102607421,stop,up
main,C_CHANNEL,base,1752177600000,1752177900000,1752548700000,1,0.002,113304.3,117519.142,111410.37000000001,,7.8266394436937485,0.23082280977370007,0.06924703260000001,-0.30297471393254227,stop,up
main,C_CHANNEL,base,1758168000000,1758168300000,1758294300000,1,0.002,117620.0,115555.19,115555.19,,-4.467926659521578,0.23317549972150003,0.069952557,-0.03517860280007098,stop,up
main,C_CHANNEL,base,1763409600000,1763409900000,1763862000000,-1,0.001,91563.8,85827.33949999999,94608.06,,5.703276287527229,0.08869513951546251,0.026608670924999994,0.08211959796768496,stop,down
main,C_CHANNEL,cost_x2,1642723200000,1642723500000,1643056500000,-1,0.003,40580.01,36544.47655,42041.398,,11.856684446947817,0.231369827669895,0.069412037895,0.05086596251269975,stop,down
main,C_CHANNEL,cost_x2,1648425600000,1648425900000,1648604400000,1,0.004,46776.8,46764.8055,45800.950000000004,,-0.6471018819494969,0.3741664363934,0.1122499266,-0.11270751895610001,stop,up
main,C_CHANNEL,cost_x2,1651982400000,1651982700000,1652616900000,-1,0.003,34594.3,30469.0255,36034.13,,12.187621490189494,0.19518626375295,0.05855699295,0.06554124689243716,stop,down
main,C_CHANNEL,cost_x2,1656576000000,1656576300000,1656635100000,-1,0.006,19387.5,20174.72,20174.72,,-5.060639784654281,0.23737473699600004,0.071211996,-0.028733051658283194,stop,down
main,C_CHANNEL,cost_x2,1658332800000,1658333100000,1658372100000,1,0.003,24159.0,22690.480000000003,22690.480000000003,,-4.595240067058884,0.140549761668,0.042164532,-0.006965773390899001,stop,up
main,C_CHANNEL,cost_x2,1660953600000,1660953900000,1661115000000,-1,0.005,20858.1,21620.271999999997,21650.97,,-4.108331465285846,0.212393003258,0.06371755799999998,-0.021360904027862695,stop,down
main,C_CHANNEL,cost_x2,1661558400000,1661558700000,1661781900000,-1,0.006,20219.2,20189.957,20905.89,,-0.1957634745760052,0.2424548893626,0.07273648259999999,-0.056030102613428195,stop,down
main,C_CHANNEL,cost_x2,1662494400000,1662494700000,1662582600000,-1,0.009000000000000001,18819.3,19274.55,19274.55,,-4.55878109760725,0.34284587917500003,0.102853395,-0.015831823432269358,stop,down
main,C_CHANNEL,cost_x2,1667620800000,1667621100000,1667771400000,1,0.008,21426.3,21110.1525,20916.93,,-3.035570580689232,0.34029237875400004,0.102087486,-0.064010715935264,stop,up
main,C_CHANNEL,cost_x2,1673467200000,1673467500000,1674058800000,1,0.018000000000000002,17524.1,20792.6105,17305.0,,56.99800716673832,0.6896831390433,0.2069102367,-0.9385884575184511,stop,up
main,C_CHANNEL,cost_x2,1674259200000,1674259500000,1674417900000,1,0.007,22633.5,22472.8085,22024.26,,-1.615174678985388,0.31574449695215,0.09472324785,-0.079866434183235,stop,up
main,C_CHANNEL,cost_x2,1675022400000,1675022700000,1675069500000,1,0.01,23776.4,23326.19,23326.19,,-5.161825270888923,0.47102725063000006,0.14130777,-0.047390250258910006,stop,up
main,C_CHANNEL,cost_x2,1678392000000,1678392300000,1678641900000,-1,0.008,20777.0,20715.55,21344.87,,0.04898766626243424,0.33194025252000003,0.09958212,-0.011089961217594275,stop,down
main,C_CHANNEL,cost_x2,1698033600000,1698033900000,1698426300000,1,0.005,30772.5,33684.087,29949.41,,13.919003424775264,0.3222785676195,0.09668488049999999,-0.21996812710523694,stop,up
main,C_CHANNEL,cost_x2,1701662400000,1701662700000,1702256700000,1,0.005,40745.1,43508.4935,39928.17999999999,,12.61237079497026,0.42126382240974997,0.12638039024999997,-0.6569524923700021,stop,up
main,C_CHANNEL,cost_x2,1707480000000,1707480300000,1708176600000,1,0.004,47207.0,51260.891,46129.380000000005,,15.225169621273633,0.3938666993308,0.11816146919999998,-0.4783662101955954,stop,up
main,C_CHANNEL,cost_x2,1708977600000,1708977900000,1709667300000,1,0.004,54644.0,62186.6395,53578.950000000004,,26.403845678175692,0.46731350683260003,0.14019676739999998,-3.1592020475917075,stop,up
main,C_CHANNEL,cost_x2,1710144000000,1710144300000,1710264000000,1,0.002,71515.6,69109.0,69109.0,,-5.472882412135196,0.28125064396000005,0.08437476,-0.2940570081752073,stop,up
main,C_CHANNEL,cost_x2,1714550400000,1714550700000,1714675500000,-1,0.002,57206.1,59553.5,59553.5,,-4.972411250801608,0.23352060844,0.07005576,0.025965117638383304,stop,down
main,C_CHANNEL,cost_x2,1716249600000,1716249900000,1716306600000,1,0.003,71400.0,69888.7,69888.7,,-5.107304104670532,0.42386746017,0.12715982999999997,-0.022376814500519027,stop,up
main,C_CHANNEL,cost_x2,1719187200000,1719187500000,1719756000000,-1,0.004,63134.1,61855.8325,64184.98,,4.900782227215261,0.49995819607900005,0.14998791899999997,0.43765834229426004,stop,down
main,C_CHANNEL,cost_x2,1720152000000,1720152300000,1720282800000,-1,0.002,55290.0,57433.85,57433.85,,-4.549197716813049,0.22544898631000002,0.06763430999999999,0.03158557949694165,stop,down
main,C_CHANNEL,cost_x2,1727064000000,1727064300000,1727138400000,1,0.003,64406.7,63002.28999999999,63002.28999999999,,-4.7272574812970465,0.38222823396899996,0.11466809099999999,-0.01713115632804409,stop,up
main,C_CHANNEL,cost_x2,1727366400000,1727366700000,1727655900000,1,0.003,65149.3,65309.6895,63714.06,,-0.12271591576550318,0.3913768241494501,0.11741309054999999,-0.09509450106605412,stop,up
main,C_CHANNEL,cost_x2,1730217600000,1730217900000,1730382600000,1,0.003,72403.8,71352.82149999999,71057.17,,-3.822131028730659,0.43127081038064996,0.12938095935,-0.10854375899999699,stop,up
main,C_CHANNEL,cost_x2,1731240000000,1731240300000,1731878100000,1,0.002,80038.3,89237.535,78057.32,,17.29574508517831,0.33854615045900005,0.101565501,-0.6626132633626871,stop,up
main,C_CHANNEL,cost_x2,1732118400000,1732118700000,1732451400000,1,0.001,94795.2,97063.162,91639.0,,1.9048546072897026,0.1918576816114,0.057557508599999994,-0.11369220249890893,stop,up
main,C_CHANNEL,cost_x2,1737316800000,1737317100000,1737324000000,1,0.001,106392.1,103101.95,103101.95,,-3.562493252045,0.209495037045,0.062848215,0.0,stop,up
main,C_CHANNEL,cost_x2,1740600000000,1740600300000,1740929100000,-1,0.001,83991.6,86706.4565,87384.16,,-2.915430781929986,0.17069887095695002,0.051209416949999996,0.021334005976964197,stop,down
main,C_CHANNEL,cost_x2,1746100800000,1746101100000,1746268800000,1,0.002,96127.9,95961.83300000001,93979.51,,-0.7520894994871196,0.38417956564020006,0.1152538398,0.07947790595303109,stop,up
main,C_CHANNEL,cost_x2,1746676800000,1746677100000,1747059900000,1,0.002,99190.1,102894.6365,96989.48,,6.682678322868713,0.40416725027809997,0.12125084189999999,-0.2009765849531836,stop,up
main,C_CHANNEL,cost_x2,1747612800000,1747613100000,1747623900000,1,0.002,106581.4,104467.97,104467.97,,-4.775589630057965,0.422100008058,0.126629622,0.0,stop,up
main,C_CHANNEL,cost_x2,1747843200000,1747843500000,1748002500000,1,0.001,108856.9,107514.279,105850.02,,-1.675534346512367,0.2163715817863,0.0649113537,-0.05163041102607421,stop,up
main,C_CHANNEL,cost_x2,1752177600000,1752177900000,1752548700000,1,0.002,113304.3,117519.142,111410.37000000001,,7.526570865772689,0.46164435509480006,0.13849406520000002,-0.30297471393254227,stop,up
main,C_CHANNEL,cost_x2,1758168000000,1758168300000,1758294300000,1,0.002,117620.0,115555.19,115555.19,,-4.771055335686032,0.466351618886,0.139905114,-0.03517860280007098,stop,up
main,C_CHANNEL,cost_x2,1763409600000,1763409900000,1763862000000,-1,0.001,91563.8,85827.33949999999,94608.06,,5.587973337555847,0.17738941856185,0.05321734184999999,0.08211959796768496,stop,down
main,C_CHANNEL,delay60,1642723200000,1642727100000,1643056500000,-1,0.004,40874.3,36544.47655,42041.398,,17.185827563267292,0.15483625415296504,0.04645126593,0.06782128335026634,stop,down
main,C_CHANNEL,delay60,1648425600000,1648429500000,1648604400000,1,0.004,46922.8,46764.8055,45800.950000000004,,-0.9882733406544634,0.18737525839835,0.0562125633,-0.11270751895610001,stop,up
main,C_CHANNEL,delay60,1651982400000,1651986300000,1652643900000,-1,0.003,34404.6,30469.0255,36034.13,,11.753911090842646,0.09730955274573751,0.029193131474999995,0.07369027506338399,stop,down
main,C_CHANNEL,delay60,1656576000000,1656579900000,1656635100000,-1,0.005,19181.3,20174.72,20174.72,,-5.118951647247765,0.09839042253250002,0.029517014999999997,-0.02394420971523599,stop,down
main,C_CHANNEL,delay60,1658332800000,1658336700000,1658372100000,1,0.005,23590.0,22690.480000000003,22690.480000000003,,-4.659621519638158,0.11570153732000002,0.034710359999999996,-0.011609622318165003,stop,up
main,C_CHANNEL,delay60,1660953600000,1660957500000,1661115000000,-1,0.007,21031.9,21620.271999999997,21650.97,,-4.342576957134296,0.14928291089530002,0.04478478059999999,-0.02990526563900777,stop,down
main,C_CHANNEL,delay60,1661558400000,1661562300000,1661781900000,-1,0.007,20282.1,20189.957,20905.89,,0.3954847359760689,0.14165215112492502,0.04249565984999999,-0.06536845304899958,stop,down
main,C_CHANNEL,delay60,1662494400000,1662498300000,1662582600000,-1,0.017,19008.5,19274.55,19274.55,,-4.975782597085872,0.32540626421375,0.0976217775,-0.029904555372064337,stop,down
main,C_CHANNEL,delay60,1667620800000,1667624700000,1667771400000,1,0.01,21390.0,21110.1525,20916.93,,-3.154739596054699,0.212500972385625,0.06375022875,-0.08001339491908,stop,up
main,C_CHANNEL,delay60,1673467200000,1673471100000,1674058800000,1,0.019,17543.6,20792.6105,17305.0,,60.267019669451024,0.3641893699100375,0.109258199925,-0.9907322607139202,stop,up
main,C_CHANNEL,delay60,1674259200000,1674263100000,1674420600000,1,0.008,22596.3,22385.1695,22024.26,,-2.01422369285914,0.1799260046783,0.05397776339999999,-0.09127592478084,stop,up
main,C_CHANNEL,delay60,1675022400000,1675026300000,1675069500000,1,0.014,23675.3,23326.19,23326.19,,-5.3816002759280135,0.32901079656550003,0.098703129,-0.06634635036247401,stop,up
main,C_CHANNEL,delay60,1698033600000,1698037500000,1698426300000,1,0.007,30578.4,33684.087,29949.41,,21.139460936688316,0.224917074014325,0.06747561134999999,-0.30795537794733174,stop,up
main,C_CHANNEL,delay60,1701662400000,1701666300000,1702256700000,1,0.005,40935.0,43508.4935,39928.17999999999,,11.936074618815045,0.21110776868993752,0.06333262012499999,-0.6569524923700021,stop,up
main,C_CHANNEL,delay60,1707480000000,1707483900000,1708176600000,1,0.004,47317.1,51260.891,46129.380000000005,,15.040496196341719,0.19715479886270001,0.0591467946,-0.4783662101955954,stop,up
main,C_CHANNEL,delay60,1708977600000,1708981500000,1709667300000,1,0.006,54412.8,62186.6395,53578.950000000004,,41.44949961279015,0.3497948202722251,0.10493949555,-4.7388030713875615,stop,up
main,C_CHANNEL,delay60,1710144000000,1710147900000,1710264000000,1,0.002,71400.8,69109.0,69109.0,,-5.060320091945214,0.14051014377000004,0.04215294,-0.2940570081752073,stop,up
main,C_CHANNEL,delay60,1714550400000,1714554300000,1714675500000,-1,0.002,57317.7,59553.5,59553.5,,-4.59756777773163,0.11687153537,0.03506136,0.025965117638383304,stop,down
main,C_CHANNEL,delay60,1716249600000,1716253500000,1716306600000,1,0.003,71248.3,69888.7,69888.7,,-4.376394270410566,0.21170580591000004,0.06351164999999999,-0.022376814500519027,stop,up
main,C_CHANNEL,delay60,1719187200000,1719191100000,1719756000000,-1,0.004,63102.9,61855.8325,64184.98,,5.101036011914504,0.24991709087975003,0.07497523949999998,0.43765834229426004,stop,down
main,C_CHANNEL,delay60,1720152000000,1720155900000,1720282800000,-1,0.001,54025.4,57433.85,57433.85,,-3.4651059783852824,0.055729880633750006,0.016718887499999998,0.015792789748470825,stop,down
main,C_CHANNEL,delay60,1727064000000,1727067900000,1727138400000,1,0.006,63849.3,63002.28999999999,63002.28999999999,,-5.6110438948106935,0.3805551511545,0.11416643099999998,-0.03426231265608818,stop,up
main,C_CHANNEL,delay60,1727366400000,1727370300000,1727655900000,1,0.002,65587.8,65306.6425,63714.06,,-0.7958741514676615,0.13089448467362502,0.039268332749999996,-0.06339633404403609,stop,up
main,C_CHANNEL,delay60,1730217600000,1730221500000,1730382600000,1,0.003,72837.0,71352.82149999999,71057.17,,-4.842249744865205,0.2162850661901625,0.064885419675,-0.10854375899999699,stop,up
main,C_CHANNEL,delay60,1731240000000,1731243900000,1731878100000,1,0.003,79742.5,89237.535,78057.32,,27.16167617308884,0.25346791611712505,0.07604101575,-0.9939198950440304,stop,up
main,C_CHANNEL,delay60,1732118400000,1732122300000,1732451400000,1,0.002,94338.1,97063.162,91639.0,,4.97391836316145,0.19140085324070005,0.0574203786,-0.22738440499781787,stop,up
main,C_CHANNEL,delay60,1737316800000,1737320700000,1737324000000,1,0.002,105807.9,103101.95,103101.95,,-5.683483210892511,0.2089102558925,0.06267295499999999,0.0,stop,up
main,C_CHANNEL,delay60,1740600000000,1740603900000,1740929100000,-1,0.001,84169.4,86706.4565,87384.16,,-2.626791991027274,0.0854381185292375,0.025631378474999997,0.021334005976964197,stop,down
main,C_CHANNEL,delay60,1746100800000,1746104700000,1746268800000,1,0.002,96313.5,95961.83300000001,93979.51,,-0.8738140796970209,0.19227538575005004,0.0576825999,0.07947790595303109,stop,up
main,C_CHANNEL,delay60,1746676800000,1746680700000,1747059900000,1,0.002,99028.9,102894.6365,96989.48,,7.2679963974572726,0.201922956639525,0.06057706094999999,-0.2009765849531836,stop,up
main,C_CHANNEL,delay60,1747612800000,1747616700000,1747623900000,1,0.006,105231.9,104467.97,104467.97,,-5.401409836768538,0.6290999537685,0.188729883,0.0,stop,up
main,C_CHANNEL,delay60,1747843200000,1747847100000,1748041800000,1,0.001,109140.6,107514.279,105850.02,,-1.8281569200381715,0.10832756147407502,0.032498231849999996,-0.061010126714074214,stop,up
main,C_CHANNEL,delay60,1752177600000,1752181500000,1752548700000,1,0.002,113552.7,117519.142,111410.37000000001,,7.329516486433764,0.23107124703370002,0.0693215526,-0.30297471393254227,stop,up
main,C_CHANNEL,delay60,1758168000000,1758171900000,1758294300000,1,0.002,117385.2,115555.19,115555.19,,-3.9980213843015617,0.23294066450150003,0.069882117,-0.03517860280007098,stop,up
main,C_CHANNEL,delay60,1763409600000,1763413500000,1763862000000,-1,0.002,91959.7,85827.33949999999,94608.06,,12.197837964439447,0.177786119645925,0.05333611184999999,0.16423919593536992,stop,down
main,C_CHANNEL,stop_5bp,1642723200000,1642723500000,1643056500000,-1,0.003,40580.01,36544.47655,42041.398,,11.952230348552837,0.11571323018738626,0.08952273377249999,0.05086596251269975,stop,down
main,C_CHANNEL,stop_5bp,1648425600000,1648425900000,1648604400000,1,0.004,46776.8,46764.8055,45800.950000000004,,-0.49737654304896983,0.18703644979285,0.1496545743,-0.11270751895610001,stop,up
main,C_CHANNEL,stop_5bp,1651982400000,1651982700000,1652616900000,-1,0.003,34594.3,30469.0255,36034.13,,12.268765800335085,0.09761691183236251,0.074982034725,0.06554124689243716,stop,down
main,C_CHANNEL,stop_5bp,1656576000000,1656576300000,1656635100000,-1,0.006,19387.5,20174.72,20174.72,,-4.966900485987282,0.11871727632900002,0.096130158,-0.028733051658283194,stop,down
main,C_CHANNEL,stop_5bp,1658332800000,1658333100000,1658372100000,1,0.003,24159.0,22690.480000000003,22690.480000000003,,-4.537901291947906,0.07025753255700001,0.05511798600000001,-0.006965773390899001,stop,up
main,C_CHANNEL,stop_5bp,1660953600000,1660953900000,1661115000000,-1,0.006,20858.1,21620.271999999997,21650.97,,-4.829224325018821,0.1274678893854,0.1030913508,-0.02563308483343523,stop,down
main,C_CHANNEL,stop_5bp,1661558400000,1661558700000,1661781900000,-1,0.006,20219.2,20189.957,20905.89,,-0.09876795768955612,0.12125774277615001,0.09693811229999999,-0.056030102613428195,stop,down
main,C_CHANNEL,stop_5bp,1662494400000,1662494700000,1662582600000,-1,0.01,18819.3,19274.55,19274.55,,-4.914122217737259,0.1905177778125,0.15351352499999998,-0.01759091492474373,stop,down
main,C_CHANNEL,stop_5bp,1667620800000,1667621100000,1667771400000,1,0.009000000000000001,21426.3,21110.1525,20916.93,,-3.261126204358643,0.19136675180643753,0.152419897125,-0.07201205542717201,stop,up
main,C_CHANNEL,stop_5bp,1673467200000,1673467500000,1674058800000,1,0.019,17524.1,20792.6105,17305.0,,60.44032948738841,0.3639053272226625,0.30673242467499995,-0.9907322607139202,stop,up
main,C_CHANNEL,stop_5bp,1674259200000,1674259500000,1674417900000,1,0.008,22633.5,22472.8085,22024.26,,-1.7012071137787692,0.1803803847979,0.1440188042,-0.09127592478084,stop,up
main,C_CHANNEL,stop_5bp,1675022400000,1675022700000,1675069500000,1,0.01,23776.4,23326.19,23326.19,,-4.9722300574414655,0.2354549721825,0.18728483499999998,-0.047390250258910006,stop,up
main,C_CHANNEL,stop_5bp,1678392000000,1678392300000,1678641900000,-1,0.008,20777.0,20715.55,21344.87,,0.1818451845524197,0.16601159423,0.13265326,-0.011089961217594275,stop,down
main,C_CHANNEL,stop_5bp,1698033600000,1698033900000,1698426300000,1,0.006,30772.5,33684.087,29949.41,,16.85317913351834,0.19331792465535,0.1590631893,-0.26396175252628434,stop,up
main,C_CHANNEL,stop_5bp,1701662400000,1701662700000,1702256700000,1,0.006,40745.1,43508.4935,39928.17999999999,,15.332970020273313,0.25269427423267504,0.20635371464999996,-0.7883429908440024,stop,up
main,C_CHANNEL,stop_5bp,1707480000000,1707480300000,1708176600000,1,0.004,47207.0,51260.891,46129.380000000005,,15.378711968262671,0.19688330494170003,0.1616025166,-0.4783662101955954,stop,up
main,C_CHANNEL,stop_5bp,1708977600000,1708977900000,1709667300000,1,0.004,54644.0,62186.6395,53578.950000000004,,26.583287460139605,0.23359682956865,0.1944716627,-3.1592020475917075,stop,up
main,C_CHANNEL,stop_5bp,1710144000000,1710144300000,1710264000000,1,0.002,71515.6,69109.0,69109.0,,-5.359143794665263,0.14059040649000004,0.11129637999999999,-0.2940570081752073,stop,up
main,C_CHANNEL,stop_5bp,1714550400000,1714550700000,1714675500000,-1,0.002,57206.1,59553.5,59553.5,,-4.880205991221623,0.11678972886000001,0.09458137999999999,0.025965117638383304,stop,down
main,C_CHANNEL,stop_5bp,1716249600000,1716249900000,1716306600000,1,0.003,71400.0,69888.7,69888.7,,-4.936570753018067,0.21188097351750002,0.168412965,-0.022376814500519027,stop,up
main,C_CHANNEL,stop_5bp,1719187200000,1719187500000,1719756000000,-1,0.004,63134.1,61855.8325,64184.98,,5.1019813804420195,0.25004133735225,0.19870562449999998,0.43765834229426004,stop,down
main,C_CHANNEL,stop_5bp,1720152000000,1720152300000,1720282800000,-1,0.002,55290.0,57433.85,57433.85,,-4.460118314005554,0.11275288850250001,0.091251005,0.03158557949694165,stop,down
main,C_CHANNEL,stop_5bp,1727064000000,1727064300000,1727138400000,1,0.003,64406.7,63002.28999999999,63002.28999999999,,-4.57326518610284,0.19106654927475,0.15183748049999998,-0.01713115632804409,stop,up
main,C_CHANNEL,stop_5bp,1727366400000,1727366700000,1727655900000,1,0.003,65149.3,65309.6895,63714.06,,0.03376345351367531,0.1956394658952375,0.15667107952499998,-0.09509450106605412,stop,up
main,C_CHANNEL,stop_5bp,1730217600000,1730217900000,1730382600000,1,0.003,72403.8,71352.82149999999,71057.17,,-3.648780625029076,0.2155816541040375,0.17171971192499996,-0.10854375899999699,stop,up
main,C_CHANNEL,stop_5bp,1731240000000,1731240300000,1731878100000,1,0.002,80038.3,89237.535,78057.32,,17.426606614790053,0.16922983634725,0.1400202855,-0.6626132633626871,stop,up
main,C_CHANNEL,stop_5bp,1732118400000,1732118700000,1732451400000,1,0.001,94795.2,97063.162,91639.0,,1.9810547170887365,0.09590474511235,0.0773103353,-0.11369220249890893,stop,up
main,C_CHANNEL,stop_5bp,1737316800000,1737317100000,1737324000000,1,0.001,106392.1,103101.95,103101.95,,-3.477846578773767,0.10472149627375002,0.0829750825,0.0,stop,up
main,C_CHANNEL,stop_5bp,1740600000000,1740600300000,1740929100000,-1,0.001,83991.6,86706.4565,87384.16,,-2.847851339226404,0.08537090847836251,0.068957936725,0.021334005976964197,stop,down
main,C_CHANNEL,stop_5bp,1746100800000,1746101100000,1746268800000,1,0.002,96127.9,95961.83300000001,93979.51,,-0.5982866239404983,0.19204177699355002,0.15358875290000001,0.07947790595303109,stop,up
main,C_CHANNEL,stop_5bp,1746676800000,1746677100000,1747059900000,1,0.002,99190.1,102894.6365,96989.48,,6.842543624095497,0.202032733501275,0.16352005744999998,-0.2009765849531836,stop,up
main,C_CHANNEL,stop_5bp,1747612800000,1747613100000,1747623900000,1,0.002,106581.4,104467.97,104467.97,,-4.605640234029503,0.21099745302950002,0.16778278100000002,0.0,stop,up
main,C_CHANNEL,stop_5bp,1747843200000,1747843500000,1748002500000,1,0.001,108856.9,107514.279,105850.02,,-1.5886230390029148,0.108158811626825,0.08621281635,-0.05163041102607421,stop,up
main,C_CHANNEL,stop_5bp,1752177600000,1752177900000,1752548700000,1,0.002,113304.3,117519.142,111410.37000000001,,7.709179061264715,0.23076405020270002,0.18676617460000003,-0.30297471393254227,stop,up
main,C_CHANNEL,stop_5bp,1758168000000,1758168300000,1758294300000,1,0.002,117620.0,115555.19,115555.19,,-4.583424071926592,0.2331177221265,0.185507747,-0.03517860280007098,stop,up
main,C_CHANNEL,stop_5bp,1763409600000,1763409900000,1763862000000,-1,0.001,91563.8,85827.33949999999,94608.06,,5.6603411609423615,0.08871659635033749,0.06952234067499999,0.08211959796768496,stop,down
main,C_CHANNEL,risk_half,1648425600000,1648425900000,1648604400000,1,0.002,46776.8,46764.8055,45800.950000000004,,-0.2019468484272322,0.09354160729917502,0.02806248165,-0.056353759478050006,stop,up
main,C_CHANNEL,risk_half,1656576000000,1656576300000,1656635100000,-1,0.003,19387.5,20174.72,20174.72,,-2.453173031953648,0.05934350712450001,0.017802999,-0.014366525829141597,stop,down
main,C_CHANNEL,risk_half,1660953600000,1660953900000,1661115000000,-1,0.003,20858.1,21620.271999999997,21650.97,,-2.3821655393054213,0.0637177294887,0.019115267399999997,-0.012816542416717615,stop,down
main,C_CHANNEL,risk_half,1661558400000,1661558700000,1661781900000,-1,0.003,20219.2,20189.957,20905.89,,-0.019083900877035487,0.060613728920325,0.018184120649999996,-0.028015051306714098,stop,down
main,C_CHANNEL,risk_half,1662494400000,1662494700000,1662582600000,-1,0.005,18819.3,19274.55,19274.55,,-2.4088506406811434,0.09523479571875,0.028570387499999995,-0.008795457462371864,stop,down
main,C_CHANNEL,risk_half,1667620800000,1667621100000,1667771400000,1,0.004,21426.3,21110.1525,20916.93,,-1.407190229311887,0.08507299984425001,0.0255218715,-0.032005357967632,stop,up
main,C_CHANNEL,risk_half,1673467200000,1673467500000,1674058800000,1,0.01,17524.1,20792.6105,17305.0,,31.914610801178178,0.191581101117125,0.05747506574999999,-0.521438031954695,stop,up
main,C_CHANNEL,risk_half,1674259200000,1674259500000,1674417900000,1,0.004,22633.5,22472.8085,22024.26,,-0.8056804126978797,0.09021266520745,0.027063785099999998,-0.04563796239042,stop,up
main,C_CHANNEL,risk_half,1675022400000,1675022700000,1675069500000,1,0.005,23776.4,23326.19,23326.19,,-2.4278287114582335,0.11775664382875001,0.0353269425,-0.023695125129455003,stop,up
main,C_CHANNEL,risk_half,1678392000000,1678392300000,1678641900000,-1,0.004,20777.0,20715.55,21344.87,,0.13237440782619692,0.08298508156500001,0.02489553,-0.005544980608797137,stop,down
main,C_CHANNEL,risk_half,1698033600000,1698033900000,1698426300000,1,0.002,30772.5,33684.087,29949.41,,5.651393622795948,0.06445615026195001,0.019336976099999997,-0.08798725084209479,stop,up
main,C_CHANNEL,risk_half,1701662400000,1701662700000,1702256700000,1,0.002,40745.1,43508.4935,39928.17999999999,,5.154476746011025,0.08425317899097501,0.025276078049999998,-0.2627809969480008,stop,up
main,C_CHANNEL,risk_half,1707480000000,1707480300000,1708176600000,1,0.002,47207.0,51260.891,46129.380000000005,,7.740591244685847,0.09846728291635001,0.029540367299999995,-0.2391831050977977,stop,up
main,C_CHANNEL,risk_half,1708977600000,1708977900000,1709667300000,1,0.002,54644.0,62186.6395,53578.950000000004,,13.353799276250063,0.116829508104075,0.035049191849999994,-1.5796010237958538,stop,up
main,C_CHANNEL,risk_half,1710144000000,1710144300000,1710264000000,1,0.001,71515.6,69109.0,69109.0,,-2.6450346745826185,0.07031248049500002,0.02109369,-0.14702850408760365,stop,up
main,C_CHANNEL,risk_half,1714550400000,1714550700000,1714675500000,-1,0.001,57206.1,59553.5,59553.5,,-2.4103113572358144,0.058379976055000005,0.01751394,0.012982558819191652,stop,down
main,C_CHANNEL,risk_half,1716249600000,1716249900000,1716306600000,1,0.001,71400.0,69888.7,69888.7,,-1.6105967065143505,0.0706444633475,0.021193305,-0.007458938166839675,stop,up
main,C_CHANNEL,risk_half,1719187200000,1719187500000,1719756000000,-1,0.002,63134.1,61855.8325,64184.98,,2.61287745063725,0.12498974075987501,0.03749697974999999,0.21882917114713002,stop,down
main,C_CHANNEL,risk_half,1720152000000,1720152300000,1720282800000,-1,0.001,55290.0,57433.85,57433.85,,-2.2013278735402833,0.05636208578875,0.016908577499999997,0.015792789748470825,stop,down
main,C_CHANNEL,risk_half,1727064000000,1727064300000,1727138400000,1,0.001,64406.7,63002.28999999999,63002.28999999999,,-1.4929363342734445,0.06370460033075001,0.019111348499999996,-0.005710385442681362,stop,up
main,C_CHANNEL,risk_half,1727366400000,1727366700000,1727655900000,1,0.001,65149.3,65309.6895,63714.06,,0.04389300183218609,0.06522948272078752,0.019568848425,-0.031698167022018046,stop,up
main,C_CHANNEL,risk_half,1730217600000,1730217900000,1730382600000,1,0.001,72403.8,71352.82149999999,71057.17,,-1.1806016357984088,0.0718783895733875,0.021563493224999997,-0.036181252999999004,stop,up
main,C_CHANNEL,risk_half,1731240000000,1731240300000,1731878100000,1,0.001,80038.3,89237.535,78057.32,,8.757899765511288,0.08463722755737502,0.02539137525,-0.33130663168134356,stop,up
main,C_CHANNEL,risk_half,1746100800000,1746101100000,1746268800000,1,0.001,96127.9,95961.83300000001,93979.51,,-0.25118638592849485,0.096044878955025,0.02881345995,0.03973895297651554,stop,up
main,C_CHANNEL,risk_half,1746676800000,1746677100000,1747059900000,1,0.001,99190.1,102894.6365,96989.48,,3.4726934066386312,0.1010420904097625,0.030312710474999997,-0.1004882924765918,stop,up
main,C_CHANNEL,risk_half,1747612800000,1747613100000,1747623900000,1,0.001,106581.4,104467.97,104467.97,,-2.250612249007252,0.10552484350725,0.0316574055,0.0,stop,up
main,C_CHANNEL,risk_half,1752177600000,1752177900000,1752548700000,1,0.001,113304.3,117519.142,111410.37000000001,,3.9133197218468743,0.11541140488685003,0.034623516300000004,-0.15148735696627114,stop,up
main,C_CHANNEL,risk_half,1758168000000,1758168300000,1758294300000,1,0.001,117620.0,115555.19,115555.19,,-2.233963329760789,0.11658774986075002,0.0349762785,-0.01758930140003549,stop,up
main,C_CHANNEL,risk_double,1642723200000,1642723500000,1643056500000,-1,0.006,40580.01,36544.47655,42041.398,,24.014148943470452,0.23137164365994753,0.069412037895,0.1017319250253995,stop,down
main,C_CHANNEL,risk_double,1648425600000,1648425900000,1648604400000,1,0.009000000000000001,46776.8,46764.8055,45800.950000000004,,-0.908760817922545,0.4209372328462876,0.126281167425,-0.253591917651225,stop,up
main,C_CHANNEL,risk_double,1651982400000,1651982700000,1652616900000,-1,0.006,34594.3,30469.0255,36034.13,,24.628984380708427,0.19518812012647502,0.05855699295,0.13108249378487433,stop,down
main,C_CHANNEL,risk_double,1655280000000,1655280300000,1655670600000,-1,0.003,20414.1,20620.241,23140.95,,-0.6919279317210011,0.061551557881725005,0.01846545345,0.006512079610745062,stop,down
main,C_CHANNEL,risk_double,1656576000000,1656576300000,1656635100000,-1,0.012,19387.5,20174.72,20174.72,,-9.812692127814593,0.23737402849800004,0.071211996,-0.05746610331656639,stop,down
main,C_CHANNEL,risk_double,1658332800000,1658333100000,1658372100000,1,0.006,24159.0,22690.480000000003,22690.480000000003,,-9.007765179615797,0.14054910083400002,0.042164532,-0.013931546781798003,stop,up
main,C_CHANNEL,risk_double,1660953600000,1660953900000,1661115000000,-1,0.012,20858.1,21620.271999999997,21650.97,,-9.528662157221685,0.2548709179548,0.07646106959999999,-0.05126616966687046,stop,down
main,C_CHANNEL,risk_double,1661558400000,1661558700000,1661781900000,-1,0.014,20219.2,20189.957,20905.89,,-0.0890582040928323,0.28286406829485,0.0848592297,-0.13073690609799915,stop,down
main,C_CHANNEL,risk_double,1662494400000,1662494700000,1662582600000,-1,0.021,18819.3,19274.55,19274.55,,-10.117172690860805,0.39998614201875005,0.1199956275,-0.03694092134196183,stop,down
main,C_CHANNEL,risk_double,1667620800000,1667621100000,1667771400000,1,0.018000000000000002,21426.3,21110.1525,20916.93,,-6.332356031903492,0.3828284992991251,0.11484842174999998,-0.14402411085434402,stop,up
main,C_CHANNEL,risk_double,1673467200000,1673467500000,1674058800000,1,0.041,17524.1,20792.6105,17305.0,,130.84990428483053,0.7854825145802125,0.23564776957499994,-2.137895931014249,stop,up
main,C_CHANNEL,risk_double,1674259200000,1674259500000,1674417900000,1,0.017,22633.5,22472.8085,22024.26,,-3.4241417539659893,0.38340382713166254,0.115021086675,-0.19396134015928504,stop,up
main,C_CHANNEL,risk_double,1675022400000,1675022700000,1675069500000,1,0.023,23776.4,23326.19,23326.19,,-11.168012072707874,0.54168056161225,0.16250393549999997,-0.108997575595493,stop,up
main,C_CHANNEL,risk_double,1678392000000,1678392300000,1678641900000,-1,0.018000000000000002,20777.0,20715.55,21344.87,,0.595684835217886,0.3734328670425001,0.112029885,-0.0249524127395871,stop,down
main,C_CHANNEL,risk_double,1698033600000,1698033900000,1698426300000,1,0.012,30772.5,33684.087,29949.41,,33.90836173677569,0.38673690157170004,0.1160218566,-0.5279235050525687,stop,up
main,C_CHANNEL,risk_double,1701662400000,1701662700000,1702256700000,1,0.013000000000000001,40745.1,43508.4935,39928.17999999999,,33.50409884907167,0.5476456634413376,0.164294507325,-1.7080764801620056,stop,up
main,C_CHANNEL,risk_double,1707480000000,1707480300000,1708176600000,1,0.01,47207.0,51260.891,46129.380000000005,,38.70295622342924,0.4923364145817501,0.14770183650000002,-1.1959155254889886,stop,up
main,C_CHANNEL,risk_double,1708977600000,1708977900000,1709667300000,1,0.01,54644.0,62186.6395,53578.950000000004,,66.7689963812503,0.584147540520375,0.17524595924999997,-7.898005118979266,stop,up
main,C_CHANNEL,risk_double,1710144000000,1710144300000,1710264000000,1,0.005,71515.6,69109.0,69109.0,,-13.22517337291309,0.35156240247500004,0.10546844999999999,-0.7351425204380183,stop,up
main,C_CHANNEL,risk_double,1714550400000,1714550700000,1714675500000,-1,0.005,57206.1,59553.5,59553.5,,-12.05155678617907,0.291899880275,0.0875697,0.06491279409595826,stop,down
main,C_CHANNEL,risk_double,1716249600000,1716249900000,1716306600000,1,0.007,71400.0,69888.7,69888.7,,-11.274176945600454,0.4945112434325001,0.14835313499999997,-0.05221256716787773,stop,up
main,C_CHANNEL,risk_double,1719187200000,1719187500000,1719756000000,-1,0.011,63134.1,61855.8325,64184.98,,14.37082597850487,0.6874435741793126,0.20623338862499996,1.203560441309215,stop,down
main,C_CHANNEL,risk_double,1720152000000,1720152300000,1720282800000,-1,0.005,55290.0,57433.85,57433.85,,-11.006639367701418,0.28181042894375,0.0845428875,0.07896394874235411,stop,down
main,C_CHANNEL,risk_double,1727064000000,1727064300000,1727138400000,1,0.008,64406.7,63002.28999999999,63002.28999999999,,-11.943490674187556,0.5096368026460001,0.15289078799999997,-0.0456830835414509,stop,up
main,C_CHANNEL,risk_double,1727366400000,1727366700000,1727655900000,1,0.008,65149.3,65309.6895,63714.06,,0.35114401465748873,0.5218358617663001,0.1565507874,-0.25358533617614437,stop,up
main,C_CHANNEL,risk_double,1730217600000,1730217900000,1730382600000,1,0.008,72403.8,71352.82149999999,71057.17,,-9.44481308638727,0.5750271165871,0.17250794579999998,-0.28945002399999203,stop,up
main,C_CHANNEL,risk_double,1731240000000,1731240300000,1731878100000,1,0.005,80038.3,89237.535,78057.32,,43.78949882755645,0.4231861377868751,0.12695687625,-1.6565331584067176,stop,up
main,C_CHANNEL,risk_double,1732118400000,1732118700000,1732451400000,1,0.003,94795.2,97063.162,91639.0,,6.088686096894718,0.28778703270855,0.08633626289999999,-0.34107660749672686,stop,up
main,C_CHANNEL,risk_double,1737316800000,1737317100000,1737324000000,1,0.003,106392.1,103101.95,103101.95,,-10.278964137783785,0.31424181528375006,0.0942723225,0.0,stop,up
main,C_CHANNEL,risk_double,1740600000000,1740600300000,1740929100000,-1,0.003,83991.6,86706.4565,87384.16,,-8.413429303086811,0.25604769559271257,0.07681412542499999,0.06400201793089257,stop,down
main,C_CHANNEL,risk_double,1746100800000,1746101100000,1746268800000,1,0.005,96127.9,95961.83300000001,93979.51,,-1.255931929642474,0.480224394775125,0.14406729975,0.19869476488257776,stop,up
main,C_CHANNEL,risk_double,1746676800000,1746677100000,1747059900000,1,0.005,99190.1,102894.6365,96989.48,,17.363467033193157,0.5052104520488125,0.151563552375,-0.5024414623829591,stop,up
main,C_CHANNEL,risk_double,1747612800000,1747613100000,1747623900000,1,0.005,106581.4,104467.97,104467.97,,-11.25306124503626,0.52762421753625,0.15828702749999998,0.0,stop,up
main,C_CHANNEL,risk_double,1747843200000,1747843500000,1748002500000,1,0.004,108856.9,107514.279,105850.02,,-6.13957111229061,0.43274276078630003,0.1298227074,-0.20652164410429685,stop,up
main,C_CHANNEL,risk_double,1752177600000,1752177900000,1752548700000,1,0.006,113304.3,117519.142,111410.37000000001,,23.479918331081244,0.6924684293211001,0.2077410978,-0.9089241417976269,stop,up
main,C_CHANNEL,risk_double,1758168000000,1758168300000,1758294300000,1,0.005,117620.0,115555.19,115555.19,,-11.169816648803945,0.5829387493037501,0.1748813925,-0.08794650700017743,stop,up
main,C_CHANNEL,risk_double,1763409600000,1763409900000,1763862000000,-1,0.004,91563.8,85827.33949999999,94608.06,,22.813105150108917,0.35478055806185005,0.10643468369999998,0.32847839187073985,stop,down
main,C_CHANNEL,flow55,1648425600000,1648425900000,1648604400000,1,0.004,46776.8,46764.8055,45800.950000000004,,-0.4038936968544644,0.18708321459835003,0.0561249633,-0.11270751895610001,stop,up
main,C_CHANNEL,flow55,1662494400000,1662494700000,1662582600000,-1,0.01,18819.3,19274.55,19274.55,,-4.817701281362287,0.1904695914375,0.05714077499999999,-0.01759091492474373,stop,down
main,C_CHANNEL,flow55,1714550400000,1714550700000,1714675500000,-1,0.002,57206.1,59553.5,59553.5,,-4.820622714471629,0.11675995211000001,0.03502788,0.025965117638383304,stop,down
main,C_CHANNEL,flow55,1737316800000,1737317100000,1737324000000,1,0.001,106392.1,103101.95,103101.95,,-3.4263213792612617,0.10474727176125001,0.0314241075,0.0,stop,up
main,C_CHANNEL,flow55,1746100800000,1746101100000,1746268800000,1,0.002,96127.9,95961.83300000001,93979.51,,-0.5023727718569897,0.19208975791005,0.0576269199,0.07947790595303109,stop,up
main,C_CHANNEL,flow55,1746676800000,1746677100000,1747059900000,1,0.002,99190.1,102894.6365,96989.48,,6.9453868132772625,0.202084180819525,0.060625420949999995,-0.2009765849531836,stop,up
main,C_CHANNEL,flow55,1747612800000,1747613100000,1747623900000,1,0.002,106581.4,104467.97,104467.97,,-4.501224498014504,0.2110496870145,0.063314811,0.0,stop,up
main,C_CHANNEL,flow55,1763697600000,1763697900000,1763862000000,-1,0.001,85781.7,85827.33949999999,89564.8,,-0.13684361979030144,0.0858045231729625,0.025741355924999997,0.02034175930766389,stop,down
recent,A_ACCEPT,base,1767643200000,1767643500000,1767721200000,1,0.002,94413.5,92280.332,92280.332,98679.83600000001,-4.516743812007595,0.1866941519752,0.056008149599999994,-0.007705510432350259,stop,range
recent,A_ACCEPT,base,1768334400000,1768334700000,1768766700000,1,0.001,94197.2,95317.8,91621.35800000001,99348.88399999998,0.9475314820628294,0.09475741595500001,0.028427249999999998,-0.04988385198216852,time,range
recent,A_ACCEPT,base,1769716800000,1769717100000,1770002400000,-1,0.001,83911.7,75226.88599999998,88254.107,75226.88599999998,8.604813492857662,0.07956864163895,0.023870787899999996,0.023438922396599324,target,range
recent,A_ACCEPT,base,1770278400000,1770278700000,1770317100000,-1,0.001,70805.3,65401.778999999995,73507.0605,65401.778999999995,5.311643034995681,0.06810313423592501,0.020431061849999994,-0.003343768918400415,target,down
recent,A_ACCEPT,base,1771920000000,1771920300000,1771981800000,-1,0.002,63092.4,65072.6915,65072.6915,59131.817,-4.12438915932147,0.128165388543725,0.03844952745,0.002808756672261733,stop,range
recent,A_ACCEPT,base,1772654400000,1772654700000,1772760300000,1,0.001,73548.6,70388.27399999999,70388.27399999999,79869.25200000004,-3.2613735861142423,0.07196867402445001,0.021590531099999997,-0.007488380989781319,stop,range
recent,A_ACCEPT,base,1774627200000,1774627500000,1775021100000,-1,0.001,65922.4,68731.821,68731.821,60303.55799999999,-2.9125273021317373,0.067327321206575,0.02019813315,-0.015580847775161125,stop,range
recent,A_ACCEPT,base,1775448000000,1775448300000,1775772900000,1,0.002,69165.0,73004.80200000003,67245.09899999999,73004.80200000003,7.450782588557588,0.14216922602970003,0.042650940600000006,-0.0440012448127653,target,range
recent,A_ACCEPT,base,1776844800000,1776845100000,1777277100000,1,0.002,78022.7,77666.0,75975.8545,82116.39099999999,-0.8308994476769163,0.155688753505,0.046706609999999996,0.08489591582810087,time,up
recent,A_ACCEPT,base,1777392000000,1777392300000,1777434000000,-1,0.004,76032.6,77027.2315,77027.2315,74043.33700000003,-4.372499099469461,0.30611996138945,0.09183589889999999,0.00398276082,stop,range
recent,A_ACCEPT,base,1778011200000,1778011500000,1778020800000,1,0.005,81655.9,80793.057,80793.057,83381.58599999998,-4.84217443381614,0.40612271606612504,0.12183671774999999,0.0,stop,range
recent,A_ACCEPT,base,1779494400000,1779494700000,1779569700000,-1,0.002,75548.5,77141.67300000001,77141.67300000001,72362.15399999998,-3.3720802563997316,0.15269041197595,0.0458070519,0.012763207476226633,stop,range
recent,A_ACCEPT,base,1779940800000,1779941100000,1780373100000,-1,0.001,73073.8,70925.5,75468.912,68283.57600000002,2.1260948551974557,0.0719994888775,0.021599895,0.07139423907495945,time,down
recent,A_ACCEPT,base,1780416000000,1780416300000,1780538400000,-1,0.001,67412.3,61796.94000000002,70219.98,61796.94000000002,5.548008014057937,0.06460419884800002,0.019381386,0.016633598905952472,target,down
recent,A_ACCEPT,base,1780689600000,1780689900000,1780821300000,-1,0.001,60057.2,62606.0075,62606.0075,54959.58499999999,-2.6294382995069197,0.0613317949105625,0.018399481125,-0.0008995234713461375,stop,down
recent,A_ACCEPT,base,1781496000000,1781496300000,1781758800000,1,0.002,65775.0,63693.2875,63693.2875,69938.425,-4.316474549321911,0.12946859975687502,0.03884048625,0.015259536684983806,stop,down
recent,A_ACCEPT,base,1782216000000,1782216300000,1782395400000,-1,0.002,62437.5,59036.378,64138.061,59036.378,6.643406249634303,0.12147336783170001,0.03644216339999999,-0.0009222191340000005,target,range
recent,A_ACCEPT,base,1783008000000,1783008300000,1783440300000,1,0.003,61579.9,63900.5,60015.4205,64708.859000000004,6.478164640178996,0.18822007786500003,0.05646618,-0.23894910195600474,time,range
recent,A_ACCEPT,base,1784635200000,1784635500000,1784790600000,1,0.005,66250.1,65397.7745,65397.7745,67954.75100000002,-4.730417323320068,0.3291200058720626,0.098735905875,-0.04093391157290023,stop,up
recent,A_ACCEPT,base,1786478400000,1786478700000,1786910700000,-1,0.005,63608.7,63088.1,64508.7325,61808.634999999995,2.4713579795495018,0.316741804775,0.09502259999999998,0.28012238432452014,time,range
recent,A_ACCEPT,base,1786996800000,1786997100000,1787151600000,1,0.005,64269.3,66043.755,63382.0725,66043.755,8.386676537926816,0.3257819720793751,0.09773479125000001,-0.06208169874377882,target,range
recent,A_ACCEPT,base,1787241600000,1787241900000,1787301000000,1,0.001,72298.9,77550.86799999999,69672.916,77550.86799999999,5.146505200913863,0.0749244901024,0.022477465199999998,-0.008060843783726037,target,up
recent,A_ACCEPT,base,1787313600000,1787313900000,1787745900000,1,0.002,76684.8,78480.8,74353.32,81347.76,3.172956309689931,0.15516533060000004,0.046549679999999996,-0.21732867971007225,time,up
recent,A_ACCEPT,cost_x2,1767643200000,1767643500000,1767721200000,1,0.002,94413.5,92280.332,92280.332,98679.83600000001,-4.759446753533143,0.3733889439008,0.11201629919999999,-0.007705510432350259,stop,range
recent,A_ACCEPT,cost_x2,1768334400000,1768334700000,1768766700000,1,0.001,94197.2,95317.8,91621.35800000001,99348.88399999998,0.8243469841978359,0.18951466382,0.056854499999999995,-0.04988385198216852,time,range
recent,A_ACCEPT,cost_x2,1769716800000,1769717100000,1770002400000,-1,0.001,83911.7,75226.88599999998,88254.107,75226.88599999998,8.501375366040829,0.1591359805558,0.04774157579999999,0.023438922396599324,target,range
recent,A_ACCEPT,cost_x2,1770278400000,1770278700000,1770317100000,-1,0.001,70805.3,65401.778999999995,73507.0605,65401.778999999995,5.223109649437918,0.1362054579437,0.04086212369999999,-0.003343768918400415,target,down
recent,A_ACCEPT,cost_x2,1771920000000,1771920300000,1771981800000,-1,0.002,63092.4,65072.6915,65072.6915,59131.817,-4.291004669402638,0.2563313711749,0.0768990549,0.002808756672261733,stop,range
recent,A_ACCEPT,cost_x2,1772654400000,1772654700000,1772760300000,1,0.001,73548.6,70388.27399999999,70388.27399999999,79869.25200000004,-3.3549332652875874,0.14393782209779998,0.043181062199999995,-0.007488380989781319,stop,range
recent,A_ACCEPT,cost_x2,1774627200000,1774627500000,1775021100000,-1,0.001,65922.4,68731.821,68731.821,60303.55799999999,-3.0000531779014614,0.1346550638263,0.0403962663,-0.015580847775161125,stop,range
recent,A_ACCEPT,cost_x2,1775448000000,1775448300000,1775772900000,1,0.002,69165.0,73004.80200000003,67245.09899999999,73004.80200000003,7.265963573868521,0.2843373001188001,0.08530188120000001,-0.0440012448127653,target,range
recent,A_ACCEPT,cost_x2,1776844800000,1776845100000,1777277100000,1,0.002,78022.7,77666.0,75975.8545,82116.39099999999,-1.033294918191881,0.31137761402,0.09341321999999999,0.08489591582810087,time,up
recent,A_ACCEPT,cost_x2,1777392000000,1777392300000,1777434000000,-1,0.004,76032.6,77027.2315,77027.2315,74043.33700000003,-4.770455556537749,0.6122405195578,0.18367179779999998,0.00398276082,stop,range
recent,A_ACCEPT,cost_x2,1778011200000,1778011500000,1778020800000,1,0.004,81655.9,80793.057,80793.057,83381.58599999998,-4.296107611811534,0.6497968634116,0.19493874839999997,0.0,stop,range
recent,A_ACCEPT,cost_x2,1779494400000,1779494700000,1779569700000,-1,0.002,75548.5,77141.67300000001,77141.67300000001,72362.15399999998,-3.570578198227599,0.30538130190380003,0.0916141038,0.012763207476226633,stop,range
recent,A_ACCEPT,cost_x2,1779940800000,1779941100000,1780373100000,-1,0.001,73073.8,70925.5,75468.912,68283.57600000002,2.0324957935649635,0.14399865551000002,0.04319979,0.07139423907495945,time,down
recent,A_ACCEPT,cost_x2,1780416000000,1780416300000,1780538400000,-1,0.001,67412.3,61796.94000000002,70219.98,61796.94000000002,5.464023271513944,0.12920755539200002,0.038762772,0.016633598905952472,target,down
recent,A_ACCEPT,cost_x2,1780689600000,1780689900000,1780821300000,-1,0.001,60057.2,62606.0075,62606.0075,54959.58499999999,-2.7091699578635944,0.12266397214225,0.03679896225,-0.0008995234713461375,stop,down
recent,A_ACCEPT,cost_x2,1781496000000,1781496300000,1781758800000,1,0.002,65775.0,63693.2875,63693.2875,69938.425,-4.4847842598425105,0.2589378240275,0.0776809725,0.015259536684983806,stop,down
recent,A_ACCEPT,cost_x2,1782216000000,1782216300000,1782395400000,-1,0.002,62437.5,59036.378,64138.061,59036.378,6.485491738739215,0.24294571532679998,0.07288432679999998,-0.0009222191340000005,target,range
recent,A_ACCEPT,cost_x2,1783008000000,1783008300000,1783440300000,1,0.002,61579.9,63900.5,60015.4205,64708.859000000004,4.155652951056,0.25095940764,0.07528823999999999,-0.15929940130400314,time,range
recent,A_ACCEPT,cost_x2,1784635200000,1784635500000,1784790600000,1,0.004,66250.1,65397.7745,65397.7745,67954.75100000002,-4.126619099448917,0.5265925207906,0.15797744939999997,-0.03274712925832018,stop,up
recent,A_ACCEPT,cost_x2,1786478400000,1786478700000,1786910700000,-1,0.004,63608.7,63088.1,64508.7325,61808.634999999995,1.6476751721796215,0.50678657528,0.15203615999999998,0.2240979074596161,time,range
recent,A_ACCEPT,cost_x2,1786996800000,1786997100000,1787151600000,1,0.004,64269.3,66043.755,63382.0725,66043.755,6.370528884351006,0.5212500906540001,0.156375666,-0.049665358995023064,target,range
recent,A_ACCEPT,cost_x2,1787241600000,1787241900000,1787301000000,1,0.001,72298.9,77550.86799999999,69672.916,77550.86799999999,5.049104033406671,0.14984819240959996,0.044954930399999996,-0.008060843783726037,target,up
recent,A_ACCEPT,cost_x2,1787313600000,1787313900000,1787745900000,1,0.002,76684.8,78480.8,74353.32,81347.76,2.9712418378899343,0.3103301224,0.09309935999999999,-0.21732867971007225,time,up
recent,A_ACCEPT,delay60,1767643200000,1767647100000,1767721200000,1,0.002,94138.1,92280.332,92280.332,97853.63600000003,-3.9655857506976058,0.1864187106652,0.055925529599999996,-0.007705510432350259,stop,range
recent,A_ACCEPT,delay60,1768334400000,1768338300000,1768770300000,1,0.001,94412.9,95268.1,91621.35800000001,99995.98399999997,0.6820235621578312,0.09484043586000002,0.028452149999999995,-0.04988385198216852,time,range
recent,A_ACCEPT,delay60,1769716800000,1769720700000,1769884800000,-1,0.001,84297.6,76384.58600000001,88254.107,76384.58600000001,7.8305139560000105,0.08034049952395002,0.024102327899999998,0.02194278342397222,target,range
recent,A_ACCEPT,delay60,1770278400000,1770282300000,1770305100000,-1,0.002,71283.2,66835.47899999998,73507.0605,66835.47899999998,8.715888384458193,0.13811801184184996,0.04143560369999999,0.0,target,down
recent,A_ACCEPT,delay60,1770336000000,1770339900000,1770392700000,-1,0.001,64219.3,68869.078,68869.078,54919.74400000002,-4.74515444126535,0.06654453773335,0.019963256699999998,-0.008868646832000001,stop,down
recent,A_ACCEPT,delay60,1771920000000,1771923900000,1771981800000,-1,0.002,63298.0,65072.6915,65072.6915,59748.617,-3.7134564084814716,0.12837095770372503,0.03851120745,0.002808756672261733,stop,range
recent,A_ACCEPT,delay60,1772654400000,1772658300000,1772760300000,1,0.001,73064.8,70388.27399999999,70388.27399999999,78417.85200000003,-2.77725907982925,0.07172673773945001,0.021517961099999997,-0.007488380989781319,stop,range
recent,A_ACCEPT,delay60,1774627200000,1774631100000,1775021100000,-1,0.001,66001.7,68731.821,68731.821,60541.458,-2.833278841184238,0.067366965259075,0.020210028149999996,-0.015580847775161125,stop,range
recent,A_ACCEPT,delay60,1775448000000,1775451900000,1775772900000,1,0.002,69119.9,72869.50200000001,67245.09899999999,72869.50200000001,7.270617095027552,0.14198883955970001,0.0425968206,-0.0440012448127653,target,range
recent,A_ACCEPT,delay60,1776844800000,1776848700000,1777280700000,1,0.002,77955.3,77777.1,75975.8545,81914.191,-0.473956230901887,0.15573242673000004,0.04671972,0.08489591582810087,time,up
recent,A_ACCEPT,delay60,1777392000000,1777395900000,1777434000000,-1,0.004,76054.8,77027.2315,77027.2315,74109.93700000002,-4.283756812809441,0.30616435472945003,0.09184921889999999,0.00398276082,stop,range
recent,A_ACCEPT,delay60,1778011200000,1778015100000,1778020800000,1,0.005,81641.3,80793.057,80793.057,83337.78600000001,-4.769126978341188,0.4060862105911251,0.12182576774999998,0.0,stop,range
recent,A_ACCEPT,delay60,1779494400000,1779498300000,1779569700000,-1,0.002,75444.1,77141.67300000001,77141.67300000001,72048.954,-3.5807445520597403,0.15258602763595003,0.045775731900000005,0.012763207476226633,stop,range
recent,A_ACCEPT,delay60,1779940800000,1779944700000,1780376700000,-1,0.002,73087.1,70575.9,75468.912,68323.47600000002,4.9784269548299305,0.14366262332000002,0.043098899999999996,0.1427884781499189,time,down
recent,A_ACCEPT,delay60,1780416000000,1780419900000,1780538100000,-1,0.001,67511.4,62094.23999999999,70219.98,62094.23999999999,5.349550339192951,0.064802413713,0.019440845999999998,0.016633598905952472,target,down
recent,A_ACCEPT,delay60,1780689600000,1780693500000,1780719000000,-1,0.005,61798.3,60182.88500000001,62606.0075,60182.88500000001,7.676871230062456,0.30495235671937504,0.09148588875,-0.0037655244681059673,target,down
recent,A_ACCEPT,delay60,1781496000000,1781499900000,1781758800000,1,0.002,65594.6,63693.2875,63693.2875,69397.22500000002,-3.9554400022619367,0.12928817269687504,0.038786366249999996,0.015259536684983806,stop,down
recent,A_ACCEPT,delay60,1782216000000,1782219900000,1782395700000,-1,0.002,62173.6,58244.67799999999,64138.061,58244.67799999999,7.700378608804298,0.12041768866170001,0.03612548339999999,-0.0009222191340000005,target,range
recent,A_ACCEPT,delay60,1783008000000,1783011900000,1783443900000,1,0.002,61664.8,64033.1,60015.4205,64963.55900000001,4.413893683940977,0.125697544755,0.03770937,-0.15929940130400314,time,range
recent,A_ACCEPT,delay60,1784635200000,1784639100000,1784790600000,1,0.004,66507.1,65397.7745,65397.7745,68725.75100000002,-4.813002135756045,0.26381008179765003,0.0791429247,-0.03274712925832018,stop,up
recent,A_ACCEPT,delay60,1786478400000,1786482300000,1786914300000,-1,0.005,63717.9,63040.3,64508.7325,62136.23500000001,3.2561584884244827,0.31689524590000007,0.09506864999999999,0.28012238432452014,time,range
recent,A_ACCEPT,delay60,1786996800000,1787000700000,1787151900000,1,0.004,64377.4,66368.055,63382.0725,66368.055,7.573017055201416,0.2614903128035,0.078447273,-0.049665358995023064,target,range
recent,A_ACCEPT,delay60,1787241600000,1787245500000,1787302500000,1,0.001,72724.1,78826.46800000002,69672.916,78826.46800000002,5.995799744693884,0.07577482632240001,0.022732585200000002,-0.008060843783726037,target,up
recent,A_ACCEPT,delay60,1787313600000,1787317500000,1787749500000,1,0.001,77309.0,78209.4,74353.32,83220.35999999999,0.6906487676749579,0.07775913247,0.023327759999999996,-0.10866433985503612,time,up
recent,A_ACCEPT,stop_5bp,1767643200000,1767643500000,1767721200000,1,0.002,94413.5,92280.332,92280.332,98679.83600000001,-4.60897800384159,0.18664801180920004,0.1482884816,-0.007705510432350259,stop,range
recent,A_ACCEPT,stop_5bp,1768334400000,1768334700000,1768766700000,1,0.001,94197.2,95317.8,91621.35800000001,99348.88399999998,0.9475314820628294,0.09475741595500001,0.028427249999999998,-0.04988385198216852,time,range
recent,A_ACCEPT,stop_5bp,1769716800000,1769717100000,1770002400000,-1,0.001,83911.7,75226.88599999998,88254.107,75226.88599999998,8.604813492857662,0.07956864163895,0.023870787899999996,0.023438922396599324,target,range
recent,A_ACCEPT,stop_5bp,1770278400000,1770278700000,1770317100000,-1,0.001,70805.3,65401.778999999995,73507.0605,65401.778999999995,5.311643034995681,0.06810313423592501,0.020431061849999994,-0.003343768918400415,target,down
recent,A_ACCEPT,stop_5bp,1771920000000,1771920300000,1771981800000,-1,0.002,63092.4,65072.6915,65072.6915,59131.817,-4.189494387167202,0.128197924889475,0.10352221895,0.002808756672261733,stop,range
recent,A_ACCEPT,stop_5bp,1772654400000,1772654700000,1772760300000,1,0.001,73548.6,70388.27399999999,70388.27399999999,79869.25200000004,-3.296550126045755,0.07195107695595,0.0567846681,-0.007488380989781319,stop,range
recent,A_ACCEPT,stop_5bp,1774627200000,1774627500000,1775021100000,-1,0.001,65922.4,68731.821,68731.821,60303.55799999999,-2.9469103955869844,0.067344504161825,0.05456404365,-0.015580847775161125,stop,range
recent,A_ACCEPT,stop_5bp,1775448000000,1775448300000,1775772900000,1,0.002,69165.0,73004.80200000003,67245.09899999999,73004.80200000003,7.450782588557588,0.14216922602970003,0.042650940600000006,-0.0440012448127653,target,range
recent,A_ACCEPT,stop_5bp,1776844800000,1776845100000,1777277100000,1,0.002,78022.7,77666.0,75975.8545,82116.39099999999,-0.8308994476769163,0.155688753505,0.046706609999999996,0.08489591582810087,time,up
recent,A_ACCEPT,stop_5bp,1777392000000,1777392300000,1777434000000,-1,0.004,76032.6,77027.2315,77027.2315,74043.33700000003,-4.526630589700939,0.30619698862095,0.2458903619,0.00398276082,stop,range
recent,A_ACCEPT,stop_5bp,1778011200000,1778011500000,1778020800000,1,0.004,81655.9,80793.057,80793.057,83381.58599999998,-4.035244867995917,0.32481737979590003,0.2590554882,0.0,stop,range
recent,A_ACCEPT,stop_5bp,1779494400000,1779494700000,1779569700000,-1,0.002,75548.5,77141.67300000001,77141.67300000001,72362.15399999998,-3.449260500236237,0.15272898281245,0.1229487249,0.012763207476226633,stop,range
recent,A_ACCEPT,stop_5bp,1779940800000,1779941100000,1780373100000,-1,0.001,73073.8,70925.5,75468.912,68283.57600000002,2.1260948551974557,0.0719994888775,0.021599895,0.07139423907495945,time,down
recent,A_ACCEPT,stop_5bp,1780416000000,1780416300000,1780538400000,-1,0.001,67412.3,61796.94000000002,70219.98,61796.94000000002,5.548008014057937,0.06460419884800002,0.019381386,0.016633598905952472,target,down
recent,A_ACCEPT,stop_5bp,1780689600000,1780689900000,1780821300000,-1,0.001,60057.2,62606.0075,62606.0075,54959.58499999999,-2.660756954758787,0.0613474464124375,0.049702484874999994,-0.0008995234713461375,stop,down
recent,A_ACCEPT,stop_5bp,1781496000000,1781496300000,1781758800000,1,0.002,65775.0,63693.2875,63693.2875,69938.425,-4.380135990178167,0.129436753113125,0.10253377374999999,0.015259536684983806,stop,down
recent,A_ACCEPT,stop_5bp,1782216000000,1782216300000,1782395400000,-1,0.002,62437.5,59036.378,64138.061,59036.378,6.643406249634303,0.12147336783170001,0.03644216339999999,-0.0009222191340000005,target,range
recent,A_ACCEPT,stop_5bp,1783008000000,1783008300000,1783440300000,1,0.002,61579.9,63900.5,60015.4205,64708.859000000004,4.3187764267859965,0.12548005191,0.037644119999999996,-0.15929940130400314,time,range
recent,A_ACCEPT,stop_5bp,1784635200000,1784635500000,1784790600000,1,0.005,66250.1,65397.7745,65397.7745,67954.75100000002,-4.893830012351946,0.32903825865393754,0.262230342125,-0.04093391157290023,stop,up
recent,A_ACCEPT,stop_5bp,1786478400000,1786478700000,1786910700000,-1,0.004,63608.7,63088.1,64508.7325,61808.634999999995,1.9770863836396013,0.25339344382,0.07601807999999999,0.2240979074596161,time,range
recent,A_ACCEPT,stop_5bp,1786996800000,1786997100000,1787151600000,1,0.005,64269.3,66043.755,63382.0725,66043.755,8.386676537926816,0.3257819720793751,0.09773479125000001,-0.06208169874377882,target,range
recent,A_ACCEPT,stop_5bp,1787241600000,1787241900000,1787301000000,1,0.001,72298.9,77550.86799999999,69672.916,77550.86799999999,5.146505200913863,0.0749244901024,0.022477465199999998,-0.008060843783726037,target,up
recent,A_ACCEPT,stop_5bp,1787313600000,1787313900000,1787745900000,1,0.002,76684.8,78480.8,74353.32,81347.76,3.172956309689931,0.15516533060000004,0.046549679999999996,-0.21732867971007225,time,up
recent,A_ACCEPT,risk_half,1767643200000,1767643500000,1767721200000,1,0.001,94413.5,92280.332,92280.332,98679.83600000001,-2.2583719060037977,0.0933470759876,0.028004074799999997,-0.0038527552161751297,stop,range
recent,A_ACCEPT,risk_half,1771920000000,1771920300000,1771981800000,-1,0.001,63092.4,65072.6915,65072.6915,59131.817,-2.062194579660735,0.0640826942718625,0.019224763725,0.0014043783361308666,stop,range
recent,A_ACCEPT,risk_half,1775448000000,1775448300000,1775772900000,1,0.001,69165.0,73004.80200000003,67245.09899999999,73004.80200000003,3.725391294278794,0.07108461301485001,0.021325470300000003,-0.02200062240638265,target,range
recent,A_ACCEPT,risk_half,1776844800000,1776845100000,1777277100000,1,0.001,78022.7,77666.0,75975.8545,82116.39099999999,-0.41544972383845813,0.0778443767525,0.023353304999999998,0.042447957914050434,time,up
recent,A_ACCEPT,risk_half,1777392000000,1777392300000,1777434000000,-1,0.002,76032.6,77027.2315,77027.2315,74043.33700000003,-2.1862495497347303,0.153059980694725,0.045917949449999995,0.00199138041,stop,range
recent,A_ACCEPT,risk_half,1778011200000,1778011500000,1778020800000,1,0.002,81655.9,80793.057,80793.057,83381.58599999998,-1.936869773526456,0.16244908642645,0.04873468709999999,0.0,stop,range
recent,A_ACCEPT,risk_half,1779494400000,1779494700000,1779569700000,-1,0.001,75548.5,77141.67300000001,77141.67300000001,72362.15399999998,-1.6860401281998658,0.076345205987975,0.02290352595,0.006381603738113317,stop,range
recent,A_ACCEPT,risk_half,1781496000000,1781496300000,1781758800000,1,0.001,65775.0,63693.2875,63693.2875,69938.425,-2.1582372746609555,0.06473429987843751,0.019420243125,0.007629768342491903,stop,down
recent,A_ACCEPT,risk_half,1782216000000,1782216300000,1782395400000,-1,0.001,62437.5,59036.378,64138.061,59036.378,3.3217031248171516,0.06073668391585001,0.018221081699999996,-0.00046110956700000025,target,range
recent,A_ACCEPT,risk_half,1783008000000,1783008300000,1783440300000,1,0.001,61579.9,63900.5,60015.4205,64708.859000000004,2.1593882133929982,0.062740025955,0.018822059999999998,-0.07964970065200157,time,range
recent,A_ACCEPT,risk_half,1784635200000,1784635500000,1784790600000,1,0.002,66250.1,65397.7745,65397.7745,67954.75100000002,-1.892166929328027,0.131648002348825,0.03949436234999999,-0.01637356462916009,stop,up
recent,A_ACCEPT,risk_half,1786478400000,1786478700000,1786910700000,-1,0.002,63608.7,63088.1,64508.7325,61808.634999999995,0.9885431918198007,0.12669672191,0.038009039999999994,0.11204895372980805,time,range
recent,A_ACCEPT,risk_half,1786996800000,1786997100000,1787151600000,1,0.002,64269.3,66043.755,63382.0725,66043.755,3.3546706151707255,0.13031278883175001,0.0390939165,-0.024832679497511532,target,range
recent,A_ACCEPT,risk_half,1787313600000,1787313900000,1787745900000,1,0.001,76684.8,78480.8,74353.32,81347.76,1.5864781548449656,0.07758266530000002,0.023274839999999998,-0.10866433985503612,time,up
recent,A_ACCEPT,risk_double,1767643200000,1767643500000,1767721200000,1,0.004,94413.5,92280.332,92280.332,98679.83600000001,-9.03348762401519,0.3733883039504,0.11201629919999999,-0.015411020864700519,stop,range
recent,A_ACCEPT,risk_double,1768334400000,1768334700000,1768766700000,1,0.003,94197.2,95317.8,91621.35800000001,99348.88399999998,2.8425944461884884,0.284272247865,0.08528174999999999,-0.14965155594650556,time,range
recent,A_ACCEPT,risk_double,1769716800000,1769717100000,1770002400000,-1,0.002,83911.7,75226.88599999998,88254.107,75226.88599999998,17.209626985715325,0.1591372832779,0.04774157579999999,0.04687784479319865,target,range
recent,A_ACCEPT,risk_double,1770278400000,1770278700000,1770317100000,-1,0.003,70805.3,65401.778999999995,73507.0605,65401.778999999995,15.934929104987042,0.20430940270777503,0.06129318555,-0.010031306755201246,target,down
recent,A_ACCEPT,risk_double,1770321600000,1770321900000,1770399000000,-1,0.001,65202.1,71039.546,71039.546,53527.20799999999,-5.945118865910213,0.06812126080845,0.020436246899999996,-0.019115358201755,stop,down
recent,A_ACCEPT,risk_double,1771920000000,1771920300000,1771981800000,-1,0.004,63092.4,65072.6915,65072.6915,59131.817,-8.24877831864294,0.25633077708745,0.0768990549,0.005617513344523466,stop,range
recent,A_ACCEPT,risk_double,1772654400000,1772654700000,1772760300000,1,0.003,73548.6,70388.27399999999,70388.27399999999,79869.25200000004,-9.784120758342727,0.21590602207335002,0.06477159329999999,-0.022465142969343953,stop,range
recent,A_ACCEPT,risk_double,1774627200000,1774627500000,1775021100000,-1,0.003,65922.4,68731.821,68731.821,60303.55799999999,-8.737581906395214,0.201981963619725,0.06059439944999999,-0.04674254332548336,stop,range
recent,A_ACCEPT,risk_double,1775448000000,1775448300000,1775772900000,1,0.004,69165.0,73004.80200000003,67245.09899999999,73004.80200000003,14.901565177115176,0.28433845205940006,0.08530188120000001,-0.0880024896255306,target,range
recent,A_ACCEPT,risk_double,1776844800000,1776845100000,1777277100000,1,0.004,78022.7,77666.0,75975.8545,82116.39099999999,-1.6617988953538325,0.31137750701,0.09341321999999999,0.16979183165620174,time,up
recent,A_ACCEPT,risk_double,1777392000000,1777392300000,1777434000000,-1,0.009000000000000001,76032.6,77027.2315,77027.2315,74043.33700000003,-9.838122973806286,0.6887699131262626,0.206630772525,0.008961211845000002,stop,range
recent,A_ACCEPT,risk_double,1778011200000,1778011500000,1778020800000,1,0.01,81655.9,80793.057,80793.057,83381.58599999998,-9.68434886763228,0.8122454321322501,0.24367343549999998,0.0,stop,range
recent,A_ACCEPT,risk_double,1779494400000,1779494700000,1779569700000,-1,0.005,75548.5,77141.67300000001,77141.67300000001,72362.15399999998,-8.430200640999328,0.38172602993987503,0.11451762974999999,0.03190801869056658,stop,range
recent,A_ACCEPT,risk_double,1779940800000,1779941100000,1780373100000,-1,0.003,73073.8,70925.5,75468.912,68283.57600000002,6.378284565592368,0.2159984666325,0.064799685,0.21418271722487833,time,down
recent,A_ACCEPT,risk_double,1780416000000,1780416300000,1780538400000,-1,0.003,67412.3,61796.94000000002,70219.98,61796.94000000002,16.644024042173815,0.19381259654400007,0.058144158,0.04990079671785741,target,down
recent,A_ACCEPT,risk_double,1780689600000,1780689900000,1780821300000,-1,0.003,60057.2,62606.0075,62606.0075,54959.58499999999,-7.88831489852076,0.18399538473168753,0.055198443374999996,-0.002698570414038412,stop,down
recent,A_ACCEPT,risk_double,1781496000000,1781496300000,1781758800000,1,0.004,65775.0,63693.2875,63693.2875,69938.425,-8.632949098643822,0.25893719951375005,0.0776809725,0.030519073369967613,stop,down
recent,A_ACCEPT,risk_double,1782216000000,1782216300000,1782395400000,-1,0.005,62437.5,59036.378,64138.061,59036.378,16.608515624085758,0.30368341957925,0.0911054085,-0.0023055478349999995,target,range
recent,A_ACCEPT,risk_double,1783008000000,1783008300000,1783440300000,1,0.006,61579.9,63900.5,60015.4205,64708.859000000004,12.956329280357991,0.37644015573000006,0.11293236,-0.4778982039120095,time,range
recent,A_ACCEPT,risk_double,1784635200000,1784635500000,1784790600000,1,0.01,66250.1,65397.7745,65397.7745,67954.75100000002,-9.460834646640135,0.6582400117441252,0.19747181175,-0.08186782314580046,stop,up
recent,A_ACCEPT,risk_double,1786478400000,1786478700000,1786910700000,-1,0.01,63608.7,63088.1,64508.7325,61808.634999999995,4.9427159590990035,0.63348360955,0.19004519999999997,0.5602447686490403,time,range
recent,A_ACCEPT,risk_double,1786996800000,1786997100000,1787151600000,1,0.01,64269.3,66043.755,63382.0725,66043.755,16.77335307585363,0.6515639441587502,0.19546958250000002,-0.12416339748755764,target,range
recent,A_ACCEPT,risk_double,1787241600000,1787241900000,1787301000000,1,0.003,72298.9,77550.86799999999,69672.916,77550.86799999999,15.439515602741588,0.22477347030720002,0.06743239559999999,-0.024182531351178115,target,up
recent,A_ACCEPT,risk_double,1787313600000,1787313900000,1787745900000,1,0.004,76684.8,78480.8,74353.32,81347.76,6.345912619379862,0.3103306612000001,0.09309935999999999,-0.4346573594201445,time,up
recent,A_ACCEPT,flow55,1768348800000,1768349100000,1768780800000,1,0.001,95435.3,92925.812,92925.812,100454.276,-2.684934943205771,0.09418074421160001,0.0282541668,-0.05301203219416852,stop,up
recent,A_ACCEPT,flow55,1779494400000,1779494700000,1779569700000,-1,0.002,75548.5,77141.67300000001,77141.67300000001,72362.15399999998,-3.3720802563997316,0.15269041197595,0.0458070519,0.012763207476226633,stop,range
recent,A_ACCEPT,flow55,1779940800000,1779941100000,1780373100000,-1,0.001,73073.8,70925.5,75468.912,68283.57600000002,2.1260948551974557,0.0719994888775,0.021599895,0.07139423907495945,time,down
recent,R_RETEST,base,1769443200000,1769443500000,1769487000000,-1,0.003,87613.5,88914.369,88914.369,83710.89299999998,-4.235533179254011,0.264792096195525,0.07943754105,0.011303457991524867,stop,down
recent,R_RETEST,base,1770292800000,1770293100000,1770317100000,-1,0.002,70454.0,65419.44200000004,72132.18599999999,65419.44200000004,9.885793742746804,0.13587268681630005,0.04076203260000001,-0.00668753783680083,target,down
recent,R_RETEST,base,1779940800000,1779941100000,1780409400000,-1,0.003,73073.8,68365.56400000001,74643.212,68365.56400000001,14.075678516226592,0.21215798664690005,0.0636477138,0.22677621667356884,target,down
recent,R_RETEST,base,1780718400000,1780718700000,1780802100000,-1,0.004,60685.4,61674.5265,61674.5265,57718.020500000006,-4.276243135974192,0.24472014973795003,0.0734159559,-0.0016010303362369157,stop,down
recent,R_RETEST,base,1784073600000,1784073900000,1784187300000,1,0.006,64973.3,64322.606,64322.606,66925.38200000001,-4.474044929596243,0.38788801081230007,0.1163663154,-0.06562660338388493,stop,up
recent,R_RETEST,base,1784606400000,1784606700000,1784810700000,1,0.007,65665.7,65059.04,65059.04,67485.68,-4.94130968037159,0.4575369084965001,0.137260977,-0.0998917948750603,stop,up
recent,R_RETEST,cost_x2,1769443200000,1769443500000,1769487000000,-1,0.003,87613.5,88914.369,88914.369,83710.89299999998,-4.579763401890578,0.5295847777821,0.1588750821,0.011303457991524867,stop,down
recent,R_RETEST,cost_x2,1770292800000,1770293100000,1770317100000,-1,0.002,70454.0,65419.44200000004,72132.18599999999,65419.44200000004,9.709160533697943,0.27174386326520006,0.08152406520000002,-0.00668753783680083,target,down
recent,R_RETEST,cost_x2,1779940800000,1779941100000,1780409400000,-1,0.002,73073.8,68365.56400000001,74643.212,68365.56400000001,9.199916622990647,0.28287590305840005,0.08486361840000001,0.1511841444490459,target,down
recent,R_RETEST,cost_x2,1780718400000,1780718700000,1780802100000,-1,0.004,60685.4,61674.5265,61674.5265,57718.020500000006,-4.594379835088023,0.48944089295180004,0.1468319118,-0.0016010303362369157,stop,down
recent,R_RETEST,cost_x2,1784073600000,1784073900000,1784187300000,1,0.006,64973.3,64322.606,64322.606,66925.38200000001,-4.97829984143305,0.7757766072492001,0.2327326308,-0.06562660338388493,stop,up
recent,R_RETEST,cost_x2,1784606400000,1784606700000,1784810700000,1,0.006,65665.7,65059.04,65059.04,67485.68,-4.745235602452325,0.7843495319880001,0.23530453199999998,-0.08562153846433739,stop,up
recent,R_RETEST,delay60,1769443200000,1769447100000,1769487000000,-1,0.003,87704.6,88914.369,88914.369,84075.293,-3.962410803756511,0.26492872569802506,0.07947853604999999,0.011303457991524867,stop,down
recent,R_RETEST,delay60,1770292800000,1770296700000,1770336300000,-1,0.001,69499.8,61602.64200000005,72132.18599999999,61602.64200000005,7.80759392841865,0.06555062871315004,0.019665366300000008,-0.004348076568155415,target,down
recent,R_RETEST,delay60,1779940800000,1779944700000,1780409100000,-1,0.003,73087.1,68418.76400000002,74643.212,68418.76400000002,13.955848832249083,0.21225774562440008,0.06367763880000002,0.22677621667356884,target,down
recent,R_RETEST,delay60,1780718400000,1780722300000,1780802100000,-1,0.002,59870.1,61674.5265,61674.5265,54456.820499999994,-3.767661800282099,0.12154489716397501,0.036463387949999995,-0.0008005151681184579,stop,down
recent,R_RETEST,delay60,1784073600000,1784077500000,1784187300000,1,0.009000000000000001,64758.2,64322.606,64322.606,66064.98199999999,-4.773908914201797,0.5808639210259501,0.1742590881,-0.09843990507582741,stop,up
recent,R_RETEST,delay60,1784606400000,1784610300000,1784642700000,1,0.009000000000000001,65523.1,66915.28,65059.04,66915.28,11.701700389659939,0.5959717702785001,0.17879181300000002,-0.05315602706156887,target,up
recent,R_RETEST,stop_5bp,1769443200000,1769443500000,1769487000000,-1,0.003,87613.5,88914.369,88914.369,83710.89299999998,-4.36897141853077,0.264858781972275,0.21280909455,0.011303457991524867,stop,down
recent,R_RETEST,stop_5bp,1770292800000,1770293100000,1770317100000,-1,0.002,70454.0,65419.44200000004,72132.18599999999,65419.44200000004,9.885793742746804,0.13587268681630005,0.04076203260000001,-0.00668753783680083,target,down
recent,R_RETEST,stop_5bp,1779940800000,1779941100000,1780409400000,-1,0.002,73073.8,68365.56400000001,74643.212,68365.56400000001,9.383785677484394,0.14143865776460002,0.042431809200000004,0.1511841444490459,target,down
recent,R_RETEST,stop_5bp,1780718400000,1780718700000,1780802100000,-1,0.004,60685.4,61674.5265,61674.5265,57718.020500000006,-4.399653863500675,0.24478182426445003,0.19676500889999998,-0.0016010303362369157,stop,down
recent,R_RETEST,stop_5bp,1784073600000,1784073900000,1784187300000,1,0.006,64973.3,64322.606,64322.606,66925.38200000001,-4.666916263687247,0.3877915269033,0.3093341334,-0.06562660338388493,stop,up
recent,R_RETEST,stop_5bp,1784606400000,1784606700000,1784810700000,1,0.006,65665.7,65059.04,65059.04,67485.68,-4.430487828901385,0.392076904437,0.312829386,-0.08562153846433739,stop,up
recent,R_RETEST,risk_half,1769443200000,1769443500000,1769487000000,-1,0.001,87613.5,88914.369,88914.369,83710.89299999998,-1.4118443930846705,0.08826403206517501,0.02647918035,0.0037678193305082886,stop,down
recent,R_RETEST,risk_half,1770292800000,1770293100000,1770317100000,-1,0.001,70454.0,65419.44200000004,72132.18599999999,65419.44200000004,4.942896871373402,0.06793634340815002,0.020381016300000006,-0.003343768918400415,target,down
recent,R_RETEST,risk_half,1779940800000,1779941100000,1780409400000,-1,0.001,73073.8,68365.56400000001,74643.212,68365.56400000001,4.691892838742197,0.07071932888230001,0.021215904600000002,0.07559207222452295,target,down
recent,R_RETEST,risk_half,1780718400000,1780718700000,1780802100000,-1,0.002,60685.4,61674.5265,61674.5265,57718.020500000006,-2.138121567987096,0.12236007486897502,0.03670797795,-0.0008005151681184579,stop,down
recent,R_RETEST,risk_half,1784073600000,1784073900000,1784187300000,1,0.003,64973.3,64322.606,64322.606,66925.38200000001,-2.2370224647981214,0.19394400540615003,0.0581831577,-0.032813301691942465,stop,up
recent,R_RETEST,risk_half,1784606400000,1784606700000,1784810700000,1,0.003,65665.7,65059.04,65059.04,67485.68,-2.117704148730682,0.1960872464985,0.058826132999999996,-0.04281076923216869,stop,up
recent,R_RETEST,risk_double,1769443200000,1769443500000,1769487000000,-1,0.007,87613.5,88914.369,88914.369,83710.89299999998,-9.882910751592691,0.6178482244562251,0.18535426244999997,0.02637473531355802,stop,down
recent,R_RETEST,risk_double,1770292800000,1770293100000,1770317100000,-1,0.005,70454.0,65419.44200000004,72132.18599999999,65419.44200000004,24.714484356867008,0.3396817170407501,0.10190508150000002,-0.016718844592002076,target,down
recent,R_RETEST,risk_double,1779940800000,1779941100000,1780409400000,-1,0.006,73073.8,68365.56400000001,74643.212,68365.56400000001,28.151357032453184,0.4243159732938001,0.1272954276,0.4535524333471377,target,down
recent,R_RETEST,risk_double,1780718400000,1780718700000,1780802100000,-1,0.009000000000000001,60685.4,61674.5265,61674.5265,57718.020500000006,-9.621547055941933,0.5506203369103877,0.165185900775,-0.003602318256533059,stop,down
recent,R_RETEST,risk_double,1784073600000,1784073900000,1784187300000,1,0.014,64973.3,64322.606,64322.606,66925.38200000001,-10.439438169057901,0.9050720252287001,0.2715214026,-0.15312874122906484,stop,up
recent,R_RETEST,risk_double,1784606400000,1784606700000,1784810700000,1,0.014,65665.7,65059.04,65059.04,67485.68,-9.88261936074318,0.9150738169930002,0.274521954,-0.1997835897501206,stop,up
recent,R_RETEST,flow55,1779940800000,1779941100000,1780409400000,-1,0.003,73073.8,68365.56400000001,74643.212,68365.56400000001,14.075678516226592,0.21215798664690005,0.0636477138,0.22677621667356884,target,down
recent,R_RETEST,flow55,1784073600000,1784073900000,1784187300000,1,0.006,64973.3,64322.606,64322.606,66925.38200000001,-4.474044929596243,0.38788801081230007,0.1163663154,-0.06562660338388493,stop,up
recent,F_REJECT,base,1767902400000,1767902700000,1768334700000,1,0.003,90669.4,94197.2,89121.6165,94760.3,10.047549955690986,0.277299106245,0.08318996999999999,-0.1753609680640012,time,range
recent,F_REJECT,base,1771963200000,1771963500000,1772041200000,1,0.002,64410.8,68687.0,62301.9695,68687.0,8.37759351812574,0.13309715856999998,0.03992934,-0.0017799833042364851,target,range
recent,F_REJECT,base,1772971200000,1772971500000,1773007200000,1,0.003,67593.9,66407.243,66407.243,73678.2,-3.8154936285221455,0.201001981497825,0.06030051435,0.005779867325660446,stop,range
recent,F_REJECT,base,1773734400000,1773734700000,1773903900000,-1,0.002,74385.5,70256.0,76094.17749999999,70256.0,8.054359251597354,0.14464088057500002,0.04339245,-0.016607417827630245,target,range
recent,F_REJECT,base,1776672000000,1776672300000,1776835200000,1,0.004,74635.3,78300.0,73577.3465,78300.0,14.330946003634603,0.30586950059000007,0.09176118,0.06977668422464611,target,range
recent,F_REJECT,base,1777334400000,1777334700000,1777360500000,1,0.005,77255.4,76331.866,76331.866,79455.0,-5.116828960825254,0.38396851132525,0.11519044949999999,0.0,stop,range
recent,F_REJECT,base,1779105600000,1779105900000,1779113700000,1,0.005,77244.1,76463.7085,76463.7085,81623.8,-4.401508170271905,0.3842698138968126,0.11528085637499999,0.0,stop,range
recent,F_REJECT,base,1785988800000,1785989100000,1786101600000,-1,0.007,64462.3,65084.433,65084.433,62268.2,-4.8813934001889665,0.453413892119825,0.13602406965,0.06297556158089632,stop,range
recent,F_REJECT,cost_x2,1767902400000,1767902700000,1768334700000,1,0.002,90669.4,94197.2,89121.6165,94760.3,6.45804164463734,0.36973108332,0.11091995999999998,-0.11690731204266748,time,range
recent,F_REJECT,cost_x2,1771963200000,1771963500000,1772041200000,1,0.002,64410.8,68687.0,62301.9695,68687.0,8.204568302415751,0.26619303427999996,0.07985868,-0.0017799833042364851,target,range
recent,F_REJECT,cost_x2,1772971200000,1772971500000,1773007200000,1,0.003,67593.9,66407.243,66407.243,73678.2,-4.0767966583655815,0.4020044969913,0.1206010287,0.005779867325660446,stop,range
recent,F_REJECT,cost_x2,1773734400000,1773734700000,1773903900000,-1,0.002,74385.5,70256.0,76094.17749999999,70256.0,7.8663271598723705,0.2892805223,0.0867849,-0.016607417827630245,target,range
recent,F_REJECT,cost_x2,1776672000000,1776672300000,1776835200000,1,0.004,74635.3,78300.0,73577.3465,78300.0,13.93331752186469,0.61173680236,0.18352236,0.06977668422464611,target,range
recent,F_REJECT,cost_x2,1777334400000,1777334700000,1777360500000,1,0.004,77255.4,76331.866,76331.866,79455.0,-4.492790891440807,0.6143501722408,0.18430471919999997,0.0,stop,range
recent,F_REJECT,cost_x2,1779105600000,1779105900000,1779113700000,1,0.005,77244.1,76463.7085,76463.7085,81623.8,-4.901059425837299,0.7685402130872501,0.23056171274999998,0.0,stop,range
recent,F_REJECT,cost_x2,1785988800000,1785989100000,1786101600000,-1,0.006,64462.3,65084.433,65084.433,62268.2,-4.689284584455698,0.7772815178394,0.2331841194,0.053979052783625414,stop,range
recent,F_REJECT,delay60,1767902400000,1767906300000,1768338300000,1,0.002,91030.6,94412.9,89121.6165,94760.3,6.4066166453023055,0.18544299265500003,0.05563304999999999,-0.11690731204266748,time,range
recent,F_REJECT,delay60,1771963200000,1771967100000,1772041200000,1,0.002,64141.8,68687.0,62301.9695,68687.0,8.915943258475748,0.13282811822,0.03984864,-0.0017799833042364851,target,range
recent,F_REJECT,delay60,1772971200000,1772975100000,1773007200000,1,0.005,67236.9,66407.243,66407.243,73678.2,-4.572995663661924,0.334110668621375,0.10023310724999998,0.009633112209434077,stop,range
recent,F_REJECT,delay60,1773734400000,1773738300000,1773903900000,-1,0.002,74046.1,70256.0,76094.17749999999,70256.0,7.376000420687379,0.14430153148500002,0.04329063,-0.016607417827630245,target,range
recent,F_REJECT,delay60,1776672000000,1776675900000,1776835200000,1,0.004,74682.8,78300.0,73577.3465,78300.0,14.140822489384647,0.30596451484000003,0.09178967999999998,0.06977668422464611,target,range
recent,F_REJECT,delay60,1777334400000,1777338300000,1777360500000,1,0.004,77329.7,76331.866,76331.866,79455.0,-4.3908563709502015,0.3073234313502,0.0921969396,0.0,stop,range
recent,F_REJECT,delay60,1779105600000,1779109500000,1779113700000,1,0.004,77481.1,76463.7085,76463.7085,81623.8,-4.4698228073175255,0.30788992221745004,0.09236688509999999,0.0,stop,range
recent,F_REJECT,delay60,1785988800000,1785992700000,1786101600000,-1,0.012,64743.0,65084.433,65084.433,62268.2,-5.001892179122553,0.7789649052897001,0.2336893794,0.10795810556725083,stop,range
recent,F_REJECT,stop_5bp,1767902400000,1767902700000,1768334700000,1,0.002,90669.4,94197.2,89121.6165,94760.3,6.698366637127324,0.18486607083,0.05545997999999999,-0.11690731204266748,time,range
recent,F_REJECT,stop_5bp,1771963200000,1771963500000,1772041200000,1,0.002,64410.8,68687.0,62301.9695,68687.0,8.37759351812574,0.13309715856999998,0.03992934,-0.0017799833042364851,target,range
recent,F_REJECT,stop_5bp,1772971200000,1772971500000,1773007200000,1,0.003,67593.9,66407.243,66407.243,73678.2,-3.915054687589887,0.20095217606557503,0.15991137885,0.005779867325660446,stop,range
recent,F_REJECT,stop_5bp,1773734400000,1773734700000,1773903900000,-1,0.002,74385.5,70256.0,76094.17749999999,70256.0,8.054359251597354,0.14464088057500002,0.04339245,-0.016607417827630245,target,range
recent,F_REJECT,stop_5bp,1776672000000,1776672300000,1776835200000,1,0.004,74635.3,78300.0,73577.3465,78300.0,14.330946003634603,0.30586950059000007,0.09176118,0.06977668422464611,target,range
recent,F_REJECT,stop_5bp,1777334400000,1777334700000,1777360500000,1,0.004,77255.4,76331.866,76331.866,79455.0,-4.246050568794248,0.3070984771942,0.24481609159999995,0.0,stop,range
recent,F_REJECT,stop_5bp,1779105600000,1779105900000,1779113700000,1,0.005,77244.1,76463.7085,76463.7085,81623.8,-4.592571861886278,0.3841742342611876,0.30644012762499995,0.0,stop,range
recent,F_REJECT,stop_5bp,1785988800000,1785989100000,1786101600000,-1,0.006,64462.3,65084.433,65084.433,62268.2,-4.379402411525702,0.38873810560934996,0.31184535869999996,0.053979052783625414,stop,range
recent,F_REJECT,risk_half,1767902400000,1767902700000,1768334700000,1,0.001,90669.4,94197.2,89121.6165,94760.3,3.349183318563662,0.092433035415,0.027729989999999996,-0.05845365602133374,time,range
recent,F_REJECT,risk_half,1771963200000,1771963500000,1772041200000,1,0.001,64410.8,68687.0,62301.9695,68687.0,4.18879675906287,0.06654857928499999,0.01996467,-0.0008899916521182426,target,range
recent,F_REJECT,risk_half,1772971200000,1772971500000,1773007200000,1,0.001,67593.9,66407.243,66407.243,73678.2,-1.2718312095073818,0.067000660499275,0.020100171449999996,0.0019266224418868153,stop,range
recent,F_REJECT,risk_half,1773734400000,1773734700000,1773903900000,-1,0.001,74385.5,70256.0,76094.17749999999,70256.0,4.027179625798677,0.07232044028750001,0.021696225,-0.008303708913815122,target,range
recent,F_REJECT,risk_half,1776672000000,1776672300000,1776835200000,1,0.002,74635.3,78300.0,73577.3465,78300.0,7.165473001817301,0.15293475029500003,0.04588059,0.034888342112323056,target,range
recent,F_REJECT,risk_half,1777334400000,1777334700000,1777360500000,1,0.002,77255.4,76331.866,76331.866,79455.0,-2.0467315843301015,0.1535874045301,0.04607617979999999,0.0,stop,range
recent,F_REJECT,risk_half,1779105600000,1779105900000,1779113700000,1,0.002,77244.1,76463.7085,76463.7085,81623.8,-1.7606032681087618,0.153707925558725,0.04611234255,0.0,stop,range
recent,F_REJECT,risk_half,1785988800000,1785989100000,1786101600000,-1,0.003,64462.3,65084.433,65084.433,62268.2,-2.0920257429381284,0.194320239479925,0.05829602985,0.026989526391812707,stop,range
recent,F_REJECT,risk_double,1767902400000,1767902700000,1768334700000,1,0.006,90669.4,94197.2,89121.6165,94760.3,20.095099911381972,0.55459821249,0.16637993999999998,-0.3507219361280024,time,range
recent,F_REJECT,risk_double,1771963200000,1771963500000,1772041200000,1,0.004,64410.8,68687.0,62301.9695,68687.0,16.75518703625148,0.26619431713999997,0.07985868,-0.0035599666084729703,target,range
recent,F_REJECT,risk_double,1772971200000,1772971500000,1773007200000,1,0.008,67593.9,66407.243,66407.243,73678.2,-10.174649676059055,0.5360052839942,0.16080137159999996,0.015412979535094523,stop,range
recent,F_REJECT,risk_double,1773734400000,1773734700000,1773903900000,-1,0.005,74385.5,70256.0,76094.17749999999,70256.0,20.13589812899339,0.3616022014375,0.108481125,-0.041518544569075624,target,range
recent,F_REJECT,risk_double,1776672000000,1776672300000,1776835200000,1,0.009000000000000001,74635.3,78300.0,73577.3465,78300.0,32.244628508177854,0.6882063763275001,0.206462655,0.15699753950545375,target,range
recent,F_REJECT,risk_double,1777334400000,1777334700000,1777360500000,1,0.01,77255.4,76331.866,76331.866,79455.0,-10.233657921650508,0.7679370226505,0.23038089899999997,0.0,stop,range
recent,F_REJECT,risk_double,1779105600000,1779105900000,1779113700000,1,0.012,77244.1,76463.7085,76463.7085,81623.8,-10.56361960865257,0.9222475533523501,0.2766740553,0.0,stop,range
recent,F_REJECT,risk_double,1785988800000,1785989100000,1786101600000,-1,0.014,64462.3,65084.433,65084.433,62268.2,-9.762786800377933,0.90682778423965,0.2720481393,0.12595112316179263,stop,range
recent,F_REJECT,flow55,1772971200000,1772971500000,1773007200000,1,0.003,67593.9,66407.243,66407.243,73678.2,-3.8154936285221455,0.201001981497825,0.06030051435,0.005779867325660446,stop,range
recent,P_RESUME,base,1768406400000,1768406700000,1768505400000,1,0.001,96889.3,95278.6505,94307.96949999999,,-1.7383693218936707,0.09608409604871251,0.028825192575,-0.002810533269950349,stop,up
recent,P_RESUME,base,1777032000000,1777032300000,1777070100000,1,0.004,78170.6,77248.884,77248.884,,-4.081119774530809,0.31083924451480005,0.0932516904,0.009835160384000003,stop,up
recent,P_RESUME,base,1777161600000,1777161900000,1777302000000,1,0.007,77600.1,77345.5935,77016.905,,-2.442809776801341,0.5423100608659126,0.162692978175,0.043738762239645214,stop,up
recent,P_RESUME,base,1780300800000,1780301100000,1780802100000,-1,0.003,72800.8,61662.9995,74240.896,,33.26890507636358,0.20169319324488752,0.060508709774999996,0.11770547938344238,stop,down
recent,P_RESUME,base,1787486400000,1787486700000,1787691900000,1,0.002,77181.7,77982.80500000001,75440.4345,,1.297243415355078,0.15516438483425002,0.0465493515,-0.103252848310666,stop,up
recent,P_RESUME,base,1787716800000,1787717100000,1787756400000,1,0.003,78975.4,77687.72750000001,77687.72750000001,,-4.182538027988192,0.23499498097631255,0.070498407375,-0.014027139636912354,stop,up
recent,P_RESUME,cost_x2,1768406400000,1768406700000,1768505400000,1,0.001,96889.3,95278.6505,94307.96949999999,,-1.8632788521147874,0.19216843369485004,0.05765038515,-0.002810533269950349,stop,up
recent,P_RESUME,cost_x2,1777032000000,1777032300000,1777070100000,1,0.004,78170.6,77248.884,77248.884,,-4.485211262475216,0.6216790420592,0.1865033808,0.009835160384000003,stop,up
recent,P_RESUME,cost_x2,1777161600000,1777161900000,1777302000000,1,0.006,77600.1,77345.5935,77016.905,,-2.698125499777651,0.9296746191117001,0.2789022483,0.037490367633981614,stop,up
recent,P_RESUME,cost_x2,1780300800000,1780301100000,1780802100000,-1,0.003,72800.8,61662.9995,74240.896,,33.00670818535394,0.40338137447955,0.12101741954999999,0.11770547938344238,stop,down
recent,P_RESUME,cost_x2,1787486400000,1787486700000,1787691900000,1,0.002,77181.7,77982.80500000001,75440.4345,,1.0955299193523877,0.31032852933700006,0.093098703,-0.103252848310666,stop,up
recent,P_RESUME,cost_x2,1787716800000,1787717100000,1787756400000,1,0.003,78975.4,77687.72750000001,77687.72750000001,,-4.488031995792139,0.46999054140525,0.14099681475,-0.014027139636912354,stop,up
recent,P_RESUME,delay60,1768406400000,1768410300000,1768505400000,1,0.001,97331.7,95278.6505,94307.96949999999,,-2.181056915073662,0.0963053292287125,0.028891552575,-0.002810533269950349,stop,up
recent,P_RESUME,delay60,1777032000000,1777035900000,1777070100000,1,0.004,78324.5,77248.884,77248.884,,-4.697119960700818,0.31114709068480007,0.0933440304,0.009835160384000003,stop,up
recent,P_RESUME,delay60,1777161600000,1777165500000,1777302000000,1,0.008,77476.7,77345.5935,77016.905,,-1.8039408480185335,0.6192892526639,0.18578675219999996,0.049987156845308814,stop,up
recent,P_RESUME,delay60,1780300800000,1780304700000,1780802100000,-1,0.003,72940.1,61662.9995,74240.896,,33.68653347270607,0.20190211190238752,0.060571394775,0.11770547938344238,stop,down
recent,P_RESUME,delay60,1787486400000,1787490300000,1787691900000,1,0.002,77207.0,77982.80500000001,75440.4345,,1.246610521560078,0.15518968862925003,0.046556941500000004,-0.103252848310666,stop,up
recent,P_RESUME,delay60,1787716800000,1787720700000,1787756400000,1,0.004,78728.0,77687.72750000001,77687.72750000001,,-4.586474056430927,0.3128317670817501,0.0938494365,-0.01870285284921647,stop,up
recent,P_RESUME,stop_5bp,1768406400000,1768406700000,1768505400000,1,0.001,96889.3,95278.6505,94307.96949999999,,-1.785984827481044,0.09606027638608752,0.07646451782500001,-0.002810533269950349,stop,up
recent,P_RESUME,stop_5bp,1777032000000,1777032300000,1777070100000,1,0.004,78170.6,77248.884,77248.884,,-4.235540293646809,0.3107619956308,0.2477494584,0.009835160384000003,stop,up
recent,P_RESUME,stop_5bp,1777161600000,1777161900000,1777302000000,1,0.006,77600.1,77345.5935,77016.905,,-2.3257577136537844,0.4647211766376751,0.37148790465000003,0.037490367633981614,stop,up
recent,P_RESUME,stop_5bp,1780300800000,1780301100000,1780802100000,-1,0.003,72800.8,61662.9995,74240.896,,33.17636432986396,0.20173944049451253,0.153003209025,0.11770547938344238,stop,down
recent,P_RESUME,stop_5bp,1787486400000,1787486700000,1787691900000,1,0.002,77181.7,77982.80500000001,75440.4345,,1.2192996017575708,0.15512539343175002,0.12453215650000002,-0.103252848310666,stop,up
recent,P_RESUME,stop_5bp,1787716800000,1787717100000,1787756400000,1,0.003,78975.4,77687.72750000001,77687.72750000001,,-4.299011353442591,0.23493671518068754,0.18702999862500003,-0.014027139636912354,stop,up
recent,P_RESUME,risk_half,1777032000000,1777032300000,1777070100000,1,0.002,78170.6,77248.884,77248.884,,-2.0405598872654047,0.15541962225740003,0.0466258452,0.004917580192000001,stop,up
recent,P_RESUME,risk_half,1777161600000,1777161900000,1777302000000,1,0.003,77600.1,77345.5935,77016.905,,-1.0469184757720034,0.23241859751396254,0.069725562075,0.018745183816990807,stop,up
recent,P_RESUME,risk_half,1780300800000,1780301100000,1780802100000,-1,0.001,72800.8,61662.9995,74240.896,,11.089635025454527,0.06723106441496252,0.020169569925,0.03923515979448079,stop,down
recent,P_RESUME,risk_half,1787486400000,1787486700000,1787691900000,1,0.001,77181.7,77982.80500000001,75440.4345,,0.648621707677539,0.07758219241712501,0.02327467575,-0.051626424155333,stop,up
recent,P_RESUME,risk_half,1787716800000,1787717100000,1787756400000,1,0.001,78975.4,77687.72750000001,77687.72750000001,,-1.394179342662731,0.07833166032543751,0.023499469125,-0.004675713212304118,stop,up
recent,P_RESUME,risk_double,1768406400000,1768406700000,1768505400000,1,0.003,96889.3,95278.6505,94307.96949999999,,-5.215107965681012,0.2882522881461375,0.086475577725,-0.008431599809851045,stop,up
recent,P_RESUME,risk_double,1777032000000,1777032300000,1777070100000,1,0.009000000000000001,78170.6,77248.884,77248.884,,-9.182519492694322,0.6993883001583001,0.20981630340000001,0.022129110864000007,stop,up
recent,P_RESUME,risk_double,1777161600000,1777161900000,1777302000000,1,0.012,77600.1,77345.5935,77016.905,,-4.1876739030880135,0.9296743900558502,0.2789022483,0.07498073526796323,stop,up
recent,P_RESUME,risk_double,1780300800000,1780301100000,1780802100000,-1,0.006,72800.8,61662.9995,74240.896,,66.53781015272716,0.40338638648977504,0.12101741954999999,0.23541095876688475,stop,down
recent,P_RESUME,risk_double,1787486400000,1787486700000,1787691900000,1,0.005,77181.7,77982.80500000001,75440.4345,,3.2431085383876948,0.38791096208562503,0.11637337874999999,-0.25813212077666503,stop,up
recent,P_RESUME,risk_double,1787716800000,1787717100000,1787756400000,1,0.007,78975.4,77687.72750000001,77687.72750000001,,-9.759255398639116,0.5483216222780625,0.16449628387499998,-0.032729992486128824,stop,up
recent,P_RESUME,flow55,1787486400000,1787486700000,1787691900000,1,0.002,77181.7,77982.80500000001,75440.4345,,1.297243415355078,0.15516438483425002,0.0465493515,-0.103252848310666,stop,up
recent,C_CHANNEL,base,1770264000000,1770264300000,1770591900000,-1,0.001,71050.1,71931.5775,74940.65,,-1.023335483697483,0.07149090486081251,0.021447251624999997,-0.048919827211667,stop,down
recent,C_CHANNEL,base,1776441600000,1776441900000,1776512400000,1,0.002,77833.0,75747.2,75747.2,,-4.347876852678937,0.15358051287000002,0.04607405999999999,0.02337772019105315,stop,up
recent,C_CHANNEL,base,1776873600000,1776873900000,1776938700000,1,0.002,79381.6,77097.99,77097.99,,-4.752801301221513,0.1564799325415,0.046943876999999995,0.017842508320000002,stop,up
recent,C_CHANNEL,base,1779940800000,1779941100000,1780820700000,-1,0.002,73073.8,62539.453,74782.74,,21.085665829480384,0.13561167284795,0.0406839759,0.19326747822836107,stop,down
recent,C_CHANNEL,base,1784073600000,1784073900000,1784189400000,1,0.003,64973.3,63932.272,63658.82,,-3.4218711130476116,0.19335859223130003,0.0580075074,-0.047421013416282284,stop,up
recent,C_CHANNEL,base,1784620800000,1784621100000,1784790600000,1,0.004,66228.6,65436.413,65098.219999999994,,-3.5438244007144535,0.26333026365610007,0.07899900779999999,-0.03274712925832018,stop,up
recent,C_CHANNEL,base,1787227200000,1787227500000,1787461800000,1,0.002,71766.1,76085.2085,70112.68,,8.338861372627028,0.147850660633725,0.04435539255,-0.1071495741892198,stop,up
recent,C_CHANNEL,cost_x2,1770264000000,1770264300000,1770591900000,-1,0.001,71050.1,71931.5775,74940.65,,-1.1162737724049012,0.14298194194324998,0.04289450324999999,-0.048919827211667,stop,down
recent,C_CHANNEL,cost_x2,1776441600000,1776441900000,1776512400000,1,0.002,77833.0,75747.2,75747.2,,-4.54753205128895,0.30716165147999996,0.09214811999999999,0.02337772019105315,stop,up
recent,C_CHANNEL,cost_x2,1776873600000,1776873900000,1776938700000,1,0.001,79381.6,77097.99,77097.99,,-2.4781128979229985,0.156480275083,0.046943876999999995,0.008921254160000001,stop,up
recent,C_CHANNEL,cost_x2,1779940800000,1779941100000,1780820700000,-1,0.002,73073.8,62539.453,74782.74,,20.90937334103658,0.27122018539180004,0.0813679518,0.19326747822836107,stop,down
recent,C_CHANNEL,cost_x2,1784073600000,1784073900000,1784189400000,1,0.003,64973.3,63932.272,63658.82,,-3.673237681141481,0.3867176529252,0.1160150148,-0.047421013416282284,stop,up
recent,C_CHANNEL,cost_x2,1784620800000,1784621100000,1784790600000,1,0.003,66228.6,65436.413,65098.219999999994,,-2.9146156106120302,0.3949957519683,0.1184985117,-0.02456034694374013,stop,up
recent,C_CHANNEL,cost_x2,1787227200000,1787227500000,1787461800000,1,0.002,71766.1,76085.2085,70112.68,,8.14665661517585,0.29570002553490005,0.0887107851,-0.1071495741892198,stop,up
recent,C_CHANNEL,delay60,1770264000000,1770267900000,1770591900000,-1,0.001,70921.3,71931.5775,74940.65,,-1.1520517733574793,0.07142651452081253,0.021427931625,-0.048919827211667,stop,down
recent,C_CHANNEL,delay60,1776441600000,1776445500000,1776512400000,1,0.002,77809.7,75747.2,75747.2,,-4.301246559183937,0.153557209375,0.04606706999999999,0.02337772019105315,stop,up
recent,C_CHANNEL,delay60,1776873600000,1776877500000,1776938700000,1,0.002,78844.7,77097.99,77097.99,,-3.678303250686524,0.15594295200650002,0.046782806999999996,0.017842508320000002,stop,up
recent,C_CHANNEL,delay60,1779940800000,1779944700000,1780821300000,-1,0.002,73087.1,62597.4755,74782.74,,20.99612810352203,0.135683002056325,0.04070537265,0.19326747822836107,stop,down
recent,C_CHANNEL,delay60,1784073600000,1784077500000,1784205600000,1,0.004,64758.2,63932.272,63658.82,,-3.701535492866786,0.2573811917784,0.0772142832,-0.06322801788837638,stop,up
recent,C_CHANNEL,delay60,1784620800000,1784624700000,1784790600000,1,0.004,66163.9,65436.413,65098.219999999994,,-3.2848561613043907,0.2632008442461,0.0789601878,-0.03274712925832018,stop,up
recent,C_CHANNEL,delay60,1787227200000,1787231100000,1787461800000,1,0.002,71958.6,76085.2085,70112.68,,7.953611093752021,0.14804318950872503,0.04441314254999999,-0.1071495741892198,stop,up
recent,C_CHANNEL,stop_5bp,1770264000000,1770264300000,1770591900000,-1,0.001,71050.1,71931.5775,74940.65,,-1.0593192553418507,0.07150888775518752,0.057413040375,-0.048919827211667,stop,down
recent,C_CHANNEL,stop_5bp,1776441600000,1776441900000,1776512400000,1,0.002,77833.0,75747.2,75747.2,,-4.423586179078949,0.15354263927,0.12182125999999997,0.02337772019105315,stop,up
recent,C_CHANNEL,stop_5bp,1776873600000,1776873900000,1776938700000,1,0.002,79381.6,77097.99,77097.99,,-4.829860742226493,0.15644138354650003,0.12404186700000001,0.017842508320000002,stop,up
recent,C_CHANNEL,stop_5bp,1779940800000,1779941100000,1780820700000,-1,0.002,73073.8,62539.453,74782.74,,21.023095106753896,0.13564294257445,0.1032234289,0.19326747822836107,stop,down
recent,C_CHANNEL,stop_5bp,1784073600000,1784073900000,1784189400000,1,0.003,64973.3,63932.272,63658.82,,-3.51772157184362,0.1933106430273,0.1539059154,-0.047421013416282284,stop,up
recent,C_CHANNEL,stop_5bp,1784620800000,1784621100000,1784790600000,1,0.004,66228.6,65436.413,65098.219999999994,,-3.67463179030146,0.2632648272431001,0.2098718338,-0.03274712925832018,stop,up
recent,C_CHANNEL,stop_5bp,1787227200000,1787227500000,1787461800000,1,0.002,71766.1,76085.2085,70112.68,,8.26281420673127,0.147812618029475,0.12044060104999998,-0.1071495741892198,stop,up
recent,C_CHANNEL,risk_half,1776441600000,1776441900000,1776512400000,1,0.001,77833.0,75747.2,75747.2,,-2.1739384263394683,0.07679025643500001,0.023037029999999997,0.011688860095526575,stop,up
recent,C_CHANNEL,risk_half,1776873600000,1776873900000,1776938700000,1,0.001,79381.6,77097.99,77097.99,,-2.3764006506107567,0.07823996627075,0.023471938499999997,0.008921254160000001,stop,up
recent,C_CHANNEL,risk_half,1779940800000,1779941100000,1780820700000,-1,0.001,73073.8,62539.453,74782.74,,10.542832914740192,0.067805836423975,0.02034198795,0.09663373911418054,stop,down
recent,C_CHANNEL,risk_half,1784073600000,1784073900000,1784189400000,1,0.001,64973.3,63932.272,63658.82,,-1.140623704349204,0.06445286407710002,0.0193358358,-0.015807004472094096,stop,up
recent,C_CHANNEL,risk_half,1784620800000,1784621100000,1784790600000,1,0.002,66228.6,65436.413,65098.219999999994,,-1.7719122003572267,0.13166513182805004,0.039499503899999996,-0.01637356462916009,stop,up
recent,C_CHANNEL,risk_half,1787227200000,1787227500000,1787461800000,1,0.001,71766.1,76085.2085,70112.68,,4.169430686313514,0.0739253303168625,0.022177696275,-0.0535747870946099,stop,up
recent,C_CHANNEL,risk_double,1770264000000,1770264300000,1770591900000,-1,0.002,71050.1,71931.5775,74940.65,,-2.046670967394966,0.14298180972162503,0.04289450324999999,-0.097839654423334,stop,down
recent,C_CHANNEL,risk_double,1776441600000,1776441900000,1776512400000,1,0.004,77833.0,75747.2,75747.2,,-8.695753705357873,0.30716102574000004,0.09214811999999999,0.0467554403821063,stop,up
recent,C_CHANNEL,risk_double,1776873600000,1776873900000,1776938700000,1,0.004,79381.6,77097.99,77097.99,,-9.505602602443027,0.312959865083,0.09388775399999999,0.035685016640000004,stop,up
recent,C_CHANNEL,risk_double,1779940800000,1779941100000,1780820700000,-1,0.005,73073.8,62539.453,74782.74,,52.71416457370097,0.33902918211987504,0.10170993975,0.4831686955709027,stop,down
recent,C_CHANNEL,risk_double,1784073600000,1784073900000,1784189400000,1,0.007,64973.3,63932.272,63658.82,,-7.9843659304444285,0.4511700485397,0.1353508506,-0.11064903130465865,stop,up
recent,C_CHANNEL,risk_double,1784620800000,1784621100000,1784790600000,1,0.008,66228.6,65436.413,65098.219999999994,,-7.087648801428907,0.5266605273122001,0.15799801559999999,-0.06549425851664036,stop,up
recent,C_CHANNEL,risk_double,1787227200000,1787227500000,1787461800000,1,0.005,71766.1,76085.2085,70112.68,,20.847153431567573,0.3696266515843125,0.11088848137499999,-0.26787393547304955,stop,up
recent,C_CHANNEL,flow55,1776873600000,1776873900000,1776938700000,1,0.002,79381.6,77097.99,77097.99,,-4.752801301221513,0.1564799325415,0.046943876999999995,0.017842508320000002,stop,up
recent,C_CHANNEL,flow55,1779940800000,1779941100000,1780820700000,-1,0.002,73073.8,62539.453,74782.74,,21.085665829480384,0.13561167284795,0.0406839759,0.19326747822836107,stop,down
recent,C_CHANNEL,flow55,1784073600000,1784073900000,1784189400000,1,0.003,64973.3,63932.272,63658.82,,-3.4218711130476116,0.19335859223130003,0.0580075074,-0.047421013416282284,stop,up
recent,C_CHANNEL,flow55,1784620800000,1784621100000,1784790600000,1,0.004,66228.6,65436.413,65098.219999999994,,-3.5438244007144535,0.26333026365610007,0.07899900779999999,-0.03274712925832018,stop,up
recent,C_CHANNEL,flow55,1787227200000,1787227500000,1787461800000,1,0.002,71766.1,76085.2085,70112.68,,8.338861372627028,0.147850660633725,0.04435539255,-0.1071495741892198,stop,up
